EventTime,Type,Open,High,Low,Close,Return,Sigma,H
12/5/2012 5:23,UP,1.30843,1.31247,1.30843,1.31209,0.000930247,0.000450589,0.002252943
12/5/2012 11:04,DOWN,1.31204,1.31267,1.30881,1.30928,-0.000732959,0.000432216,0.00216108
12/5/2012 14:23,DOWN,1.30927,1.30965,1.30604,1.30669,-0.000191305,0.000410865,0.002054325
12/6/2012 2:13,DOWN,1.30671,1.30906,1.30477,1.30504,-0.000972677,0.000454591,0.002272956
12/6/2012 10:53,UP,1.30504,1.30811,1.3042,1.30799,0.000703617,0.000493602,0.002468009
12/6/2012 14:58,DOWN,1.30802,1.30861,1.30263,1.30347,-0.001272714,0.000684859,0.003424293
12/6/2012 16:16,DOWN,1.30347,1.30392,1.2977,1.29838,-0.001016135,0.000692067,0.003460337
12/7/2012 7:25,DOWN,1.29838,1.29922,1.29504,1.29554,-0.000640454,0.00048794,0.002439702
12/7/2012 12:24,DOWN,1.29552,1.29644,1.29151,1.29203,-0.000309542,0.00051242,0.002562098
12/7/2012 14:42,DOWN,1.29199,1.29341,1.28772,1.28852,-0.001178953,0.00067809,0.003390452
12/7/2012 16:50,UP,1.28857,1.29405,1.28836,1.29367,0.001640093,0.000738343,0.003691716
12/10/2012 5:28,DOWN,1.29369,1.2952,1.28871,1.28949,-0.000527201,0.000800714,0.004003571
12/10/2012 14:10,UP,1.28948,1.29337,1.28859,1.2932,0.00106769,0.000576777,0.002883886
12/11/2012 10:37,UP,1.29322,1.29649,1.29225,1.29581,0.000362773,0.000482025,0.002410125
12/11/2012 12:51,UP,1.29583,1.29956,1.29557,1.29924,0.000654443,0.000522308,0.00261154
12/11/2012 19:49,UP,1.2992,1.30152,1.29822,1.30131,0.000484245,0.000424523,0.002122617
12/12/2012 11:54,UP,1.30131,1.30311,1.29958,1.30311,0.000621783,0.000419333,0.002096666
12/12/2012 18:49,UP,1.30305,1.30908,1.30246,1.30884,0.00149098,0.000842242,0.004211211
12/13/2012 11:15,DOWN,1.30881,1.31007,1.30465,1.30509,-0.001018568,0.000719165,0.003595825
12/13/2012 16:17,UP,1.3051,1.30892,1.3041,1.30887,0.000810187,0.0006738,0.003369
12/14/2012 6:48,UP,1.30884,1.31003,1.30596,1.30997,0.000809506,0.000525915,0.002629577
12/14/2012 11:33,DOWN,1.30998,1.31198,1.30681,1.30727,-0.000787591,0.000499561,0.002497806
12/14/2012 17:11,UP,1.3073,1.31363,1.30665,1.31295,0.001570218,0.000706713,0.003533567
12/16/2012 23:14,UP,1.31299,1.31885,1.31292,1.31818,0.001951561,0.000790646,0.003953232
12/17/2012 15:31,DOWN,1.31812,1.31873,1.31441,1.31559,-0.000372387,0.000410575,0.002052877
12/18/2012 11:23,UP,1.31558,1.3187,1.31528,1.31846,0.000447592,0.000359168,0.001795841
12/18/2012 16:51,UP,1.31846,1.32106,1.31716,1.32081,0.000590721,0.000420576,0.002102878
12/18/2012 19:10,UP,1.32078,1.32386,1.32044,1.32376,0.00061964,0.000443976,0.00221988
12/19/2012 3:56,UP,1.32373,1.32564,1.32172,1.32546,0.001185197,0.000497565,0.002487826
12/19/2012 10:36,UP,1.32546,1.32689,1.32289,1.32667,0.001138836,0.000499531,0.002497653
12/19/2012 13:55,UP,1.32664,1.33008,1.32658,1.32988,0.000398612,0.000479666,0.002398329
12/19/2012 16:28,DOWN,1.32993,1.33086,1.3259,1.32658,-0.000369303,0.000496833,0.002484167
12/19/2012 22:45,DOWN,1.32657,1.32703,1.32318,1.32318,-0.000702605,0.000471098,0.002355488
12/20/2012 11:09,UP,1.32316,1.32362,1.31885,1.32362,0.000657504,0.000563874,0.002819371
12/20/2012 14:50,UP,1.32364,1.32898,1.3234,1.3288,0.001770079,0.00067421,0.003371049
12/20/2012 16:21,DOWN,1.3288,1.32954,1.32369,1.3244,-0.000520855,0.000656662,0.00328331
12/21/2012 2:15,DOWN,1.32437,1.32529,1.32041,1.32079,-0.000507144,0.000571851,0.002859254
12/21/2012 10:04,UP,1.32078,1.3228,1.31799,1.32248,0.000264689,0.000607254,0.003036268
12/21/2012 15:49,DOWN,1.32248,1.32322,1.31664,1.31733,-0.000553998,0.000672302,0.00336151
12/24/2012 8:11,UP,1.31735,1.31951,1.31587,1.31935,0.00056104,0.000477992,0.002389961
12/24/2012 12:46,UP,1.31942,1.32341,1.31891,1.323,0.000340194,0.000483745,0.002418726
12/24/2012 17:13,DOWN,1.32306,1.32311,1.31903,1.31928,-0.000538028,0.000473461,0.002367304
12/26/2012 10:07,UP,1.31929,1.32123,1.31703,1.32092,0.000749759,0.000445366,0.00222683
12/26/2012 16:01,UP,1.3209,1.32547,1.31873,1.32517,0.00129879,0.000663689,0.003318447
12/27/2012 8:19,UP,1.32511,1.32521,1.32155,1.32513,0.000800242,0.000509607,0.002548033
12/27/2012 13:30,UP,1.32515,1.32807,1.32407,1.3278,0.000745872,0.000421346,0.002106729
12/27/2012 16:30,DOWN,1.3278,1.3284,1.32252,1.32331,-0.001163072,0.000599186,0.002995931
12/27/2012 21:43,UP,1.32331,1.32486,1.32015,1.32474,0.000392607,0.000593334,0.002966668
12/28/2012 10:04,DOWN,1.32472,1.3257,1.32055,1.32114,-0.000968391,0.000587208,0.00293604
12/28/2012 14:44,UP,1.32116,1.32216,1.3166,1.32145,0.000575291,0.000565341,0.002826707
12/31/2012 6:51,DOWN,1.32151,1.32386,1.3188,1.31997,-9.09E-05,0.000506921,0.002534606
12/31/2012 15:00,UP,1.31989,1.32269,1.31722,1.32163,0.001628104,0.000570987,0.002854937
1/2/2013 2:46,UP,1.32166,1.32698,1.31707,1.3265,0.002717598,0.000948695,0.004743476
1/2/2013 11:26,DOWN,1.32642,1.32999,1.32348,1.32457,-0.001124261,0.000646618,0.003233092
1/2/2013 13:52,UP,1.32459,1.32799,1.3232,1.32792,0.000549883,0.000572563,0.002862815
1/2/2013 17:06,DOWN,1.32789,1.32794,1.32217,1.3224,-0.001511259,0.000663875,0.003319376
1/2/2013 18:23,DOWN,1.32245,1.32278,1.31768,1.31768,-0.001077071,0.00069096,0.003454798
1/3/2013 3:59,DOWN,1.31772,1.3191,1.31272,1.3128,-0.001491879,0.00078686,0.003934299
1/3/2013 11:10,DOWN,1.31273,1.31701,1.31153,1.31189,-0.001439633,0.000723781,0.003618903
1/3/2013 20:11,DOWN,1.31193,1.3124,1.30627,1.30665,-0.000596768,0.000705396,0.003526979
1/3/2013 23:50,DOWN,1.30665,1.30749,1.30248,1.30313,-0.000866767,0.000581639,0.002908194
1/4/2013 10:17,DOWN,1.3032,1.30538,1.30059,1.30097,-0.000376571,0.000581708,0.002908541
1/4/2013 14:56,UP,1.301,1.30447,1.29974,1.30415,0.000997315,0.000509844,0.00254922
1/4/2013 21:46,UP,1.30414,1.30899,1.30326,1.30832,0.000680493,0.000618051,0.003090257
1/7/2013 5:27,DOWN,1.30831,1.30836,1.30346,1.30372,-0.000973661,0.000634622,0.00317311
1/7/2013 14:56,UP,1.30365,1.30641,1.30167,1.30631,0.000704522,0.000601188,0.003005942
1/7/2013 16:55,UP,1.30626,1.30977,1.30524,1.30961,0.001023729,0.000622506,0.003112529
1/8/2013 3:32,UP,1.3096,1.31403,1.3095,1.31329,0.000716016,0.000533653,0.002668265
1/8/2013 13:52,DOWN,1.31329,1.31371,1.3091,1.30981,-0.00024428,0.000498858,0.002494291
1/8/2013 16:41,DOWN,1.30979,1.31014,1.3062,1.30655,-0.000673303,0.0004432,0.002216001
1/8/2013 22:12,UP,1.30652,1.30863,1.30564,1.30845,3.06E-05,0.000347756,0.001738779
1/9/2013 12:03,DOWN,1.30839,1.30962,1.30625,1.30638,-0.000420922,0.000432231,0.002161153
1/9/2013 15:41,DOWN,1.30637,1.30732,1.30368,1.30424,-0.000107336,0.000425537,0.002127687
1/9/2013 18:00,UP,1.30426,1.30797,1.30371,1.30765,0.000650232,0.000519573,0.002597864
1/10/2013 2:52,DOWN,1.30765,1.30802,1.30426,1.30442,-0.000444543,0.000475316,0.002376579
1/10/2013 10:45,UP,1.30442,1.30787,1.30388,1.30782,0.000971553,0.000475796,0.002378981
1/10/2013 13:52,UP,1.30786,1.31177,1.30778,1.31166,0.000510934,0.000496665,0.002483327
1/10/2013 14:52,UP,1.3116,1.31796,1.30985,1.31751,0.001412751,0.000865379,0.004326895
1/10/2013 17:59,UP,1.31751,1.32244,1.31688,1.3221,0.00049933,0.000652271,0.003261355
1/10/2013 22:34,UP,1.32205,1.32663,1.32156,1.32639,0.000625955,0.000586516,0.002932581
1/11/2013 14:21,UP,1.32632,1.33067,1.32485,1.33021,0.001211068,0.000603251,0.003016255
1/11/2013 15:18,UP,1.33026,1.33646,1.33026,1.33625,0.001213083,0.00073651,0.003682549
1/14/2013 2:01,UP,1.33623,1.33736,1.33212,1.33702,0.000755697,0.000514087,0.002570434
1/14/2013 9:04,DOWN,1.33693,1.34042,1.33618,1.33661,-0.000448796,0.000457503,0.002287517
1/14/2013 11:11,UP,1.33669,1.33904,1.3348,1.33865,0.000194244,0.000463154,0.002315769
1/14/2013 13:35,DOWN,1.33866,1.33902,1.33562,1.33604,-0.000112266,0.000389553,0.001947766
1/14/2013 20:42,UP,1.33604,1.338,1.33363,1.33758,0.000575832,0.000445499,0.002227494
1/15/2013 5:26,DOWN,1.33763,1.33945,1.33483,1.33543,-0.000673713,0.000493159,0.002465794
1/15/2013 10:37,UP,1.33549,1.33771,1.33339,1.33743,0.00059086,0.000545452,0.00272726
1/15/2013 12:25,DOWN,1.33744,1.33884,1.33392,1.33449,-0.000232272,0.000532233,0.002661164
1/15/2013 16:18,UP,1.33446,1.33576,1.33101,1.33499,0.000134842,0.000530173,0.002650864
1/15/2013 20:00,DOWN,1.33495,1.33501,1.32637,1.32808,-0.001294265,0.000918347,0.004591735
1/16/2013 8:43,DOWN,1.32826,1.33191,1.32716,1.32778,-0.000165676,0.000568359,0.002841794
1/16/2013 12:00,UP,1.32776,1.33162,1.32618,1.33102,0.000676402,0.00059965,0.002998248
1/16/2013 13:51,DOWN,1.33108,1.33252,1.32667,1.32719,-0.001054304,0.00064477,0.00322385
1/16/2013 16:49,UP,1.32718,1.33077,1.32566,1.33041,0.000887338,0.000632536,0.00316268
1/17/2013 9:46,UP,1.33048,1.33436,1.32698,1.33424,0.001928048,0.000739717,0.003698587
1/17/2013 14:31,UP,1.33425,1.3378,1.33309,1.33723,0.00022437,0.000554845,0.002774226
1/17/2013 19:50,UP,1.33728,1.33759,1.33335,1.33753,0.001084676,0.000532373,0.002661867
1/18/2013 10:02,DOWN,1.33753,1.33986,1.33553,1.33624,-0.000187075,0.000497845,0.002489226
1/18/2013 16:07,DOWN,1.33624,1.33711,1.32965,1.3311,-0.000353029,0.000782241,0.003911205
1/18/2013 20:52,UP,1.33112,1.33322,1.32804,1.33258,9.76E-05,0.000607351,0.003036754
1/22/2013 5:01,UP,1.33257,1.33567,1.33002,1.33511,0.002031858,0.000671103,0.003355517
1/22/2013 10:02,DOWN,1.33518,1.33716,1.33234,1.33254,-0.00122248,0.000625494,0.003127472
1/22/2013 10:20,DOWN,1.33258,1.33269,1.32699,1.32699,-0.001220063,0.000825026,0.004125128
1/22/2013 11:13,UP,1.32705,1.33457,1.32668,1.3337,0.000645031,0.000927285,0.004636427
1/22/2013 14:42,DOWN,1.33367,1.33677,1.33056,1.33112,-0.000165261,0.000775137,0.003875685
1/22/2013 22:48,UP,1.33105,1.33274,1.32781,1.33222,0.000540597,0.000593147,0.002965736
1/23/2013 13:01,UP,1.3322,1.3345,1.32855,1.33397,-3.75E-05,0.000745706,0.00372853
1/23/2013 16:37,DOWN,1.33397,1.3355,1.32764,1.32877,-0.000466488,0.000890955,0.004454777
1/23/2013 22:14,UP,1.32878,1.33242,1.32646,1.33226,0.000202684,0.0007268,0.003634001
1/24/2013 14:13,UP,1.33227,1.33475,1.3286,1.33409,0.000997432,0.000723683,0.003618416
1/24/2013 17:05,UP,1.33409,1.33837,1.33274,1.33832,0.000897049,0.000634624,0.003173121
1/25/2013 8:10,UP,1.33838,1.34185,1.33497,1.34177,0.002462467,0.000817715,0.004088574
1/25/2013 12:18,UP,1.34175,1.34652,1.34049,1.34587,0.000847395,0.000693061,0.003465303
1/28/2013 9:00,DOWN,1.34587,1.34795,1.34276,1.34335,-0.001004446,0.000480294,0.002401471
1/28/2013 15:07,UP,1.34329,1.34736,1.34246,1.34645,0.000371416,0.000491443,0.002457214
1/29/2013 11:54,DOWN,1.34639,1.34775,1.34178,1.34259,-0.00087107,0.000524938,0.002624692
1/29/2013 15:26,UP,1.34253,1.34719,1.34144,1.34681,0.00110693,0.000532151,0.002660756
1/30/2013 8:24,UP,1.34675,1.35069,1.34619,1.3505,0.000874132,0.000484067,0.002420337
1/30/2013 11:03,UP,1.35058,1.35369,1.34981,1.35333,0.000155185,0.000442248,0.002211241
1/30/2013 16:13,UP,1.35332,1.35779,1.35222,1.35697,0.000611844,0.000488439,0.002442194
1/31/2013 9:23,DOWN,1.35697,1.3588,1.3544,1.35492,-0.000546009,0.000448218,0.002241089
1/31/2013 16:34,UP,1.35487,1.35772,1.35412,1.35751,0.000279963,0.000363481,0.001817407
2/1/2013 1:52,UP,1.35754,1.36185,1.35673,1.36117,0.000286559,0.000553115,0.002765573
2/1/2013 10:34,UP,1.36123,1.36699,1.36033,1.36639,0.001010471,0.000769851,0.003849255
2/1/2013 15:41,DOWN,1.36641,1.36751,1.35993,1.36139,-0.000367204,0.00073585,0.00367925
2/1/2013 16:45,UP,1.36144,1.36633,1.35862,1.36631,0.001259658,0.000932292,0.004661459
2/4/2013 0:17,DOWN,1.36625,1.37112,1.36453,1.36518,-0.000336895,0.000778439,0.003892194
2/4/2013 9:20,DOWN,1.36519,1.36545,1.36021,1.36037,-0.000286646,0.000691113,0.003455565
2/4/2013 13:34,DOWN,1.36042,1.36113,1.35541,1.35589,-0.000339203,0.00064835,0.003241749
2/4/2013 18:17,DOWN,1.3559,1.3581,1.35233,1.35254,-0.000110896,0.000686535,0.003432674
2/5/2013 4:33,DOWN,1.35258,1.3544,1.34864,1.34906,-0.000652093,0.00063091,0.003154549
2/5/2013 9:33,UP,1.34901,1.35165,1.34583,1.35114,0.000888534,0.000692382,0.003461908
2/5/2013 12:24,UP,1.35125,1.35672,1.35031,1.35672,0.00168932,0.000745665,0.003728324
2/5/2013 14:50,DOWN,1.35667,1.35688,1.35087,1.35142,-0.001020627,0.000661163,0.003305817
2/5/2013 17:23,UP,1.35143,1.35802,1.3502,1.35751,0.000899108,0.000971895,0.004859473
2/6/2013 8:44,DOWN,1.35756,1.35977,1.35297,1.35377,-0.001203321,0.00067259,0.00336295
2/7/2013 4:44,DOWN,1.35372,1.35495,1.34936,1.35042,-0.000695838,0.000503285,0.002516425
2/7/2013 9:27,UP,1.35043,1.3569,1.35038,1.35635,0.001136045,0.00070654,0.003532699
2/7/2013 14:39,DOWN,1.35635,1.35777,1.3515,1.3515,-0.002335414,0.000797342,0.003986709
2/7/2013 15:23,DOWN,1.3515,1.35317,1.34283,1.34378,-0.00264574,0.00106619,0.00533095
2/7/2013 16:47,DOWN,1.34379,1.34597,1.3379,1.33855,-0.000507883,0.000947753,0.004738763
2/8/2013 10:25,UP,1.33851,1.34276,1.33704,1.34225,0.000141563,0.000630432,0.003152158
2/8/2013 14:17,DOWN,1.34221,1.34297,1.3366,1.33661,-0.00124865,0.000655878,0.003279391
2/8/2013 18:59,DOWN,1.33668,1.34073,1.33531,1.33536,-0.00099549,0.000612637,0.003063187
2/11/2013 10:57,UP,1.3354,1.34033,1.33537,1.33973,0.000798987,0.000617287,0.003086434
2/11/2013 16:22,DOWN,1.33974,1.34128,1.33622,1.33691,-5.98E-05,0.000534543,0.002672717
2/12/2013 8:51,DOWN,1.33691,1.34278,1.33671,1.33771,-0.000239186,0.000634158,0.003170792
2/12/2013 11:49,UP,1.33774,1.34131,1.33639,1.34131,0.000835353,0.000627981,0.003139907
2/12/2013 19:38,UP,1.34141,1.34757,1.34101,1.34613,8.91E-05,0.000714806,0.00357403
2/13/2013 10:42,UP,1.3461,1.34861,1.34376,1.34838,0.000482176,0.000626726,0.003133631
2/13/2013 13:38,UP,1.34833,1.35201,1.3461,1.35145,0.001117943,0.000645044,0.003225218
2/13/2013 16:25,DOWN,1.35151,1.35192,1.3458,1.34601,-0.001106363,0.000692257,0.003461284
2/14/2013 7:59,DOWN,1.34606,1.34619,1.34132,1.34167,-0.001348156,0.00060042,0.003002099
2/14/2013 11:03,DOWN,1.34169,1.34247,1.33351,1.33396,-0.002792284,0.00093629,0.004681448
2/14/2013 23:24,UP,1.33394,1.33735,1.3315,1.33616,0.000479099,0.000574892,0.002874458
2/15/2013 9:40,DOWN,1.33618,1.33933,1.33217,1.33222,-0.001275252,0.000906253,0.004531263
2/15/2013 14:50,UP,1.33224,1.33683,1.33063,1.33635,0.001115599,0.000738501,0.003692504
2/18/2013 4:30,DOWN,1.33639,1.33761,1.33263,1.33273,-0.000982462,0.000621176,0.003105882
2/19/2013 11:01,UP,1.33273,1.33797,1.33215,1.33696,0.001100114,0.000497746,0.002488731
2/19/2013 17:37,UP,1.33699,1.33814,1.33288,1.3374,0.000508579,0.000540487,0.002702435
2/20/2013 1:48,UP,1.33746,1.34208,1.3374,1.34142,0.000783059,0.000523373,0.002616866
2/20/2013 13:19,DOWN,1.34137,1.34152,1.33702,1.33747,-0.000381244,0.000536951,0.002684755
2/20/2013 17:24,DOWN,1.3374,1.33969,1.33379,1.33489,-0.000187264,0.00063685,0.003184252
2/20/2013 20:30,DOWN,1.33494,1.33585,1.32785,1.32898,-0.000910058,0.000851748,0.004258742
2/21/2013 6:37,DOWN,1.32892,1.32911,1.32446,1.32462,-0.00097339,0.000634488,0.003172439
2/21/2013 9:45,DOWN,1.32462,1.32768,1.32044,1.32076,-0.000650928,0.000772333,0.003861665
2/21/2013 16:06,UP,1.32076,1.32287,1.31676,1.32241,0.002005928,0.000726292,0.003631461
2/21/2013 20:43,DOWN,1.3224,1.32317,1.3168,1.31711,-0.001001692,0.000696064,0.003480319
2/22/2013 4:59,UP,1.31701,1.32109,1.31611,1.32086,0.000477076,0.000553662,0.002768308
2/22/2013 12:07,DOWN,1.32084,1.32456,1.31685,1.31769,-0.002251408,0.000808782,0.004043909
2/25/2013 6:43,UP,1.3177,1.32189,1.31452,1.32035,0.00084862,0.00060107,0.003005349
2/25/2013 10:26,UP,1.32036,1.32498,1.31981,1.32425,0.000800774,0.000582039,0.002910194
2/25/2013 13:04,UP,1.32424,1.32748,1.32316,1.32731,0.000271262,0.000537332,0.002686662
2/25/2013 16:28,DOWN,1.32732,1.3319,1.32545,1.32568,-0.001093181,0.000716575,0.003582873
2/25/2013 17:05,DOWN,1.32572,1.32581,1.31883,1.31963,-0.001915369,0.000838934,0.004194671
2/25/2013 19:48,DOWN,1.31969,1.32263,1.3128,1.31367,-0.000228342,0.001005903,0.005029514
2/25/2013 21:52,DOWN,1.31372,1.31384,1.30517,1.30568,-0.001347049,0.001135008,0.005675038
2/26/2013 8:23,DOWN,1.30573,1.30894,1.30182,1.3021,-0.001565474,0.000892755,0.004463776
2/26/2013 9:42,UP,1.30205,1.30904,1.30196,1.30792,0.00016822,0.000875722,0.00437861
2/26/2013 18:09,DOWN,1.30789,1.31231,1.30396,1.30458,-0.000697299,0.000873416,0.004367079
2/27/2013 9:03,UP,1.30458,1.30948,1.30368,1.30885,0.000290373,0.00065174,0.0032587
2/27/2013 13:10,UP,1.30886,1.31233,1.30691,1.31161,0.000625381,0.000579805,0.002899025
2/27/2013 16:36,UP,1.31163,1.31309,1.30664,1.31213,0.000564128,0.000550689,0.002753445
2/27/2013 20:52,UP,1.31209,1.31408,1.30836,1.31294,0.000365659,0.000660297,0.003301485
2/28/2013 10:23,DOWN,1.31295,1.31622,1.31063,1.31112,-0.000358408,0.000654595,0.003272977
2/28/2013 16:10,DOWN,1.31112,1.31376,1.3086,1.30915,-0.001061194,0.000655584,0.003277921
3/1/2013 10:39,DOWN,1.30914,1.31015,1.30452,1.3048,-0.001148941,0.000627259,0.003136294
3/1/2013 13:11,DOWN,1.30479,1.30537,1.30053,1.30067,-0.000883769,0.000697566,0.00348783
3/1/2013 19:07,UP,1.30067,1.30425,1.29666,1.30278,0.000929215,0.000703271,0.003516354
3/5/2013 0:36,UP,1.30273,1.30414,1.29822,1.30327,-8.44E-05,0.000680258,0.00340129
3/5/2013 9:07,UP,1.30325,1.30755,1.30233,1.30715,0.000589241,0.000629763,0.003148815
3/5/2013 10:48,DOWN,1.30716,1.30737,1.30159,1.30257,-0.00135793,0.00064381,0.003219052
3/6/2013 1:02,UP,1.30258,1.30651,1.30102,1.30627,0.000727526,0.000592953,0.002964767
3/6/2013 10:16,DOWN,1.30627,1.30709,1.3027,1.30309,-0.000253212,0.000562623,0.002813115
3/6/2013 15:01,DOWN,1.30309,1.30457,1.30037,1.30039,-0.000822492,0.000504224,0.002521121
3/6/2013 22:55,DOWN,1.30039,1.30093,1.29652,1.29725,-0.000300591,0.000456832,0.002284162
3/7/2013 8:11,UP,1.29729,1.30145,1.29725,1.30134,0.001422623,0.000536951,0.002684757
3/7/2013 13:48,UP,1.30139,1.30889,1.29886,1.30819,0.002027754,0.000867543,0.004337713
3/8/2013 10:41,UP,1.30815,1.31187,1.305,1.31099,0.001053194,0.000553842,0.002769209
3/8/2013 13:07,DOWN,1.31102,1.31347,1.30835,1.30863,-0.000916569,0.000656872,0.003284358
3/8/2013 13:48,DOWN,1.30866,1.30984,1.30066,1.30172,-0.000268839,0.001117149,0.005585743
3/11/2013 7:11,UP,1.30181,1.30257,1.29552,1.30188,0.000507088,0.000761669,0.003808345
3/11/2013 17:37,UP,1.30192,1.30384,1.29875,1.30325,0.001128586,0.000484242,0.002421211
3/12/2013 6:17,DOWN,1.30328,1.30541,1.30165,1.30173,-0.000890725,0.000467804,0.002339018
3/12/2013 12:30,UP,1.30167,1.3043,1.2991,1.30404,0.000636686,0.000628396,0.003141979
3/12/2013 15:30,DOWN,1.30403,1.30748,1.30152,1.30161,-0.001450995,0.000706027,0.003530135
3/13/2013 7:41,UP,1.30166,1.30554,1.30144,1.30489,0.000536588,0.00042852,0.002142599
3/13/2013 9:00,DOWN,1.30489,1.3065,1.30137,1.3016,-0.001159438,0.000614988,0.003074941
3/13/2013 12:51,DOWN,1.30158,1.30306,1.29633,1.29741,-0.000362195,0.000722198,0.003610989
3/14/2013 0:49,UP,1.29744,1.29849,1.29233,1.29658,0.000377989,0.000590084,0.002950422
3/14/2013 10:40,DOWN,1.29659,1.29819,1.29265,1.29298,-0.000224263,0.000649876,0.003249381
3/14/2013 14:33,UP,1.29292,1.29717,1.29114,1.29696,0.001651375,0.000680797,0.003403986
3/14/2013 16:46,UP,1.29695,1.30098,1.29581,1.30087,0.000922885,0.000707715,0.003538573
3/15/2013 7:27,UP,1.30085,1.3042,1.29975,1.30372,8.44E-05,0.000573423,0.002867117
3/15/2013 9:47,UP,1.30366,1.3055,1.30106,1.30544,0.000789317,0.000627085,0.003135423
3/15/2013 17:26,DOWN,1.30542,1.31072,1.30456,1.30563,-0.000229748,0.000748786,0.003743929
3/18/2013 0:07,DOWN,1.30568,1.30783,1.28885,1.2897,-0.0006666,0.002611482,0.01305741
3/18/2013 8:57,UP,1.28965,1.29744,1.2882,1.29725,0.000948609,0.001294993,0.006474965
3/18/2013 16:13,UP,1.2973,1.29917,1.29196,1.29845,0.001626336,0.000938637,0.004693186
3/19/2013 8:37,DOWN,1.29844,1.29961,1.29241,1.29298,-0.000123737,0.000819779,0.004098896
3/19/2013 15:56,DOWN,1.29293,1.29613,1.2894,1.28977,-0.00103066,0.000785672,0.00392836
3/20/2013 7:26,UP,1.28976,1.29236,1.28437,1.2902,0.000790888,0.000695401,0.003477007
3/20/2013 12:10,UP,1.29021,1.29477,1.28798,1.29465,0.002722584,0.000934383,0.004671917
3/21/2013 7:35,DOWN,1.29468,1.29786,1.29213,1.29332,-0.000664734,0.00049731,0.002486552
3/21/2013 13:25,DOWN,1.29334,1.29507,1.28796,1.29049,-0.000348644,0.000684711,0.003423556
3/21/2013 15:46,UP,1.29048,1.29426,1.28831,1.29332,0.000208787,0.000716822,0.003584111
3/22/2013 9:59,UP,1.29333,1.29398,1.28871,1.29356,0.000641846,0.000626286,0.003131431
3/22/2013 14:20,UP,1.29356,1.30041,1.29246,1.29977,0.00212571,0.000843167,0.004215835
3/25/2013 1:38,UP,1.29975,1.30484,1.2962,1.30453,0.001027718,0.001165888,0.005829442
3/25/2013 11:12,DOWN,1.30454,1.30484,1.29844,1.29968,-0.000446164,0.000710299,0.003551495
3/25/2013 12:48,DOWN,1.29972,1.29993,1.29422,1.2945,-0.00095744,0.000767753,0.003838767
3/25/2013 14:45,DOWN,1.29451,1.29512,1.28843,1.2887,-0.001721184,0.000820111,0.004100556
3/25/2013 17:17,DOWN,1.28873,1.28953,1.28295,1.28372,-0.000825385,0.000732245,0.003661223
3/26/2013 7:01,UP,1.28374,1.28822,1.28356,1.2881,0.000559119,0.000586013,0.002930063
3/27/2013 3:58,DOWN,1.28809,1.28901,1.28279,1.28418,-0.000949572,0.00063063,0.003153149
3/27/2013 9:57,DOWN,1.28418,1.28551,1.28027,1.2808,-0.000359086,0.000699004,0.003495022
3/27/2013 13:51,DOWN,1.28075,1.28136,1.27568,1.27618,-0.000172375,0.000739838,0.003699191
3/28/2013 2:45,UP,1.27617,1.279,1.27514,1.27892,0.000586604,0.000502556,0.002512778
3/28/2013 8:59,DOWN,1.27894,1.28148,1.27565,1.27603,-0.001198313,0.000769953,0.003849764
3/28/2013 11:42,UP,1.27603,1.2818,1.27554,1.28158,0.001139868,0.000709937,0.003549685
3/31/2013 23:19,DOWN,1.28159,1.2845,1.27929,1.28059,-0.00040598,0.000548538,0.002742688
4/1/2013 7:46,UP,1.2805,1.28174,1.27713,1.28168,0.000889853,0.000576139,0.002880696
4/1/2013 15:44,UP,1.28177,1.28682,1.2802,1.2857,0.000731387,0.000667331,0.003336657
4/2/2013 8:19,DOWN,1.28569,1.2878,1.28286,1.28352,-0.000405054,0.000590119,0.002950596
4/2/2013 13:31,DOWN,1.28349,1.28566,1.28119,1.28134,-0.000943878,0.000575532,0.002877659
4/3/2013 1:20,DOWN,1.2814,1.28468,1.2796,1.27974,-0.000820143,0.000523024,0.00261512
4/3/2013 9:07,UP,1.27972,1.28384,1.27898,1.28315,0.001333547,0.000511248,0.002556239
4/3/2013 13:51,UP,1.28311,1.28531,1.28086,1.28487,0.000140102,0.000512099,0.002560497
4/4/2013 6:45,DOWN,1.28487,1.28648,1.28214,1.28245,-0.000833993,0.000462434,0.002312169
4/4/2013 8:02,DOWN,1.28246,1.28377,1.27841,1.27911,-0.001086103,0.000605668,0.003028341
4/4/2013 12:58,DOWN,1.27911,1.28371,1.27462,1.27575,-0.000532878,0.000897663,0.004488315
4/4/2013 13:44,UP,1.27581,1.28417,1.27579,1.28366,0.002331994,0.001077476,0.005387382
4/4/2013 17:28,UP,1.28369,1.29148,1.28329,1.2913,0.002659772,0.001179211,0.005896056
4/5/2013 12:09,UP,1.29136,1.29492,1.29005,1.29454,0.000935132,0.000631561,0.003157803
4/5/2013 14:03,UP,1.29448,1.30301,1.29382,1.3007,0.001138497,0.000924746,0.004623731
4/8/2013 1:05,DOWN,1.30082,1.30401,1.29727,1.29895,-0.000254019,0.000673334,0.003366669
4/8/2013 8:20,UP,1.29898,1.30186,1.29684,1.30153,0.001383945,0.000619988,0.003099942
4/9/2013 0:04,UP,1.30153,1.30634,1.29922,1.30633,0.003197255,0.000945137,0.004725687
4/9/2013 12:37,UP,1.30629,1.30683,1.30049,1.30616,0.000245023,0.00074444,0.003722199
4/9/2013 15:29,UP,1.30617,1.30997,1.30287,1.30963,0.001306565,0.000851598,0.004257991
4/10/2013 8:38,UP,1.3097,1.31222,1.30733,1.31152,0.000274528,0.000568407,0.002842034
4/10/2013 13:03,DOWN,1.31146,1.31158,1.30642,1.30701,-0.000627189,0.000575248,0.00287624
4/11/2013 0:39,DOWN,1.30688,1.30971,1.30481,1.30487,-0.000720119,0.000564547,0.002822736
4/11/2013 7:40,UP,1.30489,1.30893,1.30438,1.30876,0.0009938,0.000495567,0.002477836
4/11/2013 10:15,UP,1.30878,1.31326,1.3074,1.31326,0.001485958,0.000733667,0.003668334
4/11/2013 13:27,DOWN,1.31326,1.31386,1.30892,1.30913,-0.000595638,0.000657497,0.003287484
4/11/2013 15:10,UP,1.30912,1.3138,1.30843,1.31351,0.000639712,0.000590934,0.00295467
4/12/2013 6:20,DOWN,1.3135,1.31368,1.30956,1.31062,-0.000419561,0.000426044,0.002130222
4/12/2013 7:36,DOWN,1.31066,1.31083,1.30668,1.30738,-0.000367079,0.000462933,0.002314666
4/12/2013 14:04,UP,1.30732,1.30907,1.30378,1.30876,0.000863786,0.000674907,0.003374537
4/15/2013 2:47,DOWN,1.30878,1.31267,1.30714,1.30758,-0.001444375,0.000610818,0.003054089
4/15/2013 12:22,UP,1.30764,1.31045,1.30525,1.3097,0.001390598,0.00064135,0.003206748
4/15/2013 17:00,DOWN,1.30976,1.31075,1.3068,1.30712,-0.000160646,0.00052114,0.002605698
4/15/2013 20:28,DOWN,1.30712,1.30739,1.30281,1.3034,-0.000536913,0.000534201,0.002671007
4/16/2013 4:23,UP,1.30342,1.30821,1.30215,1.30765,0.000520152,0.000577142,0.002885711
4/16/2013 10:33,UP,1.30766,1.30899,1.30279,1.30865,0.000886803,0.000679259,0.003396293
4/16/2013 12:04,UP,1.30858,1.31425,1.30857,1.31346,0.001051212,0.000665034,0.003325168
4/16/2013 16:06,UP,1.31339,1.31837,1.31121,1.31683,0.002334078,0.00077003,0.003850148
4/17/2013 7:59,DOWN,1.31688,1.32018,1.31529,1.31553,-0.000129217,0.000597409,0.002987043
4/17/2013 10:57,DOWN,1.31553,1.32,1.31335,1.31374,-0.001452809,0.000702014,0.00351007
4/17/2013 14:10,DOWN,1.31369,1.31469,1.30766,1.30793,-0.001146193,0.000813619,0.004068094
4/17/2013 16:29,DOWN,1.30799,1.30879,1.30253,1.30277,-0.001365387,0.000754293,0.003771467
4/18/2013 3:58,UP,1.30271,1.30579,1.30015,1.30548,0.000689639,0.000588869,0.002944346
4/18/2013 15:11,UP,1.30542,1.30878,1.30261,1.30833,0.000374593,0.000728826,0.003644128
4/19/2013 8:50,UP,1.30837,1.30963,1.30428,1.30897,0.000955406,0.000577067,0.002885337
4/19/2013 15:59,DOWN,1.30901,1.31292,1.30628,1.30661,-0.000925632,0.000722241,0.003611204
4/22/2013 8:01,DOWN,1.30664,1.30844,1.30347,1.30375,-0.000184067,0.000663834,0.003319171
4/22/2013 18:59,UP,1.30375,1.30671,1.30152,1.30592,1.53E-05,0.000589564,0.002947822
4/23/2013 7:44,DOWN,1.30597,1.30842,1.29857,1.2997,-0.001668224,0.001179374,0.00589687
4/23/2013 14:12,UP,1.29977,1.30265,1.29729,1.30229,0.000176628,0.000672181,0.003360903
4/24/2013 7:20,DOWN,1.30237,1.30285,1.29837,1.29865,-0.000708177,0.000506271,0.002531357
4/24/2013 10:00,UP,1.29869,1.3033,1.2954,1.3031,0.001597469,0.000823228,0.004116138
4/24/2013 14:03,DOWN,1.30314,1.30343,1.29789,1.29868,-0.000646602,0.000677726,0.003388628
4/25/2013 0:27,UP,1.29867,1.30292,1.29739,1.30234,0.000368635,0.000618369,0.003091843
4/25/2013 9:01,UP,1.30227,1.30731,1.30201,1.30705,0.001577312,0.000720676,0.003603381
4/25/2013 13:32,DOWN,1.30705,1.30937,1.30287,1.30367,-0.000935382,0.000718248,0.003591241
4/26/2013 2:24,UP,1.30368,1.30478,1.29892,1.30325,8.44E-05,0.000625384,0.00312692
4/26/2013 11:59,DOWN,1.30325,1.30452,1.29952,1.30007,-0.000138444,0.00065584,0.003279198
4/28/2013 21:23,UP,1.30001,1.30574,1.29906,1.30552,0.002239162,0.000826412,0.004132059
4/29/2013 7:30,UP,1.30565,1.30896,1.30317,1.3087,0.000634418,0.000654733,0.003273663
4/30/2013 7:13,DOWN,1.30869,1.31208,1.30706,1.30715,-0.000672994,0.000613028,0.003065141
4/30/2013 13:29,UP,1.30707,1.31069,1.30543,1.31052,0.00133624,0.000588058,0.002940289
4/30/2013 14:10,UP,1.3105,1.31688,1.31048,1.31663,0.001801672,0.000795961,0.003979803
5/1/2013 8:38,UP,1.31664,1.31949,1.31462,1.31923,0.000583844,0.000541474,0.00270737
5/1/2013 12:21,UP,1.31918,1.3243,1.31866,1.3242,0.001859453,0.000716421,0.003582106
5/1/2013 14:35,DOWN,1.32416,1.32426,1.31864,1.31921,-8.34E-05,0.000731095,0.003655476
5/2/2013 0:44,DOWN,1.31921,1.32238,1.31688,1.31718,-0.000432649,0.000708236,0.003541179
5/2/2013 11:52,UP,1.31716,1.32105,1.31246,1.32023,0.001622245,0.000766071,0.003830355
5/2/2013 13:03,DOWN,1.32019,1.32187,1.31205,1.31205,-0.002846446,0.001155849,0.005779243
5/2/2013 15:11,DOWN,1.31193,1.31245,1.30422,1.30511,-0.000551526,0.001016456,0.005082279
5/3/2013 7:07,UP,1.3051,1.31126,1.30374,1.30994,6.87E-05,0.000774805,0.003874024
5/3/2013 12:39,DOWN,1.30995,1.31518,1.30395,1.30538,-0.0017298,0.001021613,0.005108066
5/3/2013 14:07,UP,1.30533,1.31332,1.30334,1.3125,0.001051982,0.001106396,0.005531982
5/6/2013 7:10,DOWN,1.31243,1.31594,1.30972,1.30981,-0.000526655,0.000681781,0.003408905
5/6/2013 14:45,DOWN,1.30977,1.31205,1.30618,1.30623,-0.00104827,0.000785597,0.003927985
5/7/2013 10:05,UP,1.30629,1.31066,1.30536,1.31056,0.002467637,0.000748114,0.003740572
5/7/2013 14:31,DOWN,1.31057,1.31324,1.30749,1.30797,-0.000466263,0.000643143,0.003215715
5/8/2013 6:25,UP,1.30794,1.31135,1.30717,1.31087,0.000595202,0.000490662,0.002453311
5/8/2013 12:28,UP,1.31088,1.31546,1.3087,1.31462,0.000669619,0.000703483,0.003517413
5/9/2013 7:05,DOWN,1.31457,1.31945,1.31431,1.31484,-0.001071799,0.000531337,0.002656683
5/9/2013 12:28,DOWN,1.31489,1.31774,1.31264,1.31322,-0.000768806,0.000623515,0.003117574
5/9/2013 15:12,DOWN,1.31321,1.31432,1.30845,1.30932,-0.00010692,0.00060119,0.003005952
5/9/2013 18:35,DOWN,1.30931,1.31149,1.30383,1.30403,-0.001440646,0.000933651,0.004668255
5/10/2013 10:57,DOWN,1.30397,1.30512,1.29907,1.29952,-0.001368799,0.000737339,0.003686696
5/10/2013 15:15,DOWN,1.29952,1.30162,1.29444,1.29471,-0.002098653,0.000891131,0.004455656
5/13/2013 6:43,UP,1.29475,1.29952,1.29353,1.29847,0.000254178,0.00064212,0.003210599
5/13/2013 15:11,UP,1.29847,1.3,1.29417,1.29938,0.000846916,0.000671661,0.003358306
5/14/2013 0:31,UP,1.29932,1.30264,1.29645,1.30246,0.002613858,0.000901083,0.004505416
5/14/2013 10:24,DOWN,1.30247,1.30294,1.29682,1.29729,-0.000993887,0.000791609,0.003958046
5/14/2013 17:16,DOWN,1.29731,1.29947,1.29322,1.29357,-0.001460007,0.000675133,0.003375663
5/15/2013 6:40,DOWN,1.29355,1.29467,1.28973,1.29009,-0.000395243,0.000661261,0.003306304
5/15/2013 10:38,DOWN,1.29004,1.29168,1.28752,1.28768,-0.000574512,0.00060209,0.00301045
5/16/2013 8:05,DOWN,1.28764,1.28897,1.28431,1.28524,-0.000979881,0.000465543,0.002327717
5/16/2013 12:14,UP,1.28524,1.28908,1.28464,1.28904,0.001009011,0.00048561,0.002428049
5/17/2013 0:03,DOWN,1.28904,1.29299,1.28684,1.28811,-0.000450171,0.000645849,0.003229245
5/17/2013 10:20,UP,1.28815,1.28894,1.28502,1.28866,0.000496763,0.000535373,0.002676867
5/17/2013 12:38,DOWN,1.28861,1.28882,1.28193,1.28273,-0.000420889,0.000872683,0.004363413
5/19/2013 22:03,UP,1.28279,1.28492,1.27964,1.28434,0.000763329,0.000593115,0.002965577
5/20/2013 7:42,UP,1.28431,1.28665,1.28194,1.28652,0.000334291,0.000592088,0.002960439
5/20/2013 13:28,DOWN,1.28657,1.28786,1.28423,1.28433,-0.000599355,0.000514362,0.002571809
5/20/2013 16:29,UP,1.28437,1.28739,1.28428,1.28733,0.000520593,0.000441817,0.002209085
5/21/2013 10:27,DOWN,1.28729,1.29044,1.28539,1.28605,-0.000427575,0.000552318,0.002761592
5/21/2013 15:23,UP,1.28601,1.29109,1.28412,1.29063,0.00237375,0.000808148,0.004040738
5/22/2013 9:05,UP,1.29068,1.29449,1.28942,1.29394,0.0005102,0.000526268,0.002631341
5/22/2013 14:04,UP,1.29397,1.29808,1.29154,1.29669,0.001474067,0.000629928,0.003149641
5/22/2013 14:33,DOWN,1.29666,1.29984,1.29185,1.29194,-0.002659124,0.00116928,0.005846398
5/22/2013 17:37,DOWN,1.29194,1.29292,1.28431,1.28501,-0.00059126,0.000962814,0.004814068
5/23/2013 7:29,UP,1.28487,1.28751,1.28214,1.28693,0.000722911,0.000623249,0.003116243
5/23/2013 12:20,UP,1.28697,1.29111,1.28586,1.29068,0.00106202,0.000604237,0.003021184
5/23/2013 15:57,UP,1.29074,1.29572,1.28857,1.29549,0.002024449,0.00083949,0.00419745
5/24/2013 8:25,UP,1.29548,1.29786,1.29043,1.29772,0.001781631,0.000874044,0.004370218
5/24/2013 12:37,DOWN,1.29777,1.29936,1.29188,1.2926,-0.001043862,0.000827529,0.004137645
5/27/2013 10:08,UP,1.2926,1.29585,1.29106,1.29443,0.000162247,0.000464183,0.002320913
5/28/2013 0:23,DOWN,1.29446,1.29489,1.2904,1.29095,-0.001269576,0.000498778,0.002493888
5/28/2013 11:16,UP,1.29092,1.29443,1.28841,1.29435,0.001136351,0.00067238,0.003361899
5/28/2013 14:06,DOWN,1.29434,1.29498,1.29012,1.29025,-0.000534637,0.000609792,0.003048962
5/28/2013 15:07,DOWN,1.29026,1.29027,1.28526,1.2856,-0.000256657,0.000703723,0.003518614
5/29/2013 8:30,UP,1.28563,1.28895,1.28379,1.28866,0.000613228,0.000602772,0.003013862
5/29/2013 10:59,UP,1.28869,1.29411,1.28812,1.29326,0.000340283,0.000700343,0.003501713
5/30/2013 5:03,UP,1.29323,1.29778,1.2919,1.29624,0.000169736,0.000549282,0.002746408
5/30/2013 12:15,DOWN,1.29624,1.30065,1.29416,1.29438,-0.000772272,0.000727028,0.003635138
5/30/2013 13:27,UP,1.29433,1.3017,1.29429,1.30138,0.002169282,0.000926685,0.004633424
5/31/2013 7:29,DOWN,1.30131,1.30617,1.30125,1.30235,-0.000629433,0.000508712,0.002543558
5/31/2013 9:17,DOWN,1.30236,1.30416,1.29858,1.29941,-0.00066162,0.000616013,0.003080067
5/31/2013 14:58,DOWN,1.29945,1.30167,1.29529,1.29576,-0.001002769,0.000717673,0.003588366
5/31/2013 19:50,UP,1.29574,1.30026,1.29442,1.30001,0.001231518,0.00068537,0.003426851
6/3/2013 12:53,DOWN,1.30008,1.30438,1.29912,1.29954,-0.000615413,0.000663975,0.003319873
6/3/2013 14:19,UP,1.29959,1.30261,1.29554,1.30226,0.001021823,0.000902663,0.004513315
6/4/2013 7:09,UP,1.30225,1.31079,1.30134,1.30782,0.001231815,0.000722113,0.003610566
6/4/2013 14:19,DOWN,1.30788,1.31017,1.30444,1.30478,-0.00092693,0.00058407,0.002920349
6/4/2013 21:38,UP,1.30474,1.30901,1.30421,1.30844,9.94E-05,0.000544231,0.002721155
6/5/2013 9:07,DOWN,1.30843,1.31077,1.30544,1.30578,-0.000428771,0.000515887,0.002579437
6/5/2013 12:44,UP,1.30578,1.31161,1.30531,1.3095,0.000549979,0.00052685,0.002634251
6/6/2013 4:10,UP,1.3095,1.31024,1.30599,1.31022,0.000679506,0.000501454,0.002507268
6/6/2013 12:50,UP,1.31022,1.31671,1.30914,1.31585,0.001787515,0.000878295,0.004391473
6/6/2013 15:11,UP,1.31589,1.31964,1.31327,1.31868,6.83E-05,0.000680031,0.003400156
6/6/2013 16:24,UP,1.3187,1.32841,1.31819,1.32831,0.001597288,0.001331082,0.00665541
6/7/2013 7:24,DOWN,1.32842,1.33062,1.32274,1.32456,-0.000347225,0.000539191,0.002695955
6/7/2013 13:05,DOWN,1.3245,1.32855,1.31936,1.32131,-6.05E-05,0.000762622,0.003813108
6/10/2013 7:05,DOWN,1.32131,1.32428,1.31838,1.31858,-0.000841461,0.000664835,0.003324176
6/10/2013 15:32,UP,1.31854,1.32359,1.31774,1.32334,0.001784958,0.000712532,0.003562659
6/11/2013 2:59,UP,1.32341,1.32787,1.32228,1.32766,0.001590527,0.000668298,0.003341491
6/11/2013 9:19,UP,1.32768,1.32995,1.32569,1.32981,0.000639393,0.000519853,0.002599266
6/11/2013 12:42,DOWN,1.32979,1.32987,1.32368,1.32458,-0.001252443,0.000649037,0.003245183
6/11/2013 14:20,UP,1.32457,1.33042,1.32322,1.32967,0.000639461,0.000836108,0.004180539
6/11/2013 20:14,UP,1.32963,1.33178,1.32554,1.33153,0.000157726,0.000801106,0.004005528
6/12/2013 11:32,DOWN,1.33147,1.33351,1.32689,1.32707,-0.000775845,0.000731175,0.003655873
6/12/2013 14:10,UP,1.32708,1.3326,1.32656,1.33214,0.000450505,0.000699304,0.00349652
6/13/2013 0:50,UP,1.33208,1.33677,1.33127,1.33596,0.000471682,0.00060326,0.003016298
6/13/2013 9:05,DOWN,1.33596,1.33905,1.33336,1.33415,-0.000322251,0.000571677,0.002858383
6/13/2013 13:11,DOWN,1.33413,1.33474,1.32872,1.32929,-0.001330652,0.000681507,0.003407535
6/13/2013 18:03,UP,1.32923,1.33481,1.32786,1.33423,0.000787281,0.000785345,0.003926727
6/14/2013 7:47,DOWN,1.33419,1.3379,1.33295,1.33295,-0.001214611,0.000651298,0.003256492
6/14/2013 14:56,UP,1.3329,1.33429,1.32947,1.3342,0.000614789,0.000653283,0.003266416
6/17/2013 19:34,UP,1.33415,1.33771,1.33134,1.33714,0.002411029,0.000748351,0.003741756
6/18/2013 6:28,DOWN,1.33714,1.3382,1.33258,1.33299,-0.001117164,0.000660595,0.003302973
6/18/2013 8:06,UP,1.33295,1.33907,1.33262,1.33835,0.001383255,0.000760551,0.003802754
6/18/2013 15:35,UP,1.33833,1.34161,1.33379,1.34075,0.000768522,0.000748798,0.003743988
6/19/2013 18:10,DOWN,1.34076,1.34182,1.33391,1.33572,-0.002392847,0.000767989,0.003839947
6/19/2013 18:52,DOWN,1.33569,1.33627,1.32787,1.32902,-0.000684481,0.000877144,0.004385719
6/20/2013 5:51,DOWN,1.32901,1.33023,1.32475,1.32521,-0.000490368,0.000640774,0.003203872
6/20/2013 8:28,DOWN,1.32514,1.32683,1.32082,1.32137,3.03E-05,0.000772143,0.003860717
6/20/2013 16:30,UP,1.32147,1.32361,1.31613,1.323,0.00099823,0.000859843,0.004299213
6/21/2013 11:38,DOWN,1.32306,1.32543,1.31939,1.32026,-0.000779845,0.000597121,0.002985603
6/21/2013 12:37,DOWN,1.32028,1.32114,1.3146,1.31515,-0.001754913,0.000799212,0.003996062
6/21/2013 15:10,DOWN,1.31513,1.31769,1.31165,1.31184,-0.001424464,0.000767052,0.00383526
6/24/2013 2:51,DOWN,1.31179,1.31594,1.30892,1.30911,-0.000893338,0.0007289,0.0036445
6/24/2013 12:25,DOWN,1.30915,1.31244,1.30589,1.30645,-0.001621403,0.000797222,0.00398611
6/24/2013 18:06,UP,1.30648,1.31358,1.30643,1.31335,0.001424854,0.000882081,0.004410406
6/25/2013 12:40,DOWN,1.31341,1.31511,1.3085,1.30932,-0.000954239,0.000766441,0.003832205
6/26/2013 3:00,DOWN,1.30927,1.31141,1.30609,1.30609,-0.001392502,0.00066525,0.00332625
6/26/2013 10:10,DOWN,1.30607,1.30837,1.30268,1.30332,-8.44E-05,0.000678501,0.003392506
6/26/2013 15:12,DOWN,1.30331,1.30557,1.29875,1.29881,-0.001131165,0.000809226,0.004046129
6/27/2013 1:34,UP,1.29876,1.30286,1.29847,1.30281,0.000729459,0.000571276,0.002856379
6/27/2013 19:09,UP,1.30279,1.30577,1.30001,1.30527,0.001142178,0.000665087,0.003325434
6/28/2013 11:20,UP,1.30521,1.30762,1.30301,1.30736,0.000436088,0.000517038,0.002585192
6/28/2013 13:56,DOWN,1.30736,1.31032,1.30268,1.30295,-0.002253876,0.000863919,0.004319594
7/1/2013 7:46,UP,1.30291,1.30527,1.29915,1.30505,0.001096344,0.00059965,0.002998248
7/1/2013 14:47,DOWN,1.30503,1.30605,1.30141,1.30158,-0.000760325,0.000491429,0.002457147
7/1/2013 16:04,UP,1.30162,1.30672,1.30142,1.30647,0.000382784,0.000671141,0.003355706
7/2/2013 8:48,DOWN,1.30651,1.30784,1.3025,1.30311,-0.000468001,0.000538045,0.002690226
7/2/2013 13:44,DOWN,1.30315,1.3034,1.29902,1.30003,-3.85E-05,0.000475726,0.002378628
7/2/2013 15:07,UP,1.29995,1.30382,1.29994,1.30359,0.000705993,0.000502667,0.002513337
7/2/2013 18:13,DOWN,1.30363,1.30364,1.29945,1.29984,-0.000361518,0.000555002,0.002775008
7/3/2013 7:09,DOWN,1.2998,1.30002,1.29567,1.29577,-0.001503765,0.000618183,0.003090913
7/3/2013 11:21,UP,1.29588,1.29738,1.29231,1.29685,0.000485911,0.000531105,0.002655524
7/3/2013 15:17,UP,1.29684,1.30322,1.29435,1.30131,0.002423572,0.000979859,0.004899294
7/4/2013 12:28,DOWN,1.3013,1.30236,1.29795,1.29829,-0.000469738,0.000559612,0.002798061
7/4/2013 12:55,DOWN,1.29829,1.29865,1.2888,1.28886,-0.00075232,0.001311203,0.006556015
7/5/2013 8:44,DOWN,1.28889,1.29327,1.28721,1.28751,-0.001063504,0.000669272,0.003346359
7/5/2013 12:50,DOWN,1.28744,1.28972,1.28126,1.28137,-0.00109978,0.001092981,0.005464906
7/8/2013 9:46,UP,1.28133,1.28508,1.28061,1.28495,0.000334699,0.00055035,0.002751751
7/8/2013 15:13,UP,1.28496,1.28793,1.28387,1.28713,0.000458489,0.000485782,0.002428912
7/9/2013 5:54,UP,1.28713,1.28891,1.28458,1.28848,0.001164841,0.000569705,0.002848527
7/9/2013 12:15,DOWN,1.28849,1.28986,1.28546,1.28577,-0.000575365,0.00049139,0.002456952
7/9/2013 14:33,DOWN,1.2858,1.28649,1.27953,1.27953,-0.001647685,0.000802056,0.004010282
7/10/2013 7:23,UP,1.27955,1.28072,1.27554,1.28062,0.000835882,0.000604418,0.003022089
7/10/2013 14:21,UP,1.28072,1.28437,1.28023,1.28401,0.000786908,0.000497367,0.002486834
7/10/2013 18:15,UP,1.28401,1.29307,1.28341,1.2922,0.004607409,0.001270817,0.006354083
7/10/2013 21:08,UP,1.29232,1.2986,1.28687,1.29739,0.00053969,0.001456658,0.007283292
7/10/2013 22:47,UP,1.29749,1.3138,1.29708,1.3138,0.005503012,0.001973235,0.009866175
7/11/2013 6:51,DOWN,1.31402,1.32062,1.30688,1.30746,-0.000932672,0.001272,0.006360002
7/11/2013 12:55,DOWN,1.30746,1.30778,1.301,1.30101,-0.00119835,0.001018793,0.005093966
7/11/2013 19:01,UP,1.30106,1.31148,1.30056,1.31148,0.003957557,0.001407618,0.007038089
7/12/2013 7:54,DOWN,1.3114,1.31226,1.30419,1.30419,-0.001938022,0.000967458,0.00483729
7/12/2013 13:43,DOWN,1.30418,1.30623,1.29995,1.30107,-0.000292025,0.000700718,0.003503591
7/12/2013 16:58,UP,1.30113,1.30825,1.30108,1.30807,0.002686949,0.000978713,0.004893564
7/15/2013 8:47,DOWN,1.30821,1.30911,1.30253,1.30308,-0.001081467,0.000743962,0.00371981
7/15/2013 16:03,UP,1.30307,1.30584,1.29934,1.30543,0.000727994,0.000739366,0.003696828
7/16/2013 5:31,UP,1.30547,1.30864,1.30337,1.30848,0.000833375,0.000612223,0.003061117
7/16/2013 10:29,UP,1.30841,1.31167,1.30507,1.31131,0.00054922,0.000760638,0.003803189
7/16/2013 18:08,UP,1.31125,1.31567,1.30952,1.31455,7.61E-05,0.000627652,0.00313826
7/17/2013 6:44,DOWN,1.31462,1.31748,1.31283,1.31291,-0.000593924,0.000563961,0.002819803
7/17/2013 14:49,DOWN,1.31286,1.31785,1.30845,1.30881,-0.001702388,0.001008716,0.005043579
7/18/2013 4:39,DOWN,1.30878,1.31603,1.30831,1.30925,-0.000229113,0.000804398,0.00402199
7/18/2013 12:43,DOWN,1.30923,1.31223,1.3073,1.30749,-0.000504657,0.000575869,0.002879343
7/19/2013 2:29,UP,1.30748,1.31208,1.30661,1.31131,0.00050344,0.000555756,0.002778778
7/19/2013 14:54,UP,1.31125,1.31511,1.30967,1.31407,0.000487155,0.000540888,0.002704442
7/22/2013 9:43,UP,1.31403,1.31913,1.31276,1.3184,0.001457372,0.000557612,0.002788061
7/22/2013 13:54,UP,1.31843,1.31989,1.31601,1.31963,0.000613997,0.000519751,0.002598755
7/23/2013 7:00,DOWN,1.31962,1.32182,1.3179,1.3184,-0.000333682,0.000393461,0.001967306
7/23/2013 9:44,DOWN,1.31837,1.32073,1.31654,1.31654,-0.000789638,0.000502503,0.002512515
7/23/2013 14:24,UP,1.31659,1.31988,1.31635,1.31962,0.000500269,0.000465223,0.002326115
7/24/2013 6:20,DOWN,1.31962,1.32391,1.31931,1.31949,-0.00056824,0.000477796,0.002388981
7/24/2013 7:36,UP,1.31953,1.32514,1.31906,1.32446,0.000347372,0.000708556,0.003542779
7/24/2013 16:53,DOWN,1.3245,1.32564,1.3199,1.32017,-0.000726915,0.000624192,0.003120958
7/25/2013 5:08,UP,1.32014,1.32213,1.31767,1.32162,0.00080994,0.000512513,0.002562567
7/25/2013 9:09,DOWN,1.3216,1.32382,1.31782,1.31861,-0.000356372,0.000593435,0.002967177
7/25/2013 12:23,UP,1.31867,1.32164,1.31656,1.32147,0.000779739,0.000600999,0.003004996
7/25/2013 17:27,UP,1.32141,1.32507,1.31911,1.32485,0.001299104,0.000574934,0.002874672
7/25/2013 20:12,UP,1.3248,1.32963,1.32363,1.32904,0.000346174,0.000656073,0.003280364
7/29/2013 2:12,UP,1.32898,1.32971,1.32526,1.32909,0.000240795,0.000468208,0.002341038
7/29/2013 10:27,UP,1.32909,1.32949,1.3261,1.32946,0.00035359,0.000372274,0.001861371
7/29/2013 12:26,DOWN,1.32947,1.32953,1.32614,1.32633,-0.000407056,0.000406979,0.002034896
7/29/2013 18:29,UP,1.32631,1.32725,1.32392,1.32705,0.000633183,0.000409761,0.002048804
7/30/2013 8:00,UP,1.327,1.32793,1.32474,1.32765,0.000452028,0.000352789,0.001763945
7/30/2013 14:19,DOWN,1.32764,1.33015,1.32472,1.32555,-0.000535483,0.000521803,0.002609013
7/31/2013 7:55,UP,1.32555,1.32817,1.32345,1.32786,0.000979498,0.000501628,0.00250814
7/31/2013 10:42,DOWN,1.32786,1.33007,1.32493,1.3255,-0.00073907,0.000581707,0.002908536
7/31/2013 14:56,UP,1.32554,1.32774,1.32089,1.32725,0.000391864,0.000715733,0.003578663
7/31/2013 18:40,UP,1.32738,1.33386,1.32613,1.332,0.001322195,0.000792621,0.003963107
8/1/2013 2:34,DOWN,1.33206,1.33453,1.32739,1.32769,-0.000745378,0.000727642,0.003638209
8/1/2013 8:30,DOWN,1.32771,1.32791,1.32272,1.32342,-0.000219105,0.000627451,0.003137256
8/1/2013 17:19,DOWN,1.32343,1.32674,1.31941,1.32067,-0.000620704,0.000740294,0.003701471
8/2/2013 12:39,UP,1.32073,1.32798,1.3186,1.32691,0.000708664,0.001066314,0.005331572
8/5/2013 7:27,UP,1.32692,1.32943,1.32327,1.32867,0.001122051,0.000666216,0.003331079
8/5/2013 12:23,DOWN,1.32872,1.33006,1.32481,1.32513,-0.000414968,0.000667666,0.003338331
8/6/2013 2:59,UP,1.32512,1.32719,1.32327,1.32654,0.000128161,0.000428837,0.002144184
8/6/2013 9:45,UP,1.32654,1.32837,1.32461,1.32815,0.000353938,0.000460821,0.002304103
8/6/2013 14:15,UP,1.3281,1.33148,1.3266,1.33148,0.00161605,0.000582509,0.002912543
8/7/2013 7:47,DOWN,1.3315,1.33234,1.32754,1.32791,-0.00065495,0.000563098,0.002815492
8/7/2013 10:20,UP,1.32791,1.33219,1.32656,1.33219,0.001389656,0.000701457,0.003507286
8/7/2013 17:44,UP,1.33221,1.33428,1.32853,1.33385,0.000307428,0.000574798,0.002873992
8/8/2013 12:48,UP,1.33384,1.33696,1.33279,1.33642,0.000479006,0.000474733,0.002373666
8/8/2013 14:31,UP,1.33638,1.3395,1.3356,1.33908,0.000164305,0.000473734,0.002368672
8/9/2013 13:01,DOWN,1.33909,1.34006,1.33604,1.33624,-0.001106973,0.000440691,0.002203453
8/12/2013 0:54,DOWN,1.33628,1.33669,1.33287,1.33287,-0.000802457,0.000450038,0.00225019
8/12/2013 10:11,DOWN,1.33286,1.33336,1.32872,1.32934,-6.77E-05,0.000509678,0.00254839
8/12/2013 18:41,UP,1.32934,1.33126,1.32774,1.33095,0.000165309,0.000433578,0.002167892
8/13/2013 12:32,DOWN,1.33089,1.33175,1.32684,1.3269,-0.001874796,0.00065156,0.003257798
8/14/2013 5:55,UP,1.3269,1.32762,1.32334,1.32744,0.000979808,0.000470048,0.00235024
8/14/2013 9:47,DOWN,1.32744,1.32813,1.32412,1.32417,-0.000505849,0.000478044,0.002390219
8/15/2013 2:14,UP,1.32415,1.32887,1.32389,1.32883,0.001988686,0.000649228,0.003246139
8/15/2013 12:40,DOWN,1.32881,1.33109,1.32267,1.32374,-0.001924507,0.000854787,0.004273937
8/15/2013 15:43,UP,1.32372,1.32706,1.32056,1.3266,0.00066357,0.000780516,0.003902579
8/15/2013 18:55,UP,1.32658,1.33552,1.326,1.33481,0.000681977,0.001234623,0.006173117
8/16/2013 13:18,UP,1.33481,1.33731,1.33256,1.33711,0.000403938,0.000649284,0.003246419
8/16/2013 14:46,DOWN,1.33711,1.33802,1.33247,1.3325,-0.001477332,0.000684059,0.003420295
8/19/2013 10:06,UP,1.33247,1.33545,1.33109,1.33529,0.00128894,0.000540348,0.002701742
8/19/2013 19:22,DOWN,1.33528,1.3375,1.33367,1.33381,-0.000367301,0.000441821,0.002209103
8/20/2013 8:33,UP,1.33381,1.33862,1.33234,1.33775,0.00115185,0.000624702,0.003123511
8/20/2013 12:31,UP,1.33778,1.34287,1.33647,1.34276,0.001908341,0.000741089,0.003705443
8/21/2013 5:26,DOWN,1.34272,1.34524,1.34119,1.3412,-0.000648463,0.000459564,0.002297821
8/21/2013 10:52,DOWN,1.34119,1.34204,1.3381,1.33856,-0.000746793,0.000456556,0.002282779
8/21/2013 15:29,DOWN,1.3385,1.33991,1.33536,1.33608,-0.000808008,0.00044769,0.002238448
8/22/2013 0:32,DOWN,1.33618,1.33967,1.33317,1.33338,-0.000697232,0.000646993,0.003234964
8/22/2013 10:13,DOWN,1.33331,1.33646,1.33059,1.33096,-0.000262934,0.000682616,0.003413082
8/22/2013 15:06,UP,1.33095,1.33591,1.32981,1.33562,0.001438569,0.000693711,0.003468553
8/23/2013 14:29,UP,1.33566,1.33941,1.33333,1.339,0.00111339,0.000624833,0.003124164
8/26/2013 8:21,DOWN,1.339,1.34101,1.33645,1.33672,-0.000321631,0.000506856,0.00253428
8/27/2013 8:21,DOWN,1.33671,1.33945,1.33227,1.33308,-0.000704885,0.000757834,0.003789172
8/27/2013 13:36,UP,1.33309,1.33808,1.33283,1.33794,0.00110679,0.000717201,0.003586005
8/28/2013 10:35,DOWN,1.338,1.3399,1.33554,1.33581,-0.00096524,0.000487834,0.002439172
8/28/2013 13:48,DOWN,1.3358,1.3373,1.33071,1.33128,-0.000765887,0.000643292,0.00321646
8/29/2013 6:36,DOWN,1.33131,1.33455,1.32864,1.32897,-0.001578924,0.000687347,0.003436736
8/29/2013 10:16,DOWN,1.32903,1.32922,1.32454,1.32508,-0.000837335,0.000581456,0.002907282
8/29/2013 14:54,DOWN,1.32514,1.32672,1.32245,1.32267,-0.000521536,0.000573379,0.002866897
8/30/2013 14:04,DOWN,1.3227,1.32554,1.32098,1.32117,-0.000597776,0.000543106,0.002715531
9/2/2013 9:39,UP,1.32119,1.32276,1.31733,1.32224,0.000423613,0.00045516,0.002275798
9/2/2013 14:53,DOWN,1.32224,1.32265,1.31873,1.31883,-0.000810996,0.000459577,0.002297883
9/3/2013 6:45,DOWN,1.31878,1.31993,1.31638,1.31673,-0.00064533,0.000413336,0.00206668
9/3/2013 14:04,DOWN,1.31674,1.31874,1.31466,1.31484,-0.001686995,0.00055429,0.002771448
9/4/2013 9:05,UP,1.31495,1.31808,1.31387,1.31759,0.000387145,0.000410552,0.002052758
9/4/2013 15:22,UP,1.31753,1.32098,1.31642,1.32041,0.000696996,0.000526791,0.002633957
9/5/2013 5:04,DOWN,1.32041,1.32182,1.31846,1.3185,-0.000545926,0.000449127,0.002245633
9/5/2013 9:38,UP,1.31854,1.32044,1.31631,1.32023,0.000765311,0.000550724,0.002753622
9/5/2013 12:53,DOWN,1.32023,1.32234,1.31487,1.31515,-0.00144366,0.00089935,0.004496748
9/5/2013 20:29,DOWN,1.31516,1.31732,1.31105,1.31188,-0.00036582,0.000715622,0.003578112
9/6/2013 13:47,UP,1.31188,1.318,1.31047,1.31702,0.002021754,0.000775663,0.003878316
9/9/2013 12:00,UP,1.31711,1.31982,1.31536,1.31935,0.000197086,0.000478427,0.002392137
9/9/2013 14:23,UP,1.31927,1.32439,1.31911,1.32439,0.002154253,0.000682008,0.003410041
9/10/2013 9:23,DOWN,1.3244,1.32811,1.32385,1.32393,-0.000453094,0.000546246,0.00273123
9/10/2013 14:18,UP,1.32389,1.32712,1.32301,1.32641,6.03E-05,0.000421547,0.002107734
9/11/2013 14:02,UP,1.32637,1.33013,1.32439,1.32956,0.000504053,0.000584554,0.002922772
9/12/2013 1:16,UP,1.32957,1.33248,1.32855,1.33203,-1.50E-05,0.000486917,0.002434585
9/12/2013 9:03,DOWN,1.33208,1.33246,1.32845,1.32869,-0.000714734,0.00051441,0.002572048
9/12/2013 16:09,UP,1.32865,1.33252,1.32565,1.33147,0.00014271,0.000655156,0.00327578
9/13/2013 1:51,DOWN,1.33146,1.33241,1.32748,1.32768,-0.000399113,0.000533414,0.00266707
9/13/2013 12:31,UP,1.32767,1.33152,1.32643,1.33114,0.001315528,0.000518402,0.002592008
9/13/2013 13:38,DOWN,1.33113,1.33216,1.32697,1.32721,-0.001618629,0.000639721,0.003198607
9/13/2013 18:53,UP,1.32727,1.33102,1.32539,1.33053,8.27E-05,0.000605464,0.00302732
9/16/2013 6:53,UP,1.3305,1.33714,1.32928,1.33697,0.000254339,0.0010899,0.005449502
9/16/2013 17:01,DOWN,1.33703,1.33859,1.33369,1.33383,-0.000726965,0.000643875,0.003219373
9/17/2013 9:29,UP,1.33386,1.3369,1.33251,1.33648,0.000651176,0.000500227,0.002501136
9/18/2013 14:47,DOWN,1.33644,1.33697,1.33371,1.33412,-0.000412172,0.000308935,0.001544674
9/18/2013 17:32,UP,1.33413,1.33836,1.33409,1.33779,0.000687938,0.000438276,0.00219138
9/18/2013 18:07,UP,1.3378,1.34773,1.33686,1.34713,0.002720584,0.001369,0.006844999
9/18/2013 20:30,UP,1.34719,1.3529,1.3443,1.35284,0.001057595,0.000970923,0.004854614
9/19/2013 8:18,UP,1.3529,1.35532,1.35009,1.35505,-3.69E-05,0.000665219,0.003326096
9/19/2013 15:49,DOWN,1.35504,1.35689,1.35196,1.35229,-0.000776159,0.000584946,0.00292473
9/23/2013 6:29,UP,1.35227,1.3549,1.3498,1.35426,0.000177234,0.000595711,0.002978554
9/23/2013 13:08,DOWN,1.3543,1.35447,1.34991,1.35075,-0.000266483,0.000484034,0.002420168
9/24/2013 7:14,UP,1.35074,1.35152,1.34794,1.35135,0.000873582,0.000420457,0.002102286
9/24/2013 10:02,DOWN,1.35141,1.35192,1.34794,1.3483,-0.000719166,0.000386696,0.001933482
9/25/2013 4:41,DOWN,1.34827,1.34967,1.34619,1.34665,-0.000111381,0.000394533,0.001972665
9/25/2013 8:39,UP,1.34669,1.34918,1.34653,1.34906,0.000170504,0.000355864,0.001779319
9/25/2013 15:17,UP,1.3491,1.35233,1.34905,1.35215,0.000947089,0.000447684,0.00223842
9/26/2013 9:08,DOWN,1.35216,1.35376,1.35005,1.35005,-0.000518365,0.000385989,0.001929946
9/27/2013 2:03,DOWN,1.35002,1.35115,1.34721,1.34779,-0.000689781,0.000469027,0.002345137
9/27/2013 8:53,UP,1.3478,1.35082,1.34763,1.35062,0.000296204,0.000402793,0.002013966
9/27/2013 11:54,UP,1.35066,1.35384,1.34904,1.35302,0.00098347,0.00044485,0.002224252
9/27/2013 16:54,DOWN,1.35303,1.35648,1.35211,1.3523,-0.000724429,0.000500289,0.002501446
9/30/2013 6:54,DOWN,1.3523,1.35268,1.34804,1.34854,-0.00039294,0.000534499,0.002672493
9/30/2013 12:24,UP,1.34851,1.35207,1.34777,1.35204,0.001184098,0.000514761,0.002573805
10/1/2013 4:59,UP,1.35205,1.35563,1.35174,1.35456,4.43E-05,0.000370414,0.001852069
10/1/2013 6:53,UP,1.3546,1.35821,1.35387,1.35792,0.000478788,0.000531883,0.002659417
10/1/2013 10:07,DOWN,1.35791,1.35883,1.35368,1.35435,-0.000369113,0.000469677,0.002348384
10/1/2013 22:12,DOWN,1.3544,1.35641,1.35167,1.35257,-9.61E-05,0.000479279,0.002396396
10/2/2013 12:45,UP,1.35253,1.3559,1.35053,1.35497,0.000878634,0.000531836,0.00265918
10/2/2013 13:19,UP,1.35499,1.35948,1.35499,1.35916,0.000441547,0.000596178,0.002980891
10/3/2013 9:24,UP,1.35919,1.36236,1.35765,1.36125,0.000301239,0.000440717,0.002203584
10/3/2013 15:20,UP,1.36126,1.36326,1.35869,1.36301,0.000785336,0.000566096,0.002830482
10/4/2013 8:59,DOWN,1.36301,1.36466,1.36101,1.36112,-0.000352589,0.000397132,0.00198566
10/4/2013 13:53,DOWN,1.36112,1.36119,1.35795,1.35822,-0.000265018,0.000376706,0.001883529
10/4/2013 16:29,DOWN,1.35823,1.36067,1.35548,1.35562,-0.000811108,0.000519446,0.002597232
10/7/2013 8:07,UP,1.35565,1.35858,1.35385,1.35806,0.000788199,0.000466257,0.002331283
10/7/2013 14:14,DOWN,1.35813,1.35914,1.35518,1.3554,-0.000862841,0.000433698,0.002168491
10/7/2013 15:30,UP,1.35542,1.35853,1.35427,1.3584,0.000920624,0.000528211,0.002641057
10/8/2013 12:34,UP,1.35841,1.35844,1.35575,1.35838,0.000574378,0.000369621,0.001848107
10/8/2013 18:27,DOWN,1.35839,1.36075,1.35713,1.35725,-0.000368324,0.000427757,0.002138785
10/9/2013 5:48,DOWN,1.35726,1.3605,1.35616,1.35628,-0.000339106,0.00049297,0.00246485
10/9/2013 8:06,DOWN,1.35623,1.35659,1.35213,1.35234,-0.000384445,0.000528428,0.002642139
10/9/2013 18:03,DOWN,1.35234,1.35366,1.34855,1.34962,-0.00123662,0.00045735,0.002286751
10/10/2013 9:03,UP,1.34967,1.35288,1.34877,1.35246,0.000747066,0.000483682,0.00241841
10/10/2013 15:28,UP,1.35247,1.35469,1.3505,1.35436,0.000782964,0.00050392,0.002519598
10/11/2013 7:59,UP,1.35438,1.3564,1.35174,1.3561,0.000981235,0.000510691,0.002553455
10/11/2013 16:16,DOWN,1.35606,1.35819,1.3539,1.35405,-0.001380089,0.00047883,0.00239415
10/14/2013 5:33,UP,1.35403,1.3567,1.35234,1.35647,0.000221187,0.000524681,0.002623403
10/14/2013 12:47,UP,1.3565,1.3598,1.35455,1.35933,0.000978902,0.000526331,0.002631654
10/14/2013 20:36,DOWN,1.35932,1.35948,1.35591,1.35592,-0.000501379,0.000472788,0.00236394
10/15/2013 9:02,DOWN,1.35596,1.35714,1.3528,1.35328,-0.001513692,0.000516232,0.002581159
10/15/2013 10:45,DOWN,1.35327,1.35346,1.348,1.34804,-0.001645481,0.000652787,0.003263933
10/15/2013 18:39,UP,1.34809,1.3527,1.34794,1.35214,0.000658433,0.000571372,0.002856862
10/16/2013 10:38,UP,1.35213,1.35442,1.35057,1.35414,6.65E-05,0.000468286,0.002341432
10/16/2013 14:06,DOWN,1.35418,1.35677,1.35202,1.35299,-0.000472915,0.000439956,0.00219978
10/16/2013 15:06,DOWN,1.35305,1.35368,1.34792,1.34854,-0.000333639,0.000590794,0.002953972
10/16/2013 17:38,UP,1.3485,1.35334,1.34727,1.35311,0.000620985,0.000655034,0.003275168
10/17/2013 6:08,UP,1.35315,1.35624,1.35156,1.35618,0.000545799,0.000581519,0.002907597
10/17/2013 7:33,UP,1.35621,1.36074,1.35531,1.36052,0.000683796,0.000750719,0.003753597
10/17/2013 11:54,UP,1.36049,1.36501,1.36047,1.36455,0.000227207,0.000562825,0.002814126
10/17/2013 19:46,UP,1.36449,1.36822,1.36396,1.36778,0.000204732,0.000460813,0.002304064
10/18/2013 8:46,UP,1.36784,1.36918,1.36593,1.36858,0.000299625,0.000323585,0.001617923
10/18/2013 12:52,DOWN,1.36861,1.37043,1.36721,1.36744,-0.000263231,0.000367881,0.001839404
10/18/2013 15:15,UP,1.36749,1.36997,1.3669,1.3696,0.000131434,0.000330419,0.001652094
10/21/2013 7:13,DOWN,1.3696,1.36973,1.3666,1.36674,-0.001060356,0.000396388,0.001981938
10/21/2013 17:34,UP,1.36675,1.36849,1.3651,1.36839,0.000431257,0.000373579,0.001867893
10/22/2013 13:32,UP,1.3684,1.37486,1.36624,1.37409,0.000545965,0.001073938,0.005369688
10/23/2013 1:54,UP,1.37408,1.37922,1.37386,1.37823,9.43E-05,0.000599952,0.002999759
10/23/2013 7:47,DOWN,1.37818,1.37931,1.37487,1.3751,-0.000734222,0.000556794,0.00278397
10/23/2013 13:44,UP,1.37507,1.37826,1.37416,1.37809,0.000747691,0.00045319,0.002265949
10/24/2013 6:03,UP,1.37809,1.38165,1.37621,1.3815,0.001550242,0.000533503,0.002667515
10/24/2013 8:09,DOWN,1.38149,1.38225,1.37698,1.37711,-0.001045122,0.000667155,0.003335773
10/25/2013 4:00,UP,1.37709,1.38256,1.37645,1.38167,0.001513807,0.000593724,0.002968618
10/25/2013 10:16,DOWN,1.38169,1.38326,1.37901,1.3791,-0.000674126,0.000543169,0.002715844
10/25/2013 19:26,UP,1.37915,1.38115,1.37746,1.38101,0.000550473,0.00045246,0.002262299
10/28/2013 13:30,DOWN,1.38106,1.38178,1.37823,1.37839,-0.000630972,0.00044455,0.00222275
10/29/2013 1:38,DOWN,1.3784,1.38102,1.37693,1.37736,-0.000892614,0.00045341,0.002267052
10/29/2013 10:43,DOWN,1.3773,1.37914,1.37538,1.37572,-0.000261647,0.000421236,0.002106182
10/29/2013 15:39,UP,1.37572,1.38057,1.37543,1.38029,0.000833506,0.000611295,0.003056475
10/29/2013 17:03,DOWN,1.3803,1.38137,1.37649,1.37656,-0.000101698,0.000587877,0.002939383
10/30/2013 10:20,UP,1.37656,1.37686,1.37328,1.37679,0.000217922,0.000433802,0.00216901
10/30/2013 19:10,DOWN,1.37662,1.37859,1.37274,1.37351,-0.000895115,0.000458319,0.002291594
10/31/2013 11:00,DOWN,1.37347,1.37396,1.36802,1.3682,-0.001533687,0.000607904,0.003039522
10/31/2013 12:52,DOWN,1.3682,1.36828,1.36321,1.36364,-0.001282507,0.000647228,0.003236141
10/31/2013 15:37,DOWN,1.36367,1.36567,1.36016,1.36043,-0.000911061,0.000662809,0.003314046
11/1/2013 1:09,DOWN,1.36039,1.36225,1.35752,1.35767,-0.000706844,0.000482107,0.002410535
11/1/2013 9:13,DOWN,1.35767,1.35771,1.35304,1.35322,-0.000827313,0.000551287,0.002756434
11/1/2013 14:47,DOWN,1.35327,1.35397,1.34933,1.3495,-0.000540795,0.000560853,0.002804263
11/4/2013 9:22,UP,1.34952,1.35057,1.3442,1.35006,0.000666859,0.00069767,0.003488351
11/5/2013 9:09,DOWN,1.35002,1.35247,1.34851,1.34882,-0.000437324,0.000448021,0.002240104
11/5/2013 15:43,DOWN,1.34878,1.35111,1.34609,1.34687,7.42E-05,0.000515654,0.002578271
11/6/2013 4:22,UP,1.34687,1.34993,1.3449,1.34942,0.000518876,0.000522443,0.002612214
11/6/2013 15:58,UP,1.34947,1.35479,1.34881,1.35434,0.00033232,0.000677364,0.003386821
11/7/2013 2:05,DOWN,1.35434,1.35472,1.35007,1.3508,-0.00019246,0.000520858,0.002604292
11/7/2013 13:53,DOWN,1.35077,1.3529,1.33538,1.33714,-0.000867147,0.002232149,0.011160743
11/7/2013 17:13,UP,1.33707,1.33901,1.32957,1.33872,0.000545446,0.001198383,0.005991917
11/8/2013 7:10,DOWN,1.33873,1.34499,1.33835,1.33931,-0.00120139,0.000698432,0.003492162
11/8/2013 14:20,UP,1.3393,1.34382,1.33925,1.34323,0.000782004,0.00054739,0.00273695
11/8/2013 15:23,DOWN,1.34322,1.34338,1.3356,1.33578,-0.000995178,0.001048541,0.005242704
11/11/2013 8:44,UP,1.33581,1.33767,1.33177,1.33743,0.000381401,0.000649989,0.003249943
11/11/2013 15:16,UP,1.3374,1.34126,1.33684,1.34087,8.95E-05,0.000513327,0.002566633
11/12/2013 8:02,DOWN,1.34087,1.34165,1.33801,1.33805,-0.000836689,0.000429166,0.00214583
11/12/2013 14:10,UP,1.33803,1.34294,1.33593,1.34251,0.001147763,0.000710232,0.003551158
11/13/2013 10:52,DOWN,1.34255,1.34566,1.34173,1.34178,-0.000745001,0.000455692,0.00227846
11/13/2013 15:24,UP,1.34179,1.34541,1.3408,1.34476,0.000193362,0.000492019,0.002460097
11/13/2013 16:20,DOWN,1.34477,1.345,1.33917,1.33976,-0.000738665,0.000707317,0.003536583
11/13/2013 17:48,UP,1.33978,1.34708,1.33901,1.34622,0.001278468,0.000787452,0.003937261
11/14/2013 10:49,DOWN,1.34621,1.34981,1.34437,1.34446,-0.000706354,0.000547187,0.002735937
11/14/2013 17:22,UP,1.34447,1.34892,1.34183,1.34864,0.001491502,0.000757693,0.003788465
11/15/2013 10:18,DOWN,1.34861,1.34868,1.3444,1.34489,-0.000802717,0.000548267,0.002741336
11/15/2013 14:50,UP,1.34485,1.34887,1.34321,1.3485,0.001001614,0.000581621,0.002908105
11/18/2013 10:32,UP,1.34847,1.35179,1.34705,1.35131,0.000236835,0.000506642,0.00253321
11/18/2013 15:46,UP,1.35131,1.35417,1.35015,1.3539,0.000790622,0.000454131,0.002270657
11/18/2013 18:36,DOWN,1.35389,1.35421,1.35041,1.35041,-0.000984401,0.000476143,0.002380717
11/19/2013 9:02,UP,1.35037,1.3533,1.34958,1.35313,0.001242337,0.000487787,0.002438934
11/19/2013 12:59,DOWN,1.35313,1.35434,1.34919,1.34919,-0.000459429,0.000520209,0.002601045
11/19/2013 18:35,UP,1.34918,1.35474,1.34877,1.35414,0.00076831,0.000691587,0.003457933
11/20/2013 10:52,DOWN,1.35419,1.3579,1.35196,1.35227,-0.000805727,0.000561099,0.002805493
11/20/2013 17:28,DOWN,1.35227,1.35472,1.34463,1.34511,-0.001099677,0.001132295,0.005661477
11/21/2013 9:13,DOWN,1.34515,1.34588,1.33994,1.34028,-0.000164131,0.000747622,0.003738108
11/21/2013 12:33,UP,1.34029,1.34646,1.33999,1.3463,0.001858667,0.000806366,0.004031829
11/22/2013 7:48,UP,1.34628,1.349,1.3444,1.34858,0.000712113,0.000515689,0.002578444
11/22/2013 13:32,UP,1.3486,1.35338,1.34789,1.35332,0.000968459,0.000630849,0.003154243
11/22/2013 22:15,UP,1.35335,1.35537,1.3513,1.35493,9.60E-05,0.000491136,0.002455678
11/25/2013 10:25,DOWN,1.35494,1.35605,1.35168,1.35203,-0.000628487,0.000464976,0.002324881
11/26/2013 0:56,UP,1.35199,1.35286,1.34902,1.3527,0.000591585,0.000435299,0.002176496
11/26/2013 9:26,UP,1.3527,1.35716,1.35244,1.35647,0.001165467,0.000514755,0.002573773
11/26/2013 15:53,DOWN,1.35652,1.35668,1.35211,1.35278,-8.87E-05,0.0005389,0.002694499
11/26/2013 19:49,UP,1.35279,1.35725,1.35221,1.35633,9.59E-05,0.000516066,0.002580332
11/27/2013 10:20,UP,1.35636,1.35996,1.35578,1.35944,0.000220703,0.000486865,0.002434323
11/27/2013 16:35,DOWN,1.35947,1.3613,1.35722,1.35746,-0.000846812,0.000481183,0.002405917
11/28/2013 9:18,UP,1.35746,1.36109,1.3559,1.36073,0.000169041,0.000602083,0.003010417
11/29/2013 4:02,UP,1.3607,1.3622,1.35876,1.36215,0.000396511,0.000349798,0.00174899
11/29/2013 19:52,DOWN,1.36212,1.36219,1.35827,1.35869,-0.000198701,0.000464234,0.002321168
12/2/2013 10:22,DOWN,1.35864,1.3616,1.35678,1.35696,-0.000677756,0.000529611,0.002648055
12/3/2013 2:00,DOWN,1.35692,1.35698,1.3526,1.35358,-0.000376708,0.000441632,0.002208162
12/3/2013 9:34,UP,1.35361,1.35611,1.35243,1.35592,0.000435224,0.000378707,0.001893534
12/3/2013 14:24,UP,1.35588,1.35936,1.35563,1.35854,0.000522756,0.000335588,0.001677939
12/3/2013 17:48,UP,1.35856,1.36112,1.35702,1.36088,0.000771857,0.000401382,0.002006908
12/4/2013 1:31,DOWN,1.36092,1.36141,1.35835,1.35843,-0.000471021,0.00034329,0.001716451
12/4/2013 14:39,DOWN,1.35845,1.36011,1.35588,1.35588,-0.001341402,0.000509994,0.002549972
12/4/2013 18:20,UP,1.35585,1.35824,1.35283,1.35817,0.001230352,0.000560866,0.002804328
12/5/2013 7:29,UP,1.35812,1.36397,1.35759,1.36329,0.002144174,0.000680115,0.003400573
12/5/2013 10:22,DOWN,1.36323,1.3638,1.35844,1.35886,-0.000772408,0.000611476,0.00305738
12/5/2013 14:39,DOWN,1.35888,1.36021,1.35445,1.35487,-0.000391105,0.000681053,0.003405267
12/5/2013 14:56,UP,1.35494,1.36253,1.35433,1.36194,0.002234605,0.001005471,0.005027357
12/5/2013 18:33,UP,1.36188,1.36744,1.36123,1.36649,7.32E-06,0.000663467,0.003317334
12/6/2013 14:33,DOWN,1.36644,1.36785,1.36191,1.36374,-0.001487447,0.000502671,0.002513355
12/6/2013 17:36,UP,1.36369,1.37009,1.36287,1.36974,0.000547699,0.000768989,0.003844945
12/9/2013 15:32,UP,1.36981,1.37294,1.36861,1.37227,0.000437327,0.000456935,0.002284674
12/10/2013 3:11,UP,1.37223,1.37679,1.37146,1.37627,0.00157797,0.000557265,0.002786325
12/10/2013 15:28,UP,1.37631,1.37733,1.37402,1.37711,0.000348617,0.000390499,0.001952494
12/10/2013 23:59,DOWN,1.37711,1.37952,1.37565,1.3759,-0.000290677,0.000410405,0.002052026
12/11/2013 15:12,UP,1.37596,1.37897,1.37409,1.37882,0.001407991,0.000511838,0.002559188
12/12/2013 10:55,DOWN,1.37885,1.3811,1.37637,1.37674,-0.000609951,0.000400923,0.002004614
12/12/2013 18:50,DOWN,1.37674,1.37907,1.37449,1.37482,-0.000312719,0.000496891,0.002484455
12/13/2013 11:18,DOWN,1.37481,1.37694,1.37212,1.37213,-0.001834876,0.000592744,0.002963719
12/13/2013 19:20,DOWN,1.37212,1.37549,1.37092,1.37138,-0.000816362,0.000530064,0.002650321
12/16/2013 2:53,UP,1.37137,1.3754,1.37127,1.37495,0.000116375,0.000513748,0.002568739
12/16/2013 12:18,UP,1.37499,1.37844,1.37352,1.37813,0.000326583,0.000528454,0.00264227
12/16/2013 15:43,DOWN,1.37817,1.37987,1.37514,1.37594,-0.000573988,0.000487054,0.00243527
12/17/2013 8:32,UP,1.37597,1.37848,1.37428,1.3776,0.000217794,0.000424579,0.002122897
12/17/2013 15:20,DOWN,1.37756,1.37826,1.37354,1.37376,-0.000873134,0.000532817,0.002664084
12/17/2013 19:19,UP,1.37386,1.37696,1.37232,1.3769,0.000748337,0.000594329,0.002971646
12/18/2013 13:41,DOWN,1.3769,1.37785,1.37438,1.37469,-0.000290932,0.000398316,0.001991581
12/18/2013 17:35,UP,1.37472,1.37743,1.37318,1.37672,0.000559457,0.000368616,0.001843078
12/18/2013 20:34,UP,1.37666,1.38008,1.37034,1.37937,0.000855829,0.000794427,0.003972133
12/18/2013 21:31,DOWN,1.37938,1.38117,1.37054,1.37054,-0.002499537,0.000976771,0.004883854
12/19/2013 13:59,DOWN,1.37053,1.3716,1.36493,1.36604,-0.000614727,0.000599008,0.002995042
12/20/2013 2:18,DOWN,1.36604,1.36789,1.36318,1.3637,-6.60E-05,0.00050312,0.002515602
12/20/2013 11:43,UP,1.36364,1.36605,1.36251,1.36601,0.001084035,0.000457066,0.00228533
12/20/2013 15:58,UP,1.36597,1.36746,1.36322,1.3674,0.001017045,0.000464954,0.00232477
12/20/2013 21:06,DOWN,1.36731,1.37096,1.3665,1.36683,-0.000299919,0.000452344,0.002261718
12/23/2013 14:18,UP,1.36677,1.37042,1.36674,1.37019,0.000437991,0.000433307,0.002166536
12/24/2013 5:03,DOWN,1.37024,1.37171,1.36801,1.36839,-5.85E-05,0.000343472,0.001717359
12/24/2013 15:37,DOWN,1.36834,1.36902,1.36549,1.36609,-0.000483014,0.000383183,0.001915913
12/26/2013 10:22,UP,1.36609,1.37027,1.36601,1.36923,0.000518674,0.000410564,0.002052818
12/27/2013 2:38,UP,1.36928,1.37148,1.36798,1.37136,0.000561644,0.000425291,0.002126454
12/27/2013 7:48,UP,1.37129,1.37687,1.37104,1.37636,0.001759808,0.000609908,0.003049541
12/27/2013 11:19,UP,1.37643,1.38068,1.37579,1.37998,7.25E-05,0.000581127,0.002905636
12/27/2013 12:41,UP,1.37997,1.38852,1.37969,1.38852,0.004243717,0.001190727,0.005953636
12/27/2013 15:11,DOWN,1.38838,1.38941,1.38069,1.3814,-0.000260571,0.000990751,0.004953754
12/27/2013 20:22,DOWN,1.3813,1.38185,1.37369,1.3739,-0.001222049,0.000880376,0.004401882
12/30/2013 14:15,UP,1.37397,1.37892,1.37283,1.37855,0.000994292,0.000632272,0.003161362
12/31/2013 9:29,DOWN,1.37852,1.38194,1.37752,1.37772,-0.000442663,0.000489002,0.002445008
1/2/2014 8:48,DOWN,1.37767,1.37949,1.37322,1.37335,-0.000924319,0.000635327,0.003176636
1/2/2014 12:20,DOWN,1.37339,1.37425,1.36906,1.36909,-0.000503857,0.000605257,0.003026283
1/2/2014 13:55,DOWN,1.36908,1.36955,1.36373,1.36397,-0.00177266,0.00071936,0.003596798
1/2/2014 19:20,UP,1.36402,1.36769,1.36295,1.36726,0.000373078,0.000572874,0.002864369
1/3/2014 9:32,DOWN,1.3673,1.36764,1.36329,1.36361,-0.00040326,0.000509483,0.002547414
1/3/2014 15:10,DOWN,1.36355,1.3659,1.36125,1.3614,-0.001262608,0.000573312,0.002866558
1/3/2014 22:05,DOWN,1.36138,1.36197,1.35822,1.35845,-0.000309128,0.000411004,0.002055021
1/6/2014 11:00,UP,1.35851,1.36147,1.35713,1.36106,0.000191046,0.000532825,0.002664125
1/6/2014 16:09,UP,1.36106,1.36349,1.3593,1.36325,0.000748492,0.000491047,0.002455236
1/7/2014 7:07,DOWN,1.36323,1.36534,1.36181,1.36196,-0.000389069,0.000393088,0.001965439
1/7/2014 12:06,UP,1.36202,1.36483,1.36103,1.36479,0.000205181,0.000460425,0.002302125
1/7/2014 16:07,DOWN,1.36479,1.36567,1.35992,1.36034,-0.00135903,0.000519457,0.002597286
1/7/2014 18:22,UP,1.36029,1.36393,1.35965,1.36388,0.001019671,0.000490725,0.002453626
1/8/2014 1:50,DOWN,1.3639,1.36404,1.36051,1.36059,-6.61E-05,0.000456016,0.002280081
1/8/2014 10:36,DOWN,1.36063,1.36354,1.35979,1.35999,-0.000661551,0.000439087,0.002195434
1/8/2014 15:25,UP,1.35997,1.36087,1.35674,1.36073,0.000146991,0.000485868,0.002429339
1/8/2014 18:24,DOWN,1.36076,1.36184,1.3571,1.35722,-0.000360967,0.00052293,0.00261465
1/9/2014 7:08,UP,1.35718,1.35947,1.35533,1.35909,0.000522545,0.000461901,0.002309507
1/9/2014 14:24,UP,1.35903,1.36304,1.3588,1.36282,0.001160033,0.000484568,0.00242284
1/9/2014 14:46,DOWN,1.36288,1.36333,1.35667,1.35722,-0.001612292,0.000762662,0.003813309
1/9/2014 21:22,UP,1.35717,1.36064,1.35482,1.36064,0.001264911,0.000592691,0.002963456
1/10/2014 13:57,DOWN,1.36065,1.362,1.35871,1.3593,-0.000102989,0.000346004,0.001730018
1/10/2014 15:48,UP,1.35931,1.36644,1.35714,1.36547,0.000776591,0.000892232,0.004461158
1/13/2014 14:19,DOWN,1.36544,1.36874,1.36435,1.3645,-0.001032812,0.000441578,0.002207888
1/13/2014 20:38,UP,1.36455,1.36706,1.36374,1.36677,0.000695311,0.000371031,0.001855155
1/14/2014 9:29,UP,1.3667,1.36963,1.36492,1.36865,0.00112583,0.00048058,0.002402898
1/15/2014 2:31,DOWN,1.36865,1.36998,1.36572,1.36586,-0.000929385,0.000410358,0.002051789
1/15/2014 9:30,DOWN,1.36586,1.36599,1.362,1.36215,-0.001225252,0.000494079,0.002470393
1/15/2014 14:41,DOWN,1.36216,1.36304,1.35853,1.35896,-5.89E-05,0.000536642,0.002683209
1/16/2014 2:30,UP,1.359,1.36199,1.35813,1.36169,0.000837546,0.000459637,0.002298184
1/16/2014 14:19,DOWN,1.36176,1.36284,1.35932,1.35972,-0.000352952,0.000397172,0.001985861
1/16/2014 15:00,UP,1.35972,1.36362,1.35967,1.36351,0.00089515,0.00048683,0.00243415
1/16/2014 16:42,DOWN,1.36356,1.36497,1.35972,1.36033,-8.09E-05,0.000596502,0.002982509
1/17/2014 13:37,DOWN,1.36037,1.36235,1.35831,1.35891,-0.000662076,0.000388386,0.00194193
1/17/2014 16:54,DOWN,1.35894,1.35985,1.35561,1.35581,-0.000634106,0.000513284,0.00256642
1/17/2014 19:00,DOWN,1.35581,1.357,1.35256,1.35307,-0.000118243,0.000468526,0.00234263
1/20/2014 8:46,UP,1.35312,1.35451,1.35075,1.35443,0.000302756,0.000389633,0.001948163
1/20/2014 17:29,UP,1.35442,1.35683,1.35412,1.35674,0.000265377,0.00032338,0.0016169
1/21/2014 2:29,DOWN,1.35676,1.35678,1.35367,1.35405,-0.000479926,0.00037843,0.001892148
1/21/2014 11:00,DOWN,1.35404,1.3563,1.35251,1.35261,-0.000945871,0.000504037,0.002520183
1/21/2014 17:13,UP,1.35268,1.35512,1.35163,1.35512,0.000634832,0.000465925,0.002329625
1/22/2014 9:02,DOWN,1.35521,1.35803,1.35405,1.35411,-0.001239898,0.000457991,0.002289955
1/22/2014 13:50,UP,1.35415,1.35775,1.35346,1.35742,0.001238409,0.000532772,0.002663858
1/22/2014 18:05,DOWN,1.35745,1.35836,1.35389,1.35414,-0.001114478,0.000525236,0.002626182
1/23/2014 8:55,UP,1.35417,1.35776,1.35302,1.35745,0.00083279,0.00047657,0.00238285
1/23/2014 9:29,UP,1.35746,1.36234,1.35723,1.36186,0.001219665,0.000604161,0.003020807
1/23/2014 14:48,UP,1.36184,1.36626,1.36159,1.36602,0.001149985,0.00060174,0.003008701
1/23/2014 20:10,UP,1.36607,1.3695,1.36537,1.36911,0.000168006,0.000437313,0.002186565
1/24/2014 13:29,UP,1.36919,1.37248,1.36661,1.37234,0.002078904,0.000707724,0.00353862
1/24/2014 15:32,DOWN,1.37232,1.37397,1.36722,1.36722,-0.000767687,0.000740423,0.003702113
1/27/2014 11:20,UP,1.36721,1.3717,1.36692,1.37156,0.001291335,0.00053225,0.002661249
1/27/2014 13:05,DOWN,1.3716,1.37162,1.367,1.367,-0.000950536,0.000565758,0.00282879
1/28/2014 5:29,UP,1.36705,1.36809,1.3653,1.36791,0.000416781,0.00029067,0.001453348
1/28/2014 11:41,DOWN,1.36788,1.36887,1.3656,1.36569,-0.000519749,0.000303728,0.001518639
1/28/2014 15:36,UP,1.36579,1.36704,1.36289,1.36667,0.000512325,0.000389262,0.001946308
1/29/2014 11:11,UP,1.36655,1.36865,1.36473,1.36799,0.000226636,0.000382237,0.001911184
1/29/2014 14:31,DOWN,1.36788,1.36852,1.36324,1.36386,-0.001223717,0.000511249,0.002556246
1/29/2014 16:19,UP,1.36387,1.36663,1.36027,1.36611,0.000497888,0.000715745,0.003578726
1/30/2014 9:34,DOWN,1.36612,1.36769,1.36285,1.36309,-0.000901955,0.00053084,0.002654198
1/30/2014 12:14,DOWN,1.36322,1.36332,1.35853,1.35887,-7.36E-06,0.000611216,0.003056081
1/30/2014 15:13,DOWN,1.35886,1.36175,1.35683,1.3574,7.37E-06,0.000608774,0.003043868
1/30/2014 18:36,DOWN,1.35741,1.35898,1.35431,1.3547,-0.000457561,0.000524007,0.002620034
1/31/2014 15:26,DOWN,1.3547,1.35741,1.35141,1.35166,-0.000125763,0.000605281,0.003026407
2/3/2014 4:39,DOWN,1.35164,1.35216,1.34787,1.34818,-0.000378216,0.000480495,0.002402475
2/3/2014 17:14,UP,1.34817,1.35236,1.34768,1.35145,0.000118398,0.000513345,0.002566723
2/3/2014 22:45,UP,1.35134,1.35361,1.34928,1.35323,0.000606141,0.000468968,0.002344839
2/4/2014 6:25,DOWN,1.35321,1.35357,1.35036,1.35071,-0.000140657,0.000371652,0.00185826
2/4/2014 10:23,DOWN,1.35079,1.35395,1.34931,1.34982,-0.000718356,0.000526209,0.002631043
2/4/2014 17:18,DOWN,1.34992,1.35323,1.34964,1.34994,-0.000636863,0.00047612,0.0023806
2/5/2014 15:02,UP,1.35005,1.35319,1.34947,1.35279,0.000791271,0.000401915,0.002009576
2/6/2014 14:24,DOWN,1.35277,1.35562,1.35034,1.3514,-0.000332933,0.000377286,0.00188643
2/6/2014 15:39,UP,1.3513,1.35785,1.34828,1.3555,0.002215658,0.00082626,0.004131302
2/6/2014 19:47,UP,1.35549,1.36194,1.35439,1.36049,0.00016172,0.000733238,0.00366619
2/7/2014 10:33,DOWN,1.3605,1.36064,1.35569,1.35597,-0.001878807,0.000657868,0.00328934
2/7/2014 15:40,UP,1.3558,1.3644,1.35515,1.3615,0.000404048,0.000719911,0.003599555
2/7/2014 22:48,UP,1.3615,1.36392,1.35759,1.36372,0.000667515,0.000600952,0.003004761
2/10/2014 16:17,UP,1.3637,1.36521,1.3615,1.36517,0.000300374,0.00039634,0.001981702
2/11/2014 0:54,UP,1.36518,1.36789,1.36309,1.36737,0.001536976,0.000546797,0.002733984
2/11/2014 14:15,DOWN,1.36725,1.36836,1.36321,1.36322,-0.001561258,0.000609415,0.003047075
2/12/2014 0:11,DOWN,1.36319,1.36807,1.3629,1.36378,-7.33E-05,0.000531357,0.002656785
2/12/2014 11:39,DOWN,1.36367,1.36533,1.35904,1.35916,-0.002021264,0.000703859,0.003519295
2/13/2014 1:07,UP,1.35929,1.36002,1.35618,1.35988,0.000316254,0.000445743,0.002228715
2/13/2014 6:15,UP,1.35998,1.36386,1.35966,1.36302,0.001035003,0.00046064,0.002303201
2/13/2014 9:49,UP,1.36314,1.36831,1.3619,1.36831,0.000826177,0.000810106,0.004050531
2/14/2014 7:00,UP,1.36832,1.36925,1.36571,1.36867,0.000577369,0.000356182,0.001780908
2/17/2014 0:03,UP,1.36869,1.37247,1.3678,1.372,0.00145149,0.000492617,0.002463085
2/18/2014 1:24,DOWN,1.37199,1.37244,1.36918,1.36962,-0.000153315,0.00030994,0.001549699
2/18/2014 9:08,UP,1.36974,1.37276,1.36942,1.37233,0.000794585,0.000377446,0.001887232
2/18/2014 13:34,UP,1.37234,1.37467,1.37069,1.37467,0.000851476,0.000451841,0.002259204
2/19/2014 1:34,UP,1.37472,1.37736,1.37418,1.37715,0.000493895,0.000371051,0.001855253
2/19/2014 10:02,DOWN,1.37703,1.37737,1.37476,1.37509,-0.000189061,0.00029599,0.00147995
2/19/2014 19:21,DOWN,1.37498,1.37658,1.37247,1.3726,-0.000975773,0.000431475,0.002157376
2/20/2014 5:01,UP,1.37246,1.37584,1.37241,1.37557,0.000109052,0.000427692,0.002138458
2/20/2014 7:58,DOWN,1.3756,1.37633,1.37069,1.37165,-0.001282304,0.000606959,0.003034796
2/20/2014 15:00,UP,1.37177,1.37292,1.36854,1.37221,0.00046651,0.000428565,0.002142826
2/20/2014 17:03,DOWN,1.37232,1.37243,1.36874,1.36917,-0.000576826,0.000415569,0.002077845
2/20/2014 20:55,UP,1.36905,1.37221,1.36881,1.37196,0.000145787,0.000401684,0.002008418
2/21/2014 14:49,UP,1.37195,1.37364,1.37016,1.3735,0.000823054,0.000386612,0.001933059
2/24/2014 8:13,UP,1.37338,1.37592,1.37197,1.37473,0.000371051,0.000333312,0.001666559
2/24/2014 12:12,DOWN,1.37472,1.37735,1.37232,1.37284,-0.000626242,0.00047327,0.00236635
2/24/2014 16:30,UP,1.37285,1.37481,1.3708,1.37468,0.000451116,0.000468788,0.002343939
2/25/2014 8:18,UP,1.3748,1.37584,1.37289,1.37565,0.000501707,0.000350527,0.001752634
2/25/2014 15:21,DOWN,1.37562,1.37676,1.37227,1.37245,-0.000684672,0.000468158,0.002340792
2/26/2014 6:09,UP,1.37245,1.3761,1.3715,1.37432,0.000160092,0.0003657,0.0018285
2/26/2014 12:21,DOWN,1.37421,1.37579,1.372,1.37235,-0.001150648,0.00044031,0.002201551
2/26/2014 14:25,DOWN,1.37231,1.37319,1.36922,1.36942,-0.001036398,0.000500441,0.002502203
2/26/2014 16:34,DOWN,1.36954,1.36965,1.36627,1.36627,-0.000417107,0.000451288,0.002256438
2/27/2014 1:17,UP,1.36626,1.36897,1.36613,1.36876,0.000328819,0.000347012,0.001735061
2/27/2014 8:05,DOWN,1.36865,1.36962,1.36588,1.36618,-0.001126596,0.000451617,0.002258083
2/27/2014 14:21,UP,1.36618,1.36781,1.36429,1.36757,0.000277904,0.000397432,0.001987159
2/27/2014 16:19,UP,1.36757,1.37166,1.36721,1.3711,0.001006998,0.000492584,0.00246292
2/28/2014 10:03,UP,1.37114,1.3792,1.36938,1.37904,0.004731853,0.001272389,0.006361947
3/2/2014 22:32,DOWN,1.37886,1.38255,1.37557,1.37774,-0.000123383,0.000581325,0.002906624
3/3/2014 15:10,DOWN,1.37788,1.37932,1.37493,1.37493,-0.001409986,0.000550784,0.002753918
3/3/2014 19:28,DOWN,1.3749,1.37788,1.37308,1.37351,-0.000291182,0.000526062,0.00263031
3/4/2014 10:59,UP,1.37341,1.37741,1.37205,1.37657,0.000661282,0.000551122,0.00275561
3/4/2014 15:26,DOWN,1.37659,1.37821,1.37403,1.37435,-0.000392836,0.000500518,0.002502588
3/5/2014 7:48,DOWN,1.37436,1.37496,1.37239,1.37258,-0.00023311,0.000294358,0.001471791
3/6/2014 11:08,UP,1.37268,1.37501,1.37071,1.37403,0.000342118,0.000388113,0.001940566
3/6/2014 13:58,UP,1.37402,1.38238,1.37254,1.38185,0.000803594,0.001160193,0.005800966
3/6/2014 18:36,UP,1.38171,1.38738,1.38076,1.38654,0.00028853,0.000767304,0.003836519
3/7/2014 10:56,UP,1.38652,1.38883,1.3855,1.38857,0.000187261,0.000404209,0.002021047
3/7/2014 13:42,DOWN,1.38856,1.39156,1.3865,1.38702,-0.000684687,0.000550855,0.002754275
3/10/2014 1:17,UP,1.38713,1.38902,1.38518,1.38892,0.000194415,0.000430013,0.002150065
3/10/2014 15:26,DOWN,1.38903,1.38984,1.38641,1.38655,-0.000684919,0.000408692,0.002043461
3/11/2014 7:38,DOWN,1.38645,1.38826,1.38523,1.38536,-0.000642226,0.000337363,0.001686816
3/11/2014 11:16,DOWN,1.38535,1.38662,1.38334,1.38365,-0.000549121,0.000360741,0.001803707
3/11/2014 14:23,UP,1.38365,1.38642,1.38354,1.38613,0.000165943,0.000336258,0.001681289
3/12/2014 3:59,DOWN,1.38601,1.38773,1.38508,1.38534,-0.000368073,0.000266265,0.001331326
3/12/2014 12:22,UP,1.38535,1.38868,1.38432,1.38847,0.000828593,0.000426452,0.002132261
3/12/2014 16:47,UP,1.38837,1.39145,1.38795,1.3908,-4.31E-05,0.000381945,0.001909724
3/13/2014 4:41,UP,1.3909,1.39447,1.38959,1.39376,0.000409049,0.00053269,0.002663449
3/13/2014 14:45,DOWN,1.39378,1.39672,1.39318,1.39349,-0.000243962,0.000376078,0.001880391
3/13/2014 17:02,DOWN,1.39351,1.39382,1.3888,1.38893,-0.00146049,0.00053271,0.00266355
3/13/2014 18:06,DOWN,1.38882,1.39103,1.38454,1.38526,-0.000512408,0.000730227,0.003651136
3/14/2014 9:23,UP,1.38537,1.3889,1.38452,1.38824,0.000850359,0.000449998,0.002249989
3/14/2014 14:00,UP,1.38824,1.39246,1.38726,1.39214,0.001178737,0.000589655,0.002948276
3/14/2014 18:35,DOWN,1.39225,1.39378,1.38971,1.38999,-0.000316499,0.000469656,0.002348282
3/17/2014 7:39,DOWN,1.38998,1.3916,1.38801,1.38841,-0.000712792,0.000398151,0.001990757
3/17/2014 13:37,UP,1.38831,1.39206,1.38821,1.39206,0.000955875,0.00047558,0.002377898
3/18/2014 7:46,DOWN,1.39207,1.39483,1.39142,1.39161,-0.00020837,0.000314326,0.00157163
3/18/2014 14:55,DOWN,1.39161,1.39436,1.38797,1.38858,-0.001130013,0.00059415,0.002970751
3/18/2014 17:42,UP,1.38868,1.39283,1.38847,1.39283,0.00099128,0.000542622,0.002713108
3/19/2014 14:42,DOWN,1.39271,1.39353,1.38988,1.39012,-0.000366808,0.000405798,0.00202899
3/19/2014 18:07,DOWN,1.39013,1.39249,1.38597,1.38624,-0.001607376,0.000774176,0.003870879
3/20/2014 2:21,DOWN,1.38615,1.38681,1.38094,1.38208,-3.62E-05,0.000625783,0.003128913
3/20/2014 11:15,DOWN,1.38198,1.38455,1.38046,1.38056,-0.000991859,0.000498181,0.002490907
3/20/2014 12:51,DOWN,1.38054,1.38112,1.37623,1.37632,-0.000740832,0.000516554,0.002582768
3/21/2014 2:34,UP,1.37614,1.37913,1.37559,1.37858,0.000166852,0.000348402,0.001742009
3/21/2014 10:13,UP,1.37857,1.38027,1.37653,1.38013,0.000630574,0.000378236,0.00189118
3/24/2014 6:03,UP,1.38003,1.38113,1.3774,1.3807,0.000528857,0.000354717,0.001773583
3/24/2014 9:14,DOWN,1.38058,1.3831,1.37803,1.37817,-0.000471529,0.000621573,0.003107863
3/24/2014 17:36,UP,1.37828,1.38118,1.376,1.38077,0.000767982,0.000541556,0.00270778
3/24/2014 18:01,UP,1.38093,1.38764,1.38064,1.38585,0.001061284,0.000708495,0.003542475
3/25/2014 5:36,DOWN,1.38585,1.38621,1.38255,1.38268,-0.000159099,0.00045631,0.002281551
3/25/2014 11:59,DOWN,1.38269,1.38476,1.38039,1.38066,-0.000181056,0.00052836,0.002641801
3/25/2014 16:00,DOWN,1.38067,1.38182,1.37703,1.37762,-0.000152425,0.000495249,0.002476243
3/25/2014 17:13,UP,1.37761,1.38198,1.37488,1.38182,0.000564632,0.000579144,0.002895721
3/26/2014 5:28,DOWN,1.38181,1.38454,1.38081,1.38107,-0.000238917,0.000437645,0.002188225
3/26/2014 12:10,DOWN,1.38108,1.38219,1.37844,1.37856,-0.000601896,0.000491873,0.002459365
3/27/2014 7:34,DOWN,1.37857,1.38095,1.37687,1.3772,-0.000747615,0.000473681,0.002368403
3/27/2014 16:02,DOWN,1.37711,1.378,1.37364,1.37406,-0.000785683,0.000476667,0.002383336
3/28/2014 8:10,DOWN,1.37405,1.37543,1.37098,1.37114,-0.000772781,0.000537104,0.002685518
3/28/2014 12:53,UP,1.37125,1.37432,1.37044,1.3742,0.000531359,0.00042008,0.002100398
3/31/2014 8:42,UP,1.37418,1.37737,1.37365,1.3766,0.000116235,0.000344594,0.001722972
3/31/2014 9:54,UP,1.37662,1.37933,1.37215,1.37866,0.000116061,0.000610231,0.003051155
3/31/2014 16:57,DOWN,1.37876,1.38093,1.37623,1.37688,-0.00055182,0.00046436,0.002321799
4/1/2014 7:39,UP,1.377,1.3796,1.37653,1.37925,0.000152268,0.000334915,0.001674576
4/2/2014 6:12,UP,1.37935,1.38162,1.37834,1.38073,0.000108644,0.00028466,0.0014233
4/2/2014 8:47,DOWN,1.38073,1.38207,1.37883,1.37897,-0.00024653,0.000348301,0.001741503
4/2/2014 15:23,DOWN,1.37886,1.37968,1.37609,1.37617,-0.000544842,0.000413297,0.002066484
4/3/2014 13:09,DOWN,1.37614,1.38073,1.3727,1.37303,-0.001295563,0.000707571,0.003537855
4/4/2014 6:26,DOWN,1.37304,1.37342,1.36954,1.37017,-0.000430511,0.00039461,0.001973051
4/7/2014 7:31,UP,1.37022,1.3732,1.36724,1.37188,0.000736487,0.000458225,0.002291126
4/7/2014 13:49,UP,1.37199,1.37464,1.37106,1.37437,0.000676903,0.000378576,0.001892882
4/8/2014 7:21,UP,1.37438,1.37577,1.37341,1.37543,0.000479965,0.000257799,0.001288994
4/8/2014 11:36,UP,1.37534,1.37841,1.37509,1.37778,0.000123395,0.000313452,0.001567259
4/8/2014 13:14,UP,1.37768,1.3802,1.3771,1.38013,0.000485579,0.000377686,0.001888428
4/9/2014 6:24,DOWN,1.38015,1.38123,1.37851,1.37884,-0.000181295,0.000247183,0.001235917
4/9/2014 13:57,UP,1.37886,1.38153,1.37795,1.38121,0.000528662,0.000333067,0.001665335
4/9/2014 18:24,UP,1.38108,1.3849,1.3797,1.38459,0.000614089,0.000565108,0.002825538
4/10/2014 8:22,UP,1.38457,1.38714,1.38356,1.38637,5.05E-05,0.000324754,0.001623772
4/10/2014 14:47,UP,1.38636,1.38824,1.385,1.38779,0.000598252,0.000311158,0.00155579
4/11/2014 6:04,UP,1.38789,1.38998,1.3878,1.38963,0.000187118,0.000226746,0.001133731
4/11/2014 11:26,DOWN,1.38963,1.39064,1.38738,1.38755,-0.001008464,0.000369409,0.001847047
4/11/2014 14:31,UP,1.38759,1.3893,1.38631,1.38875,8.64E-05,0.000307924,0.001539618
4/13/2014 22:00,DOWN,1.38874,1.39013,1.3856,1.38593,-0.001557307,0.000466908,0.002334542
4/14/2014 9:00,DOWN,1.38595,1.38636,1.38193,1.38206,-0.000383412,0.000520558,0.002602792
4/15/2014 7:30,DOWN,1.38192,1.38344,1.38016,1.38036,-0.000767621,0.000308693,0.001543465
4/15/2014 14:16,UP,1.38038,1.3831,1.37901,1.38266,0.000484691,0.000438131,0.002190656
4/16/2014 0:15,DOWN,1.38277,1.3834,1.38001,1.38065,-0.000253472,0.000310504,0.001552518
4/16/2014 5:58,UP,1.38062,1.38316,1.38062,1.38276,0.000354427,0.000293494,0.001467468
4/16/2014 8:30,UP,1.38265,1.38468,1.38174,1.38438,0.000108358,0.000301693,0.001508463
4/16/2014 13:18,DOWN,1.38448,1.38516,1.38229,1.38238,-0.000788185,0.000365538,0.00182769
4/17/2014 1:12,UP,1.38236,1.38419,1.38034,1.38358,0.000202394,0.000359211,0.001796056
4/17/2014 9:45,UP,1.38369,1.38649,1.38344,1.38642,0.000483376,0.000340371,0.001701855
4/17/2014 13:57,DOWN,1.38644,1.3865,1.38398,1.38416,-0.000368387,0.00032302,0.001615101
4/17/2014 16:30,DOWN,1.38398,1.38416,1.38124,1.38143,-0.000665755,0.000362551,0.001812755
4/21/2014 9:15,UP,1.38133,1.38311,1.38042,1.38281,0.000433993,0.000289766,0.00144883
4/21/2014 15:01,DOWN,1.38269,1.38311,1.37985,1.38018,-0.000644636,0.000359465,0.001797323
4/22/2014 8:33,UP,1.38019,1.38113,1.37847,1.38088,0.000383887,0.000326433,0.001632165
4/22/2014 14:37,DOWN,1.38087,1.38254,1.37887,1.37921,-0.000710299,0.000374483,0.001872413
4/23/2014 2:16,UP,1.37922,1.38181,1.3789,1.38159,0.000658878,0.000319266,0.001596331
4/23/2014 7:25,DOWN,1.38148,1.38377,1.38,1.3802,-0.000412898,0.000415084,0.00207542
4/23/2014 8:13,UP,1.38021,1.38418,1.38004,1.38418,0.000809471,0.000508511,0.002542555
4/23/2014 13:16,DOWN,1.38427,1.38552,1.38244,1.38246,-0.000773683,0.000402382,0.002011909
4/23/2014 15:31,DOWN,1.38246,1.38461,1.38123,1.38123,-0.000615204,0.00041621,0.002081051
4/24/2014 8:02,UP,1.38122,1.38445,1.38112,1.38367,0.000614497,0.000328286,0.001641432
4/24/2014 12:37,DOWN,1.38367,1.38411,1.38106,1.38119,-0.000694811,0.000355528,0.001777639
4/24/2014 15:19,UP,1.38129,1.38259,1.37911,1.38258,0.000405122,0.00037749,0.001887449
4/25/2014 9:15,UP,1.38262,1.38425,1.38213,1.38409,0.000390224,0.000246928,0.001234642
4/28/2014 0:37,DOWN,1.38411,1.38489,1.38183,1.38227,-0.000108511,0.000323909,0.001619546
4/28/2014 7:20,UP,1.38229,1.38574,1.38143,1.38563,0.000924194,0.00042121,0.002106049
4/28/2014 14:21,DOWN,1.38573,1.388,1.38484,1.38522,-0.000288721,0.000342964,0.001714818
4/29/2014 1:10,UP,1.38519,1.38619,1.38392,1.38594,0.000245351,0.000242489,0.001212443
4/29/2014 8:17,DOWN,1.38594,1.38797,1.3854,1.38564,-0.000108247,0.000292216,0.001461078
4/29/2014 12:04,DOWN,1.38565,1.38709,1.38318,1.38335,-0.000455313,0.000455587,0.002277933
4/29/2014 15:44,DOWN,1.38341,1.38341,1.38068,1.38073,-0.000593712,0.000356508,0.001782542
4/30/2014 8:44,DOWN,1.38073,1.3816,1.37867,1.37931,-0.000108744,0.000284586,0.001422928
4/30/2014 9:19,UP,1.37921,1.38282,1.37734,1.38271,0.000499145,0.000590049,0.002950243
4/30/2014 12:32,UP,1.38272,1.3872,1.38201,1.38618,0.001147696,0.00051572,0.0025786
5/1/2014 6:06,UP,1.3862,1.38773,1.38516,1.38772,0.000518971,0.000290653,0.001453265
5/1/2014 14:47,DOWN,1.38773,1.38897,1.38659,1.38673,-0.00049745,0.000299092,0.001495459
5/2/2014 7:23,DOWN,1.38663,1.38735,1.3854,1.3855,-0.000144342,0.000197932,0.000989661
5/2/2014 12:43,DOWN,1.38559,1.38682,1.38162,1.38183,-0.000853576,0.000675968,0.003379842
5/2/2014 14:38,UP,1.38193,1.38543,1.38119,1.38509,0.000628315,0.000532337,0.002661687
5/5/2014 4:05,UP,1.38506,1.38817,1.38494,1.38764,7.21E-05,0.000363132,0.001815658
5/6/2014 7:11,UP,1.38765,1.38876,1.3869,1.38858,0.000237681,0.000214537,0.001072686
5/6/2014 7:46,UP,1.38848,1.3927,1.38847,1.39264,0.001243017,0.000462077,0.002310384
5/6/2014 12:16,UP,1.39253,1.39452,1.3912,1.39431,0.000150623,0.000377837,0.001889184
5/6/2014 14:34,DOWN,1.39432,1.39518,1.39245,1.39266,-0.000416383,0.000317518,0.001587589
5/7/2014 6:08,DOWN,1.39278,1.39366,1.39151,1.39175,-8.62E-05,0.000234813,0.001174063
5/7/2014 12:19,UP,1.39175,1.3936,1.39112,1.3936,0.000689101,0.000307837,0.001539186
5/7/2014 18:56,DOWN,1.39364,1.39394,1.39119,1.39156,-0.000201193,0.000289817,0.001449087
5/8/2014 7:26,UP,1.39166,1.39276,1.39051,1.39249,0.000107727,0.000237213,0.001186065
5/8/2014 9:40,UP,1.39248,1.39464,1.39228,1.39444,0.000416024,0.000236571,0.001182855
5/8/2014 12:34,UP,1.39455,1.39889,1.39323,1.39733,0.001210181,0.000519691,0.002598454
5/8/2014 12:56,DOWN,1.3973,1.39942,1.38949,1.39015,-0.001897275,0.001042375,0.005211877
5/8/2014 14:05,DOWN,1.39001,1.39172,1.38488,1.38514,-0.000793828,0.000757636,0.00378818
5/8/2014 20:51,DOWN,1.38515,1.38718,1.38329,1.38381,-0.000173419,0.000436234,0.00218117
5/9/2014 8:38,DOWN,1.38391,1.3845,1.38177,1.3819,-0.00059321,0.000358763,0.001793816
5/9/2014 11:13,DOWN,1.3819,1.38208,1.37908,1.37908,-0.000507456,0.000394006,0.001970028
5/9/2014 14:59,DOWN,1.37907,1.37947,1.37553,1.3756,-0.00077754,0.000486274,0.002431369
5/12/2014 6:47,UP,1.37574,1.37712,1.37449,1.37685,5.08E-05,0.00028651,0.00143255
5/12/2014 17:18,DOWN,1.37687,1.37753,1.37529,1.37544,-0.000203551,0.000269433,0.001347163
5/13/2014 9:12,DOWN,1.37545,1.3772,1.37417,1.37431,-0.000698288,0.00033652,0.001682599
5/13/2014 10:18,DOWN,1.37434,1.37582,1.37164,1.37177,-0.000568447,0.000524716,0.002623578
5/13/2014 17:09,DOWN,1.37169,1.37307,1.36931,1.36942,-0.000839419,0.000418469,0.002092345
5/14/2014 3:15,UP,1.36943,1.37167,1.36887,1.37167,0.000539634,0.000335338,0.00167669
5/14/2014 13:21,DOWN,1.37154,1.37313,1.37025,1.37065,-4.38E-05,0.000358234,0.001791171
5/15/2014 7:21,DOWN,1.37067,1.37239,1.36848,1.36903,-0.000357854,0.000411901,0.002059504
5/15/2014 9:54,DOWN,1.36906,1.36941,1.36549,1.3656,-0.000234302,0.000480498,0.002402492
5/15/2014 14:11,UP,1.36549,1.36889,1.36481,1.3683,0.000701847,0.00040359,0.00201795
5/15/2014 14:48,UP,1.36824,1.37126,1.36801,1.37114,0.000678498,0.000410508,0.002052538
5/16/2014 10:23,DOWN,1.37103,1.37328,1.36922,1.36954,-0.000430709,0.000426687,0.002133433
5/16/2014 13:39,UP,1.36955,1.37192,1.36851,1.37162,6.56E-05,0.000417577,0.002087884
5/19/2014 7:09,UP,1.37171,1.37229,1.36929,1.37191,0.000277024,0.000292997,0.001464985
5/19/2014 14:23,UP,1.37191,1.37347,1.37023,1.37334,0.000925181,0.000341206,0.001706032
5/19/2014 16:18,DOWN,1.37323,1.37348,1.37088,1.37098,-0.000619802,0.000340126,0.001700629
5/20/2014 6:48,DOWN,1.37101,1.37183,1.36968,1.36975,-0.000328473,0.000262093,0.001310464
5/20/2014 12:19,UP,1.36974,1.37066,1.36775,1.37052,0.000218919,0.000331264,0.00165632
5/21/2014 5:32,UP,1.37041,1.37099,1.36878,1.37076,0.000248068,0.000247915,0.001239573
5/21/2014 10:46,DOWN,1.37065,1.37239,1.36914,1.36927,-0.000846808,0.000319246,0.001596231
5/21/2014 12:37,DOWN,1.36916,1.36943,1.36679,1.36686,-0.000490054,0.00034728,0.001736401
5/21/2014 19:46,UP,1.36696,1.36865,1.3634,1.36854,0.000570113,0.000509764,0.00254882
5/22/2014 13:06,DOWN,1.36864,1.36886,1.36536,1.3656,-0.00054174,0.000361162,0.001805811
5/23/2014 8:04,DOWN,1.36569,1.36641,1.363,1.36379,-0.0005791,0.000295785,0.001478926
5/26/2014 0:55,DOWN,1.36378,1.36435,1.36154,1.36183,-0.000433147,0.000275523,0.001377613
5/26/2014 7:46,UP,1.36194,1.36455,1.36151,1.36428,0.000329899,0.000318863,0.001594315
5/27/2014 0:07,UP,1.36423,1.366,1.36332,1.36562,0.000578659,0.000255156,0.001275778
5/27/2014 6:33,DOWN,1.36551,1.36691,1.36452,1.36462,-0.00047621,0.000283301,0.001416505
5/27/2014 12:29,DOWN,1.36461,1.36588,1.36316,1.36361,-0.000131994,0.000286929,0.001434645
5/27/2014 14:51,DOWN,1.36361,1.36413,1.36155,1.36189,-0.000117477,0.000300136,0.001500678
5/27/2014 18:52,UP,1.36179,1.36376,1.36123,1.36371,0.000520774,0.000304701,0.001523507
5/28/2014 8:00,DOWN,1.36372,1.36391,1.36183,1.36183,-0.000455166,0.000271869,0.001359345
5/28/2014 14:17,DOWN,1.36194,1.36297,1.35909,1.35954,-0.000419172,0.000396988,0.001984938
5/29/2014 5:05,UP,1.35965,1.361,1.35881,1.36073,2.20E-05,0.000250544,0.00125272
5/29/2014 7:12,DOWN,1.36062,1.36103,1.35859,1.35872,-0.000566549,0.000285755,0.001428777
5/29/2014 8:54,UP,1.35861,1.36155,1.35858,1.36138,0.000676013,0.000330498,0.001652492
5/29/2014 13:47,DOWN,1.36128,1.36262,1.35951,1.35986,-0.000382319,0.000310737,0.001553685
5/29/2014 22:20,DOWN,1.35975,1.36253,1.35946,1.35995,-0.000227924,0.000317858,0.001589291
5/30/2014 12:45,UP,1.36011,1.36205,1.35981,1.36183,0.000477413,0.000273616,0.001368078
5/30/2014 14:59,UP,1.36184,1.36454,1.36146,1.36451,0.000967848,0.000393225,0.001966124
6/2/2014 0:37,DOWN,1.36439,1.36508,1.36204,1.36221,-0.000124789,0.000312634,0.00156317
6/2/2014 7:33,DOWN,1.36209,1.36366,1.36062,1.36118,-7.35E-06,0.000306234,0.001531172
6/2/2014 12:11,UP,1.36107,1.36196,1.35932,1.36152,0.000337915,0.000261612,0.001308062
6/2/2014 15:30,DOWN,1.36151,1.36286,1.36,1.36017,-0.000565946,0.000296187,0.001480937
6/3/2014 7:15,UP,1.36016,1.36092,1.35879,1.36052,5.88E-05,0.000195672,0.000978361
6/3/2014 11:20,UP,1.36064,1.36229,1.35852,1.36215,0.00074175,0.00033706,0.001685298
6/3/2014 13:48,UP,1.36204,1.36484,1.36164,1.36379,7.33E-05,0.00028037,0.001401848
6/3/2014 15:01,DOWN,1.36365,1.36398,1.36183,1.36187,-0.000242285,0.000278529,0.001392643
6/4/2014 2:53,DOWN,1.36185,1.36337,1.36115,1.36142,-0.000249708,0.000241088,0.001205441
6/4/2014 12:14,UP,1.36141,1.36294,1.35999,1.36291,0.000366929,0.000338414,0.001692069
6/4/2014 14:11,DOWN,1.3628,1.36395,1.36077,1.36107,-9.55E-05,0.000302209,0.001511046
6/4/2014 18:34,DOWN,1.36105,1.36247,1.35988,1.35999,-0.000360232,0.000288284,0.001441422
6/5/2014 8:43,UP,1.35987,1.36142,1.35939,1.36112,0.000271872,0.000209384,0.00104692
6/5/2014 11:51,DOWN,1.36113,1.36451,1.35583,1.35626,-0.001392568,0.000762243,0.003811214
6/5/2014 13:39,UP,1.35627,1.35793,1.35027,1.35654,0.000383402,0.000884462,0.004422309
6/5/2014 14:26,UP,1.35664,1.3654,1.35653,1.36309,0.000910112,0.000872301,0.004361504
6/5/2014 17:57,UP,1.36321,1.36705,1.36063,1.36623,0.00080546,0.000633028,0.003165141
6/6/2014 8:28,DOWN,1.36636,1.36689,1.36311,1.36323,-0.000747943,0.000349383,0.001746917
6/6/2014 12:33,UP,1.36324,1.36563,1.36207,1.36533,0.000732692,0.000335176,0.00167588
6/6/2014 13:38,DOWN,1.36528,1.36773,1.36416,1.36426,-0.000571575,0.000403627,0.002018137
6/9/2014 0:24,UP,1.36425,1.3649,1.3621,1.3647,0.000241841,0.000342593,0.001712967
6/9/2014 8:34,DOWN,1.36483,1.36693,1.36389,1.36419,-0.00010262,0.000314566,0.001572829
6/9/2014 10:00,DOWN,1.36405,1.36439,1.36166,1.36181,-0.000528568,0.000329921,0.001649604
6/9/2014 13:18,DOWN,1.36181,1.36272,1.35946,1.35948,-0.000742655,0.000366304,0.00183152
6/10/2014 8:16,DOWN,1.35959,1.36025,1.35757,1.35757,-0.000736339,0.000318378,0.001591892
6/10/2014 9:59,DOWN,1.35753,1.35781,1.35415,1.35439,-0.000465046,0.000408785,0.002043927
6/11/2014 0:31,DOWN,1.35427,1.35583,1.35254,1.35289,-0.000665021,0.000325132,0.001625662
6/11/2014 8:26,UP,1.35276,1.35461,1.35212,1.35406,5.17E-05,0.000274957,0.001374785
6/11/2014 11:29,UP,1.35406,1.35562,1.35215,1.35547,0.00081924,0.000356585,0.001782927
6/11/2014 14:14,DOWN,1.35558,1.35578,1.35307,1.35328,-0.000487585,0.000323346,0.001616728
6/12/2014 3:14,UP,1.35318,1.3547,1.35254,1.3545,0.000287971,0.000264407,0.001322034
6/12/2014 8:17,DOWN,1.35463,1.35496,1.35191,1.35216,-0.000591471,0.000301667,0.001508333
6/12/2014 13:01,UP,1.35217,1.35456,1.35119,1.35431,0.000694321,0.00039208,0.0019604
6/12/2014 17:49,UP,1.3542,1.35667,1.35325,1.35624,0.000508889,0.000353682,0.001768411
6/13/2014 7:13,UP,1.35635,1.35747,1.35468,1.35701,8.11E-05,0.000291388,0.001456942
6/13/2014 10:57,DOWN,1.35712,1.35796,1.35441,1.35457,-0.00102563,0.000377571,0.001887857
6/13/2014 15:59,DOWN,1.35458,1.35468,1.35206,1.35221,-0.000421443,0.000321038,0.001605188
6/16/2014 1:08,UP,1.35217,1.3545,1.35206,1.35447,0.000413531,0.00027736,0.001386802
6/16/2014 7:22,DOWN,1.35435,1.35531,1.35142,1.35149,-0.000710075,0.000437169,0.002185843
6/16/2014 11:00,UP,1.35159,1.35439,1.35127,1.35418,0.000214175,0.000370548,0.00185274
6/16/2014 14:04,UP,1.35429,1.35652,1.35293,1.35603,0.000272893,0.000356483,0.001782414
6/17/2014 0:35,UP,1.35591,1.35878,1.35586,1.35838,0.0004418,0.000315865,0.001579325
6/17/2014 4:51,DOWN,1.35838,1.35848,1.35561,1.35568,-0.000442484,0.000341992,0.001709961
6/17/2014 12:40,DOWN,1.35567,1.35794,1.35446,1.35458,-0.000951872,0.000428059,0.002140295
6/18/2014 9:11,UP,1.3546,1.35604,1.3536,1.35588,0.000287677,0.000293934,0.001469669
6/18/2014 13:52,UP,1.35584,1.35772,1.35558,1.35761,0.000132595,0.000257936,0.001289681
6/19/2014 0:27,UP,1.35762,1.36002,1.35476,1.35922,0.00021338,0.000513626,0.002568131
6/19/2014 7:00,UP,1.35922,1.36282,1.35843,1.36252,0.000660759,0.000521491,0.002607453
6/19/2014 14:05,UP,1.36241,1.3644,1.36121,1.36379,0.000146661,0.000324914,0.001624568
6/19/2014 17:34,DOWN,1.3638,1.36408,1.36106,1.36108,-0.000381977,0.000374576,0.001872882
6/20/2014 5:15,UP,1.36119,1.36294,1.36014,1.36294,0.000499046,0.000335014,0.001675071
6/20/2014 8:53,DOWN,1.36298,1.36345,1.3605,1.36076,-2.20E-05,0.000315072,0.00157536
6/20/2014 12:24,DOWN,1.36087,1.36124,1.35795,1.3581,-0.000861127,0.000392958,0.001964792
6/20/2014 18:17,UP,1.35819,1.35964,1.3564,1.35945,0.000375222,0.000353813,0.001769067
6/23/2014 6:14,UP,1.35946,1.36142,1.35865,1.36128,0.000301232,0.000343507,0.001717536
6/23/2014 8:08,DOWN,1.36139,1.3614,1.35877,1.35886,-0.000301678,0.00034565,0.001728252
6/23/2014 12:51,UP,1.35886,1.36034,1.35737,1.36007,0.000110295,0.00033944,0.001697198
6/24/2014 6:36,UP,1.36008,1.36097,1.35805,1.36082,0.000624819,0.000281433,0.001407167
6/24/2014 8:46,UP,1.36079,1.36247,1.35939,1.36224,0.00024962,0.000334666,0.001673329
6/24/2014 14:11,DOWN,1.36224,1.36283,1.36032,1.36044,-0.000727441,0.000315455,0.001577274
6/25/2014 4:57,UP,1.36035,1.36208,1.3583,1.36083,0.000286631,0.000307945,0.001539727
6/25/2014 12:32,UP,1.36071,1.36357,1.36001,1.36322,0.000976107,0.000371158,0.001855789
6/25/2014 23:04,DOWN,1.36312,1.36518,1.3626,1.36295,-7.34E-06,0.000295096,0.00147548
6/26/2014 8:11,DOWN,1.36291,1.3642,1.36178,1.36201,-0.00029364,0.00029883,0.001494151
6/26/2014 13:42,DOWN,1.36202,1.36248,1.3586,1.35914,-0.000757545,0.000381809,0.001909044
6/26/2014 15:47,UP,1.35916,1.36184,1.35753,1.36138,0.000411432,0.000433745,0.002168725
6/27/2014 6:45,UP,1.36128,1.36334,1.36065,1.36312,0.00056504,0.000328395,0.001641977
6/27/2014 13:51,UP,1.36312,1.36352,1.36096,1.36292,5.14E-05,0.000266546,0.001332728
6/27/2014 20:06,UP,1.36281,1.365,1.36269,1.36486,0.000190514,0.00025349,0.001267451
6/30/2014 14:14,UP,1.36486,1.36684,1.36337,1.36636,0.000373324,0.000294285,0.001471426
6/30/2014 14:56,UP,1.36636,1.36887,1.36593,1.36887,0.000862397,0.00035127,0.001756349
7/1/2014 21:13,DOWN,1.36877,1.3701,1.36751,1.36779,-3.66E-05,0.000257341,0.001286703
7/2/2014 8:42,DOWN,1.36799,1.36831,1.36571,1.36587,-0.000541633,0.000301624,0.001508119
7/3/2014 3:09,DOWN,1.36597,1.36702,1.3642,1.36504,-0.000227074,0.000223258,0.001116288
7/3/2014 12:31,DOWN,1.36503,1.36649,1.36171,1.36287,-0.001590962,0.000466453,0.002332263
7/3/2014 13:18,DOWN,1.36286,1.36302,1.35958,1.36007,-0.000169095,0.000400574,0.002002871
7/4/2014 7:46,DOWN,1.36006,1.36211,1.35907,1.35917,-0.00066195,0.000312239,0.001561195
7/7/2014 1:35,DOWN,1.35928,1.36026,1.35804,1.35831,-1.47E-05,0.000224114,0.001120569
7/7/2014 8:17,UP,1.3582,1.35939,1.35756,1.35922,0.000257534,0.000229811,0.001149056
7/7/2014 16:45,UP,1.35911,1.36096,1.35858,1.36074,8.08E-05,0.00024521,0.001226051
7/8/2014 7:41,DOWN,1.36075,1.36103,1.3592,1.3592,-0.000411922,0.000208425,0.001042127
7/8/2014 13:45,UP,1.35918,1.36079,1.35877,1.3604,0.000249958,0.000216727,0.001083637
7/9/2014 6:26,UP,1.36038,1.36293,1.36036,1.36293,0.000616509,0.000290396,0.001451982
7/9/2014 9:36,DOWN,1.36293,1.36312,1.36088,1.36088,-0.000455484,0.000284649,0.001423244
7/9/2014 14:21,UP,1.361,1.36277,1.36019,1.36274,0.000477094,0.000289438,0.001447192
7/9/2014 17:59,DOWN,1.36274,1.36435,1.362,1.36203,-0.000315655,0.000285798,0.001428989
7/9/2014 18:34,UP,1.36214,1.36491,1.36107,1.36451,0.000564464,0.00036633,0.001831652
7/10/2014 9:15,DOWN,1.36462,1.36513,1.36298,1.36318,-0.000212715,0.000236902,0.001184508
7/10/2014 10:46,DOWN,1.36329,1.36382,1.36147,1.3615,-0.000638797,0.000294437,0.001472187
7/10/2014 14:03,DOWN,1.36149,1.3619,1.35913,1.35932,-0.000904455,0.000362676,0.001813382
7/11/2014 7:17,UP,1.35931,1.36108,1.35888,1.36091,0.00038217,0.000256286,0.001281428
7/11/2014 11:04,DOWN,1.3608,1.36254,1.35999,1.36023,-0.00011762,0.000270673,0.001353365
7/14/2014 7:12,UP,1.36033,1.3618,1.35916,1.3618,0.000822779,0.000293902,0.001469509
7/14/2014 13:12,DOWN,1.36169,1.36408,1.36169,1.36199,-0.00019822,0.000248459,0.001242293
7/14/2014 17:38,DOWN,1.36198,1.36294,1.36084,1.36097,-0.000235099,0.000228567,0.001142835
7/15/2014 1:58,UP,1.36098,1.36266,1.36088,1.36263,0.000367005,0.000210165,0.001050823
7/15/2014 6:40,DOWN,1.36268,1.36274,1.36049,1.36081,-9.55E-05,0.000248729,0.001243646
7/15/2014 9:00,DOWN,1.3607,1.36287,1.35982,1.35985,-0.000448478,0.000315987,0.001579933
7/15/2014 11:22,UP,1.35981,1.36172,1.35869,1.3616,0.000477494,0.000311163,0.001555814
7/15/2014 13:52,DOWN,1.36148,1.36212,1.3592,1.35928,-0.000669248,0.000318773,0.001593863
7/15/2014 14:36,DOWN,1.3594,1.36132,1.35747,1.35766,-0.000625881,0.00038023,0.001901149
7/16/2014 2:52,DOWN,1.35765,1.35814,1.35616,1.35652,-7.37E-06,0.000209877,0.001049387
7/16/2014 8:22,DOWN,1.35641,1.35694,1.35457,1.35457,-0.000649442,0.000267698,0.001338488
7/16/2014 12:24,DOWN,1.35466,1.35557,1.35287,1.35298,-0.0002956,0.000274159,0.001370793
7/16/2014 17:21,DOWN,1.35309,1.35407,1.3521,1.35229,-0.000288358,0.000239077,0.001195383
7/17/2014 8:54,UP,1.35217,1.35368,1.35202,1.35351,0.00025862,0.00018598,0.000929901
7/17/2014 14:10,DOWN,1.35341,1.3541,1.3522,1.35243,-0.000221798,0.000195613,0.000978066
7/18/2014 7:50,UP,1.35233,1.35342,1.35122,1.35323,0.000436089,0.000216502,0.00108251
7/18/2014 13:01,DOWN,1.35323,1.35365,1.3515,1.35176,-0.000288471,0.000225885,0.001129425
7/18/2014 13:16,DOWN,1.35165,1.35209,1.34917,1.3495,-0.000311178,0.000317175,0.001585877
7/18/2014 17:03,UP,1.34951,1.35197,1.34906,1.35174,0.000258959,0.000308633,0.001543165
7/21/2014 3:47,UP,1.35174,1.35374,1.35163,1.35361,0.00030294,0.000251036,0.001255178
7/21/2014 7:51,DOWN,1.35377,1.35497,1.35185,1.3522,-0.000443623,0.000299794,0.001498969
7/22/2014 2:03,UP,1.3523,1.35305,1.35126,1.35292,0.00027352,0.000189616,0.00094808
7/22/2014 7:42,DOWN,1.3528,1.35302,1.35132,1.35143,-0.000273747,0.000181098,0.00090549
7/22/2014 8:30,DOWN,1.35132,1.35143,1.34823,1.34824,-0.001023033,0.000362306,0.00181153
7/22/2014 18:26,DOWN,1.34834,1.3497,1.34587,1.34658,-8.91E-05,0.000369528,0.001847638
7/24/2014 6:01,DOWN,1.34669,1.34748,1.34377,1.34415,-0.001263941,0.000393574,0.001967869
7/24/2014 7:51,UP,1.34426,1.34749,1.34396,1.3474,0.000326608,0.000466974,0.002334869
7/24/2014 19:13,DOWN,1.34741,1.34854,1.34574,1.34619,-0.000311943,0.000297216,0.001486081
7/25/2014 8:45,DOWN,1.34616,1.34761,1.34423,1.34483,-4.46E-05,0.000355881,0.001779404
7/25/2014 13:11,DOWN,1.34483,1.34565,1.3427,1.3431,-6.70E-05,0.000304094,0.001520471
7/28/2014 9:45,UP,1.34299,1.3445,1.3421,1.34404,0.000186024,0.000217612,0.001088062
7/29/2014 5:13,DOWN,1.34398,1.34446,1.34293,1.34315,-0.000134004,0.000146181,0.000730904
7/29/2014 12:26,DOWN,1.34304,1.34452,1.34187,1.34208,-0.000551231,0.000227978,0.001139891
7/29/2014 16:22,DOWN,1.34212,1.34248,1.3404,1.34055,-8.95E-05,0.000227382,0.001136911
7/30/2014 7:59,DOWN,1.34045,1.34159,1.33945,1.33945,-0.000753757,0.00025079,0.001253948
7/30/2014 13:37,DOWN,1.33943,1.34073,1.33699,1.33744,-7.48E-05,0.000446897,0.002234485
7/30/2014 18:35,UP,1.33744,1.34057,1.33665,1.34001,0.000417995,0.00038807,0.001940351
7/31/2014 12:06,DOWN,1.34002,1.34011,1.33793,1.33807,-0.000224178,0.000270237,0.001351186
7/31/2014 13:50,UP,1.33808,1.34,1.33712,1.33961,0.000231437,0.000261472,0.001307362
8/1/2014 7:48,DOWN,1.33951,1.33969,1.33773,1.33806,-0.00026901,0.000221081,0.001105406
8/1/2014 10:20,UP,1.33815,1.34028,1.33781,1.33986,0.000380709,0.000221605,0.001108024
8/1/2014 14:42,UP,1.33996,1.34343,1.33849,1.34292,0.000558641,0.000573306,0.002866529
8/4/2014 11:21,DOWN,1.34292,1.34454,1.3416,1.34195,-0.000156476,0.000274609,0.001373045
8/4/2014 22:16,UP,1.34206,1.34253,1.34091,1.34226,4.47E-05,0.000172985,0.000864924
8/5/2014 8:35,DOWN,1.34227,1.34254,1.3401,1.34017,-0.000552016,0.000283414,0.001417069
8/5/2014 13:32,DOWN,1.3401,1.34024,1.33801,1.33828,-0.000112078,0.000265259,0.001326297
8/6/2014 6:03,DOWN,1.33838,1.33855,1.33532,1.33532,-0.001047889,0.000370352,0.001851759
8/6/2014 10:18,DOWN,1.33532,1.33751,1.33395,1.33459,-0.000187306,0.000359075,0.001795377
8/6/2014 14:49,UP,1.33457,1.33595,1.33329,1.3357,4.49E-05,0.000306128,0.001530638
8/6/2014 20:48,UP,1.33575,1.33874,1.3349,1.33839,0.000261542,0.000477397,0.002386983
8/7/2014 12:14,DOWN,1.33839,1.33922,1.33646,1.33664,-0.00059086,0.000317762,0.001588811
8/7/2014 13:48,DOWN,1.33674,1.33946,1.33469,1.33469,-0.001190579,0.000522062,0.00261031
8/8/2014 6:22,UP,1.33479,1.33683,1.33367,1.33683,0.000703403,0.000375447,0.001877235
8/8/2014 6:47,UP,1.33672,1.34086,1.33667,1.3404,0.001186917,0.000517818,0.00258909
8/8/2014 14:09,UP,1.34039,1.34156,1.33759,1.34117,0.000790667,0.000380534,0.00190267
8/11/2014 0:55,DOWN,1.34114,1.34333,1.34017,1.34029,-0.000261103,0.000313168,0.001565841
8/11/2014 13:55,DOWN,1.34018,1.3404,1.3383,1.33843,-0.000104595,0.000257392,0.00128696
8/12/2014 1:27,DOWN,1.33843,1.33898,1.33672,1.33697,-0.000224363,0.000254736,0.001273678
8/12/2014 8:59,DOWN,1.33696,1.3377,1.33545,1.33556,-0.000419212,0.000274947,0.001374733
8/12/2014 17:58,UP,1.33556,1.33674,1.33357,1.33651,0.000351724,0.000334115,0.001670577
8/13/2014 9:31,DOWN,1.33661,1.33738,1.33419,1.33457,-0.000142358,0.000325601,0.001628004
8/13/2014 12:31,UP,1.33469,1.338,1.33456,1.338,0.001503372,0.000505173,0.002525863
8/13/2014 14:25,DOWN,1.338,1.34158,1.33729,1.3374,-0.000358841,0.000503256,0.002516278
8/14/2014 6:03,DOWN,1.33739,1.33836,1.33483,1.33483,-0.000831221,0.000421735,0.002108675
8/14/2014 9:28,UP,1.33493,1.33947,1.33483,1.33934,0.001988028,0.00060266,0.003013299
8/14/2014 15:51,DOWN,1.33933,1.34083,1.33711,1.33767,-0.000119604,0.000429301,0.002146507
8/15/2014 8:24,UP,1.33777,1.33848,1.33584,1.33825,0.000283993,0.000321168,0.00160584
8/15/2014 12:20,UP,1.33819,1.33974,1.33607,1.33944,0.000500334,0.000449835,0.002249174
8/18/2014 12:17,DOWN,1.33944,1.34124,1.33762,1.33819,-0.000395979,0.000300525,0.001502626
8/18/2014 14:17,DOWN,1.3383,1.33871,1.33597,1.33613,-0.000553685,0.000350579,0.001752895
8/19/2014 12:35,DOWN,1.33613,1.33667,1.33254,1.33269,-0.001529568,0.000490575,0.002452877
8/20/2014 3:10,DOWN,1.33267,1.33348,1.33069,1.33097,-0.000285465,0.000297194,0.00148597
8/20/2014 9:57,DOWN,1.33085,1.33102,1.32849,1.32861,-0.000549296,0.000327223,0.001636113
8/20/2014 18:13,DOWN,1.3285,1.3298,1.3262,1.3262,-0.000844162,0.000435618,0.00217809
8/21/2014 7:34,UP,1.32616,1.32746,1.32416,1.32724,0.000987498,0.000431457,0.002157284
8/21/2014 14:47,UP,1.3272,1.32872,1.32554,1.32835,0.000609965,0.000375395,0.001876974
8/22/2014 6:25,UP,1.32835,1.32971,1.32733,1.32965,0.000473921,0.000292106,0.001460531
8/22/2014 10:05,DOWN,1.32966,1.32971,1.32704,1.32747,-0.000203374,0.000308811,0.001544054
8/22/2014 14:42,DOWN,1.32747,1.32853,1.32356,1.32368,-0.000868413,0.000523378,0.002616888
8/24/2014 21:36,DOWN,1.32358,1.32621,1.31916,1.31936,-0.000537995,0.00087737,0.004386848
8/25/2014 23:23,DOWN,1.3192,1.32111,1.31834,1.31844,-0.000242682,0.000298154,0.001490768
8/26/2014 3:21,UP,1.31856,1.32084,1.31786,1.32052,0.000174189,0.000276114,0.001380571
8/26/2014 12:30,DOWN,1.32041,1.32154,1.31863,1.31868,-0.000462477,0.000305198,0.001525991
8/26/2014 17:30,DOWN,1.31867,1.32092,1.31711,1.31758,-0.000682837,0.00037234,0.001861702
8/27/2014 6:56,UP,1.31737,1.31844,1.31523,1.31822,0.000364194,0.00032339,0.001616949
8/27/2014 14:36,UP,1.31832,1.32017,1.3168,1.31998,0.000462235,0.000401711,0.002008556
8/28/2014 3:26,UP,1.32,1.32175,1.31879,1.32168,0.000491919,0.000372607,0.001863033
8/28/2014 10:03,DOWN,1.32168,1.32213,1.31826,1.3187,-0.000651945,0.000402412,0.00201206
8/28/2014 13:43,DOWN,1.3186,1.31917,1.31594,1.31627,-0.000265868,0.000382801,0.001914004
8/28/2014 23:39,UP,1.31627,1.31863,1.31613,1.31854,0.00026548,0.000324004,0.001620022
8/29/2014 6:36,DOWN,1.31843,1.31869,1.31624,1.31635,-0.000478482,0.000301292,0.001506458
8/29/2014 9:08,UP,1.31624,1.31955,1.31599,1.3187,7.58E-05,0.000338438,0.001692188
8/29/2014 15:05,DOWN,1.3188,1.31967,1.31618,1.31635,-0.000903607,0.00046473,0.002323648
8/29/2014 18:59,DOWN,1.31647,1.31676,1.31335,1.31347,-0.000312102,0.000412645,0.002063224
9/1/2014 8:56,UP,1.31349,1.31438,1.31187,1.31411,0.000266375,0.000299265,0.001496326
9/1/2014 22:08,DOWN,1.31409,1.31461,1.31264,1.3128,-0.000144718,0.000231356,0.001156778
9/2/2014 4:02,DOWN,1.3129,1.31338,1.31153,1.31153,-0.000503102,0.000250379,0.001251895
9/2/2014 7:16,UP,1.31152,1.31373,1.31145,1.31343,0.000456924,0.000248173,0.001240863
9/2/2014 9:32,DOWN,1.31343,1.31354,1.31123,1.31125,-0.000373619,0.000286846,0.001434231
9/2/2014 17:31,UP,1.31124,1.31316,1.31099,1.31315,0.000457021,0.000252639,0.001263194
9/3/2014 8:04,UP,1.31306,1.31511,1.31217,1.31464,0.000494554,0.00029741,0.001487049
9/3/2014 15:53,DOWN,1.31463,1.31606,1.31312,1.31358,-0.000121797,0.000306434,0.001532171
9/4/2014 10:52,DOWN,1.31369,1.31546,1.31194,1.31222,-0.000434284,0.000379919,0.001899594
9/4/2014 11:49,DOWN,1.31233,1.31402,1.30463,1.30476,-0.002243106,0.001207504,0.006037519
9/4/2014 14:35,DOWN,1.30489,1.30533,1.2985,1.29868,-0.001454266,0.000771606,0.003858029
9/4/2014 15:46,DOWN,1.29857,1.29924,1.29374,1.29396,-0.001428699,0.000744555,0.003722774
9/5/2014 8:45,UP,1.29409,1.29579,1.29197,1.2948,0.000115855,0.000354637,0.001773185
9/5/2014 16:52,DOWN,1.2948,1.29895,1.29428,1.29487,-7.72E-06,0.000574386,0.002871932
9/8/2014 6:15,DOWN,1.29483,1.29612,1.29313,1.2935,0,0.000358512,0.001792561
9/8/2014 12:52,UP,1.29347,1.29576,1.29308,1.29574,0.000463163,0.000291837,0.001459187
9/8/2014 13:59,DOWN,1.29565,1.29578,1.29338,1.29377,-1.55E-05,0.000298444,0.001492218
9/8/2014 17:07,DOWN,1.29377,1.29516,1.29145,1.29227,-0.000696206,0.000343251,0.001716255
9/9/2014 1:53,DOWN,1.29241,1.29259,1.28814,1.28941,-0.000240391,0.000415714,0.00207857
9/9/2014 10:50,UP,1.28931,1.2898,1.28589,1.28948,0.000294736,0.000446489,0.002232445
9/9/2014 14:54,UP,1.2895,1.29195,1.28731,1.29151,0.00075909,0.000543519,0.002717596
9/9/2014 19:30,UP,1.29151,1.2945,1.29021,1.29437,0.001569562,0.000561689,0.002808444
9/10/2014 4:36,DOWN,1.29448,1.2958,1.29236,1.29242,-0.000487339,0.000392133,0.001960667
9/10/2014 9:28,UP,1.29242,1.29635,1.29221,1.29585,0.000810607,0.000459966,0.002299831
9/10/2014 12:14,DOWN,1.29588,1.29614,1.29287,1.29297,-0.000525783,0.00044346,0.002217302
9/10/2014 13:07,DOWN,1.29298,1.29331,1.28968,1.28978,-0.000418588,0.000474899,0.002374497
9/10/2014 16:26,DOWN,1.28974,1.29348,1.28833,1.28948,-0.000821699,0.000540261,0.002701306
9/11/2014 0:55,UP,1.28948,1.29255,1.28914,1.29242,0.000170238,0.00042785,0.002139249
9/11/2014 7:59,UP,1.29229,1.29374,1.28968,1.29348,0.001082938,0.000470085,0.002350424
9/11/2014 12:37,UP,1.29358,1.29422,1.29113,1.29392,0.000525673,0.00038597,0.001929848
9/11/2014 19:13,DOWN,1.29403,1.29525,1.29191,1.29201,-0.00054938,0.000475684,0.002378419
9/12/2014 12:48,UP,1.29211,1.29565,1.29138,1.29531,0.001042765,0.00045502,0.002275099
9/12/2014 13:34,DOWN,1.29531,1.29532,1.29085,1.29204,-0.000185736,0.000479265,0.002396327
9/12/2014 15:27,UP,1.2919,1.29487,1.29088,1.29458,0.0003863,0.000465921,0.002329604
9/15/2014 7:20,DOWN,1.29472,1.29799,1.29399,1.29414,-0.000355385,0.000491746,0.002458731
9/15/2014 12:15,DOWN,1.29413,1.29419,1.29084,1.29124,-0.000735456,0.000436617,0.002183084
9/15/2014 13:55,UP,1.29123,1.29482,1.29105,1.29471,0.000703107,0.000445608,0.00222804
9/16/2014 6:10,DOWN,1.29471,1.2961,1.29288,1.29329,-0.00034016,0.00034282,0.001714099
9/16/2014 8:45,UP,1.29326,1.29469,1.2922,1.29457,0.000146778,0.000304119,0.001520596
9/16/2014 10:18,UP,1.29447,1.29646,1.29381,1.29623,0.000694562,0.00032582,0.001629099
9/16/2014 13:16,DOWN,1.29623,1.29673,1.29389,1.29403,-0.000131364,0.0003341,0.001670502
9/16/2014 15:59,UP,1.29402,1.29793,1.29353,1.29715,0.00053979,0.000459473,0.002297366
9/16/2014 22:24,DOWN,1.29715,1.29958,1.29526,1.29527,-0.000756313,0.000540601,0.002703006
9/17/2014 12:31,UP,1.29527,1.29735,1.29429,1.29719,0.001041253,0.000431678,0.002158392
9/17/2014 15:28,DOWN,1.2972,1.2982,1.29373,1.29389,-0.001065983,0.000449764,0.002248819
9/17/2014 19:24,DOWN,1.29401,1.29824,1.28853,1.28863,-0.00135711,0.001034674,0.005173369
9/18/2014 6:44,UP,1.28864,1.28903,1.28341,1.28791,0.000302862,0.000646601,0.003233004
9/18/2014 12:33,DOWN,1.28802,1.29073,1.28617,1.28623,-0.000777164,0.000442097,0.002210487
9/18/2014 13:15,UP,1.28623,1.2896,1.28563,1.28923,0.000426702,0.000456803,0.002284014
9/18/2014 16:40,UP,1.28923,1.29294,1.28854,1.29226,0.00015478,0.000488429,0.002442144
9/19/2014 6:50,DOWN,1.29229,1.2931,1.28887,1.28887,-0.000806583,0.000491664,0.002458322
9/19/2014 10:27,DOWN,1.28898,1.2904,1.28663,1.28713,-0.000186444,0.000446816,0.002234079
9/19/2014 14:43,DOWN,1.28713,1.28781,1.28314,1.28386,-7.79E-05,0.000503213,0.002516063
9/22/2014 2:24,UP,1.28372,1.28569,1.28251,1.28553,0.000272298,0.000378358,0.00189179
9/22/2014 10:54,DOWN,1.28551,1.28685,1.28331,1.28342,-0.000451815,0.000419353,0.002096765
9/22/2014 15:20,DOWN,1.28343,1.28572,1.28159,1.28211,-8.58E-05,0.000472949,0.002364747
9/23/2014 1:18,UP,1.282,1.28564,1.28199,1.28552,0.000490194,0.000467609,0.002338047
9/23/2014 8:41,UP,1.28565,1.28848,1.28423,1.28821,0.000520237,0.000470462,0.00235231
9/23/2014 14:17,DOWN,1.28821,1.29017,1.28626,1.28626,-0.001103367,0.00051901,0.002595051
9/24/2014 6:35,DOWN,1.28618,1.28716,1.2839,1.28413,-0.000599448,0.000352874,0.001764371
9/24/2014 11:34,DOWN,1.28414,1.28645,1.28299,1.28325,-5.45E-05,0.000463825,0.002319123
9/24/2014 13:32,DOWN,1.28326,1.28377,1.27871,1.279,-0.001140866,0.00054637,0.002731848
9/25/2014 0:43,DOWN,1.2791,1.28018,1.27738,1.27758,-0.000148708,0.00038131,0.001906548
9/25/2014 6:25,DOWN,1.27745,1.2784,1.2751,1.27539,-0.000658405,0.000374061,0.001870304
9/25/2014 7:54,DOWN,1.27538,1.27662,1.2716,1.27214,-0.001343289,0.000584097,0.002920483
9/25/2014 14:24,UP,1.27225,1.27491,1.26967,1.27475,0.000721971,0.00057025,0.002851252
9/26/2014 6:38,DOWN,1.27474,1.27653,1.27244,1.27332,-0.000557442,0.000425578,0.002127892
9/26/2014 12:36,DOWN,1.27331,1.27573,1.27221,1.27229,-0.000832797,0.000420663,0.002103317
9/26/2014 14:13,DOWN,1.27243,1.27292,1.26855,1.26931,-0.000551329,0.00047493,0.00237465
9/28/2014 22:51,DOWN,1.26931,1.27021,1.26681,1.26721,-0.000536468,0.000379328,0.001896642
9/29/2014 11:26,UP,1.26735,1.26985,1.26633,1.26927,0.000260026,0.000382313,0.001911566
9/29/2014 14:41,DOWN,1.2694,1.27156,1.26833,1.26849,-0.000346809,0.000384907,0.001924536
9/30/2014 0:51,DOWN,1.26862,1.27128,1.26777,1.26823,-0.000402054,0.000391782,0.001958909
9/30/2014 8:37,DOWN,1.26835,1.27031,1.26693,1.26726,-0.000181477,0.000400831,0.002004153
9/30/2014 9:08,DOWN,1.26737,1.26744,1.26123,1.26164,-0.001370292,0.000685042,0.003425212
9/30/2014 11:24,DOWN,1.26175,1.26263,1.25707,1.25736,-0.000810895,0.000686773,0.003433866
9/30/2014 13:47,UP,1.25735,1.2618,1.25731,1.26171,0.001134025,0.000603756,0.003018779
10/1/2014 7:56,DOWN,1.26157,1.26353,1.25959,1.25992,-0.001316677,0.000501469,0.002507345
10/1/2014 14:01,UP,1.25992,1.2626,1.25831,1.26238,0.000816252,0.000500515,0.002502577
10/1/2014 14:47,DOWN,1.26238,1.26404,1.2594,1.25969,-0.00057934,0.000575899,0.002879493
10/1/2014 23:48,UP,1.25957,1.26302,1.25898,1.26251,0.000229728,0.000443724,0.002218622
10/2/2014 3:12,UP,1.26251,1.26754,1.26191,1.2667,0.001690858,0.000598391,0.002991954
10/2/2014 6:37,DOWN,1.26668,1.26745,1.26293,1.26293,-0.000680724,0.000540144,0.002700721
10/2/2014 13:16,UP,1.26293,1.26924,1.26135,1.26896,0.002422235,0.000923994,0.004619972
10/2/2014 14:07,DOWN,1.26908,1.2691,1.26297,1.26309,-0.001629592,0.000925101,0.004625507
10/2/2014 17:40,UP,1.2629,1.26823,1.26243,1.26779,0.000568079,0.000741843,0.003709215
10/3/2014 3:24,DOWN,1.26778,1.26995,1.26526,1.26559,-0.000229116,0.000618508,0.003092542
10/3/2014 10:05,DOWN,1.26571,1.26587,1.26161,1.26171,-0.000879372,0.00050092,0.002504599
10/3/2014 12:48,DOWN,1.26185,1.26261,1.2517,1.25213,-0.001213195,0.0013328,0.006664002
10/6/2014 7:06,UP,1.25214,1.25496,1.25002,1.25354,0.00048674,0.000504802,0.00252401
10/6/2014 10:43,UP,1.25343,1.25591,1.25283,1.25563,0.00022302,0.000414069,0.002070345
10/6/2014 14:51,UP,1.25561,1.25773,1.25419,1.25744,0.000803542,0.000418623,0.002093117
10/6/2014 18:23,UP,1.25756,1.26179,1.25638,1.26105,0.00087267,0.00052637,0.002631848
10/7/2014 1:49,DOWN,1.26106,1.26755,1.26087,1.26138,-0.000499328,0.000750952,0.003754761
10/7/2014 7:18,UP,1.26152,1.26652,1.26048,1.26618,0.000592508,0.000727296,0.003636479
10/7/2014 9:38,DOWN,1.26618,1.26628,1.26059,1.26112,-0.000428099,0.000702496,0.003512481
10/7/2014 13:19,UP,1.26101,1.26367,1.25833,1.26338,0.001037439,0.000582981,0.002914907
10/7/2014 18:44,UP,1.26348,1.26633,1.26142,1.2663,0.000600354,0.000609068,0.00304534
10/8/2014 3:00,DOWN,1.26617,1.26839,1.26292,1.26306,-0.000775593,0.000688974,0.003444869
10/8/2014 8:56,UP,1.26307,1.26674,1.26223,1.26654,0.000995332,0.000608337,0.003041685
10/8/2014 14:09,UP,1.26654,1.26918,1.26407,1.26837,0.001025463,0.000562149,0.002810743
10/8/2014 18:17,UP,1.26826,1.27374,1.26516,1.27349,0.001965039,0.001210213,0.006051063
10/9/2014 7:48,UP,1.27367,1.27737,1.27091,1.27718,0.000940012,0.000728634,0.003643168
10/9/2014 12:36,DOWN,1.27721,1.27921,1.27214,1.27268,-0.001193617,0.000796971,0.003984856
10/9/2014 15:40,DOWN,1.27266,1.27375,1.26749,1.26879,-0.000669705,0.000706497,0.003532485
10/10/2014 1:35,UP,1.26892,1.27167,1.26634,1.27129,0.000346165,0.000632503,0.003162515
10/10/2014 7:53,DOWN,1.27116,1.27142,1.2665,1.26698,-0.000583896,0.000589406,0.002947029
10/10/2014 12:28,DOWN,1.26686,1.26775,1.263,1.26338,-0.000451069,0.000616944,0.00308472
10/13/2014 1:30,UP,1.26339,1.26697,1.26051,1.26694,0.001635194,0.000735531,0.003677657
10/13/2014 11:19,UP,1.26695,1.26984,1.26506,1.26918,0.00044921,0.000562026,0.002810129
10/13/2014 20:26,UP,1.26906,1.27216,1.26642,1.27213,0.001738755,0.0007048,0.003523999
10/14/2014 5:59,DOWN,1.27214,1.2769,1.27129,1.27129,-0.000809873,0.0006735,0.003367502
10/14/2014 9:14,DOWN,1.27126,1.27228,1.26571,1.26619,-0.000915715,0.000805876,0.004029382
10/14/2014 18:56,DOWN,1.2663,1.26799,1.26395,1.26455,-0.000260928,0.000437224,0.00218612
10/15/2014 11:59,UP,1.26455,1.26768,1.26243,1.26703,0.000544729,0.000534695,0.002673475
10/15/2014 12:47,UP,1.26716,1.27292,1.26645,1.27257,0.000715344,0.000738195,0.003690976
10/15/2014 13:29,UP,1.27269,1.27904,1.27249,1.27895,0.00241113,0.000982793,0.004913967
10/15/2014 14:04,DOWN,1.27896,1.28875,1.27541,1.2762,-0.001644158,0.001739032,0.008695158
10/15/2014 20:16,UP,1.27608,1.28175,1.27419,1.28129,0.000812012,0.000924326,0.004621629
10/16/2014 7:31,DOWN,1.2813,1.28459,1.27761,1.27764,-0.001446935,0.000852847,0.004264237
10/16/2014 10:06,DOWN,1.27775,1.28247,1.27257,1.27317,-0.001538281,0.001167648,0.005838239
10/16/2014 14:51,UP,1.27331,1.27914,1.27055,1.27762,1.57E-05,0.000818475,0.004092373
10/16/2014 17:07,UP,1.27761,1.28356,1.27749,1.28338,0.001645449,0.000833159,0.004165793
10/17/2014 7:01,DOWN,1.28338,1.28405,1.27805,1.2784,-0.001250782,0.000648625,0.003243126
10/17/2014 13:47,DOWN,1.2784,1.28377,1.27689,1.27743,-0.001243913,0.00085332,0.004266601
10/20/2014 11:11,UP,1.27736,1.27902,1.27308,1.27862,0.001119019,0.000636621,0.003183107
10/20/2014 17:03,UP,1.2785,1.28044,1.27547,1.27956,0.001079078,0.00056259,0.002812948
10/21/2014 6:26,UP,1.27971,1.28313,1.27879,1.28297,0.000623748,0.000554534,0.002772668
10/21/2014 9:32,DOWN,1.28297,1.28407,1.27818,1.27865,-0.002195219,0.000774871,0.003874356
10/21/2014 14:04,DOWN,1.27851,1.27928,1.27256,1.27263,-0.000981736,0.000878113,0.004390567
10/22/2014 10:01,DOWN,1.27261,1.27432,1.26807,1.2688,-0.000716956,0.000675704,0.003378521
10/22/2014 13:02,DOWN,1.26881,1.27285,1.26588,1.26618,-0.000852596,0.000798011,0.003990057
10/23/2014 0:49,DOWN,1.26619,1.2681,1.26369,1.26413,-0.000308465,0.00050567,0.00252835
10/23/2014 8:30,UP,1.26399,1.2668,1.26133,1.26643,0.00074252,0.000732509,0.003662546
10/24/2014 12:46,UP,1.2663,1.26774,1.26303,1.26682,0.000600107,0.000426413,0.002132066
10/27/2014 2:16,UP,1.26672,1.26998,1.26593,1.26952,0.000252096,0.000470819,0.002354094
10/27/2014 10:44,DOWN,1.26952,1.27152,1.26762,1.26789,-0.000291781,0.000436805,0.002184027
10/27/2014 14:16,UP,1.26789,1.27096,1.26653,1.27064,0.000889711,0.000487437,0.002437187
10/28/2014 10:47,DOWN,1.27057,1.27239,1.26843,1.26897,-9.46E-05,0.000405493,0.002027464
10/28/2014 12:37,UP,1.26897,1.27603,1.26894,1.27517,0.001695328,0.000747019,0.003735095
10/29/2014 8:30,DOWN,1.27528,1.27654,1.27202,1.27325,-0.000196329,0.000474494,0.00237247
10/29/2014 14:36,UP,1.27325,1.27703,1.27233,1.27676,0.00140297,0.000554291,0.002771457
10/29/2014 18:03,DOWN,1.27664,1.27712,1.2666,1.26746,-0.005005362,0.001320506,0.006602531
10/30/2014 4:38,DOWN,1.26749,1.26845,1.26154,1.26174,-0.000435811,0.000840801,0.004204007
10/30/2014 8:21,DOWN,1.26174,1.26185,1.25561,1.25591,-0.000803875,0.000807961,0.004039805
10/30/2014 13:02,UP,1.25601,1.26149,1.2547,1.26137,0.001023221,0.000711072,0.003555358
10/31/2014 4:51,DOWN,1.26137,1.2633,1.25859,1.25877,-0.000944921,0.000577128,0.002885638
10/31/2014 12:53,DOWN,1.25865,1.2592,1.2526,1.25297,-0.001467434,0.000740724,0.003703621
11/3/2014 0:43,DOWN,1.253,1.25449,1.24729,1.24739,-0.002354148,0.000972797,0.004863986
11/3/2014 8:55,UP,1.24736,1.25061,1.24394,1.24973,0.000472213,0.000620516,0.00310258
11/3/2014 18:31,DOWN,1.24976,1.25106,1.24707,1.24762,-0.000200361,0.000463446,0.00231723
11/4/2014 3:16,UP,1.24761,1.25101,1.24756,1.2509,0.000399792,0.000451497,0.002257487
11/4/2014 15:26,UP,1.25078,1.25409,1.25004,1.25325,0.000287294,0.000437868,0.002189342
11/5/2014 6:20,DOWN,1.25326,1.25782,1.25316,1.25358,-0.000661885,0.000474747,0.002373735
11/5/2014 8:54,DOWN,1.25372,1.25446,1.25048,1.25064,-0.000375737,0.000455723,0.002278613
11/5/2014 10:09,DOWN,1.25065,1.25067,1.24747,1.24747,-0.000753241,0.000480921,0.002404603
11/6/2014 3:59,UP,1.24747,1.25077,1.24569,1.24927,0.000144095,0.000483199,0.002415993
11/6/2014 5:27,UP,1.24928,1.25307,1.24866,1.25238,0.000607029,0.000477377,0.002386887
11/6/2014 11:48,UP,1.25249,1.25341,1.24947,1.25271,0.000135715,0.000424848,0.002124241
11/6/2014 14:02,DOWN,1.25261,1.25304,1.23939,1.24034,-0.000741457,0.001863292,0.009316459
11/6/2014 21:12,DOWN,1.24049,1.24484,1.23722,1.23762,-0.000573517,0.000959906,0.004799531
11/7/2014 13:34,UP,1.23762,1.24426,1.23644,1.24005,0.000379089,0.000462203,0.002311014
11/7/2014 15:00,UP,1.24018,1.2439,1.23574,1.24322,0.001295863,0.000993669,0.004968347
11/10/2014 2:23,UP,1.24322,1.24901,1.2411,1.24872,0.001185917,0.00107496,0.005374802
11/10/2014 14:48,DOWN,1.24873,1.25101,1.24497,1.24509,-0.001789433,0.000771122,0.003855608
11/11/2014 4:59,DOWN,1.24518,1.24564,1.24156,1.24178,-0.000539403,0.000518494,0.002592468
11/11/2014 13:29,UP,1.24181,1.24374,1.2394,1.2434,0.000498757,0.000493052,0.002465262
11/11/2014 16:31,UP,1.24329,1.24573,1.2412,1.24509,0.001100928,0.00056867,0.00284335
11/12/2014 7:34,UP,1.24495,1.25,1.24446,1.2486,0.000224276,0.000551186,0.002755929
11/12/2014 9:40,DOWN,1.24872,1.24985,1.24342,1.24347,-0.002249232,0.000797426,0.003987128
11/12/2014 18:43,DOWN,1.24343,1.24929,1.24189,1.24223,-0.000925326,0.000800859,0.004004295
11/13/2014 8:10,UP,1.24235,1.24706,1.2419,1.24659,0.001051419,0.000625381,0.003126905
11/14/2014 4:45,DOWN,1.24648,1.24924,1.24457,1.24458,-0.000730903,0.00057895,0.00289475
11/14/2014 8:34,UP,1.24455,1.24719,1.24261,1.24709,0.001548802,0.000652595,0.003262976
11/14/2014 13:31,DOWN,1.24709,1.2472,1.24129,1.24213,-0.00100583,0.000635568,0.003177838
11/14/2014 15:19,UP,1.24208,1.24627,1.23982,1.24534,0.000305184,0.000787073,0.003935364
11/14/2014 17:07,UP,1.2452,1.25283,1.24502,1.25229,0.002534572,0.000961997,0.004809983
11/17/2014 8:11,DOWN,1.25241,1.25783,1.25127,1.25222,-0.00046307,0.000788617,0.003943084
11/17/2014 14:21,DOWN,1.25224,1.25269,1.24719,1.24818,-0.000488592,0.000614367,0.003071835
11/17/2014 23:49,DOWN,1.24818,1.24869,1.24428,1.24479,-0.00013656,0.00051373,0.002568651
11/18/2014 7:50,UP,1.24466,1.24905,1.24458,1.24891,0.001065496,0.000511391,0.002556955
11/18/2014 10:02,UP,1.24895,1.25412,1.24812,1.25345,0.001716739,0.000700408,0.003502038
11/19/2014 8:19,UP,1.25347,1.25485,1.25009,1.2543,0.000749703,0.000520666,0.00260333
11/19/2014 14:02,UP,1.25444,1.25713,1.25236,1.25633,0.000230858,0.000530939,0.002654694
11/19/2014 19:15,UP,1.25621,1.26012,1.25238,1.25703,0.000334177,0.000564233,0.002821164
11/20/2014 7:13,DOWN,1.25705,1.25874,1.25238,1.25367,-0.00019142,0.000535641,0.002678203
11/20/2014 8:54,DOWN,1.25365,1.2576,1.2504,1.25104,-0.000599322,0.00084071,0.004203548
11/20/2014 14:19,UP,1.25099,1.25667,1.25052,1.25593,0.000286681,0.000707753,0.003538763
11/21/2014 2:04,UP,1.25579,1.25697,1.25185,1.25647,0.000597089,0.000589299,0.002946496
11/21/2014 8:40,DOWN,1.25647,1.25691,1.25144,1.25169,-0.002003281,0.000735987,0.003679933
11/21/2014 9:17,DOWN,1.25166,1.25189,1.24497,1.24538,-0.001179667,0.000887541,0.004437703
11/21/2014 14:00,DOWN,1.24536,1.2469,1.24111,1.24138,-0.000499319,0.00070164,0.003508202
11/21/2014 17:15,DOWN,1.24126,1.24344,1.23845,1.23863,-0.000960278,0.000651793,0.003258966
11/24/2014 11:18,UP,1.2385,1.24151,1.23638,1.24102,0.000636776,0.000581147,0.002905736
11/24/2014 16:29,UP,1.24091,1.24454,1.24011,1.24431,0.00045819,0.000519124,0.002595618
11/25/2014 13:35,DOWN,1.24444,1.24445,1.24016,1.24079,-0.001417446,0.000553357,0.002766785
11/25/2014 14:49,UP,1.24079,1.24661,1.24048,1.24631,0.000834812,0.00076019,0.003800951
11/26/2014 10:37,DOWN,1.24634,1.24956,1.24435,1.24441,-0.000465976,0.000776079,0.003880396
11/26/2014 13:40,UP,1.24453,1.25072,1.24432,1.25026,0.001264536,0.000810157,0.004050785
11/27/2014 8:55,DOWN,1.25011,1.25322,1.24763,1.24818,-0.000832866,0.000639642,0.003198211
11/28/2014 0:10,DOWN,1.24818,1.24994,1.24539,1.24569,-0.00053771,0.000528626,0.002643129
11/28/2014 11:55,UP,1.24557,1.24803,1.24287,1.24769,0.000721593,0.00064813,0.003240649
11/28/2014 16:33,DOWN,1.24783,1.24912,1.24326,1.24388,-0.000867874,0.000643143,0.003215717
12/1/2014 7:58,DOWN,1.24368,1.24739,1.24207,1.24207,-0.001456184,0.000658423,0.003292115
12/1/2014 10:10,UP,1.24206,1.24758,1.24188,1.24736,0.000697716,0.000771581,0.003857904
12/1/2014 15:01,UP,1.24723,1.25075,1.24546,1.24999,0.000216025,0.000597153,0.002985767
12/2/2014 1:53,DOWN,1.25012,1.25037,1.24615,1.24626,-0.000377057,0.000557763,0.002788813
12/2/2014 8:44,DOWN,1.24641,1.24709,1.24345,1.24384,-0.000498332,0.000489221,0.002446103
12/2/2014 13:30,DOWN,1.24371,1.24506,1.24106,1.24106,-0.001143529,0.000471265,0.002356323
12/2/2014 16:29,DOWN,1.24118,1.24289,1.23871,1.23911,-0.000467968,0.0004296,0.002148002
12/3/2014 6:12,DOWN,1.23912,1.23996,1.23701,1.23722,-0.000791785,0.000379151,0.001895753
12/3/2014 8:46,DOWN,1.23722,1.23798,1.23303,1.23329,-0.000948232,0.000571979,0.002859893
12/3/2014 15:01,DOWN,1.23337,1.23456,1.2307,1.23088,-0.000284309,0.000498133,0.002490666
12/4/2014 13:34,UP,1.23075,1.23318,1.22949,1.23254,0.000852262,0.000418315,0.002091574
12/4/2014 14:00,UP,1.23261,1.24153,1.228,1.2408,0.001395235,0.001098208,0.005491038
12/4/2014 15:47,UP,1.24063,1.2421,1.23397,1.24197,0.000523499,0.001238438,0.006192188
12/4/2014 17:55,DOWN,1.24209,1.2457,1.2362,1.23731,-0.001009746,0.001147437,0.005737184
12/5/2014 12:26,DOWN,1.23733,1.23937,1.23451,1.23484,-0.000242917,0.000611231,0.003056153
12/5/2014 13:38,DOWN,1.23484,1.23797,1.22786,1.22831,-0.002650537,0.001279779,0.006398895
12/8/2014 7:56,DOWN,1.2283,1.2325,1.22605,1.22664,-0.001132535,0.00062132,0.0031066
12/8/2014 15:18,UP,1.22664,1.22879,1.22467,1.22864,0.0003419,0.000491123,0.002455616
12/8/2014 17:32,UP,1.22851,1.23198,1.22799,1.23192,0.001567889,0.000581867,0.002909337
12/9/2014 0:51,DOWN,1.23192,1.23449,1.23031,1.23039,-0.000284422,0.000585818,0.002929092
12/9/2014 6:19,UP,1.23039,1.23413,1.22916,1.23387,0.001825195,0.000715933,0.003579664
12/9/2014 10:35,UP,1.2337,1.23683,1.23201,1.23631,0.001092556,0.000671984,0.003359922
12/9/2014 13:59,UP,1.23635,1.23923,1.2347,1.23918,0.000694248,0.00056782,0.002839102
12/9/2014 17:28,DOWN,1.23919,1.24487,1.23845,1.23894,-0.000580973,0.000704516,0.003522582
12/10/2014 14:50,UP,1.23881,1.24093,1.23615,1.24044,0.000766151,0.000557353,0.002786765
12/10/2014 19:00,UP,1.2406,1.24462,1.24014,1.24451,0.000385768,0.000568623,0.002843115
12/12/2014 7:21,DOWN,1.24449,1.24877,1.2384,1.23858,-0.001153882,0.000949304,0.004746521
12/12/2014 11:30,UP,1.23859,1.24546,1.23839,1.24493,0.001093028,0.000924671,0.004623357
12/15/2014 4:03,DOWN,1.24494,1.24925,1.24323,1.24359,-0.000908247,0.000645591,0.003227955
12/15/2014 10:03,DOWN,1.2436,1.24737,1.24184,1.24197,-0.000442747,0.000636064,0.00318032
12/15/2014 16:47,UP,1.24212,1.24796,1.24141,1.24711,0.000409029,0.000735598,0.003677988
12/15/2014 18:29,DOWN,1.24705,1.24766,1.24281,1.24285,-0.000265484,0.000695892,0.00347946
12/16/2014 8:25,UP,1.24296,1.24717,1.24289,1.24678,0.000834497,0.000593372,0.00296686
12/16/2014 9:47,UP,1.24692,1.25202,1.24571,1.2513,0.001215475,0.000684237,0.003421184
12/16/2014 11:58,UP,1.25118,1.25508,1.24847,1.25486,0.00192238,0.000884493,0.004422466
12/16/2014 15:58,DOWN,1.25472,1.25708,1.24947,1.25067,-0.000303791,0.000729769,0.003648846
12/17/2014 7:47,DOWN,1.25067,1.25228,1.2475,1.24846,-9.61E-05,0.000518003,0.002590017
12/17/2014 12:56,DOWN,1.24847,1.24853,1.24453,1.24516,-0.000240904,0.000516173,0.002580864
12/17/2014 15:19,DOWN,1.24525,1.24776,1.24101,1.24204,-0.000756533,0.000673974,0.003369871
12/17/2014 19:44,DOWN,1.24202,1.24748,1.23586,1.23756,-0.003041686,0.001268087,0.006340433
12/18/2014 7:09,DOWN,1.2374,1.23778,1.22984,1.23006,-0.002111487,0.001042737,0.005213683
12/18/2014 10:36,UP,1.23013,1.23388,1.22774,1.23304,0.000446152,0.00080483,0.004024151
12/18/2014 13:15,DOWN,1.23308,1.23387,1.22827,1.22862,-0.000415014,0.000694989,0.003474947
12/19/2014 11:10,DOWN,1.22863,1.22989,1.22529,1.22603,-0.000326203,0.000510567,0.002552835
12/19/2014 14:53,UP,1.22591,1.23027,1.22581,1.23017,0.001073599,0.000583987,0.002919934
12/19/2014 16:05,DOWN,1.23015,1.23029,1.22393,1.22418,-0.002040101,0.000838093,0.004190463
12/22/2014 7:57,UP,1.22417,1.22688,1.22195,1.22668,0.000880813,0.000667021,0.003335105
12/22/2014 20:00,DOWN,1.22655,1.22735,1.22176,1.22201,-0.001676158,0.000693285,0.003466424
12/23/2014 13:00,DOWN,1.22211,1.22464,1.22105,1.22127,-0.000131003,0.000500188,0.002500942
12/23/2014 14:55,DOWN,1.22139,1.22156,1.21683,1.2174,-0.00091957,0.00053044,0.0026522
12/24/2014 9:07,UP,1.2174,1.22007,1.21642,1.21999,0.000500129,0.000454127,0.002270636
12/26/2014 13:07,DOWN,1.21989,1.22335,1.21803,1.21856,6.57E-05,0.000644454,0.003222271
12/29/2014 9:41,UP,1.21841,1.22221,1.21666,1.22086,0.000122872,0.000622254,0.003111268
12/29/2014 18:00,DOWN,1.22072,1.22154,1.2167,1.21685,-0.00057509,0.000563265,0.002816323
12/30/2014 6:23,DOWN,1.21671,1.21695,1.21234,1.21326,-9.07E-05,0.000571027,0.002855137
12/30/2014 8:06,UP,1.21311,1.2176,1.21241,1.21739,0.000821767,0.000659625,0.003298125
12/31/2014 11:45,DOWN,1.21738,1.21882,1.21438,1.21498,-0.000436126,0.000458072,0.002290361
12/31/2014 14:48,DOWN,1.21512,1.21575,1.21115,1.21115,-0.000899566,0.000564389,0.002821944
1/1/2015 23:32,DOWN,1.2113,1.21354,1.20777,1.2085,-0.00119085,0.00064342,0.003217098
1/2/2015 7:01,DOWN,1.20851,1.20929,1.20455,1.20512,-0.00041481,0.000575487,0.002877435
1/2/2015 13:25,DOWN,1.20525,1.20706,1.20282,1.20295,-0.000905696,0.000531325,0.002656624
1/5/2015 3:36,DOWN,1.20295,1.20374,1.18502,1.19469,-0.000309656,0.001303779,0.006518894
1/5/2015 10:54,DOWN,1.19469,1.19773,1.19138,1.19223,-0.000427678,0.000752233,0.003761166
1/5/2015 15:16,UP,1.19222,1.19387,1.18868,1.19342,0.0003017,0.00064532,0.003226601
1/6/2015 2:24,UP,1.19344,1.19505,1.1912,1.19484,0.000426927,0.000493298,0.002466489
1/6/2015 8:26,DOWN,1.19469,1.19696,1.19268,1.1927,-0.000821328,0.000485393,0.002426965
1/6/2015 9:50,DOWN,1.19269,1.19537,1.191,1.19139,-0.000159465,0.000513628,0.002568138
1/6/2015 16:24,UP,1.19139,1.19345,1.18838,1.19246,0.00015096,0.000562712,0.002813562
1/6/2015 20:09,DOWN,1.19247,1.19593,1.19016,1.19032,-0.001200637,0.000663771,0.003318856
1/7/2015 6:29,DOWN,1.19044,1.19057,1.18412,1.18691,-0.000665372,0.000544498,0.002722492
1/7/2015 10:58,DOWN,1.18691,1.18971,1.18412,1.18451,-0.00086918,0.000623384,0.003116922
1/7/2015 14:36,DOWN,1.18439,1.18556,1.18104,1.18126,-0.000482419,0.000565499,0.002827494
1/7/2015 18:19,UP,1.18114,1.18361,1.18016,1.18351,0.000650819,0.0005089,0.002544502
1/8/2015 2:40,DOWN,1.18352,1.18595,1.18077,1.182,-0.000583586,0.000568857,0.002844285
1/8/2015 9:53,DOWN,1.18188,1.18319,1.1781,1.17829,-0.001051819,0.000604942,0.00302471
1/8/2015 14:51,UP,1.1783,1.17928,1.17538,1.17903,0.000653293,0.00057288,0.002864398
1/8/2015 17:27,UP,1.17905,1.18199,1.17716,1.18098,8.47E-06,0.000568521,0.002842605
1/9/2015 4:44,UP,1.18097,1.1818,1.17797,1.18089,2.54E-05,0.000433589,0.002167947
1/9/2015 10:00,UP,1.1809,1.18208,1.17846,1.18153,6.77E-05,0.000442607,0.002213036
1/9/2015 13:44,DOWN,1.18164,1.18331,1.177,1.17713,-0.000577509,0.00075264,0.003763202
1/9/2015 15:29,UP,1.177,1.18203,1.17622,1.18166,0.000313168,0.000701176,0.003505878
1/11/2015 22:01,UP,1.1818,1.18569,1.18162,1.18518,0.000877889,0.000546033,0.002730166
1/12/2015 8:14,DOWN,1.1852,1.18717,1.18336,1.18356,-0.000582817,0.000560005,0.002800027
1/12/2015 10:17,DOWN,1.18344,1.18382,1.17985,1.18025,-0.00041508,0.000500307,0.002501533
1/12/2015 14:01,UP,1.18025,1.1827,1.17857,1.1822,0.000414567,0.000523484,0.00261742
1/13/2015 0:59,UP,1.18233,1.18466,1.18087,1.18425,0.000481433,0.000490443,0.002452216
1/13/2015 5:35,DOWN,1.18427,1.18603,1.18232,1.18246,-0.000236766,0.000432516,0.00216258
1/13/2015 9:20,DOWN,1.18245,1.18529,1.1811,1.18117,-0.000956221,0.000572098,0.002860488
1/13/2015 13:52,DOWN,1.18116,1.18159,1.17666,1.17716,-0.000348235,0.000616467,0.003082337
1/13/2015 17:38,UP,1.17716,1.18004,1.17525,1.17918,0.000559868,0.000545537,0.002727684
1/14/2015 5:24,UP,1.17906,1.17967,1.17584,1.17866,0,0.000436844,0.00218422
1/14/2015 9:30,DOWN,1.1788,1.1812,1.1759,1.1759,-0.001393705,0.000669132,0.003345661
1/14/2015 13:13,UP,1.17603,1.17826,1.17269,1.1779,0.001070273,0.000696425,0.003482124
1/14/2015 13:52,UP,1.17778,1.18472,1.17732,1.18444,0.001698446,0.000939638,0.004698189
1/14/2015 14:53,DOWN,1.18431,1.18466,1.17878,1.17933,-0.000313688,0.000852015,0.004260074
1/15/2015 0:27,DOWN,1.17933,1.18143,1.17711,1.17792,-0.000492272,0.00051744,0.002587199
1/15/2015 8:52,DOWN,1.17792,1.17916,1.17501,1.17509,-0.001360672,0.000563916,0.002819578
1/15/2015 12:59,UP,1.17518,1.17747,1.15718,1.17472,0.00206219,0.001477906,0.007389532
1/15/2015 14:15,DOWN,1.17474,1.17475,1.16688,1.16695,-0.001464286,0.001279184,0.006395919
1/15/2015 15:55,DOWN,1.16695,1.1676,1.16003,1.16007,-0.001119995,0.001013555,0.005067774
1/15/2015 18:50,UP,1.16007,1.16365,1.15673,1.16284,0.000154805,0.000820048,0.004100242
1/16/2015 7:20,UP,1.16283,1.16472,1.15997,1.16442,0.000274853,0.000593417,0.002967083
1/16/2015 10:55,DOWN,1.16427,1.16497,1.15944,1.16069,-0.000232593,0.000636341,0.003181707
1/16/2015 14:19,DOWN,1.1607,1.16101,1.15596,1.15626,-0.001002732,0.000647842,0.003239208
1/16/2015 15:27,DOWN,1.15612,1.15668,1.15104,1.15105,-0.000859715,0.000848359,0.004241795
1/16/2015 17:07,UP,1.15117,1.15292,1.14594,1.15264,0.000234272,0.000963967,0.004819833
1/19/2015 7:13,UP,1.15279,1.15901,1.1521,1.15777,0.000751727,0.000757924,0.00378962
1/19/2015 9:29,UP,1.15762,1.16169,1.15508,1.16103,0.001344538,0.000740527,0.003702634
1/19/2015 15:38,UP,1.16092,1.16358,1.1585,1.16331,0.000515903,0.000621192,0.00310596
1/19/2015 23:49,DOWN,1.16355,1.16396,1.15907,1.15921,-0.000931235,0.00060004,0.003000202
1/20/2015 10:38,UP,1.15937,1.1616,1.15679,1.16111,0.001059893,0.000612695,0.003063476
1/20/2015 16:18,DOWN,1.16097,1.16152,1.15668,1.15692,-0.001269809,0.000668276,0.003341378
1/21/2015 6:15,UP,1.15677,1.15893,1.15399,1.15877,0.001286674,0.000606566,0.00303283
1/21/2015 13:28,UP,1.15875,1.1602,1.15467,1.15947,1.72E-05,0.000610461,0.003052304
1/21/2015 14:16,UP,1.15959,1.16415,1.15931,1.16399,0.001005669,0.000710166,0.00355083
1/21/2015 18:03,DOWN,1.16412,1.16807,1.15645,1.15716,-0.000440637,0.001395413,0.006977063
1/22/2015 10:56,UP,1.15704,1.16396,1.15617,1.16297,0.001075412,0.000961231,0.004806153
1/22/2015 14:10,DOWN,1.16286,1.16529,1.14805,1.14806,-0.00460586,0.002342648,0.011713242
1/22/2015 17:10,DOWN,1.14805,1.15186,1.14037,1.14052,-0.000736235,0.00174118,0.008705901
1/22/2015 21:13,DOWN,1.14052,1.14162,1.13157,1.13222,-0.003007256,0.001578024,0.007890118
1/23/2015 8:54,DOWN,1.13204,1.13746,1.12619,1.12678,-0.002853625,0.001392038,0.00696019
1/23/2015 11:52,DOWN,1.12663,1.12912,1.12121,1.12183,-0.001380717,0.001219243,0.006096214
1/23/2015 14:07,UP,1.12186,1.12621,1.1114,1.12524,0.002063911,0.001726418,0.008632091
1/25/2015 22:37,DOWN,1.12546,1.129,1.11339,1.11483,-0.005581659,0.001898966,0.009494829
1/26/2015 6:46,UP,1.11458,1.12116,1.1097,1.12086,0.001017594,0.001540312,0.007701562
1/26/2015 13:43,UP,1.12104,1.12778,1.11941,1.12695,0.000710133,0.001175087,0.005875434
1/27/2015 6:39,DOWN,1.12691,1.12964,1.12232,1.12299,-0.000810009,0.000957121,0.004785606
1/27/2015 8:42,UP,1.12313,1.132,1.12297,1.13185,0.002981868,0.0013902,0.006951001
1/27/2015 14:07,UP,1.13181,1.13496,1.12607,1.13451,0.001923383,0.001230891,0.006154456
1/28/2015 1:33,DOWN,1.13465,1.14234,1.13302,1.13318,-0.002045243,0.001309478,0.006547392
1/28/2015 14:56,DOWN,1.13332,1.13834,1.13086,1.1312,-0.001713524,0.00101965,0.00509825
1/28/2015 20:26,DOWN,1.13108,1.13705,1.12816,1.12854,-0.001920992,0.001126533,0.005632663
1/29/2015 9:50,UP,1.12855,1.13198,1.12613,1.13166,0.001184803,0.000884655,0.004423273
1/29/2015 15:35,UP,1.13153,1.13687,1.129,1.13613,0.001268264,0.00093225,0.004661252
1/29/2015 16:51,DOWN,1.13613,1.13634,1.12961,1.13019,-8.85E-05,0.001012026,0.005060132
1/30/2015 0:00,UP,1.13026,1.13381,1.12783,1.13356,0.000670679,0.000984852,0.004924261
1/30/2015 15:41,DOWN,1.1337,1.13643,1.12898,1.12924,-0.001804895,0.001066175,0.005330876
2/2/2015 8:45,UP,1.12926,1.13453,1.12769,1.13348,0,0.00088011,0.004400549
2/2/2015 13:21,DOWN,1.13341,1.13554,1.13019,1.13047,-0.001025596,0.000749187,0.003745933
2/2/2015 15:03,UP,1.13049,1.13579,1.13023,1.13527,0.00171913,0.000799203,0.003996015
2/3/2015 13:13,UP,1.13525,1.13814,1.13119,1.13767,0.002420147,0.000866307,0.004331537
2/3/2015 14:55,UP,1.13756,1.14503,1.13747,1.14395,0.001434658,0.001075973,0.005379866
2/3/2015 18:30,UP,1.1441,1.15313,1.14302,1.15264,0.003006319,0.001254454,0.006272271
2/4/2015 0:24,DOWN,1.15257,1.15348,1.14552,1.14617,-0.000471023,0.001030788,0.00515394
2/4/2015 14:20,DOWN,1.14622,1.14858,1.14247,1.14278,-0.000962102,0.000817959,0.004089797
2/4/2015 21:20,DOWN,1.14282,1.1448,1.13646,1.13695,-0.001696085,0.000989549,0.004947747
2/5/2015 9:10,UP,1.1368,1.13974,1.13035,1.13745,0.000826752,0.001010359,0.005051793
2/5/2015 10:49,UP,1.13743,1.14567,1.13642,1.14496,0.002325928,0.001237637,0.006188183
2/5/2015 18:10,UP,1.14509,1.14792,1.13903,1.1478,0.002634588,0.001191755,0.005958777
2/6/2015 10:50,DOWN,1.14781,1.14996,1.14356,1.14375,-0.001179632,0.000828845,0.004144224
2/6/2015 14:24,DOWN,1.14375,1.14671,1.13371,1.13435,-0.00258844,0.001859211,0.009296056
2/9/2015 11:32,DOWN,1.13423,1.13601,1.12984,1.13029,-0.001547078,0.000825658,0.004128292
2/9/2015 14:41,UP,1.13029,1.13335,1.12698,1.13268,0.001563888,0.000914407,0.004572033
2/10/2015 9:21,DOWN,1.13267,1.13557,1.12963,1.12988,-0.001070337,0.000688609,0.003443046
2/10/2015 15:55,UP,1.13,1.13384,1.12726,1.13262,0.000892136,0.00082034,0.004101701
2/11/2015 11:36,DOWN,1.13264,1.13322,1.1292,1.12972,-0.00079634,0.000579265,0.002896324
2/11/2015 22:34,UP,1.12959,1.13532,1.12794,1.13424,0.00090851,0.000992273,0.004961365
2/12/2015 13:35,UP,1.13445,1.13608,1.13015,1.13533,0.001701393,0.000783792,0.00391896
2/12/2015 16:25,UP,1.1353,1.14023,1.13263,1.13943,0.000676005,0.000867619,0.004338093
2/13/2015 4:54,UP,1.13942,1.14359,1.1378,1.14346,0.000629866,0.000805008,0.004025039
2/13/2015 12:18,DOWN,1.14348,1.14438,1.13942,1.13981,-0.001542926,0.000691456,0.003457279
2/16/2015 3:12,UP,1.13993,1.14328,1.13795,1.14207,0.000700728,0.00055227,0.002761348
2/16/2015 16:58,DOWN,1.14206,1.14298,1.1363,1.13705,-0.002029512,0.000715487,0.003577436
2/16/2015 18:33,DOWN,1.13708,1.13821,1.13191,1.13221,-0.001368068,0.000846107,0.004230534
2/17/2015 9:10,UP,1.13206,1.13748,1.13206,1.13699,0.00198087,0.000835243,0.004176217
2/17/2015 11:49,UP,1.137,1.14375,1.13679,1.14332,0.001575603,0.000911245,0.004556225
2/17/2015 14:55,DOWN,1.14344,1.14495,1.13952,1.13972,-0.000578922,0.000772275,0.003861376
2/18/2015 8:46,DOWN,1.13985,1.1426,1.13776,1.13827,-0.000588439,0.000660612,0.003303062
2/18/2015 14:55,DOWN,1.13827,1.14125,1.13587,1.13613,-0.001231495,0.000726965,0.003634824
2/18/2015 19:09,UP,1.13625,1.14115,1.13334,1.14055,0.002080107,0.001090959,0.005454796
2/19/2015 8:37,UP,1.14042,1.14506,1.13743,1.14412,0.000734458,0.000917625,0.004588124
2/19/2015 12:02,DOWN,1.14409,1.14508,1.13848,1.13906,-0.000482738,0.000830947,0.004154736
2/20/2015 6:29,DOWN,1.13894,1.13972,1.13545,1.13561,-0.000739417,0.000567986,0.00283993
2/20/2015 9:12,DOWN,1.13575,1.13627,1.13033,1.13099,-0.001016292,0.000771356,0.00385678
2/20/2015 13:19,DOWN,1.13098,1.13545,1.12804,1.12889,-0.001442855,0.000846567,0.004232837
2/20/2015 15:45,UP,1.12893,1.13648,1.12785,1.13606,0.002538296,0.001140729,0.005703645
2/23/2015 7:42,DOWN,1.13622,1.14299,1.13465,1.13512,-0.000581267,0.001079378,0.005396888
2/23/2015 10:21,DOWN,1.13523,1.13636,1.12983,1.12989,-0.001034963,0.000935153,0.004675764
2/23/2015 15:59,UP,1.12989,1.13595,1.12947,1.13556,0.001806908,0.000817134,0.00408567
2/24/2015 8:19,DOWN,1.13556,1.13608,1.13106,1.13147,-0.000742122,0.000650902,0.003254512
2/24/2015 13:56,UP,1.13144,1.13406,1.1296,1.13363,0.000476459,0.000540661,0.002703304
2/24/2015 16:11,UP,1.13374,1.13588,1.12878,1.1349,0.001102026,0.001062752,0.005313758
2/25/2015 2:52,UP,1.1349,1.13527,1.13015,1.13486,0.000326085,0.000744403,0.003722017
2/25/2015 12:57,DOWN,1.13488,1.13893,1.13372,1.13438,-0.000255614,0.000601884,0.003009419
2/25/2015 22:34,UP,1.13426,1.13691,1.13352,1.1366,0.000211178,0.000427741,0.002138705
2/26/2015 12:17,DOWN,1.13645,1.13804,1.13391,1.13422,-0.000749133,0.00060872,0.0030436
2/26/2015 13:39,DOWN,1.1342,1.13431,1.12907,1.12988,-0.00085813,0.000651448,0.003257241
2/26/2015 14:05,DOWN,1.12975,1.13013,1.12379,1.12427,-0.001475425,0.000921283,0.004606414
2/26/2015 15:20,DOWN,1.1244,1.12645,1.12032,1.12064,-0.000383636,0.000870906,0.00435453
2/27/2015 9:13,UP,1.12053,1.12292,1.11831,1.1227,0.000935683,0.000611479,0.003057397
2/27/2015 14:36,DOWN,1.12271,1.12458,1.11773,1.11787,-0.002171418,0.00086896,0.004344799
3/1/2015 23:25,DOWN,1.11773,1.12274,1.11626,1.11633,-0.001736329,0.000788135,0.003940676
3/2/2015 9:35,UP,1.11649,1.12015,1.11596,1.12015,0.000571515,0.000597268,0.002986338
3/2/2015 12:32,UP,1.12016,1.12413,1.11931,1.1238,0.0003649,0.000614777,0.003073887
3/2/2015 15:22,DOWN,1.12376,1.12382,1.11931,1.11941,-0.000803672,0.000710021,0.003550106
3/3/2015 9:48,DOWN,1.11951,1.12131,1.11696,1.11724,-0.000742626,0.000541638,0.002708188
3/3/2015 14:21,UP,1.11723,1.1185,1.11543,1.11818,0.000518835,0.000472814,0.002364072
3/3/2015 17:05,UP,1.1182,1.12182,1.11766,1.1217,0.001213181,0.000609252,0.003046259
3/3/2015 20:08,DOWN,1.12172,1.12174,1.11727,1.11759,-0.000894382,0.000718386,0.00359193
3/4/2015 8:44,DOWN,1.1176,1.11862,1.11283,1.11322,-0.000933791,0.000766652,0.003833261
3/4/2015 15:05,DOWN,1.11318,1.11451,1.10789,1.10833,-0.001055085,0.000840504,0.004202522
3/5/2015 6:09,DOWN,1.10834,1.10917,1.1038,1.10388,-0.00202715,0.000776447,0.003882237
3/5/2015 13:06,UP,1.10402,1.10738,1.10257,1.10701,0.001102675,0.000574046,0.002870232
3/5/2015 14:06,DOWN,1.10701,1.11153,1.10058,1.10169,-0.00174126,0.001142538,0.00571269
3/5/2015 17:01,DOWN,1.10167,1.10525,1.09904,1.09953,-0.00107261,0.000919385,0.004596923
3/6/2015 9:07,DOWN,1.09939,1.10347,1.09775,1.09801,-0.001856183,0.000766046,0.003830229
3/6/2015 11:55,DOWN,1.09798,1.09891,1.09323,1.09347,-0.001991669,0.000781496,0.003907481
3/6/2015 14:24,DOWN,1.09354,1.09992,1.08617,1.08631,-0.001104047,0.001905654,0.009528272
3/8/2015 22:38,DOWN,1.08618,1.0889,1.08228,1.08246,-0.001689166,0.001092083,0.005460413
3/9/2015 8:02,UP,1.0823,1.08757,1.08221,1.08732,0.000782044,0.000863884,0.004319418
3/9/2015 12:10,DOWN,1.0872,1.09071,1.08526,1.08594,-0.000948037,0.000804428,0.004022139
3/10/2015 0:07,DOWN,1.08595,1.08745,1.08292,1.08333,-0.000129223,0.00059175,0.002958749
3/10/2015 3:30,DOWN,1.08333,1.08351,1.07874,1.07881,-0.001139496,0.000707423,0.003537114
3/10/2015 8:34,DOWN,1.07895,1.08243,1.07709,1.07713,-0.000807376,0.000719647,0.003598233
3/10/2015 15:28,DOWN,1.07727,1.07938,1.07218,1.07253,-0.000903995,0.001103772,0.005518858
3/10/2015 21:09,DOWN,1.07258,1.07341,1.06671,1.06737,-0.00246097,0.000941861,0.004709306
3/11/2015 8:21,DOWN,1.06756,1.07177,1.06374,1.06486,-0.000328628,0.001096457,0.005482287
3/11/2015 9:51,DOWN,1.06486,1.06641,1.06013,1.06027,-0.001602081,0.001057352,0.005286759
3/11/2015 12:29,UP,1.06033,1.06289,1.05596,1.06148,0.000395752,0.000912914,0.004564569
3/11/2015 15:06,DOWN,1.0616,1.06261,1.05567,1.05671,-0.0004163,0.000914836,0.004574179
3/11/2015 17:35,DOWN,1.05686,1.06012,1.0537,1.05386,-0.000957923,0.000948466,0.004742331
3/12/2015 6:54,UP,1.05397,1.05768,1.04938,1.05729,0.002936331,0.001186159,0.005930795
3/12/2015 11:19,UP,1.05728,1.06438,1.05557,1.0627,0.001732939,0.001166028,0.005830141
3/12/2015 16:40,DOWN,1.06281,1.06844,1.05885,1.05941,-0.001970853,0.001268543,0.006342713
3/13/2015 6:36,DOWN,1.05941,1.06407,1.0564,1.05689,-0.002088858,0.001034657,0.005173285
3/13/2015 8:12,UP,1.057,1.06281,1.05684,1.0628,0.001402941,0.001029944,0.00514972
3/13/2015 11:58,DOWN,1.06262,1.06354,1.057,1.05751,-0.001171879,0.000926264,0.004631318
3/13/2015 13:54,DOWN,1.05753,1.05996,1.05311,1.05364,-0.000958123,0.001049502,0.005247511
3/13/2015 17:53,DOWN,1.05366,1.05414,1.04651,1.04797,-0.000162205,0.001065114,0.005325572
3/16/2015 1:27,UP,1.04816,1.0531,1.0462,1.05224,0.00219773,0.00104183,0.005209151
3/16/2015 13:24,UP,1.05241,1.05796,1.04977,1.05725,0.001296655,0.001009003,0.005045017
3/17/2015 5:57,DOWN,1.05721,1.06203,1.05509,1.05587,-0.000842552,0.00091368,0.004568401
3/17/2015 10:28,UP,1.05591,1.06225,1.05514,1.06147,0.000838812,0.000982487,0.004912437
3/17/2015 19:32,DOWN,1.06161,1.06516,1.05835,1.05907,-0.000943779,0.000827673,0.004138366
3/18/2015 10:31,UP,1.05896,1.06355,1.05795,1.06352,0.001354912,0.000822962,0.004114811
3/18/2015 12:56,DOWN,1.06353,1.06364,1.05892,1.05923,-0.001019089,0.000803161,0.004015807
3/18/2015 16:01,UP,1.05935,1.06466,1.0589,1.06428,0.000761368,0.000894829,0.004474144
3/18/2015 18:23,UP,1.06414,1.08008,1.06105,1.07806,0.003289079,0.002237667,0.011188335
3/18/2015 20:06,UP,1.07812,1.10486,1.07205,1.09521,0.010426609,0.003210905,0.016054523
3/19/2015 2:43,DOWN,1.0954,1.09909,1.08191,1.08238,-0.001956731,0.002258233,0.011291164
3/19/2015 7:23,DOWN,1.08237,1.08256,1.07059,1.07089,-0.004211906,0.002124308,0.01062154
3/19/2015 15:54,DOWN,1.07072,1.07376,1.06179,1.06317,-0.001625887,0.001433936,0.00716968
3/20/2015 1:41,UP,1.06333,1.06866,1.06126,1.06811,0.001742912,0.001104138,0.00552069
3/20/2015 12:09,UP,1.06815,1.07301,1.0656,1.07301,0.001128305,0.001040123,0.005200614
3/20/2015 13:27,UP,1.07301,1.08086,1.07128,1.08069,0.001750414,0.001399314,0.006996568
3/20/2015 17:00,UP,1.08069,1.08567,1.07536,1.08461,0.001023933,0.001553082,0.00776541
3/23/2015 2:14,DOWN,1.0846,1.08832,1.07836,1.07874,-0.001815286,0.001460711,0.007303554
3/23/2015 10:15,UP,1.07878,1.08711,1.07669,1.08658,0.003669594,0.001351194,0.006755972
3/23/2015 13:38,UP,1.0866,1.09423,1.08565,1.09309,0.000128085,0.001204616,0.006023082
3/23/2015 19:51,UP,1.09308,1.09722,1.08828,1.09656,0.000848467,0.001313533,0.006567665
3/24/2015 8:32,UP,1.09658,1.0984,1.09037,1.09814,0.000883702,0.001102471,0.005512356
3/24/2015 13:36,DOWN,1.098,1.10296,1.09185,1.09291,-0.000621999,0.001417548,0.007087739
3/25/2015 8:09,UP,1.09304,1.09638,1.08901,1.09634,0.001396527,0.001033006,0.005165031
3/25/2015 12:56,UP,1.09634,1.10152,1.09426,1.10028,0.00107303,0.000892271,0.004461357
3/26/2015 5:08,UP,1.10027,1.10054,1.09486,1.09875,0.00042785,0.0006907,0.003453499
3/26/2015 8:07,UP,1.09861,1.10196,1.09723,1.10171,0.00041762,0.00066454,0.003322701
3/26/2015 11:23,DOWN,1.10158,1.10529,1.09958,1.10004,-0.000917727,0.00077827,0.003891351
3/26/2015 14:03,DOWN,1.09992,1.10232,1.09384,1.09506,-0.000127839,0.00113793,0.005689652
3/26/2015 17:36,DOWN,1.09506,1.0952,1.08643,1.08666,-0.002848717,0.001283498,0.006417488
3/27/2015 7:47,DOWN,1.08668,1.08966,1.08244,1.08256,-0.001578343,0.001088717,0.005443583
3/27/2015 12:24,UP,1.08268,1.08758,1.08008,1.08623,0.000552522,0.000887601,0.004438004
3/27/2015 16:12,UP,1.08634,1.0943,1.08544,1.09265,0.002584218,0.00117283,0.005864148
3/30/2015 0:09,DOWN,1.0928,1.09494,1.08544,1.08586,-0.002446676,0.001121615,0.005608073
3/30/2015 16:09,DOWN,1.0858,1.0885,1.08093,1.08156,-0.00034204,0.001083609,0.005418044
3/31/2015 5:51,DOWN,1.08156,1.08461,1.07774,1.07775,-0.001149884,0.000875706,0.004378532
3/31/2015 8:41,DOWN,1.07788,1.07941,1.0733,1.07334,-0.000903313,0.000931114,0.00465557
4/1/2015 1:17,UP,1.07347,1.07821,1.07125,1.07707,0.00114264,0.000841786,0.00420893
4/1/2015 7:46,DOWN,1.07707,1.0793,1.07447,1.07473,-0.000176773,0.000749595,0.003747974
4/1/2015 12:24,UP,1.07464,1.08006,1.07181,1.07947,0.001464753,0.001231436,0.00615718
4/2/2015 6:28,UP,1.07938,1.08213,1.07267,1.0821,0.002980132,0.001146169,0.005730845
4/2/2015 13:54,UP,1.08213,1.09055,1.08013,1.08866,0.000744311,0.001366338,0.006831689
4/3/2015 12:32,UP,1.08861,1.09997,1.08634,1.09797,0.006331651,0.001798821,0.008994106
4/6/2015 14:58,UP,1.09815,1.10359,1.09595,1.10335,0.000344465,0.001138217,0.005691084
4/6/2015 19:06,DOWN,1.10322,1.10364,1.09352,1.09352,-0.004416307,0.001603302,0.00801651
4/7/2015 8:30,DOWN,1.09335,1.09555,1.08656,1.08702,-0.001489204,0.001286512,0.006432558
4/7/2015 19:24,DOWN,1.08703,1.08856,1.08142,1.08246,-0.000424868,0.000844482,0.004222409
4/8/2015 4:56,UP,1.08245,1.0854,1.08029,1.08487,0.000387218,0.000681193,0.003405963
4/8/2015 10:10,UP,1.08488,1.08819,1.08351,1.08773,0.000533363,0.000725245,0.003626226
4/8/2015 14:17,DOWN,1.08787,1.08882,1.08132,1.08175,-0.000443627,0.001038357,0.005191786
4/9/2015 5:35,DOWN,1.08188,1.08363,1.076,1.07668,-0.00026931,0.001084766,0.005423828
4/9/2015 14:03,DOWN,1.07668,1.07868,1.07123,1.07198,-0.000540909,0.000942781,0.004713906
4/9/2015 15:57,DOWN,1.07196,1.07285,1.06679,1.06721,-0.000899137,0.000865624,0.004328119
4/10/2015 2:36,UP,1.06721,1.06845,1.06372,1.06801,8.43E-05,0.000683167,0.003415833
4/10/2015 7:15,DOWN,1.06805,1.06841,1.06177,1.06238,-0.001721066,0.000826165,0.004130825
4/10/2015 11:46,DOWN,1.06238,1.0637,1.0576,1.0576,-0.001388974,0.000964865,0.004824323
4/10/2015 14:08,UP,1.0576,1.0627,1.05674,1.06178,7.53E-05,0.000931113,0.004655563
4/10/2015 17:30,DOWN,1.06178,1.06361,1.05822,1.05856,-0.000264475,0.00088769,0.004438451
4/13/2015 8:37,DOWN,1.05842,1.06199,1.05556,1.05609,-0.00097482,0.000973953,0.004869767
4/13/2015 13:12,UP,1.05609,1.05925,1.052,1.0583,0.001588713,0.000951874,0.004759368
4/14/2015 5:33,DOWN,1.05834,1.06117,1.05415,1.05469,-0.000644531,0.000809415,0.004047074
4/14/2015 11:28,UP,1.05469,1.05814,1.05309,1.05697,0.000151388,0.000646332,0.003231658
4/14/2015 12:54,UP,1.05709,1.06456,1.05576,1.06287,0.001054306,0.001092431,0.005462157
4/15/2015 0:44,DOWN,1.06276,1.07081,1.06209,1.063,-0.000789904,0.001105899,0.005529496
4/15/2015 8:26,DOWN,1.06314,1.06648,1.05844,1.05922,-0.001235995,0.001194096,0.005970478
4/15/2015 13:34,UP,1.05934,1.06746,1.05702,1.06741,0.003575773,0.001370169,0.006850847
4/15/2015 14:53,DOWN,1.06724,1.06751,1.05877,1.05936,-0.000773753,0.001331971,0.006659857
4/15/2015 17:21,UP,1.05923,1.06711,1.05836,1.06672,0.001285136,0.001385624,0.006928122
4/16/2015 6:28,DOWN,1.06672,1.07476,1.06626,1.06649,-0.002425583,0.001303304,0.006516519
4/16/2015 10:17,UP,1.06634,1.06959,1.06241,1.06959,0.002396309,0.001251258,0.00625629
4/16/2015 17:47,UP,1.06945,1.07844,1.06842,1.07826,0.002869842,0.001343439,0.006717194
4/17/2015 8:52,UP,1.07837,1.08205,1.07372,1.0814,0.001388054,0.000962629,0.004813143
4/17/2015 12:53,DOWN,1.08141,1.08494,1.075,1.07615,-0.001262966,0.001220736,0.006103681
4/17/2015 19:13,UP,1.07597,1.08136,1.07341,1.08095,0.001323786,0.000918379,0.004591896
4/20/2015 5:12,DOWN,1.081,1.08242,1.07664,1.07692,-0.001104393,0.000873149,0.004365744
4/20/2015 9:00,DOWN,1.07691,1.08068,1.07475,1.07517,-0.00079026,0.000935803,0.004679016
4/21/2015 2:22,DOWN,1.0753,1.07692,1.07118,1.07261,-0.000568545,0.000701524,0.003507622
4/21/2015 6:50,DOWN,1.0726,1.0738,1.06777,1.06789,-0.0025345,0.000943977,0.004719885
4/21/2015 12:27,UP,1.06786,1.07181,1.06594,1.07132,0.001195502,0.000882343,0.004411714
4/21/2015 15:08,UP,1.0712,1.07485,1.06834,1.07467,0.000660886,0.001053831,0.005269155
4/22/2015 1:40,DOWN,1.07454,1.0782,1.07161,1.07207,-0.000466279,0.000908086,0.004540431
4/22/2015 8:52,UP,1.07208,1.07955,1.07172,1.07898,0.002245378,0.001090705,0.005453523
4/22/2015 12:20,DOWN,1.07909,1.08016,1.07253,1.07294,-0.002122748,0.001046433,0.005232164
4/23/2015 2:55,DOWN,1.07298,1.07496,1.06909,1.06941,-0.000476785,0.000837005,0.004185027
4/23/2015 7:41,DOWN,1.06954,1.0719,1.06653,1.06733,-0.000384062,0.000776295,0.003881473
4/23/2015 8:54,UP,1.06732,1.07371,1.06732,1.07298,0.001380288,0.000958349,0.004791744
4/23/2015 14:31,UP,1.07283,1.08054,1.07166,1.08004,0.00327375,0.00123497,0.00617485
4/24/2015 3:02,DOWN,1.08004,1.08463,1.07848,1.0797,-0.001184812,0.000862444,0.004312222
4/24/2015 6:48,UP,1.07985,1.08755,1.07841,1.08715,0.000929466,0.001466032,0.007330158
4/24/2015 10:20,DOWN,1.08711,1.09009,1.08205,1.08229,-0.001763221,0.001253116,0.00626558
4/27/2015 0:14,UP,1.08233,1.08798,1.08044,1.08741,0.000800386,0.000941992,0.004709962
4/27/2015 10:25,DOWN,1.08742,1.08874,1.08203,1.08254,-0.001227838,0.000879912,0.004399561
4/27/2015 14:59,UP,1.08256,1.08845,1.08191,1.08821,0.00132415,0.000890318,0.004451592
4/27/2015 22:34,DOWN,1.08802,1.09273,1.08661,1.0872,-0.001139895,0.000859788,0.004298938
4/28/2015 10:18,UP,1.08719,1.09317,1.08594,1.09251,0.001373929,0.000942705,0.004713526
4/28/2015 15:04,UP,1.09269,1.09902,1.09172,1.09832,0.001640211,0.001075904,0.005379519
4/29/2015 9:02,UP,1.0982,1.10151,1.09591,1.10136,0.001190146,0.000814113,0.004070564
4/29/2015 12:38,UP,1.10131,1.10509,1.09851,1.10473,0.00171229,0.00092368,0.004618398
4/29/2015 14:10,UP,1.10481,1.10995,1.10058,1.10964,0.001235397,0.001171749,0.005858744
4/29/2015 18:19,DOWN,1.10966,1.11889,1.10754,1.10783,-0.003460242,0.001684412,0.008422062
4/30/2015 7:46,UP,1.10797,1.11753,1.10709,1.11698,0.001711432,0.001540696,0.007703482
4/30/2015 13:14,DOWN,1.11728,1.12498,1.11378,1.11439,-0.000708657,0.001477836,0.00738918
4/30/2015 18:40,UP,1.11448,1.1224,1.11154,1.12148,0.001061661,0.00160568,0.0080284
5/1/2015 16:17,DOWN,1.12147,1.12856,1.11837,1.11872,-0.001054221,0.00158063,0.007903148
5/4/2015 8:13,DOWN,1.11874,1.12252,1.11354,1.1137,-0.001417689,0.00117686,0.005884301
5/5/2015 2:18,DOWN,1.11371,1.11909,1.11223,1.11383,-0.001058847,0.000777112,0.003885559
5/5/2015 7:52,DOWN,1.11382,1.11475,1.10822,1.10863,-0.001171931,0.000866381,0.004331904
5/5/2015 11:23,UP,1.10876,1.11404,1.10659,1.11344,0.000637867,0.000959233,0.004796166
5/5/2015 15:32,UP,1.11347,1.12103,1.11088,1.12,0.000714541,0.001346248,0.006731241
5/6/2015 6:15,UP,1.12,1.12428,1.11709,1.12373,0.000258102,0.001035034,0.005175172
5/6/2015 12:49,UP,1.12385,1.12858,1.12019,1.12747,0.000425823,0.001091512,0.005457561
5/6/2015 14:14,UP,1.12753,1.1368,1.1269,1.13538,0.001410214,0.001233319,0.006166593
5/7/2015 11:17,DOWN,1.13542,1.13926,1.1317,1.13287,-0.000467729,0.000948589,0.004742947
5/7/2015 14:07,DOWN,1.1327,1.13423,1.12477,1.12568,-0.001615495,0.001137066,0.005685329
5/8/2015 2:27,DOWN,1.12548,1.12907,1.12248,1.12262,-0.001433118,0.000885781,0.004428907
5/8/2015 8:19,UP,1.12257,1.1245,1.11811,1.12377,0.000204689,0.000896697,0.004483483
5/10/2015 23:56,DOWN,1.12376,1.12941,1.11786,1.11958,-5.36E-05,0.001464281,0.007321403
5/11/2015 15:58,DOWN,1.11957,1.12036,1.11303,1.11451,-0.000529241,0.000891306,0.00445653
5/12/2015 5:12,UP,1.11428,1.11905,1.11326,1.1185,0.001870322,0.000873877,0.004369386
5/12/2015 8:06,UP,1.11851,1.12441,1.11665,1.12405,0.001041421,0.001052447,0.005262237
5/12/2015 13:14,DOWN,1.12404,1.12799,1.12246,1.12272,-0.000240458,0.000784518,0.003922588
5/12/2015 18:18,DOWN,1.12256,1.12675,1.12147,1.12155,-0.000525919,0.000818234,0.004091168
5/13/2015 6:37,UP,1.12174,1.1267,1.1205,1.12574,0.001956182,0.000857779,0.004288894
5/13/2015 12:39,UP,1.12573,1.13053,1.12019,1.12977,0.002091106,0.001470563,0.007352813
5/13/2015 15:41,UP,1.13001,1.13705,1.13001,1.1368,0.000950487,0.001136724,0.005683619
5/14/2015 6:44,UP,1.13681,1.13996,1.13394,1.13948,0.001475445,0.000891285,0.004456426
5/14/2015 14:54,DOWN,1.13964,1.14455,1.13675,1.13731,-0.00301135,0.001124078,0.005620389
5/14/2015 20:02,UP,1.13733,1.14113,1.1343,1.14096,0.000780349,0.000980663,0.004903313
5/15/2015 9:28,DOWN,1.14107,1.14217,1.13453,1.1351,-0.000986211,0.000925471,0.004627355
5/15/2015 14:08,UP,1.13523,1.14023,1.13235,1.13963,0.003023088,0.001130805,0.005654027
5/15/2015 18:47,UP,1.13966,1.14678,1.13926,1.14624,0.001440526,0.000990425,0.004952127
5/18/2015 7:24,DOWN,1.1464,1.14671,1.13914,1.13949,-0.002436717,0.000970646,0.004853232
5/18/2015 13:38,DOWN,1.13948,1.14251,1.13607,1.13621,-0.000765411,0.000945924,0.004729618
5/18/2015 18:41,DOWN,1.13632,1.13704,1.12998,1.13038,-0.000680955,0.001016752,0.005083762
5/19/2015 7:14,DOWN,1.13032,1.13273,1.12122,1.122,-0.005998019,0.001739949,0.008699747
5/19/2015 12:51,DOWN,1.12202,1.12255,1.11356,1.11406,-0.001408268,0.001319316,0.006596581
5/20/2015 6:04,DOWN,1.11391,1.11677,1.10965,1.11065,-0.002428059,0.000955785,0.004778925
5/20/2015 9:49,UP,1.11065,1.11291,1.1062,1.11231,0.000359677,0.000858287,0.004291437
5/20/2015 15:13,DOWN,1.11217,1.1146,1.10888,1.10972,-0.000378402,0.000747162,0.003735812
5/20/2015 18:33,UP,1.10971,1.11426,1.10695,1.11251,0.000719353,0.000833231,0.004166155
5/21/2015 8:32,UP,1.11238,1.11741,1.10795,1.11665,0.001487695,0.001325647,0.006628236
5/21/2015 13:50,DOWN,1.11663,1.11822,1.1107,1.11097,-0.000737821,0.001008851,0.005044256
5/22/2015 4:11,UP,1.11096,1.11532,1.11009,1.11497,0.000565197,0.000739356,0.003696779
5/22/2015 9:39,UP,1.11498,1.11924,1.11334,1.11924,0.001663224,0.000888829,0.004444145
5/22/2015 12:33,DOWN,1.1191,1.12092,1.11118,1.11141,-0.00509761,0.001510887,0.007554437
5/22/2015 13:23,DOWN,1.11141,1.11207,1.10235,1.103,-0.000190372,0.001514949,0.007574743
5/25/2015 0:45,DOWN,1.10314,1.10446,1.09708,1.09759,-0.000673977,0.001098534,0.005492668
5/26/2015 0:37,DOWN,1.0976,1.1009,1.09561,1.09589,-0.000602069,0.000712608,0.003563042
5/26/2015 6:29,DOWN,1.09589,1.09613,1.09076,1.0914,-0.000247358,0.000814319,0.004071597
5/26/2015 12:00,UP,1.09127,1.09354,1.08846,1.0931,0.000128084,0.000709884,0.003549418
5/26/2015 14:27,DOWN,1.0931,1.09413,1.08737,1.08763,-0.001552631,0.000965103,0.004825516
5/27/2015 6:56,UP,1.08751,1.09299,1.08629,1.09257,0.000961499,0.000903554,0.004517771
5/27/2015 11:39,DOWN,1.09255,1.09255,1.08716,1.08753,-0.000974211,0.000827295,0.004136477
5/27/2015 13:16,DOWN,1.08768,1.08808,1.08188,1.08273,-0.000803202,0.000862189,0.004310947
5/27/2015 14:20,UP,1.08273,1.09112,1.08249,1.09083,0.003618467,0.001246332,0.006231662
5/28/2015 6:25,UP,1.09072,1.09454,1.08616,1.09358,0.002041256,0.001046925,0.005234625
5/28/2015 11:44,DOWN,1.09359,1.09516,1.0887,1.08906,-0.000247889,0.000901534,0.004507668
5/28/2015 17:19,UP,1.08891,1.09469,1.08667,1.09424,0.000978326,0.001153247,0.005766235
5/29/2015 9:45,UP,1.09419,1.09893,1.09234,1.09877,0.001584844,0.001014574,0.00507287
6/1/2015 1:00,DOWN,1.0988,1.10069,1.09344,1.09419,-0.000201042,0.000974237,0.004871186
6/1/2015 7:42,DOWN,1.09419,1.09683,1.09061,1.09101,-0.000641402,0.000969339,0.004846694
6/1/2015 12:33,UP,1.09101,1.09606,1.0891,1.09544,0.000831062,0.001118782,0.005593909
6/1/2015 14:30,DOWN,1.0953,1.09798,1.08999,1.09032,-0.001530489,0.001268263,0.006341313
6/2/2015 4:31,UP,1.09019,1.09435,1.08867,1.09363,0.000722626,0.000842903,0.004214513
6/2/2015 7:16,UP,1.09349,1.09874,1.09177,1.09872,0.002442182,0.001081468,0.005407341
6/2/2015 10:33,UP,1.09873,1.10394,1.09452,1.10246,1.81E-05,0.001200932,0.006004662
6/2/2015 13:06,UP,1.10232,1.11178,1.10167,1.11157,0.005557124,0.001661239,0.008306195
6/2/2015 17:06,UP,1.11145,1.11951,1.11033,1.11833,0.001467549,0.001237351,0.006186756
6/3/2015 9:17,DOWN,1.11852,1.11904,1.11031,1.11091,-0.002059251,0.001240647,0.006203235
6/3/2015 13:37,UP,1.11093,1.12379,1.10797,1.12216,0.004295589,0.001658044,0.008290218
6/4/2015 3:31,UP,1.122,1.12858,1.11914,1.12729,0.000780938,0.001067707,0.005338537
6/4/2015 8:20,UP,1.12732,1.13257,1.12299,1.13216,0.002228315,0.001345353,0.006726766
6/4/2015 12:43,DOWN,1.13206,1.13805,1.12857,1.12913,-0.002379532,0.001163994,0.005819968
6/4/2015 22:13,DOWN,1.12931,1.1319,1.12181,1.12205,-0.001522836,0.001195421,0.005977103
6/5/2015 7:08,UP,1.12206,1.12732,1.11793,1.12548,0.00150271,0.00106805,0.005340251
6/5/2015 11:01,DOWN,1.12547,1.12807,1.12167,1.12235,-0.000481018,0.000927868,0.00463934
6/5/2015 13:00,DOWN,1.12247,1.12826,1.10747,1.10881,-0.001252811,0.002300175,0.011500876
6/8/2015 7:11,UP,1.10871,1.11665,1.10489,1.11548,0.000941742,0.001487379,0.007436895
6/8/2015 12:36,UP,1.11562,1.11955,1.11143,1.11879,0.000634816,0.00111026,0.005551299
6/8/2015 17:11,UP,1.11883,1.12686,1.11752,1.12659,0.002986908,0.001333001,0.006665006
6/9/2015 3:45,UP,1.12656,1.13345,1.12487,1.13181,0.000167887,0.001058255,0.005291277
6/9/2015 10:01,DOWN,1.13182,1.13467,1.12556,1.12678,-0.000106492,0.000970469,0.004852345
6/9/2015 12:52,DOWN,1.12691,1.12855,1.12136,1.1223,-0.000240548,0.000966157,0.004830784
6/9/2015 15:57,UP,1.12232,1.12904,1.12196,1.12818,0.000877905,0.000907194,0.004535971
6/10/2015 7:18,UP,1.12819,1.13426,1.126,1.13376,0.00215445,0.001084728,0.00542364
6/10/2015 9:41,DOWN,1.13363,1.13869,1.12952,1.1305,-0.00080463,0.001143085,0.005715427
6/10/2015 13:28,UP,1.13029,1.1348,1.12598,1.13446,0.001905804,0.001169763,0.005848817
6/11/2015 1:54,DOWN,1.13445,1.13519,1.12727,1.12878,-0.001469534,0.000978595,0.004892973
6/11/2015 8:12,DOWN,1.12878,1.13322,1.12405,1.12544,-0.000382,0.000932397,0.004661984
6/11/2015 12:34,DOWN,1.12548,1.12849,1.11818,1.12185,-0.001024567,0.001019838,0.005099189
6/11/2015 20:17,UP,1.12183,1.12783,1.12046,1.12678,0.000142008,0.000935448,0.004677241
6/12/2015 8:28,DOWN,1.12666,1.12697,1.12053,1.12133,-0.000909221,0.000849236,0.004246178
6/12/2015 12:26,UP,1.12149,1.12401,1.11506,1.12304,0.000979964,0.001216841,0.006084203
6/12/2015 15:14,UP,1.12303,1.12974,1.12117,1.12881,0.001844348,0.001217225,0.006086127
6/14/2015 23:41,DOWN,1.1288,1.12899,1.12141,1.12164,-0.000962413,0.001213953,0.006069765
6/15/2015 8:09,UP,1.12182,1.12493,1.11889,1.12469,0.001459244,0.000904465,0.004522325
6/15/2015 11:12,DOWN,1.12467,1.12612,1.12064,1.12077,-0.000454941,0.000680286,0.003401428
6/15/2015 14:35,UP,1.12076,1.12519,1.12037,1.12458,0.000391334,0.00064284,0.0032142
6/15/2015 17:11,UP,1.12458,1.12884,1.12391,1.1283,-8.86E-06,0.000692014,0.00346007
6/16/2015 7:07,UP,1.12831,1.13285,1.12478,1.13253,0.001838285,0.000952774,0.004763868
6/16/2015 8:36,DOWN,1.13239,1.13306,1.12628,1.12673,-0.001401306,0.000991456,0.004957281
6/16/2015 12:18,DOWN,1.12673,1.12747,1.12085,1.12144,-0.001211992,0.000955185,0.004775927
6/17/2015 1:49,UP,1.12144,1.12578,1.12045,1.12565,0.000799858,0.000660323,0.003301616
6/17/2015 14:47,DOWN,1.12578,1.12928,1.12242,1.12283,-0.001468423,0.000750621,0.003753107
6/17/2015 17:59,UP,1.12282,1.12698,1.12259,1.12671,0.000461627,0.000664207,0.003321034
6/17/2015 18:53,UP,1.12654,1.13364,1.12059,1.13342,0.00068842,0.001175767,0.005878837
6/18/2015 7:54,UP,1.13357,1.13785,1.13249,1.13759,0.000809054,0.000714485,0.003572425
6/18/2015 12:36,UP,1.13759,1.14291,1.13685,1.14182,3.50E-05,0.000800809,0.004004043
6/18/2015 17:39,DOWN,1.14184,1.1437,1.13397,1.13577,-0.000950445,0.00095603,0.004780149
6/19/2015 6:45,DOWN,1.13572,1.13987,1.13319,1.13379,-9.70E-05,0.000723653,0.003618264
6/19/2015 14:15,UP,1.1338,1.13534,1.12918,1.13446,0.000476111,0.000744359,0.003721797
6/22/2015 1:36,UP,1.13442,1.1386,1.13249,1.13772,0.000668226,0.000777182,0.003885912
6/22/2015 7:58,DOWN,1.1376,1.14044,1.1329,1.13328,-0.001833698,0.000878534,0.004392668
6/22/2015 13:05,UP,1.13329,1.13818,1.13113,1.13748,0.001566088,0.000847836,0.00423918
6/22/2015 18:54,DOWN,1.13734,1.14108,1.13395,1.1341,-0.000978271,0.000903853,0.004519265
6/23/2015 2:45,DOWN,1.13422,1.13482,1.12729,1.12838,-0.001399258,0.000909046,0.004545231
6/23/2015 9:53,DOWN,1.12822,1.12841,1.12246,1.12292,-0.001628353,0.000890942,0.00445471
6/23/2015 12:36,DOWN,1.12291,1.12381,1.11677,1.11702,-0.002896376,0.001034939,0.005174693
6/24/2015 5:32,UP,1.11717,1.11995,1.11346,1.1193,0.000661346,0.000803915,0.004019574
6/24/2015 13:27,DOWN,1.11942,1.12356,1.11699,1.11725,-0.001600866,0.000922567,0.004612836
6/25/2015 2:52,UP,1.11713,1.12196,1.11684,1.12115,0.000901267,0.000679829,0.003399147
6/25/2015 9:28,DOWN,1.12115,1.12282,1.1165,1.11693,-0.00093069,0.00082469,0.00412345
6/25/2015 10:33,UP,1.11708,1.12248,1.11533,1.12055,0.000937479,0.000872958,0.004364789
6/26/2015 8:21,UP,1.1204,1.12206,1.11786,1.12165,0.000686724,0.000602827,0.003014134
6/26/2015 12:55,DOWN,1.12165,1.12181,1.11796,1.11803,-0.001358611,0.000618294,0.003091471
6/26/2015 15:02,DOWN,1.11804,1.11979,1.11295,1.11341,-0.002036706,0.000934224,0.00467112
6/28/2015 23:53,DOWN,1.11349,1.1179,1.09538,1.09789,-0.00075571,0.003510786,0.01755393
6/29/2015 6:59,UP,1.09809,1.11125,1.09688,1.10886,0.000198422,0.001946159,0.009730797
6/29/2015 12:55,UP,1.10886,1.11409,1.10576,1.11322,0.001276393,0.001244059,0.006220297
6/29/2015 15:27,UP,1.1132,1.11919,1.11077,1.11841,-3.58E-05,0.001289235,0.006446176
6/29/2015 17:35,UP,1.11853,1.12738,1.11727,1.12738,0.005496816,0.001775211,0.008876056
6/30/2015 1:11,DOWN,1.12729,1.12793,1.11907,1.11932,-0.000910853,0.001332057,0.006660286
6/30/2015 8:50,DOWN,1.11918,1.12033,1.11403,1.11423,-0.001210866,0.001036937,0.005184683
6/30/2015 10:32,UP,1.11423,1.12074,1.11338,1.11977,0.000589581,0.000944029,0.004720144
6/30/2015 13:04,UP,1.1199,1.12378,1.11626,1.12346,0.001443015,0.000998746,0.004993732
6/30/2015 14:41,DOWN,1.12346,1.12448,1.11755,1.11801,-0.000143101,0.000952071,0.004760353
6/30/2015 22:29,DOWN,1.11798,1.11954,1.11125,1.11373,-0.000682159,0.0009084,0.004542
7/1/2015 9:14,UP,1.11373,1.11716,1.10948,1.11586,0.001910666,0.00098551,0.00492755
7/1/2015 11:27,DOWN,1.11585,1.11597,1.10991,1.11039,-0.000657211,0.000973548,0.004867742
7/1/2015 18:51,DOWN,1.11051,1.11139,1.10431,1.10481,-0.000651484,0.000891597,0.004457987
7/2/2015 12:30,UP,1.10481,1.1115,1.10318,1.10918,0.002346826,0.000930206,0.004651029
7/3/2015 9:45,UP,1.10909,1.11223,1.1075,1.11146,0.000278951,0.000615375,0.003076875
7/3/2015 16:59,DOWN,1.1116,1.11184,1.10648,1.10658,-0.002518109,0.000805288,0.00402644
7/6/2015 8:07,UP,1.10674,1.1118,1.09909,1.10865,0.000604521,0.001469795,0.007348973
7/6/2015 11:55,DOWN,1.10865,1.10962,1.10159,1.10173,-0.001442144,0.001199316,0.005996582
7/6/2015 15:00,UP,1.10174,1.1078,1.10011,1.10746,0.000794927,0.00103497,0.005174851
7/7/2015 2:45,DOWN,1.10736,1.10921,1.1033,1.10357,-0.000154034,0.000828927,0.004144637
7/7/2015 8:06,DOWN,1.1037,1.10455,1.09931,1.09951,-0.000909083,0.000822462,0.004112309
7/7/2015 12:04,DOWN,1.09952,1.10038,1.09348,1.09348,-0.002584724,0.001120338,0.005601689
7/7/2015 19:00,UP,1.09346,1.09806,1.09159,1.09791,0.001266844,0.000795277,0.003976384
7/8/2015 8:02,UP,1.09792,1.10592,1.09739,1.10443,0.001340956,0.001074169,0.005370844
7/8/2015 15:03,UP,1.10445,1.10735,1.10055,1.10635,0.000886188,0.000916676,0.004583379
7/9/2015 5:45,UP,1.10633,1.11159,1.10402,1.11059,0.000504364,0.000878964,0.004394818
7/9/2015 7:45,DOWN,1.11045,1.11249,1.10428,1.10478,-0.001383933,0.000916303,0.004581514
7/9/2015 17:05,DOWN,1.10492,1.10701,1.10024,1.10071,-0.000390581,0.000886628,0.004433142
7/9/2015 22:07,UP,1.1007,1.10662,1.09912,1.10609,0.002389639,0.001010888,0.005054442
7/10/2015 6:01,UP,1.10607,1.11347,1.10519,1.11191,0.000935765,0.00092874,0.004643698
7/10/2015 9:21,UP,1.11193,1.1164,1.10787,1.11579,0.002827104,0.001086315,0.005431574
7/10/2015 15:30,DOWN,1.11592,1.12165,1.11397,1.11403,-0.002922039,0.001163797,0.005818985
7/13/2015 7:55,DOWN,1.11414,1.11975,1.10575,1.10592,-0.003538293,0.001617141,0.008085707
7/13/2015 14:41,DOWN,1.10594,1.10873,1.10153,1.10172,-0.001469348,0.001002903,0.005014515
7/14/2015 0:48,DOWN,1.10183,1.10331,1.09732,1.09778,-0.001092518,0.000858033,0.004290166
7/14/2015 8:24,UP,1.09792,1.10329,1.09654,1.10235,0.001770515,0.000867388,0.00433694
7/14/2015 14:14,DOWN,1.10268,1.10849,1.10126,1.10199,-0.000734764,0.000908115,0.004540575
7/15/2015 12:44,DOWN,1.10137,1.10363,1.09732,1.0975,-0.00051012,0.000903822,0.004519111
7/16/2015 1:52,DOWN,1.09764,1.09834,1.0912,1.09228,-0.000933391,0.000930683,0.004653415
7/16/2015 10:44,DOWN,1.09228,1.09492,1.08877,1.08879,-0.000266315,0.000903352,0.00451676
7/17/2015 7:31,UP,1.08876,1.0927,1.0855,1.09065,0.000926482,0.000758875,0.003794374
7/17/2015 12:54,DOWN,1.09066,1.09069,1.08605,1.08644,-0.000331303,0.000702076,0.00351038
7/19/2015 21:43,DOWN,1.08647,1.08722,1.08279,1.08322,-0.001088752,0.000609805,0.003049025
7/20/2015 7:22,UP,1.08346,1.08599,1.082,1.08538,0.000543736,0.00055969,0.002798448
7/20/2015 20:49,DOWN,1.08551,1.08709,1.08078,1.0825,-0.000554119,0.000650162,0.003250811
7/21/2015 8:21,UP,1.08254,1.08614,1.0811,1.08565,0.000755593,0.000660324,0.003301619
7/21/2015 13:15,UP,1.08565,1.08894,1.0842,1.08816,0.001499065,0.000657992,0.003289962
7/21/2015 14:50,UP,1.08829,1.09409,1.087,1.09355,0.002096293,0.000943301,0.004716505
7/22/2015 12:11,DOWN,1.09353,1.09691,1.09108,1.09114,-0.001135781,0.000770639,0.003853195
7/22/2015 20:20,UP,1.09113,1.0927,1.0869,1.0927,0.001401183,0.000784204,0.003921018
7/23/2015 7:31,UP,1.09256,1.09828,1.09184,1.09813,0.00248914,0.000986709,0.004933544
7/23/2015 13:20,DOWN,1.09828,1.10194,1.09512,1.09548,-0.000802978,0.001059015,0.005295075
7/24/2015 6:06,DOWN,1.09562,1.10166,1.09545,1.09672,-0.000446687,0.000720329,0.003601646
7/24/2015 8:45,DOWN,1.09672,1.09963,1.09313,1.09359,-0.000566779,0.000811913,0.004059566
7/24/2015 16:54,UP,1.09351,1.0993,1.09253,1.09786,0.000136639,0.000893201,0.004466005
7/27/2015 6:25,UP,1.09791,1.10345,1.09689,1.10338,0.002786238,0.000961876,0.00480938
7/27/2015 7:26,UP,1.10336,1.10889,1.1015,1.10864,0.001606861,0.001140662,0.005703308
7/27/2015 15:42,UP,1.10861,1.11284,1.105,1.11284,0.002321084,0.000951569,0.004757845
7/28/2015 2:43,DOWN,1.11287,1.11294,1.10832,1.10866,-0.00047794,0.000736532,0.003682659
7/28/2015 10:14,DOWN,1.10866,1.10872,1.10296,1.10303,-0.002254874,0.000781267,0.003906337
7/28/2015 21:47,UP,1.10298,1.10649,1.10222,1.10626,0.000515382,0.000595308,0.00297654
7/29/2015 6:18,DOWN,1.10624,1.10844,1.10393,1.10393,-0.001348813,0.000655518,0.00327759
7/29/2015 12:14,DOWN,1.10401,1.10725,1.1027,1.10306,-0.000616277,0.000631445,0.003157227
7/29/2015 18:02,UP,1.10301,1.10768,1.10118,1.10687,0.001663728,0.000822573,0.004112867
7/29/2015 19:10,DOWN,1.10682,1.10691,1.09783,1.09798,-0.002365186,0.001498605,0.007493026
7/30/2015 12:31,DOWN,1.09797,1.09917,1.09235,1.0931,-0.001773196,0.000828812,0.004144062
7/30/2015 14:46,DOWN,1.09305,1.09612,1.09111,1.09117,-0.000421477,0.000789878,0.003949391
7/31/2015 0:22,UP,1.09123,1.09481,1.08931,1.09462,0.000859114,0.000718082,0.00359041
7/31/2015 10:01,UP,1.09461,1.0981,1.09211,1.09762,0.000902358,0.00082852,0.004142598
7/31/2015 13:05,UP,1.09756,1.10841,1.09585,1.10748,0.001264931,0.001898404,0.009492019
7/31/2015 16:48,DOWN,1.10749,1.11146,1.10077,1.10095,-0.002395059,0.001393083,0.006965414
8/3/2015 10:38,DOWN,1.10104,1.10128,1.0955,1.0958,-0.00050179,0.000840175,0.004200876
8/3/2015 17:29,DOWN,1.09578,1.09891,1.09411,1.095,-0.000383488,0.000611128,0.00305564
8/4/2015 7:22,UP,1.09505,1.09686,1.09321,1.09638,0.000529154,0.000531268,0.00265634
8/4/2015 16:47,DOWN,1.09636,1.09881,1.09463,1.0951,-0.000684635,0.000585057,0.002925286
8/4/2015 17:59,DOWN,1.09511,1.09638,1.09115,1.09168,-0.001153519,0.000828603,0.004143016
8/5/2015 1:00,DOWN,1.09176,1.09185,1.08716,1.08753,-0.00044127,0.000737959,0.003689795
8/5/2015 12:08,UP,1.08753,1.08874,1.08479,1.0886,0.000790318,0.00064568,0.003228401
8/5/2015 23:53,UP,1.08865,1.09334,1.08499,1.09025,0.000266029,0.000791654,0.003958268
8/6/2015 9:12,DOWN,1.09023,1.09442,1.08842,1.08912,-9.18E-05,0.000794719,0.003973593
8/6/2015 16:10,UP,1.08905,1.09352,1.0873,1.09342,0.00195908,0.000854961,0.004274805
8/7/2015 12:35,DOWN,1.09342,1.09748,1.08712,1.08738,-0.002388214,0.001196052,0.005980258
8/7/2015 14:48,UP,1.08737,1.09563,1.08552,1.09526,0.002184515,0.001287522,0.006437608
8/10/2015 11:12,DOWN,1.09527,1.0979,1.09252,1.09281,-0.000439138,0.000772247,0.003861234
8/10/2015 14:27,UP,1.09276,1.09801,1.09271,1.0979,0.001038885,0.000768049,0.003840247
8/10/2015 16:57,UP,1.0979,1.10355,1.09665,1.10264,0.00031747,0.000947255,0.004736277
8/11/2015 2:01,DOWN,1.10272,1.10418,1.09792,1.09868,-0.000473183,0.000762852,0.003814262
8/11/2015 7:34,UP,1.09859,1.10276,1.09604,1.10257,0.000653233,0.00098881,0.004944052
8/11/2015 12:30,UP,1.10257,1.10688,1.10192,1.1068,0.000605532,0.000821702,0.004108509
8/11/2015 14:50,DOWN,1.10679,1.10888,1.10321,1.10375,-0.000498177,0.000742533,0.003712667
8/11/2015 16:52,DOWN,1.10374,1.10696,1.10126,1.10155,-0.001279196,0.00089036,0.004451798
8/12/2015 3:05,UP,1.10157,1.10621,1.10103,1.10581,0.000859468,0.000760494,0.003802468
8/12/2015 7:18,UP,1.10581,1.10995,1.10551,1.10986,0.001045723,0.000722828,0.00361414
8/12/2015 8:20,UP,1.10986,1.11578,1.10914,1.11502,0.000942131,0.000857144,0.004285719
8/12/2015 12:24,UP,1.11507,1.11787,1.11234,1.11756,0.001845002,0.000800007,0.004000035
8/12/2015 14:45,UP,1.11755,1.11915,1.11414,1.11858,8.05E-05,0.00074285,0.003714248
8/12/2015 18:21,DOWN,1.11858,1.12138,1.11623,1.11652,-0.000438767,0.000645959,0.003229796
8/13/2015 6:39,DOWN,1.11653,1.11894,1.1119,1.11225,-0.0011771,0.000944465,0.004722325
8/13/2015 12:44,DOWN,1.1123,1.11315,1.108,1.10856,-0.001018821,0.000704025,0.003520125
8/13/2015 15:06,UP,1.10853,1.11321,1.10825,1.11301,0.000817937,0.000659373,0.003296866
8/14/2015 10:41,UP,1.113,1.11748,1.11241,1.11726,0.001038794,0.000804171,0.004020854
8/14/2015 13:24,DOWN,1.11721,1.11889,1.11256,1.11321,-0.001283749,0.000793584,0.00396792
8/14/2015 15:26,DOWN,1.11322,1.11581,1.10978,1.1108,-0.000198036,0.000830003,0.004150016
8/17/2015 3:56,DOWN,1.11081,1.11397,1.10868,1.10916,-0.00033353,0.000690089,0.003450444
8/17/2015 12:32,UP,1.10916,1.11191,1.10624,1.11186,0.001755358,0.000791861,0.003959307
8/17/2015 15:02,DOWN,1.11189,1.11251,1.10716,1.10729,-0.000956834,0.000802591,0.004012956
8/18/2015 12:40,DOWN,1.10732,1.10942,1.1038,1.10382,-0.002108627,0.000792101,0.003960504
8/19/2015 6:00,UP,1.10378,1.106,1.10172,1.10575,0.000687553,0.000582007,0.002910036
8/19/2015 9:37,DOWN,1.1057,1.10728,1.10343,1.10375,-0.000724539,0.000530382,0.002651911
8/19/2015 15:29,UP,1.10376,1.1075,1.10176,1.10643,0.000488175,0.000682849,0.003414247
8/19/2015 17:56,UP,1.10642,1.11133,1.10364,1.11116,0.001188654,0.001080964,0.005404822
8/20/2015 9:16,UP,1.1112,1.1151,1.10945,1.11492,0.001139744,0.000644609,0.003223047
8/20/2015 14:18,UP,1.1149,1.11852,1.11458,1.11827,0.001485539,0.000633914,0.003169571
8/20/2015 20:14,UP,1.11826,1.12435,1.11797,1.12375,0.00195965,0.000779321,0.003896606
8/21/2015 2:50,UP,1.12366,1.12791,1.1229,1.12733,0.000798665,0.000683343,0.003416714
8/21/2015 7:33,DOWN,1.12734,1.12952,1.1246,1.12484,-0.000879738,0.000724344,0.003621721
8/21/2015 10:31,UP,1.12481,1.12881,1.12408,1.12872,0.001320951,0.000735662,0.003678312
8/21/2015 14:40,UP,1.12875,1.13167,1.12718,1.13129,0.000716253,0.000684735,0.003423675
8/21/2015 15:52,UP,1.13127,1.13635,1.13108,1.13626,0.001365056,0.00077648,0.003882398
8/23/2015 23:21,UP,1.13631,1.13957,1.13486,1.13922,0.000333617,0.000661248,0.003306239
8/24/2015 1:36,UP,1.13922,1.14494,1.13693,1.14485,0.001258598,0.001115107,0.005575535
8/24/2015 7:43,UP,1.14483,1.1499,1.142,1.14933,0.000635354,0.001065618,0.00532809
8/24/2015 11:43,UP,1.14933,1.15181,1.14568,1.15181,0.002721161,0.000951946,0.00475973
8/24/2015 12:50,UP,1.15174,1.15711,1.14889,1.15495,0.000562953,0.000990172,0.004950858
8/24/2015 13:13,UP,1.15492,1.17152,1.15462,1.16596,0.003892778,0.001482559,0.007412796
8/24/2015 14:20,DOWN,1.1659,1.17057,1.15792,1.15862,-0.001474806,0.001919101,0.009595506
8/24/2015 16:59,DOWN,1.15861,1.16296,1.15278,1.15309,-0.002087855,0.001256043,0.006280216
8/24/2015 19:03,UP,1.15309,1.16014,1.15181,1.15976,0.001000707,0.001174921,0.005874604
8/25/2015 2:07,DOWN,1.15976,1.16227,1.15323,1.15389,-0.001074049,0.001036961,0.005184806
8/25/2015 10:16,DOWN,1.15389,1.15786,1.15132,1.15211,-0.001379125,0.000863492,0.004317462
8/25/2015 10:49,DOWN,1.1521,1.15214,1.14572,1.14589,-0.00202258,0.001076164,0.00538082
8/25/2015 13:56,DOWN,1.1459,1.1519,1.14555,1.14592,-0.000828685,0.000896867,0.004484336
8/25/2015 15:07,DOWN,1.14598,1.14779,1.14053,1.14107,-0.000315444,0.000876477,0.004382385
8/25/2015 19:40,UP,1.14106,1.1482,1.13967,1.14795,0.002459575,0.001030242,0.005151212
8/26/2015 5:13,DOWN,1.14787,1.1562,1.14708,1.14796,-0.001679832,0.001095739,0.005478695
8/26/2015 9:25,DOWN,1.14795,1.15198,1.14552,1.14569,-0.001813854,0.000857053,0.004285264
8/26/2015 11:24,DOWN,1.14569,1.14689,1.14094,1.1413,-0.0011209,0.000867791,0.004338955
8/26/2015 12:34,DOWN,1.14134,1.14229,1.1352,1.13539,-0.003244715,0.001138049,0.005690246
8/26/2015 14:46,UP,1.13546,1.1432,1.13546,1.14173,0.000727231,0.00097382,0.0048691
8/26/2015 17:36,DOWN,1.14172,1.1438,1.13632,1.13669,-0.000606841,0.000855263,0.004276313
8/26/2015 20:45,DOWN,1.13661,1.13702,1.1291,1.13139,-0.001607348,0.000857188,0.00428594
8/27/2015 7:50,DOWN,1.13139,1.13648,1.13002,1.13082,-4.42E-05,0.000796272,0.00398136
8/27/2015 12:37,DOWN,1.13079,1.13167,1.12478,1.12522,-0.000613025,0.00097993,0.004899649
8/27/2015 16:31,DOWN,1.12524,1.12674,1.1203,1.12103,-0.001167886,0.000946579,0.004732893
8/27/2015 18:59,UP,1.12104,1.12665,1.12097,1.12662,0.000985734,0.000932289,0.004661447
8/28/2015 7:33,UP,1.12664,1.129,1.12317,1.12891,0.00139169,0.00077289,0.003864449
8/28/2015 13:03,DOWN,1.1289,1.13103,1.12429,1.12489,-0.001998198,0.000861787,0.004308935
8/28/2015 15:45,DOWN,1.12492,1.12557,1.11811,1.11866,-0.000866733,0.00108481,0.005424049
8/31/2015 1:56,UP,1.11857,1.1228,1.11561,1.1227,0.000552393,0.001150165,0.005750823
8/31/2015 14:46,DOWN,1.12262,1.12628,1.1188,1.11898,-0.001562703,0.001057168,0.005285838
9/1/2015 1:38,UP,1.11898,1.12548,1.11868,1.12539,0.001155823,0.000937801,0.004689003
9/1/2015 7:35,UP,1.12532,1.1316,1.1249,1.13127,0.001813767,0.001027936,0.005139678
9/1/2015 9:46,DOWN,1.13122,1.13324,1.12541,1.12589,-0.001960968,0.001075406,0.00537703
9/1/2015 17:16,UP,1.12588,1.13013,1.12343,1.12928,0.001870195,0.000829383,0.004146916
9/2/2015 1:10,DOWN,1.12928,1.13204,1.12604,1.1268,-0.001179638,0.000797567,0.003987835
9/2/2015 13:03,DOWN,1.1268,1.12948,1.12301,1.1234,-0.000738556,0.000852053,0.004260264
9/3/2015 0:17,DOWN,1.12342,1.12502,1.12063,1.12098,-0.000900592,0.000596943,0.002984717
9/3/2015 9:06,UP,1.1209,1.12439,1.1205,1.12384,0.000489513,0.000504658,0.00252329
9/3/2015 12:40,DOWN,1.12377,1.12417,1.11545,1.11581,-0.002041274,0.001228298,0.00614149
9/4/2015 7:16,UP,1.11582,1.11651,1.10872,1.11403,0.001077751,0.000731675,0.003658376
9/7/2015 0:38,UP,1.11402,1.11907,1.10898,1.11718,0.001146399,0.001128377,0.005641885
9/7/2015 18:35,UP,1.11728,1.11781,1.11211,1.11717,0.000384975,0.000687275,0.003436375
9/8/2015 4:07,UP,1.11718,1.12179,1.11533,1.12156,0.000695702,0.000852873,0.004264364
9/8/2015 9:33,DOWN,1.12165,1.12299,1.11706,1.11735,-0.00073361,0.00071535,0.003576751
9/8/2015 19:49,UP,1.11734,1.1214,1.11524,1.12072,0.000240946,0.000828837,0.004144183
9/9/2015 5:35,DOWN,1.12072,1.12169,1.11602,1.11626,-0.000259762,0.000821329,0.004106646
9/9/2015 11:38,DOWN,1.1162,1.12077,1.11357,1.11391,-0.001273977,0.001004348,0.00502174
9/9/2015 18:36,UP,1.11384,1.11964,1.11316,1.1189,0.000885189,0.000832199,0.004160997
9/10/2015 0:13,UP,1.11895,1.12452,1.11873,1.12366,0.001389285,0.000806324,0.004031622
9/10/2015 7:55,DOWN,1.12376,1.12405,1.11822,1.11877,-0.000402147,0.000852212,0.004261059
9/10/2015 15:07,UP,1.1187,1.12392,1.11716,1.12364,0.001219996,0.000769473,0.003847364
9/10/2015 22:52,UP,1.12366,1.12956,1.12324,1.12929,0.001488768,0.000862235,0.004311176
9/11/2015 15:17,UP,1.12929,1.1316,1.1254,1.1315,0.001229213,0.000782388,0.003911938
9/14/2015 6:32,UP,1.13148,1.13607,1.13128,1.13553,0.000766456,0.000634982,0.003174911
9/14/2015 10:13,DOWN,1.13558,1.13735,1.1319,1.13197,-0.001077187,0.000662309,0.003311546
9/14/2015 14:59,DOWN,1.13197,1.13276,1.12872,1.12872,-0.000434026,0.00062018,0.003100899
9/14/2015 20:10,UP,1.12878,1.1325,1.12835,1.13229,0.000618407,0.00061832,0.003091601
9/15/2015 6:44,DOWN,1.13235,1.13289,1.12977,1.13001,-0.001149771,0.000463198,0.002315992
9/15/2015 12:16,UP,1.12999,1.13271,1.12842,1.13256,0.000432742,0.000611185,0.003055926
9/15/2015 14:51,DOWN,1.13256,1.1329,1.12831,1.12833,-0.001204595,0.000679632,0.00339816
9/16/2015 3:23,UP,1.12833,1.12989,1.12586,1.12956,0.000903414,0.000546383,0.002731915
9/16/2015 7:17,DOWN,1.12954,1.12988,1.12475,1.12541,-0.001536037,0.000628899,0.003144494
9/16/2015 11:12,DOWN,1.12535,1.12696,1.1214,1.12196,-0.000401003,0.000661493,0.003307466
9/16/2015 13:05,UP,1.12191,1.12764,1.12148,1.12764,0.001464305,0.000826158,0.00413079
9/17/2015 2:26,UP,1.12764,1.13211,1.1268,1.13131,0.000557032,0.000684865,0.003424327
9/17/2015 8:04,UP,1.13124,1.13368,1.12844,1.13319,0.001218543,0.000652919,0.003264595
9/17/2015 18:04,UP,1.13319,1.13951,1.12942,1.13904,0.005140313,0.001409453,0.007047264
9/18/2015 7:58,UP,1.13905,1.14419,1.13581,1.14329,0.00089256,0.000881639,0.004408193
9/18/2015 13:22,DOWN,1.14328,1.14606,1.14098,1.14131,-0.000753236,0.000687203,0.003436015
9/18/2015 15:08,DOWN,1.14132,1.14211,1.13629,1.13665,-0.001441797,0.000856835,0.004284173
9/18/2015 19:28,DOWN,1.13665,1.13789,1.13021,1.13046,-0.002420859,0.001056361,0.005281806
9/21/2015 10:13,DOWN,1.13042,1.13305,1.12691,1.12767,-0.001045858,0.000827832,0.004139162
9/21/2015 14:11,DOWN,1.12763,1.12883,1.12302,1.12329,-0.001645593,0.00079611,0.003980552
9/21/2015 20:22,DOWN,1.12323,1.12352,1.1181,1.11929,-0.000321581,0.000684153,0.003420765
9/22/2015 6:37,DOWN,1.11929,1.12065,1.1155,1.11621,-0.000537389,0.000668807,0.003344033
9/22/2015 12:19,DOWN,1.11621,1.12076,1.11479,1.11586,-5.38E-05,0.000754395,0.003771973
9/22/2015 16:19,DOWN,1.11585,1.11702,1.11218,1.1122,-0.001006506,0.000699898,0.00349949
9/23/2015 14:11,UP,1.11219,1.11912,1.1105,1.11773,2.68E-05,0.001174743,0.005873714
9/23/2015 18:55,UP,1.11779,1.12113,1.11388,1.12054,0.000508813,0.000996563,0.004982817
9/24/2015 10:48,UP,1.12054,1.12237,1.11641,1.12178,0.000766933,0.000753798,0.003768992
9/24/2015 13:02,UP,1.12178,1.12703,1.12171,1.12641,0.001270327,0.000754298,0.003771491
9/24/2015 16:30,DOWN,1.12645,1.12963,1.12372,1.12395,-0.000782647,0.000774533,0.003872664
9/24/2015 21:48,DOWN,1.12396,1.1259,1.11687,1.11689,-0.001333172,0.00124863,0.006243148
9/25/2015 7:52,DOWN,1.11704,1.11891,1.11285,1.11317,-0.000467025,0.000877417,0.004387087
9/25/2015 10:34,UP,1.11319,1.11742,1.11159,1.1173,0.001011878,0.000859842,0.00429921
9/25/2015 15:27,UP,1.1173,1.12006,1.11249,1.11947,0.001788158,0.000956519,0.004782596
9/28/2015 12:31,DOWN,1.11946,1.12149,1.11586,1.11656,-0.000340273,0.000681786,0.003408928
9/28/2015 14:39,UP,1.11656,1.12053,1.11466,1.11995,0.000705638,0.000724153,0.003620763
9/28/2015 17:12,UP,1.1199,1.12443,1.11939,1.12379,0.000204686,0.000666639,0.003333195
9/29/2015 6:23,UP,1.12378,1.128,1.12238,1.12774,0.001002506,0.00070828,0.003541399
9/29/2015 8:41,DOWN,1.12776,1.12818,1.12249,1.12281,-0.001210514,0.000781957,0.003909785
9/29/2015 16:11,UP,1.12281,1.12552,1.11938,1.12524,0.000684533,0.000880496,0.004402478
9/30/2015 7:02,DOWN,1.12524,1.12683,1.12188,1.12202,-0.000837424,0.000700454,0.003502271
9/30/2015 12:19,DOWN,1.12197,1.12367,1.11858,1.1189,-0.001634199,0.000797333,0.003986663
9/30/2015 15:29,DOWN,1.11881,1.1209,1.11579,1.11582,-0.000743571,0.000779699,0.003898496
10/1/2015 6:00,DOWN,1.11588,1.11868,1.114,1.11416,-0.000834361,0.000649123,0.003245614
10/1/2015 13:47,UP,1.11411,1.11898,1.11347,1.11859,0.000885435,0.000739282,0.003696409
10/2/2015 7:11,DOWN,1.11865,1.12093,1.11621,1.11659,-0.000796752,0.000616121,0.003080606
10/2/2015 12:35,UP,1.11659,1.12762,1.11502,1.12689,0.001883056,0.002005297,0.010026484
10/2/2015 16:53,DOWN,1.12689,1.13189,1.12351,1.12387,-0.001413755,0.001338221,0.006691104
10/5/2015 7:38,UP,1.12387,1.12602,1.11999,1.12538,0.00057775,0.000847376,0.004236881
10/5/2015 11:20,DOWN,1.12532,1.12896,1.12254,1.12264,-0.001726578,0.00087786,0.004389302
10/5/2015 16:19,DOWN,1.12258,1.12431,1.11733,1.11759,-0.00151104,0.000833031,0.004165155
10/6/2015 11:25,UP,1.11758,1.12202,1.11718,1.12182,0.000222877,0.00075526,0.003776298
10/6/2015 14:59,UP,1.1218,1.1265,1.12058,1.12624,0.001306081,0.000681368,0.003406841
10/7/2015 7:13,DOWN,1.12618,1.12846,1.12301,1.12374,-0.000925053,0.000643415,0.003217074
10/7/2015 11:53,UP,1.12374,1.12706,1.12222,1.12674,0.000656978,0.000560683,0.002803415
10/7/2015 14:10,DOWN,1.12668,1.12737,1.12221,1.12268,-0.000739029,0.00062237,0.003111852
10/7/2015 15:29,UP,1.12263,1.12663,1.12112,1.1264,0.001039247,0.000790222,0.00395111
10/8/2015 7:16,UP,1.12634,1.12785,1.1233,1.12776,0.001011365,0.000703483,0.003517417
10/8/2015 12:15,DOWN,1.12776,1.13153,1.12402,1.12551,-0.001278602,0.000835913,0.004179564
10/8/2015 15:23,UP,1.12544,1.12918,1.12379,1.1289,0.000966008,0.000758131,0.003790653
10/9/2015 7:49,UP,1.12897,1.13356,1.12632,1.13342,0.001562866,0.000928348,0.00464174
10/9/2015 11:14,UP,1.13338,1.13685,1.13148,1.13668,0.000466379,0.000782418,0.003912088
10/12/2015 0:45,UP,1.13674,1.13875,1.13351,1.13778,0.001152028,0.000649362,0.00324681
10/12/2015 15:16,DOWN,1.13769,1.13973,1.13564,1.13608,-0.000897421,0.000617704,0.003088519
10/13/2015 7:15,UP,1.13612,1.13946,1.1344,1.13921,0.000957261,0.000650463,0.003252316
10/13/2015 14:06,DOWN,1.13925,1.14112,1.136,1.13644,-0.001213582,0.000695855,0.003479276
10/14/2015 0:43,UP,1.13639,1.13965,1.13551,1.13912,0.000632267,0.000519628,0.00259814
10/14/2015 7:25,UP,1.13917,1.14217,1.1383,1.14216,0.000324,0.000574431,0.002872155
10/14/2015 12:42,UP,1.14217,1.14449,1.13913,1.14393,0.000550885,0.000712891,0.003564457
10/14/2015 18:08,UP,1.14392,1.14542,1.14082,1.14542,0.000698678,0.000669997,0.003349987
10/15/2015 7:31,DOWN,1.14544,1.14956,1.14334,1.14346,-0.002314846,0.00085872,0.0042936
10/15/2015 12:42,DOWN,1.14349,1.146,1.13899,1.1391,-0.001079217,0.001091754,0.00545877
10/15/2015 23:54,DOWN,1.1391,1.14198,1.13628,1.13692,-0.000589138,0.000750912,0.003754559
10/16/2015 9:15,DOWN,1.13691,1.13953,1.13528,1.13532,-0.000545952,0.000691755,0.003458773
10/16/2015 13:42,UP,1.13538,1.13899,1.13342,1.13821,0.001090024,0.000756928,0.003784642
10/19/2015 7:36,DOWN,1.13822,1.13915,1.13419,1.13428,-0.000555264,0.000725769,0.003628845
10/19/2015 10:19,DOWN,1.13434,1.13684,1.13119,1.13157,-0.000415266,0.000767535,0.003837676
10/20/2015 7:18,UP,1.13163,1.13491,1.13057,1.13427,0.000493832,0.0004553,0.002276498
10/20/2015 10:13,UP,1.13433,1.13794,1.1339,1.13787,0.000879221,0.000607857,0.003039283
10/20/2015 13:44,DOWN,1.13786,1.13876,1.13513,1.13547,-0.000440249,0.000486388,0.002431942
10/21/2015 7:53,UP,1.13547,1.13773,1.13322,1.13768,0.000439587,0.000596016,0.002980078
10/21/2015 9:23,DOWN,1.13763,1.13779,1.13341,1.13356,-0.001137361,0.000655805,0.003279027
10/22/2015 7:25,DOWN,1.13356,1.13642,1.13118,1.1314,-0.001880853,0.000734443,0.003672213
10/22/2015 12:51,DOWN,1.13147,1.13264,1.11904,1.11977,-0.002978316,0.00188041,0.009402049
10/22/2015 16:04,DOWN,1.11984,1.12132,1.11338,1.11355,-0.001220574,0.001184465,0.005922327
10/23/2015 8:57,UP,1.11355,1.11434,1.10718,1.11321,0.000476214,0.000885528,0.004427641
10/23/2015 11:21,DOWN,1.11318,1.11401,1.10788,1.10814,-0.000938069,0.000839481,0.004197405
10/23/2015 12:40,DOWN,1.10814,1.11083,1.10274,1.1036,-0.001213471,0.000978318,0.004891589
10/23/2015 17:17,DOWN,1.10353,1.10572,1.10032,1.10104,-0.000435856,0.000730552,0.003652762
10/26/2015 4:47,UP,1.10097,1.104,1.09963,1.10373,5.44E-05,0.000692663,0.003463313
10/26/2015 12:58,DOWN,1.10367,1.10566,1.10119,1.10141,-0.000689787,0.000623197,0.003115986
10/26/2015 14:27,UP,1.10149,1.10519,1.10037,1.10429,0.000543483,0.000613559,0.003067796
10/27/2015 12:30,UP,1.10429,1.10791,1.10337,1.10686,0.000433753,0.000482314,0.00241157
10/27/2015 14:24,DOWN,1.10685,1.10777,1.10307,1.1031,-0.000625314,0.000652635,0.003263176
10/28/2015 10:27,UP,1.10309,1.1069,1.1025,1.10682,0.001319965,0.000609913,0.003049566
10/28/2015 18:05,DOWN,1.10683,1.1096,1.09752,1.09842,-0.002954427,0.0017032,0.008516001
10/29/2015 0:57,DOWN,1.09854,1.09907,1.08969,1.09087,-0.001071964,0.001180536,0.005902682
10/29/2015 9:22,UP,1.09086,1.09713,1.09071,1.09557,0.000319519,0.000820011,0.004100056
10/29/2015 14:29,UP,1.09556,1.09771,1.09245,1.0974,0.001194444,0.000808363,0.004041815
10/30/2015 3:23,UP,1.09744,1.09981,1.09509,1.09926,0.001283504,0.000609843,0.003049217
10/30/2015 9:10,UP,1.09936,1.10173,1.09654,1.10084,0.000208953,0.000700016,0.003500078
10/30/2015 13:36,UP,1.10091,1.10432,1.09946,1.10395,0.001096665,0.000628349,0.003141744
10/30/2015 15:30,UP,1.10387,1.10726,1.10223,1.10684,0.000216857,0.000723959,0.003619793
10/30/2015 16:25,DOWN,1.10691,1.10705,1.10225,1.10265,-0.000915556,0.000748201,0.003741005
11/2/2015 7:50,UP,1.10259,1.105,1.09867,1.10487,0.001403865,0.000947471,0.004737355
11/2/2015 20:06,DOWN,1.10488,1.1053,1.10002,1.10129,-0.000444834,0.000600861,0.003004305
11/3/2015 8:56,DOWN,1.10123,1.10304,1.09903,1.09923,-0.000927492,0.000532411,0.002662055
11/3/2015 13:22,DOWN,1.0993,1.09982,1.0967,1.09685,-0.000619765,0.000455147,0.002275733
11/4/2015 7:43,DOWN,1.0968,1.09704,1.09266,1.09282,-0.00047572,0.000645636,0.003228182
11/4/2015 14:23,DOWN,1.09282,1.09422,1.08902,1.08916,-0.00161462,0.000664014,0.003320072
11/4/2015 15:48,DOWN,1.08907,1.09006,1.08474,1.08501,-0.000819933,0.00079502,0.003975102
11/5/2015 7:54,DOWN,1.08507,1.08772,1.08395,1.08415,-0.000562495,0.000549765,0.002748825
11/5/2015 8:50,UP,1.08409,1.0892,1.08334,1.08885,0.001764885,0.00081754,0.004087698
11/5/2015 19:43,UP,1.08885,1.0898,1.08504,1.08843,0.000661722,0.000524973,0.002624866
11/6/2015 13:19,DOWN,1.08851,1.08942,1.0857,1.08632,-0.000828142,0.000514883,0.002574413
11/6/2015 15:32,DOWN,1.0864,1.08689,1.07071,1.07288,-0.000838512,0.002349183,0.011745917
11/9/2015 8:41,UP,1.07295,1.07784,1.07193,1.07756,0.000659113,0.001009694,0.005048469
11/9/2015 14:24,DOWN,1.07756,1.07903,1.07346,1.07348,-0.001414954,0.00085622,0.004281099
11/10/2015 5:17,DOWN,1.07354,1.07831,1.07266,1.0739,-0.000819108,0.000562215,0.002811074
11/10/2015 11:29,DOWN,1.07389,1.07644,1.07295,1.07326,-0.000456449,0.000507288,0.002536442
11/10/2015 13:29,DOWN,1.07332,1.07378,1.06886,1.06886,-0.00172932,0.000844351,0.004221756
11/10/2015 21:38,UP,1.06885,1.07293,1.06741,1.07279,0.001305861,0.000723661,0.003618306
11/11/2015 3:34,UP,1.07271,1.07674,1.07169,1.07635,0.000585483,0.000716213,0.003581063
11/11/2015 11:18,DOWN,1.07634,1.07742,1.0725,1.07257,-0.001257868,0.000804131,0.004020655
11/11/2015 15:01,UP,1.0725,1.07504,1.07058,1.0747,0.000763295,0.000709214,0.003546072
11/11/2015 22:57,UP,1.07471,1.07602,1.07069,1.07601,0.001357786,0.000734687,0.003673434
11/12/2015 8:23,DOWN,1.07591,1.07807,1.07339,1.0742,-0.000232704,0.000551347,0.002756734
11/12/2015 14:35,UP,1.07413,1.07698,1.06909,1.07686,0.003050541,0.001059909,0.005299546
11/12/2015 20:49,UP,1.07687,1.08183,1.07466,1.08166,0.002638316,0.00108731,0.005436549
11/13/2015 6:36,DOWN,1.08169,1.08302,1.07717,1.07772,-0.00062149,0.00073777,0.003688852
11/13/2015 11:29,UP,1.07772,1.07983,1.07518,1.07956,0.000732047,0.000689838,0.00344919
11/13/2015 13:46,DOWN,1.07949,1.08082,1.07411,1.07477,-0.000995067,0.000959959,0.004799795
11/15/2015 23:25,DOWN,1.07478,1.07555,1.06866,1.06926,-0.00214871,0.000942235,0.004711176
11/16/2015 7:07,UP,1.06919,1.07437,1.06919,1.07373,0.000577593,0.000761209,0.003806043
11/16/2015 14:36,DOWN,1.07372,1.07585,1.07134,1.0717,-0.000158614,0.000608409,0.003042045
11/16/2015 18:36,DOWN,1.0717,1.07242,1.06819,1.06884,-0.000112265,0.00055853,0.002792648
11/17/2015 3:46,DOWN,1.06891,1.06966,1.06579,1.06597,-0.000647088,0.000512685,0.002563426
11/17/2015 16:31,DOWN,1.066,1.06794,1.06426,1.06441,-0.000366333,0.000539415,0.002697075
11/18/2015 8:15,UP,1.06439,1.06694,1.06306,1.06675,0.001350806,0.000615429,0.003077144
11/18/2015 14:12,DOWN,1.06676,1.06926,1.06558,1.06595,-0.000178229,0.000518965,0.002594825
11/18/2015 16:06,DOWN,1.06594,1.06751,1.06398,1.06421,-0.000986161,0.000591606,0.002958029
11/19/2015 0:19,UP,1.06421,1.06793,1.06166,1.06756,0.000365386,0.000836735,0.004183673
11/19/2015 8:29,DOWN,1.06756,1.07179,1.06677,1.06701,-0.000590261,0.000708498,0.003542489
11/19/2015 12:01,UP,1.06701,1.07175,1.06669,1.0716,0.000849558,0.000735363,0.003676816
11/19/2015 14:30,UP,1.07153,1.07318,1.06686,1.07236,0.001119654,0.000842034,0.004210172
11/19/2015 16:30,UP,1.07238,1.07572,1.07008,1.07514,0.000995715,0.000814645,0.004073225
11/20/2015 0:19,DOWN,1.07518,1.07633,1.07168,1.07214,-0.001072046,0.000699102,0.003495509
11/20/2015 8:25,DOWN,1.07215,1.07286,1.06751,1.06805,-0.001235134,0.000743153,0.003715767
11/20/2015 16:14,DOWN,1.06805,1.07082,1.06536,1.06586,-0.001153332,0.000705115,0.003525576
11/23/2015 1:57,DOWN,1.06583,1.0663,1.06083,1.06102,-0.001873797,0.000752662,0.003763309
11/23/2015 12:37,UP,1.06103,1.06437,1.06004,1.06355,0.00012224,0.000611022,0.003055112
11/23/2015 16:13,DOWN,1.06358,1.06572,1.06114,1.06164,-0.000433198,0.000631139,0.003155696
11/23/2015 22:57,UP,1.0616,1.06381,1.05926,1.06345,0.000347985,0.000589478,0.00294739
11/24/2015 9:07,UP,1.06354,1.06713,1.06195,1.06605,0.000609913,0.000568475,0.002842376
11/25/2015 3:13,UP,1.06606,1.06773,1.06284,1.06705,-2.81E-05,0.000735043,0.003675213
11/25/2015 9:24,DOWN,1.06704,1.06897,1.06315,1.06334,-0.001118489,0.000815833,0.004079167
11/25/2015 11:06,DOWN,1.06339,1.06352,1.05811,1.05824,-0.001001162,0.000889589,0.004447946
11/25/2015 17:12,UP,1.05818,1.06417,1.05659,1.0635,0.001703378,0.000843215,0.004216076
11/26/2015 19:11,DOWN,1.06349,1.06365,1.05999,1.06063,-0.000160269,0.000511904,0.002559522
11/27/2015 7:03,UP,1.06068,1.06384,1.06014,1.06299,0.000771707,0.000490895,0.002454473
11/27/2015 9:47,DOWN,1.06299,1.0632,1.05986,1.05986,-0.000735676,0.000552647,0.002763237
11/27/2015 18:39,UP,1.05991,1.06047,1.05684,1.06014,0.000103765,0.000490013,0.002450064
11/30/2015 9:17,DOWN,1.0601,1.06013,1.05632,1.05656,-0.001154025,0.000553223,0.002766115
11/30/2015 17:28,DOWN,1.05657,1.05856,1.05579,1.05589,-0.000388223,0.000455243,0.002276217
12/1/2015 2:11,UP,1.05588,1.05874,1.05587,1.05867,0.000831577,0.000475965,0.002379827
12/1/2015 8:59,UP,1.05867,1.06102,1.05713,1.06091,0.001405442,0.000615254,0.003076271
12/1/2015 14:18,UP,1.06092,1.06285,1.05854,1.06226,0.000828766,0.000572005,0.002860024
12/2/2015 10:17,DOWN,1.06225,1.06379,1.05861,1.05885,-0.000736377,0.000795953,0.003979767
12/2/2015 15:30,DOWN,1.0588,1.06176,1.05616,1.05632,-0.001031352,0.000775499,0.003877497
12/2/2015 18:49,UP,1.05634,1.06088,1.05507,1.06,0.000462371,0.000820215,0.004101073
12/3/2015 6:22,DOWN,1.06006,1.06271,1.05863,1.05878,-0.000623165,0.000684529,0.003422643
12/3/2015 11:45,DOWN,1.05878,1.05951,1.0552,1.05559,-0.000492494,0.000614865,0.003074325
12/3/2015 13:44,UP,1.05558,1.08428,1.05223,1.08398,0.002947197,0.004935394,0.02467697
12/3/2015 18:24,UP,1.0839,1.09425,1.07885,1.09298,0.001345852,0.002411267,0.012056337
12/4/2015 7:23,DOWN,1.09298,1.09812,1.08874,1.08914,-0.001467971,0.001386493,0.006932463
12/4/2015 14:00,UP,1.0891,1.09537,1.08552,1.09257,0.003070875,0.001242956,0.006214782
12/4/2015 16:57,DOWN,1.09255,1.09509,1.08741,1.08818,-0.001010352,0.001163904,0.005819519
12/7/2015 8:33,DOWN,1.08815,1.08895,1.0832,1.08336,-0.000682827,0.000893531,0.004467655
12/7/2015 15:51,UP,1.08337,1.08502,1.0796,1.08437,0.000387397,0.000682692,0.003413462
12/8/2015 8:13,UP,1.0844,1.0878,1.083,1.08725,0.000505991,0.00067132,0.0033566
12/8/2015 13:47,UP,1.08725,1.0891,1.08406,1.08903,0.000955435,0.000717731,0.003588655
12/9/2015 2:33,UP,1.08904,1.09132,1.0866,1.0911,0.001155465,0.000694766,0.003473832
12/9/2015 10:26,UP,1.09108,1.09427,1.09031,1.09407,0.000466258,0.000652331,0.003261654
12/9/2015 13:42,UP,1.09408,1.09651,1.0916,1.09611,0.000994921,0.000686553,0.003432765
12/9/2015 17:40,UP,1.09607,1.09957,1.09502,1.09943,0.000345693,0.000710624,0.003553118
12/9/2015 19:43,UP,1.09948,1.104,1.099,1.10387,0.001033264,0.000722618,0.003613089
12/10/2015 5:48,DOWN,1.1038,1.10433,1.10019,1.10046,-0.000208982,0.000587291,0.002936456
12/10/2015 9:31,DOWN,1.10043,1.10071,1.09619,1.09649,-0.000957143,0.000650639,0.003253193
12/11/2015 1:08,DOWN,1.09647,1.09738,1.09249,1.09328,-0.000813733,0.000591032,0.00295516
12/11/2015 8:33,UP,1.0933,1.09666,1.09265,1.09647,0.000647742,0.000554542,0.002772709
12/11/2015 14:25,UP,1.09643,1.09976,1.09347,1.09951,0.002458659,0.000924955,0.004624775
12/13/2015 23:17,DOWN,1.09956,1.10312,1.09585,1.09738,-7.29E-05,0.000826706,0.00413353
12/14/2015 11:49,UP,1.09737,1.09891,1.09455,1.09854,0.000373292,0.000655379,0.003276896
12/14/2015 15:10,UP,1.09854,1.101,1.09635,1.10058,0.001027259,0.000640263,0.003201316
12/14/2015 16:17,UP,1.10061,1.1049,1.10034,1.1046,0.000851349,0.000716678,0.003583391
12/14/2015 19:22,DOWN,1.10458,1.10483,1.10078,1.10108,-0.000181623,0.000632905,0.003164526
12/15/2015 6:02,UP,1.10113,1.10303,1.09852,1.10279,0.000743845,0.000624253,0.003121265
12/15/2015 9:08,DOWN,1.1028,1.106,1.10119,1.10133,-0.000707984,0.00067939,0.003396952
12/15/2015 12:36,DOWN,1.10137,1.10386,1.09866,1.09927,-0.001145559,0.000713522,0.003567612
12/15/2015 14:37,DOWN,1.09931,1.1,1.095,1.09537,-0.000675343,0.000686627,0.003433134
12/15/2015 16:56,DOWN,1.09538,1.0962,1.09148,1.0918,-0.000741619,0.000620761,0.003103804
12/16/2015 1:54,UP,1.0918,1.09462,1.09046,1.09438,0.000511836,0.000649995,0.003249977
12/16/2015 10:55,DOWN,1.09431,1.09593,1.09149,1.09197,-0.000595077,0.000593323,0.002966617
12/16/2015 18:36,UP,1.09192,1.0957,1.09124,1.09547,0.001653625,0.00069691,0.003484548
12/16/2015 19:09,DOWN,1.09543,1.09688,1.0888,1.09011,-0.001585738,0.001043522,0.005217608
12/16/2015 19:48,UP,1.09017,1.10122,1.08956,1.0989,0.001967536,0.001367289,0.006836447
12/16/2015 20:27,DOWN,1.09891,1.09975,1.08961,1.09016,-0.00143912,0.001492206,0.007461028
12/17/2015 2:24,DOWN,1.09016,1.09351,1.08454,1.08497,-0.000322538,0.001278433,0.006392165
12/17/2015 16:32,DOWN,1.08496,1.08785,1.08144,1.0818,-0.00018486,0.000909903,0.004549514
12/18/2015 4:23,UP,1.08184,1.08483,1.08025,1.08467,0.00061789,0.000725914,0.003629568
12/18/2015 8:45,DOWN,1.08468,1.08689,1.08054,1.08102,-0.000508649,0.000957228,0.004786138
12/18/2015 15:19,UP,1.081,1.08639,1.08048,1.08595,0.001077978,0.000788122,0.003940612
12/21/2015 0:54,UP,1.08594,1.08756,1.08333,1.08716,0.000386402,0.000616628,0.003083142
12/21/2015 13:47,UP,1.08716,1.08979,1.0848,1.08938,0.001681267,0.000652342,0.003261708
12/21/2015 16:24,UP,1.08943,1.09267,1.0883,1.09255,0.000723341,0.000590129,0.002950646
12/22/2015 9:40,UP,1.09261,1.09445,1.09023,1.09382,0.0009604,0.000540103,0.002700514
12/22/2015 13:49,UP,1.09383,1.09611,1.09262,1.09597,0.000410679,0.000539689,0.002698445
12/23/2015 2:27,DOWN,1.09601,1.09845,1.09331,1.0934,-0.001590101,0.000733013,0.003665065
12/23/2015 13:45,DOWN,1.09336,1.09483,1.09112,1.09116,-0.000577201,0.000601909,0.003009545
12/24/2015 3:00,UP,1.09119,1.09348,1.08699,1.09326,0.001574515,0.000872678,0.004363388
12/28/2015 0:51,UP,1.0932,1.09776,1.09265,1.09747,0.000866002,0.000786421,0.003932106
12/29/2015 13:22,DOWN,1.0974,1.09927,1.09481,1.09513,-0.002006879,0.000705435,0.003527177
12/30/2015 14:13,UP,1.09519,1.09566,1.08991,1.09427,0.001298511,0.000645388,0.003226938
12/30/2015 17:13,DOWN,1.09432,1.09435,1.09017,1.09041,-0.000898341,0.000614946,0.003074732
12/31/2015 12:54,DOWN,1.09042,1.09379,1.08821,1.08863,-0.000569361,0.000759282,0.003796411
1/4/2016 1:11,DOWN,1.08861,1.09007,1.08366,1.08389,-0.000525745,0.000902946,0.004514729
1/4/2016 5:33,UP,1.08392,1.08919,1.08269,1.08898,0.001130136,0.000872073,0.004360364
1/4/2016 8:17,UP,1.08898,1.09408,1.08818,1.09402,0.001097474,0.000872016,0.004360082
1/4/2016 12:50,DOWN,1.09406,1.09467,1.08967,1.08989,-0.00073375,0.000715559,0.003577796
1/4/2016 14:03,DOWN,1.08987,1.09107,1.08454,1.08548,-0.000138178,0.000801928,0.00400964
1/4/2016 15:17,DOWN,1.08548,1.08634,1.08145,1.08173,-0.000665379,0.000756058,0.003780292
1/4/2016 19:00,UP,1.08175,1.08299,1.0781,1.08228,0.000646992,0.000718132,0.003590659
1/5/2016 8:50,DOWN,1.08227,1.08394,1.07924,1.07943,-0.001425662,0.000630655,0.003153277
1/5/2016 11:49,DOWN,1.07943,1.0799,1.07534,1.07543,-0.001022324,0.00058745,0.002937249
1/5/2016 15:34,DOWN,1.07537,1.07651,1.07182,1.07207,-0.000671373,0.000655577,0.003277886
1/5/2016 20:13,UP,1.07206,1.07488,1.07106,1.07462,0.000539871,0.000588278,0.002941391
1/6/2016 7:11,DOWN,1.07462,1.07732,1.0729,1.07297,-0.001536606,0.000667843,0.003339214
1/6/2016 12:23,UP,1.07293,1.07603,1.07189,1.07579,0.001088165,0.000582772,0.002913859
1/6/2016 19:06,UP,1.07582,1.07895,1.07139,1.07869,0.001651513,0.000795401,0.003977003
1/7/2016 2:48,UP,1.07864,1.08174,1.0767,1.08153,0.001045362,0.000683411,0.003417055
1/7/2016 7:39,DOWN,1.08151,1.08299,1.07826,1.07866,-0.000815494,0.000703919,0.003519594
1/7/2016 9:05,UP,1.07867,1.08208,1.0771,1.08195,0.001905785,0.000833761,0.004168803
1/7/2016 11:50,UP,1.08195,1.0875,1.08161,1.08705,5.52E-05,0.000933072,0.004665361
1/7/2016 18:22,UP,1.08702,1.08846,1.08261,1.08836,0.001103185,0.000777674,0.003888371
1/7/2016 20:18,UP,1.08837,1.09367,1.08825,1.09348,0.000631212,0.000851136,0.00425568
1/8/2016 1:23,DOWN,1.09348,1.09405,1.08812,1.08838,-0.000734767,0.000852187,0.004260936
1/8/2016 13:30,DOWN,1.08838,1.0902,1.08089,1.08154,-0.004833244,0.001347146,0.00673573
1/8/2016 15:03,UP,1.08161,1.08907,1.08032,1.08813,0.00091943,0.001048748,0.005243739
1/10/2016 22:20,UP,1.08813,1.09406,1.08703,1.0938,0.001802684,0.000905366,0.00452683
1/26/2016 1:02,DOWN,1.0938,1.09699,1.08438,1.08488,-1.84E-05,0.002079897,0.010399484
1/26/2016 14:10,DOWN,1.08481,1.08747,1.08188,1.08251,-0.000591044,0.000779827,0.003899133
1/26/2016 20:54,UP,1.08251,1.08615,1.08238,1.08589,7.37E-05,0.000613142,0.003065712
1/27/2016 13:02,UP,1.08586,1.08935,1.08506,1.08895,0.000551141,0.000545123,0.002725613
1/27/2016 15:27,DOWN,1.089,1.09123,1.08681,1.0874,-6.44E-05,0.000605711,0.003028555
1/27/2016 19:43,UP,1.0874,1.09137,1.086,1.09006,0.000853528,0.000615924,0.003079619
1/28/2016 5:34,DOWN,1.09,1.09169,1.088,1.08842,-0.00017455,0.000527863,0.002639313
1/28/2016 9:13,UP,1.08841,1.09204,1.08696,1.09198,0.001319576,0.000751885,0.003759424
1/28/2016 15:20,UP,1.09199,1.094,1.08916,1.09381,0.000814001,0.000656573,0.003282865
1/29/2016 0:08,DOWN,1.09376,1.0968,1.09292,1.09312,-0.000676732,0.000581855,0.002909275
1/29/2016 4:20,UP,1.09304,1.09466,1.08828,1.09435,0.001371617,0.00099908,0.0049954
1/29/2016 7:02,DOWN,1.09436,1.09489,1.08918,1.08918,-0.001385404,0.000813777,0.004068887
1/29/2016 13:47,DOWN,1.08925,1.09264,1.08667,1.08678,-0.002609816,0.000901312,0.004506558
1/29/2016 15:45,DOWN,1.08672,1.0876,1.08199,1.08241,-0.000683426,0.000768379,0.003841896
2/1/2016 3:35,UP,1.08241,1.08504,1.08099,1.08504,0.000230433,0.000626968,0.003134842
2/1/2016 12:45,UP,1.08498,1.08798,1.0841,1.08779,0.000864511,0.000563606,0.002818032
2/2/2016 4:34,UP,1.08781,1.09131,1.08732,1.09121,0.000476649,0.000569301,0.002846506
2/2/2016 13:29,UP,1.09115,1.09292,1.08956,1.09264,0.000604224,0.000460819,0.002304094
2/2/2016 16:00,DOWN,1.09268,1.09402,1.08923,1.09004,-0.000669476,0.000587247,0.002936233
2/2/2016 23:21,UP,1.09007,1.09281,1.08932,1.09243,0.000137318,0.000425823,0.002129113
2/3/2016 13:24,UP,1.09243,1.09607,1.09037,1.09604,0.00267684,0.000836168,0.004180838
2/3/2016 15:00,UP,1.09598,1.10267,1.09488,1.10241,0.003452948,0.001168613,0.005843064
2/3/2016 18:10,UP,1.10231,1.11179,1.10133,1.1096,0.001930485,0.00112723,0.00563615
2/4/2016 2:59,DOWN,1.10961,1.11461,1.10746,1.10832,-0.000360841,0.000897511,0.004487553
2/4/2016 8:25,UP,1.10832,1.11376,1.10695,1.11263,0.000152803,0.000950082,0.004750412
2/4/2016 10:41,UP,1.11263,1.11743,1.1113,1.11712,0.001038924,0.000857894,0.004289472
2/4/2016 13:11,UP,1.11717,1.12183,1.11654,1.12138,0.001865514,0.000807163,0.004035816
2/4/2016 15:56,DOWN,1.12138,1.12393,1.11576,1.11616,-0.000832867,0.000909464,0.00454732
2/4/2016 18:47,UP,1.11612,1.12104,1.11578,1.12097,0.000499692,0.000749284,0.003746419
2/5/2016 10:27,DOWN,1.12101,1.12229,1.11835,1.11871,-0.000437909,0.000600684,0.003003422
2/5/2016 13:46,DOWN,1.11871,1.12536,1.11413,1.11542,-0.002104613,0.000812684,0.004063421
2/8/2016 8:17,UP,1.11531,1.11711,1.11087,1.11495,0.000861396,0.00068603,0.003430148
2/8/2016 11:28,DOWN,1.11498,1.11844,1.11167,1.11171,-0.001069851,0.001098348,0.005491742
2/8/2016 16:06,UP,1.11177,1.11662,1.10865,1.11662,0.002187557,0.001078115,0.005390574
2/9/2016 1:30,UP,1.11671,1.12162,1.11564,1.12079,-8.92E-05,0.000834018,0.00417009
2/9/2016 7:50,DOWN,1.1208,1.1238,1.11774,1.11818,-0.00079562,0.000905126,0.004525632
2/9/2016 11:50,UP,1.11814,1.12231,1.11623,1.1221,0.000356538,0.000851111,0.004255553
2/9/2016 13:56,UP,1.1221,1.13007,1.12095,1.12995,0.002516549,0.001089861,0.005449306
2/9/2016 16:10,UP,1.12996,1.13248,1.1257,1.13219,0.00121962,0.001028791,0.005143954
2/10/2016 4:49,DOWN,1.1322,1.13384,1.1282,1.12881,-0.000584516,0.000675603,0.003378016
2/10/2016 10:23,DOWN,1.12882,1.13021,1.12523,1.12553,-0.00052406,0.00069735,0.003486751
2/10/2016 15:18,DOWN,1.12548,1.12735,1.11908,1.11918,-0.002676948,0.001050736,0.005253678
2/10/2016 17:10,UP,1.11921,1.12437,1.11604,1.12309,0.000748216,0.000937122,0.004685612
2/10/2016 20:45,UP,1.12316,1.12942,1.12262,1.12888,0.001276415,0.000871554,0.004357772
2/11/2016 8:36,UP,1.12884,1.13324,1.12738,1.13324,0.001032971,0.000925172,0.004625858
2/11/2016 16:46,UP,1.13325,1.13711,1.13055,1.13701,0.001152809,0.001047525,0.005237623
2/12/2016 1:00,DOWN,1.13699,1.13767,1.13057,1.13105,-0.000353591,0.000995881,0.004979406
2/12/2016 9:20,DOWN,1.13104,1.13253,1.12649,1.12689,-0.000310541,0.000837272,0.004186361
2/12/2016 13:42,DOWN,1.12694,1.1299,1.12278,1.12414,-0.001120229,0.00092079,0.004603952
2/15/2016 3:17,DOWN,1.12415,1.12781,1.1214,1.12175,-0.000320876,0.000783847,0.003919237
2/15/2016 12:47,DOWN,1.12179,1.123,1.11803,1.11844,-0.00088477,0.0006645,0.003322501
2/15/2016 15:21,DOWN,1.11844,1.11955,1.11279,1.11315,-0.001167176,0.000821636,0.00410818
2/15/2016 23:58,UP,1.1131,1.11791,1.11304,1.11767,0.000689171,0.00079438,0.003971899
2/16/2016 15:12,DOWN,1.11769,1.11935,1.11247,1.11309,-0.001265942,0.000820408,0.004102042
2/17/2016 4:28,UP,1.11309,1.11658,1.11188,1.11652,0.001147077,0.000788993,0.003944965
2/17/2016 9:50,DOWN,1.11652,1.11795,1.11294,1.11323,-0.000646558,0.000700347,0.003501734
2/18/2016 11:35,DOWN,1.11316,1.11575,1.11059,1.11126,-0.000836538,0.000579102,0.002895512
2/18/2016 14:23,DOWN,1.11125,1.11152,1.10718,1.10738,-0.000821422,0.000651186,0.003255932
2/19/2016 1:07,UP,1.10734,1.11288,1.10709,1.11213,0.000647616,0.000743394,0.003716968
2/19/2016 9:41,DOWN,1.11217,1.11396,1.10813,1.10851,-0.001352253,0.000736537,0.003682686
2/19/2016 16:49,UP,1.10851,1.11291,1.10668,1.11246,0.000116865,0.00097883,0.004894149
2/22/2016 8:03,DOWN,1.1125,1.11378,1.10852,1.10902,-0.000694066,0.000709198,0.003545989
2/22/2016 12:00,DOWN,1.10901,1.10932,1.10329,1.1034,-0.001883308,0.000878144,0.00439072
2/23/2016 3:21,UP,1.10346,1.10461,1.10031,1.10423,0.000144908,0.000560403,0.002802016
2/23/2016 9:34,DOWN,1.10427,1.10529,1.09914,1.09949,-0.001163499,0.000793376,0.003966878
2/24/2016 8:06,DOWN,1.09953,1.1038,1.099,1.09966,-0.000372773,0.000557746,0.00278873
2/24/2016 11:48,DOWN,1.0996,1.1016,1.09612,1.09624,-0.001412925,0.000670674,0.003353372
2/24/2016 15:16,UP,1.09625,1.10285,1.09571,1.10255,0.001415904,0.000955316,0.00477658
2/25/2016 9:35,DOWN,1.10264,1.10462,1.10048,1.10081,-9.99E-05,0.00059716,0.002985799
2/25/2016 14:19,DOWN,1.1008,1.10454,1.10002,1.10038,-0.000499702,0.000651391,0.003256956
2/25/2016 16:06,UP,1.10037,1.104,1.09867,1.10352,0.000154064,0.000783639,0.003918197
2/26/2016 9:11,DOWN,1.10349,1.10686,1.10056,1.10079,-0.001434304,0.000889412,0.004447061
2/26/2016 14:09,DOWN,1.1008,1.10312,1.09629,1.09651,-0.001020901,0.001079756,0.00539878
2/26/2016 18:19,DOWN,1.09651,1.0981,1.09116,1.09218,-0.000292949,0.000944755,0.004723773
2/29/2016 9:59,DOWN,1.09219,1.09628,1.09108,1.09149,-9.16E-05,0.000751394,0.003756971
2/29/2016 15:34,DOWN,1.09153,1.09162,1.08649,1.08711,-0.000689665,0.000699653,0.003498266
3/1/2016 15:22,DOWN,1.08712,1.08939,1.08354,1.08454,-0.000184393,0.000765337,0.003826684
3/2/2016 14:40,DOWN,1.08456,1.08815,1.08292,1.08325,-0.001014947,0.000643586,0.003217932
3/2/2016 18:54,UP,1.08329,1.08688,1.08255,1.08656,0.00057998,0.000615593,0.003077964
3/3/2016 11:39,UP,1.08658,1.08831,1.08535,1.08814,0.000183817,0.000426283,0.002131415
3/3/2016 15:00,UP,1.08819,1.09291,1.08759,1.09211,0.000338851,0.000708218,0.003541092
3/3/2016 16:38,UP,1.09215,1.09731,1.09161,1.09645,0.001789187,0.000768456,0.003842278
3/4/2016 11:17,UP,1.09649,1.09859,1.09284,1.09815,4.55E-05,0.000817476,0.004087379
3/4/2016 14:58,UP,1.09815,1.10401,1.0903,1.10297,0.001406285,0.001828857,0.009144283
3/7/2016 7:53,DOWN,1.10294,1.1044,1.0966,1.09705,-0.000601433,0.000950448,0.004752241
3/7/2016 16:39,UP,1.09705,1.10009,1.09401,1.09938,0.001128545,0.000821221,0.004106103
3/8/2016 7:13,UP,1.09939,1.1029,1.09888,1.10237,0.000580736,0.000542159,0.002710793
3/8/2016 14:31,UP,1.10242,1.10502,1.10016,1.10481,0.000887424,0.000747561,0.003737805
3/8/2016 18:15,DOWN,1.10479,1.10581,1.10088,1.1012,-0.000272393,0.000661406,0.003307031
3/9/2016 4:02,DOWN,1.10126,1.10126,1.09708,1.09733,-0.000391783,0.000641834,0.003209168
3/9/2016 15:39,UP,1.09739,1.10106,1.0946,1.10106,0.002564454,0.000914598,0.004572989
3/9/2016 23:53,DOWN,1.10107,1.10352,1.09865,1.09896,-0.001000446,0.000692743,0.003463716
3/10/2016 12:51,DOWN,1.09895,1.09932,1.08645,1.08796,-0.00723506,0.001884389,0.009421946
3/10/2016 14:05,UP,1.08787,1.09723,1.08219,1.09606,0.002685939,0.002306075,0.011530376
3/10/2016 15:08,UP,1.09619,1.11158,1.09436,1.10991,0.00416214,0.002469418,0.012347089
3/10/2016 17:40,UP,1.10995,1.12129,1.10988,1.12059,0.002492864,0.001915106,0.009575528
3/11/2016 7:23,DOWN,1.12048,1.12184,1.11519,1.11569,-0.00100336,0.000971153,0.004855763
3/11/2016 10:07,DOWN,1.11569,1.11658,1.10965,1.10987,-0.001611502,0.001042084,0.00521042
3/11/2016 15:05,UP,1.10994,1.11621,1.10803,1.11556,0.001947106,0.001071042,0.005355211
3/14/2016 7:53,DOWN,1.11557,1.11937,1.11358,1.11418,-0.00038586,0.000739981,0.003699903
3/14/2016 15:02,DOWN,1.11418,1.11437,1.10931,1.10969,-0.001098802,0.000683503,0.003417514
3/15/2016 12:49,UP,1.10975,1.11253,1.10717,1.11186,0.000818783,0.000664641,0.003323203
3/16/2016 7:57,DOWN,1.11186,1.11205,1.10815,1.10863,-0.000559092,0.000535649,0.002678246
3/16/2016 18:04,UP,1.10862,1.11717,1.10578,1.11442,0.004794231,0.001381518,0.006907589
3/16/2016 19:39,UP,1.11456,1.12289,1.11382,1.12266,0.000712847,0.001394346,0.006971731
3/17/2016 8:05,UP,1.12259,1.12686,1.12056,1.12667,0.001678918,0.000965618,0.00482809
3/17/2016 10:20,UP,1.12662,1.13373,1.1266,1.13348,0.00080316,0.001064877,0.005324387
3/18/2016 1:24,UP,1.13348,1.13428,1.12783,1.133,0.001024355,0.000694853,0.003474265
3/18/2016 7:07,DOWN,1.13294,1.13374,1.12917,1.12945,-0.000982297,0.000593696,0.002968481
3/18/2016 14:39,UP,1.12944,1.13069,1.12559,1.13066,0.001681848,0.000720984,0.003604918
3/18/2016 18:58,DOWN,1.13067,1.13074,1.12652,1.12665,-0.000922665,0.000645899,0.003229497
3/21/2016 7:42,DOWN,1.12671,1.12852,1.12515,1.12534,-0.000799439,0.000503133,0.002515666
3/21/2016 12:30,UP,1.12535,1.12849,1.12354,1.12787,0.00061196,0.000664414,0.00332207
3/21/2016 16:40,DOWN,1.12791,1.128,1.12397,1.12423,-0.000738011,0.000606595,0.003032975
3/22/2016 8:24,DOWN,1.12426,1.12603,1.1201,1.12036,-0.001908278,0.000838343,0.004191717
3/22/2016 14:49,UP,1.12037,1.12387,1.11883,1.12383,0.00058745,0.000678679,0.003393393
3/23/2016 4:28,DOWN,1.12385,1.12386,1.1204,1.12055,-0.000642335,0.000474543,0.002372714
3/23/2016 12:45,DOWN,1.12055,1.12109,1.11693,1.11729,-0.000751537,0.000572646,0.002863228
3/24/2016 7:01,DOWN,1.11726,1.11958,1.1157,1.11632,-0.001199653,0.000530996,0.002654978
3/27/2016 22:33,DOWN,1.11635,1.1188,1.11444,1.11615,-0.000313529,0.000418381,0.002091904
3/28/2016 13:08,UP,1.11599,1.11935,1.11529,1.11914,0.001314372,0.000552034,0.002760172
3/29/2016 6:23,DOWN,1.11914,1.12203,1.11824,1.11889,-3.57E-05,0.000488058,0.00244029
3/29/2016 11:15,UP,1.11884,1.12151,1.11689,1.1212,0.000579904,0.000580091,0.002900456
3/29/2016 16:45,UP,1.12115,1.12668,1.11793,1.12632,0.001163757,0.001250808,0.006254038
3/30/2016 6:09,UP,1.12632,1.13091,1.12574,1.13085,0.001097122,0.000742679,0.003713394
3/30/2016 12:18,UP,1.13084,1.13393,1.12942,1.13381,0.000785272,0.000664679,0.003323395
3/30/2016 14:38,UP,1.13373,1.13628,1.13021,1.13579,0.000607691,0.000930732,0.004653661
3/31/2016 1:48,DOWN,1.13576,1.13656,1.13152,1.13212,-0.000282616,0.000624008,0.003120041
3/31/2016 8:27,UP,1.13213,1.13502,1.13101,1.13476,0.000458352,0.000553606,0.002768032
3/31/2016 11:25,UP,1.13476,1.13837,1.13467,1.13801,0.000281232,0.00056659,0.002832949
4/1/2016 1:02,DOWN,1.138,1.14122,1.1375,1.1379,-0.000421741,0.000454571,0.002272857
4/1/2016 8:52,UP,1.13793,1.14014,1.13667,1.13984,0.000570418,0.000449036,0.00224518
4/1/2016 11:46,UP,1.13983,1.14287,1.13903,1.14274,0.000402622,0.000530152,0.00265076
4/1/2016 14:11,DOWN,1.14267,1.14383,1.13424,1.13431,-0.002685251,0.00126102,0.006305101
4/1/2016 20:16,UP,1.13424,1.1404,1.13348,1.13963,0.000377387,0.000874593,0.004372967
4/4/2016 9:09,DOWN,1.13962,1.14131,1.13669,1.13675,-0.000518889,0.000701957,0.003509785
4/4/2016 12:45,UP,1.13675,1.14,1.13573,1.13976,0.000983146,0.000644794,0.00322397
4/5/2016 6:43,DOWN,1.13983,1.141,1.1373,1.13784,-0.000228477,0.000444016,0.002220082
4/5/2016 14:13,DOWN,1.13784,1.13917,1.13363,1.13506,-0.000405183,0.000601353,0.003006763
4/5/2016 15:42,UP,1.1351,1.13956,1.13493,1.13952,0.001317211,0.000666255,0.003331274
4/6/2016 3:32,DOWN,1.13946,1.14016,1.13679,1.13691,-0.000413316,0.000491509,0.002457547
4/6/2016 11:37,DOWN,1.13685,1.13742,1.13266,1.13326,-0.001454918,0.000594924,0.002974618
4/6/2016 13:29,UP,1.13319,1.13905,1.13316,1.13855,0.001353513,0.000761324,0.003806621
4/6/2016 15:50,UP,1.13858,1.1424,1.13678,1.14208,0.001252886,0.000869989,0.004349947
4/7/2016 6:33,UP,1.14213,1.14457,1.13916,1.14423,0.00173192,0.000739824,0.003699121
4/7/2016 7:43,DOWN,1.1443,1.14544,1.13838,1.13906,-0.002192387,0.000909111,0.004545554
4/7/2016 13:14,DOWN,1.13908,1.14079,1.13435,1.13472,-0.001197816,0.000995895,0.004979474
4/7/2016 15:26,UP,1.13473,1.13982,1.13375,1.13963,0.000526625,0.000786495,0.003932473
4/8/2016 3:03,DOWN,1.13961,1.14001,1.13592,1.13639,-0.000202375,0.000544209,0.002721044
4/8/2016 13:25,UP,1.13639,1.1398,1.13489,1.13965,0.001642202,0.000757851,0.003789255
4/11/2016 2:52,UP,1.13952,1.14263,1.13781,1.14131,0.000236598,0.000491995,0.002459975
4/11/2016 7:49,DOWN,1.14124,1.14284,1.13814,1.13832,-0.00186943,0.00066107,0.003305348
4/11/2016 12:41,UP,1.1383,1.14224,1.1372,1.14207,0.001226596,0.000745669,0.003728343
4/11/2016 15:05,UP,1.14202,1.14478,1.13942,1.14398,6.99E-05,0.000701402,0.003507009
4/11/2016 22:10,DOWN,1.14399,1.144,1.13955,1.14055,-2.63E-05,0.000584565,0.002922824
4/12/2016 7:19,UP,1.14059,1.14352,1.14004,1.1432,0.000691282,0.000485299,0.002426496
4/12/2016 8:21,UP,1.1432,1.1463,1.14156,1.14628,0.001440476,0.000729356,0.003646781
4/12/2016 9:56,DOWN,1.14623,1.14652,1.14187,1.14218,1.75E-05,0.000716076,0.003580382
4/12/2016 13:54,DOWN,1.14221,1.14253,1.13753,1.13776,-0.000219706,0.000729501,0.003647505
4/13/2016 0:32,UP,1.13778,1.14008,1.1348,1.13893,0.000421537,0.000657467,0.003287337
4/13/2016 6:32,DOWN,1.13893,1.13894,1.13473,1.13481,-0.000766354,0.000609479,0.003047394
4/13/2016 9:24,DOWN,1.13486,1.13624,1.1313,1.13134,-0.000989487,0.000633963,0.003169814
4/13/2016 13:53,DOWN,1.1314,1.13265,1.12803,1.12841,-0.001443468,0.000675461,0.003377304
4/14/2016 1:35,DOWN,1.12839,1.12947,1.12545,1.12555,-0.001065578,0.000549632,0.002748159
4/14/2016 12:42,UP,1.1255,1.12786,1.12338,1.1278,0.000611998,0.000703074,0.003515368
4/15/2016 0:43,DOWN,1.12781,1.12952,1.12479,1.12551,-0.00054183,0.000571856,0.002859282
4/15/2016 11:04,UP,1.12549,1.12837,1.12456,1.12821,0.000656121,0.000536944,0.002684722
4/15/2016 14:24,UP,1.12823,1.13173,1.12721,1.13107,0.000141469,0.000550806,0.002754032
4/18/2016 5:34,DOWN,1.13113,1.13121,1.12763,1.12826,-0.000141801,0.000487643,0.002438213
4/18/2016 12:28,UP,1.12831,1.13196,1.12737,1.13164,0.000945978,0.00052756,0.002637802
4/19/2016 6:19,UP,1.13165,1.13369,1.12969,1.13342,0.000767883,0.000474812,0.002374058
4/19/2016 12:30,UP,1.13337,1.13533,1.13147,1.13504,0.000934324,0.000518763,0.002593816
4/19/2016 15:14,UP,1.13504,1.13848,1.13408,1.1382,0.000492126,0.000535122,0.002675612
4/20/2016 5:46,DOWN,1.13825,1.1385,1.13532,1.13563,-0.000360968,0.000449257,0.002246286
4/20/2016 12:14,UP,1.13558,1.13812,1.13488,1.13803,6.15E-05,0.000507475,0.002537374
4/20/2016 13:54,DOWN,1.13802,1.13885,1.13348,1.13409,-0.001515486,0.000630608,0.00315304
4/20/2016 17:37,DOWN,1.13409,1.13454,1.13015,1.13062,-0.000689649,0.000625021,0.003125104
4/21/2016 11:21,UP,1.13061,1.13229,1.12831,1.13228,0.001078053,0.000508726,0.002543628
4/21/2016 13:51,DOWN,1.13222,1.13962,1.13035,1.13091,-0.002543385,0.001361706,0.006808528
4/22/2016 10:38,DOWN,1.13084,1.1312,1.12559,1.12636,-0.000816457,0.000687187,0.003435937
4/22/2016 15:36,DOWN,1.12629,1.12815,1.12372,1.12417,-0.000329078,0.00062671,0.003133548
4/25/2016 7:58,UP,1.12417,1.12589,1.12151,1.12546,0.000426583,0.000573769,0.002868847
4/25/2016 15:26,UP,1.12552,1.12769,1.12433,1.12769,0.00052333,0.000423612,0.002118061
4/26/2016 8:47,UP,1.12763,1.13004,1.12562,1.12984,0.001053802,0.000552578,0.002762891
4/26/2016 13:17,UP,1.12984,1.13199,1.12706,1.13193,0.001078386,0.000802483,0.004012416
4/26/2016 17:36,DOWN,1.13204,1.134,1.12839,1.12878,-0.000522552,0.000739961,0.003699804
4/27/2016 7:03,UP,1.12884,1.13281,1.12801,1.13202,0.000936818,0.000619686,0.003098432
4/27/2016 17:50,UP,1.13208,1.13446,1.1293,1.13392,0.00118244,0.000634677,0.003173384
4/28/2016 6:11,UP,1.13389,1.13619,1.12715,1.1343,0.000634954,0.001027591,0.005137954
4/28/2016 14:37,DOWN,1.13429,1.13684,1.13132,1.13143,-0.001183641,0.000736151,0.003680756
4/28/2016 19:32,UP,1.13149,1.1357,1.13101,1.13562,0.000563728,0.000676809,0.003384046
4/29/2016 3:27,UP,1.13561,1.13869,1.13465,1.1386,0.000281086,0.000593937,0.002969685
4/29/2016 12:35,UP,1.13855,1.14296,1.13698,1.14256,0.001874743,0.000814613,0.004073067
4/29/2016 15:01,UP,1.14255,1.14578,1.14109,1.1454,0.000436624,0.000617149,0.003085744
5/2/2016 0:34,UP,1.14549,1.14787,1.14333,1.14779,0.001264096,0.000568936,0.002844678
5/2/2016 9:34,UP,1.14781,1.1488,1.14482,1.14853,0.000513832,0.000492154,0.002460772
5/2/2016 14:07,UP,1.14853,1.15352,1.1469,1.15162,0.000286594,0.00070376,0.003518799
5/2/2016 17:17,UP,1.15165,1.15331,1.14908,1.15283,0.000234234,0.000578487,0.002892433
5/3/2016 6:26,UP,1.15288,1.15648,1.15141,1.15648,0.000778527,0.000689352,0.003446759
5/3/2016 8:10,UP,1.15652,1.16164,1.15549,1.16108,0.001767158,0.000749334,0.00374667
5/3/2016 11:47,DOWN,1.16107,1.1615,1.15696,1.15725,-0.000639243,0.000599041,0.002995205
5/3/2016 14:15,DOWN,1.1573,1.15751,1.15294,1.15306,-0.001421292,0.000660265,0.003301326
5/3/2016 21:04,DOWN,1.15305,1.15407,1.14951,1.14966,-0.000782534,0.000580247,0.002901233
5/4/2016 12:19,UP,1.14951,1.15251,1.14696,1.1516,0.001372946,0.000696884,0.00348442
5/4/2016 14:12,DOWN,1.15159,1.15297,1.14665,1.14743,-0.000531482,0.000815268,0.004076338
5/5/2016 7:57,DOWN,1.14747,1.15073,1.14508,1.14546,-0.002145306,0.000778498,0.003892492
5/5/2016 13:54,DOWN,1.14546,1.14577,1.14179,1.14221,-0.000341385,0.00053126,0.002656301
5/6/2016 7:38,UP,1.14219,1.14231,1.13859,1.14194,0.000595655,0.000435349,0.002176745
5/6/2016 14:15,DOWN,1.142,1.14802,1.14014,1.1412,-0.000341687,0.000889552,0.004447758
5/9/2016 0:05,DOWN,1.14126,1.14326,1.13832,1.13867,-0.00059701,0.000677091,0.003385453
5/9/2016 11:22,DOWN,1.13872,1.14201,1.1375,1.13761,-0.001027943,0.000656402,0.00328201
5/9/2016 14:36,UP,1.13765,1.14143,1.13765,1.14126,0.001201149,0.000607115,0.003035575
5/9/2016 20:12,DOWN,1.14124,1.14125,1.13788,1.13817,-0.000439205,0.000528017,0.002640084
5/10/2016 14:43,UP,1.13817,1.14102,1.13587,1.14072,0.001649441,0.000686816,0.003434079
5/10/2016 18:23,DOWN,1.14071,1.14076,1.13704,1.13711,-0.000369289,0.000605204,0.00302602
5/11/2016 9:55,UP,1.13702,1.14001,1.13655,1.13977,0.00059679,0.000456174,0.002280868
5/11/2016 13:51,UP,1.13981,1.14244,1.13877,1.14197,0.000543069,0.000441365,0.002206825
5/12/2016 6:00,DOWN,1.14202,1.14469,1.14156,1.14156,-0.000525458,0.000359192,0.001795959
5/12/2016 10:32,DOWN,1.14155,1.14251,1.13952,1.13974,-0.000973432,0.000426819,0.002134094
5/12/2016 13:52,UP,1.13968,1.14126,1.13783,1.14122,0.000587263,0.000472915,0.002364576
5/12/2016 15:58,DOWN,1.14116,1.14151,1.13746,1.138,-0.000895908,0.000513814,0.00256907
5/13/2016 6:15,DOWN,1.13798,1.13904,1.13532,1.13585,-0.001302141,0.000496165,0.002480823
5/13/2016 12:53,DOWN,1.13591,1.13603,1.13081,1.13081,-0.000751391,0.000765714,0.00382857
5/13/2016 15:26,DOWN,1.13086,1.1332,1.12838,1.12848,-6.20E-05,0.000741444,0.003707219
5/16/2016 7:03,UP,1.12849,1.13247,1.1283,1.13226,0.000706801,0.000554921,0.002774604
5/16/2016 14:04,UP,1.13232,1.13426,1.13072,1.13392,0.000546925,0.000483073,0.002415365
5/17/2016 1:34,DOWN,1.13387,1.13409,1.13129,1.1317,-0.000265053,0.000374751,0.001873757
5/17/2016 8:12,UP,1.13175,1.13402,1.13111,1.13374,0.000352877,0.000379304,0.001896522
5/17/2016 12:34,DOWN,1.13373,1.1339,1.13016,1.13073,-0.00100769,0.000424222,0.002121108
5/17/2016 13:52,UP,1.13067,1.13488,1.13022,1.13374,0.000555837,0.000490446,0.002452229
5/17/2016 18:23,DOWN,1.13378,1.13463,1.13122,1.13154,-0.000485945,0.000427713,0.002138566
5/18/2016 2:04,DOWN,1.13154,1.13227,1.12899,1.12926,-0.001185914,0.000476381,0.002381907
5/18/2016 7:33,DOWN,1.12926,1.12966,1.12615,1.12617,-0.00079885,0.00047217,0.002360848
5/18/2016 11:56,UP,1.12621,1.12891,1.12561,1.12868,0.000398775,0.000406808,0.002034039
5/18/2016 18:15,DOWN,1.12864,1.12931,1.12274,1.123,-0.001076891,0.000843705,0.004218526
5/19/2016 11:15,DOWN,1.123,1.12359,1.12018,1.12028,-5.36E-05,0.000520933,0.002604664
5/19/2016 14:40,UP,1.12033,1.12232,1.11799,1.12211,0.000855897,0.000557416,0.002787078
5/20/2016 13:26,UP,1.12216,1.12381,1.11915,1.12324,0.000810485,0.000473706,0.002368529
5/20/2016 15:34,DOWN,1.12329,1.12375,1.12047,1.12066,-0.000383629,0.000457816,0.00228908
5/23/2016 1:27,UP,1.12067,1.12337,1.12047,1.12316,0.000436364,0.00041381,0.002069052
5/23/2016 8:21,DOWN,1.12312,1.12432,1.12054,1.12056,-0.000820681,0.000525335,0.002626677
5/23/2016 17:21,UP,1.12061,1.12242,1.11875,1.12209,0.001203836,0.000552335,0.002761674
5/24/2016 7:34,DOWN,1.1221,1.1231,1.1191,1.11921,-0.00074132,0.00049077,0.002453848
5/24/2016 12:31,DOWN,1.11916,1.11947,1.11627,1.11657,-0.000564069,0.00045263,0.002263149
5/24/2016 16:07,DOWN,1.11657,1.11699,1.11395,1.114,-0.000511539,0.000426522,0.002132608
5/25/2016 14:29,DOWN,1.11404,1.11582,1.11288,1.11333,-0.001068295,0.000424618,0.002123091
5/25/2016 17:23,UP,1.11332,1.11656,1.11295,1.11617,0.000232967,0.000468649,0.002343245
5/26/2016 4:30,UP,1.11618,1.1187,1.11494,1.11835,0.000178851,0.000489548,0.002447741
5/26/2016 13:01,UP,1.11834,1.12102,1.1159,1.12088,0.00227759,0.000713163,0.003565817
5/26/2016 15:17,DOWN,1.12088,1.12171,1.11741,1.11741,-0.001028636,0.000665443,0.003327213
5/27/2016 11:46,DOWN,1.11745,1.12011,1.11663,1.11667,-0.000957747,0.000434312,0.00217156
5/27/2016 13:50,DOWN,1.11672,1.11775,1.11461,1.11473,-0.000349799,0.000423496,0.00211748
5/27/2016 19:53,DOWN,1.11479,1.11556,1.11115,1.11125,-0.000179961,0.000586714,0.00293357
5/30/2016 8:07,UP,1.11125,1.11277,1.10978,1.1126,0.000719295,0.000424984,0.002124921
5/31/2016 0:24,UP,1.11255,1.11521,1.1124,1.11493,0.000278083,0.000365036,0.001825182
5/31/2016 6:23,DOWN,1.11499,1.11552,1.11246,1.11259,-0.000691839,0.000374125,0.001870625
5/31/2016 10:17,UP,1.11264,1.11584,1.11222,1.11567,0.000842898,0.000446861,0.002234303
5/31/2016 14:05,UP,1.11568,1.11736,1.11459,1.11716,0.000277528,0.000394939,0.001974697
5/31/2016 15:01,DOWN,1.1172,1.11732,1.1126,1.1126,-0.002325175,0.000728711,0.003643557
6/1/2016 2:32,DOWN,1.11258,1.11457,1.11169,1.11192,-0.000287749,0.0004474,0.002237002
6/1/2016 7:49,UP,1.11192,1.1156,1.11141,1.11536,0.001193152,0.000579899,0.002899495
6/1/2016 11:59,UP,1.11536,1.11802,1.11456,1.11768,0.000823473,0.000444045,0.002220227
6/1/2016 18:58,UP,1.11766,1.11889,1.1149,1.11832,8.94E-06,0.000551376,0.002756881
6/2/2016 7:21,UP,1.11833,1.12165,1.11811,1.12127,0.001079716,0.000516342,0.00258171
6/2/2016 11:49,DOWN,1.12122,1.12202,1.11834,1.1189,-0.000205538,0.000460404,0.002302022
6/2/2016 15:11,DOWN,1.11895,1.12164,1.11485,1.11499,-0.000887506,0.000858851,0.004294253
6/3/2016 12:37,UP,1.11499,1.12712,1.11367,1.12592,0.002418725,0.001778468,0.008892338
6/3/2016 14:01,UP,1.12591,1.13481,1.12494,1.13479,0.002938778,0.001525168,0.00762584
6/6/2016 7:22,UP,1.1348,1.13741,1.13216,1.13609,0.001497481,0.000592126,0.002960632
6/6/2016 14:46,UP,1.13611,1.13688,1.13308,1.13632,0.00049294,0.00044521,0.002226051
6/6/2016 17:06,UP,1.13633,1.1393,1.13255,1.13871,0.000852204,0.000514803,0.002574014
6/6/2016 22:00,DOWN,1.13871,1.13889,1.13532,1.1357,-0.000132068,0.000528718,0.002643588
6/7/2016 11:39,DOWN,1.13576,1.13805,1.13386,1.1341,-0.000819697,0.000521099,0.002605493
6/8/2016 1:32,UP,1.13415,1.13702,1.13393,1.13674,0.00043115,0.000425755,0.002128777
6/8/2016 12:37,UP,1.1367,1.13953,1.13608,1.1392,0.001124227,0.000464565,0.002322826
6/9/2016 2:56,UP,1.1392,1.14157,1.13838,1.14134,0.000245356,0.000398682,0.001993412
6/9/2016 7:46,DOWN,1.14133,1.14144,1.13814,1.1388,-0.000140489,0.000416205,0.002081023
6/9/2016 9:30,DOWN,1.13873,1.1388,1.13511,1.13581,-0.000299301,0.000513923,0.002569613
6/9/2016 13:02,DOWN,1.13581,1.13628,1.13206,1.13234,-0.000715077,0.000639902,0.003199512
6/10/2016 0:26,DOWN,1.13235,1.1337,1.1292,1.1296,-0.001220926,0.000559007,0.002795037
6/10/2016 9:53,DOWN,1.12957,1.13217,1.12818,1.12831,-0.001470146,0.000558816,0.002794079
6/10/2016 16:37,DOWN,1.12833,1.13126,1.12722,1.12759,-0.000416731,0.000552683,0.002763413
6/12/2016 22:39,DOWN,1.12759,1.12833,1.12449,1.12476,-0.000462214,0.000585398,0.002926992
6/13/2016 6:43,UP,1.12482,1.12645,1.12319,1.12636,0.000515066,0.000452718,0.002263589
6/13/2016 13:09,DOWN,1.12636,1.12784,1.12443,1.12455,-0.000746687,0.000471889,0.002359445
6/13/2016 14:15,UP,1.12455,1.12864,1.12375,1.12824,0.00072706,0.000619441,0.003097203
6/14/2016 6:41,DOWN,1.12828,1.13031,1.12721,1.12737,-0.000328144,0.00037134,0.0018567
6/14/2016 8:03,DOWN,1.12736,1.12739,1.12451,1.12477,-0.000346677,0.000457649,0.002288245
6/14/2016 9:13,DOWN,1.12474,1.12561,1.12189,1.12226,-0.000961881,0.000552371,0.002761856
6/14/2016 14:01,DOWN,1.12227,1.12416,1.11989,1.12007,-0.00132939,0.000617289,0.003086446
6/15/2016 9:07,UP,1.12002,1.12296,1.11887,1.12232,7.13E-05,0.000508149,0.002540746
6/15/2016 15:30,UP,1.12241,1.12491,1.12092,1.12485,0.000515757,0.000537429,0.002687145
6/16/2016 5:14,UP,1.12485,1.1299,1.12329,1.12817,0.000594059,0.000688851,0.003444255
6/16/2016 9:23,DOWN,1.12818,1.1295,1.12506,1.12534,-0.000772801,0.000636753,0.003183764
6/16/2016 10:42,DOWN,1.1254,1.1259,1.12048,1.12085,-0.000793725,0.000758899,0.003794493
6/16/2016 13:17,DOWN,1.12085,1.12159,1.11512,1.11541,-0.001227494,0.000904589,0.004522945
6/16/2016 16:20,UP,1.11546,1.11796,1.11309,1.11796,0.002005659,0.000815069,0.004075346
6/16/2016 18:10,UP,1.11796,1.12439,1.11792,1.12386,0.001424679,0.001002235,0.005011177
6/17/2016 7:11,DOWN,1.12382,1.1272,1.12225,1.1223,-0.001077562,0.000727502,0.003637508
6/17/2016 11:35,UP,1.12236,1.1264,1.1223,1.12638,0.000701608,0.000716123,0.003580615
6/17/2016 14:17,UP,1.12639,1.12966,1.12434,1.12944,0.000841479,0.000705937,0.003529685
6/17/2016 15:41,DOWN,1.12939,1.12964,1.12421,1.12501,-0.00017776,0.000764777,0.003823884
6/19/2016 22:00,UP,1.12495,1.13381,1.12475,1.13209,0.003645925,0.001114815,0.005574073
6/20/2016 3:39,UP,1.13217,1.13668,1.1308,1.13663,0.000510411,0.000851815,0.004259076
6/20/2016 9:33,DOWN,1.13663,1.13827,1.13315,1.13353,-0.000502728,0.000699726,0.003498632
6/20/2016 15:21,DOWN,1.13352,1.13576,1.13126,1.13146,-0.001289536,0.000665789,0.003328944
6/21/2016 1:35,UP,1.13147,1.13435,1.1302,1.1341,0.000890971,0.000563337,0.002816683
6/21/2016 12:04,DOWN,1.1341,1.13498,1.13103,1.1312,-0.001333975,0.000619451,0.003097256
6/21/2016 13:05,DOWN,1.13125,1.132,1.12656,1.12665,-0.002083657,0.000831629,0.004158143
6/22/2016 10:07,UP,1.12662,1.1293,1.12364,1.12909,0.000965845,0.000681116,0.003405581
6/22/2016 15:34,DOWN,1.12906,1.13379,1.12691,1.1281,-0.000522867,0.000883119,0.004415593
6/23/2016 4:01,UP,1.12816,1.135,1.12755,1.13447,0.00039674,0.001142441,0.005712204
6/23/2016 9:24,UP,1.13449,1.14007,1.13166,1.13876,0.00214498,0.001091426,0.005457132
6/23/2016 15:03,DOWN,1.1387,1.14217,1.13468,1.1349,-0.00127683,0.000944465,0.004722326
6/23/2016 23:18,DOWN,1.13484,1.14288,1.12728,1.12866,-0.005363649,0.001766732,0.008833659
6/24/2016 1:10,DOWN,1.12852,1.13566,1.11788,1.12048,-0.004239181,0.002531059,0.012655295
6/24/2016 2:44,DOWN,1.12042,1.12982,1.10521,1.10635,-0.007007523,0.003151279,0.015756397
6/24/2016 3:52,DOWN,1.10634,1.11391,1.09114,1.09151,-0.002278645,0.002987539,0.014937697
6/24/2016 6:21,UP,1.09165,1.10861,1.09136,1.10781,0.003716922,0.002597685,0.012988427
6/24/2016 8:40,UP,1.10781,1.11894,1.10079,1.1169,0.001828154,0.002538086,0.012690428
6/24/2016 10:57,DOWN,1.1169,1.11703,1.10494,1.10549,-0.000741478,0.00199197,0.009959852
6/24/2016 16:52,UP,1.10547,1.1155,1.10351,1.11545,0.00256728,0.001753117,0.008765587
6/24/2016 20:57,DOWN,1.11565,1.11805,1.10844,1.10956,-0.000738759,0.001511565,0.007557823
6/27/2016 1:18,DOWN,1.11125,1.11261,1.10007,1.10058,-0.000572262,0.00152076,0.007603801
6/27/2016 6:39,UP,1.10058,1.10596,1.09842,1.10567,0.000452317,0.001239309,0.006196545
6/27/2016 10:31,DOWN,1.10568,1.10839,1.1014,1.1015,-0.001306454,0.001012492,0.005062458
6/27/2016 16:12,UP,1.10142,1.10331,1.09706,1.10297,0.000734651,0.000921662,0.00460831
6/28/2016 2:35,UP,1.1029,1.10597,1.09955,1.10542,0.00087788,0.000835269,0.004176346
6/28/2016 10:07,UP,1.10549,1.11,1.10429,1.10969,0.000748236,0.000808426,0.004042128
6/28/2016 14:12,DOWN,1.10968,1.11119,1.10523,1.10539,-0.000795782,0.000711397,0.003556984
6/28/2016 20:37,UP,1.10545,1.1091,1.10346,1.10799,-4.51E-05,0.000767125,0.003835623
6/29/2016 7:29,UP,1.10801,1.11037,1.10492,1.11008,0.001424335,0.000871818,0.004359088
6/29/2016 13:34,UP,1.11014,1.11183,1.10516,1.11116,0.001305795,0.000921619,0.004608096
6/30/2016 9:44,UP,1.11119,1.11382,1.10852,1.11319,0.000593067,0.000640045,0.003200223
6/30/2016 11:59,DOWN,1.11319,1.11548,1.10982,1.11048,-0.001430789,0.000773667,0.003868335
6/30/2016 22:57,UP,1.11054,1.11243,1.10243,1.11,0.000162175,0.001166626,0.00583313
7/1/2016 12:17,UP,1.10999,1.1139,1.1072,1.11348,0.001096265,0.000851167,0.004255834
7/4/2016 8:21,DOWN,1.11352,1.11699,1.11101,1.11106,-0.001591806,0.00068682,0.003434102
7/4/2016 12:32,UP,1.11103,1.11483,1.10978,1.11425,0.000879902,0.000718602,0.003593011
7/5/2016 6:08,DOWN,1.1142,1.116,1.11212,1.11271,-0.000152768,0.000521816,0.002609079
7/5/2016 14:58,DOWN,1.11271,1.11862,1.11138,1.11138,-0.001708127,0.000902463,0.004512317
7/5/2016 21:46,DOWN,1.11149,1.1117,1.10622,1.10694,-0.000261949,0.000787858,0.003939288
7/6/2016 10:50,UP,1.10683,1.10794,1.10363,1.10735,0.00114754,0.000597568,0.002987838
7/6/2016 16:32,UP,1.10739,1.10968,1.10288,1.1089,0.000144298,0.000784856,0.003924278
7/7/2016 7:51,DOWN,1.1089,1.11121,1.10669,1.10738,-0.000243789,0.000544001,0.002720003
7/7/2016 17:29,DOWN,1.10744,1.11017,1.10531,1.10586,-0.000542417,0.000613878,0.003069388
7/8/2016 6:18,UP,1.1058,1.10901,1.10524,1.10825,0.000198531,0.000478085,0.002390425
7/11/2016 6:34,DOWN,1.10821,1.11203,1.10018,1.10439,-0.000497889,0.000670096,0.003350482
7/11/2016 13:20,UP,1.10432,1.10748,1.10156,1.10682,0.001410437,0.000744672,0.003723359
7/12/2016 2:26,UP,1.10676,1.109,1.10353,1.10894,0.001272294,0.000711071,0.003555353
7/12/2016 7:25,UP,1.10893,1.11267,1.10735,1.11169,0.000512864,0.000712399,0.003561993
7/12/2016 11:39,DOWN,1.11166,1.11231,1.10798,1.10804,-0.000198529,0.000635978,0.003179892
7/12/2016 19:09,DOWN,1.10799,1.11057,1.10607,1.10624,-0.000488021,0.00067256,0.0033628
7/13/2016 10:35,UP,1.10628,1.10812,1.10421,1.10798,0.000279828,0.000558922,0.002794612
7/13/2016 14:39,UP,1.10799,1.11195,1.10667,1.11159,0.001125148,0.000706914,0.003534569
7/14/2016 11:20,UP,1.11163,1.11511,1.10872,1.11443,0.002884553,0.000918298,0.004591492
7/14/2016 13:29,DOWN,1.11439,1.11651,1.11067,1.11104,-0.000224989,0.00092052,0.004602598
7/15/2016 8:07,UP,1.11106,1.11474,1.10977,1.11461,0.000897577,0.00066409,0.00332045
7/15/2016 13:28,DOWN,1.11459,1.11492,1.10792,1.1081,-0.002298593,0.000920966,0.004604832
7/15/2016 20:41,DOWN,1.10811,1.10901,1.10337,1.10355,-0.001403573,0.000860413,0.004302067
7/18/2016 14:16,UP,1.10347,1.1073,1.10245,1.10671,0.000406693,0.000498582,0.002492911
7/19/2016 11:32,DOWN,1.10675,1.10845,1.10485,1.10516,-0.000334737,0.000473187,0.002365937
7/19/2016 14:44,DOWN,1.10511,1.1053,1.10118,1.10157,-0.000562675,0.000620019,0.003100096
7/21/2016 1:38,UP,1.10155,1.10353,1.09813,1.10248,0.001243426,0.000610183,0.003050913
7/21/2016 14:37,DOWN,1.10242,1.10608,1.09914,1.09995,-0.000681617,0.00076918,0.003845901
7/21/2016 23:21,UP,1.09995,1.10293,1.09794,1.1027,0.000371884,0.000606521,0.003032606
7/22/2016 14:53,DOWN,1.10263,1.10414,1.0995,1.09966,-0.001435777,0.000544613,0.002723063
7/22/2016 18:35,DOWN,1.09966,1.0998,1.09556,1.09567,-0.000884911,0.000666604,0.003333019
7/25/2016 8:58,UP,1.09553,1.09876,1.0952,1.0984,0.000473528,0.000495977,0.002479887
7/25/2016 19:22,UP,1.09837,1.09992,1.09678,1.09947,0.000181922,0.000442842,0.002214211
7/26/2016 6:10,UP,1.0995,1.10209,1.0983,1.1013,2.72E-05,0.000460959,0.002304795
7/26/2016 12:13,DOWN,1.10124,1.10301,1.09921,1.09943,-0.000400127,0.000414042,0.002070209
7/27/2016 0:29,DOWN,1.09948,1.10068,1.09784,1.09833,-0.000282207,0.000335312,0.00167656
7/27/2016 9:36,UP,1.09839,1.1006,1.09813,1.10031,0.000536356,0.000348828,0.001744138
7/27/2016 18:57,UP,1.10028,1.10227,1.09619,1.10208,0.001380162,0.000936522,0.004682612
7/27/2016 23:59,UP,1.10214,1.10737,1.10167,1.10676,0.00022591,0.000787152,0.003935762
7/28/2016 7:17,UP,1.10676,1.11032,1.1059,1.11015,0.000684827,0.000639825,0.003199127
7/28/2016 17:00,DOWN,1.11012,1.11197,1.10731,1.10764,-0.000361063,0.000594427,0.002972134
7/29/2016 9:19,UP,1.10764,1.1103,1.10685,1.11024,0.000396389,0.000527825,0.002639124
7/29/2016 12:48,UP,1.11019,1.115,1.10982,1.11493,0.001633723,0.000749044,0.003745222
8/1/2016 6:49,DOWN,1.11493,1.11977,1.1146,1.11647,-0.000322393,0.000497648,0.002488241
8/2/2016 5:43,UP,1.11648,1.11811,1.11551,1.11794,0.000178916,0.00036606,0.001830302
8/2/2016 7:35,UP,1.11789,1.12089,1.11754,1.12028,0.000482139,0.000448657,0.002243287
8/2/2016 13:46,UP,1.12026,1.12156,1.11869,1.12122,-1.78E-05,0.000358794,0.001793972
8/2/2016 18:06,UP,1.12122,1.12333,1.12092,1.12303,0.000436415,0.000312983,0.001564917
8/3/2016 1:29,DOWN,1.12309,1.12339,1.12119,1.12128,-0.000347756,0.000303303,0.001516517
8/3/2016 9:21,DOWN,1.12122,1.12174,1.11923,1.11934,-0.000696597,0.000386592,0.001932958
8/3/2016 13:41,DOWN,1.11935,1.1205,1.11759,1.11798,-0.000152048,0.000359426,0.001797131
8/3/2016 17:52,DOWN,1.11795,1.11858,1.11495,1.11557,-0.001003467,0.000452891,0.002264454
8/4/2016 9:16,DOWN,1.11558,1.11568,1.11276,1.11325,-0.000206581,0.000375463,0.001877313
8/4/2016 12:34,UP,1.11329,1.11451,1.11138,1.11438,0.000736106,0.000454405,0.002272023
8/5/2016 9:03,UP,1.11439,1.11521,1.11257,1.11467,3.59E-05,0.000354455,0.001772274
8/5/2016 12:53,DOWN,1.11471,1.11615,1.10819,1.10878,-0.001135739,0.001099534,0.005497671
8/5/2016 17:17,UP,1.10883,1.10995,1.10458,1.1099,0.001289235,0.00081675,0.004083749
8/8/2016 13:56,DOWN,1.10989,1.11057,1.10738,1.10748,-0.00059577,0.000454199,0.002270996
8/9/2016 13:49,UP,1.10749,1.11109,1.10705,1.11047,0.001036134,0.000460338,0.002301689
8/10/2016 0:30,UP,1.11051,1.11455,1.11002,1.11436,0.001589618,0.000586152,0.00293076
8/10/2016 9:23,UP,1.11438,1.11842,1.11364,1.11821,0.001709547,0.000694933,0.003474665
8/10/2016 22:18,UP,1.11821,1.11904,1.11591,1.11841,0.000116243,0.000396853,0.001984264
8/11/2016 6:25,DOWN,1.11841,1.11918,1.11625,1.11645,-0.000214944,0.000412592,0.00206296
8/11/2016 8:20,DOWN,1.11649,1.117,1.11365,1.11397,-0.000610243,0.000495228,0.002476142
8/11/2016 14:00,UP,1.11392,1.11685,1.11379,1.11658,0.00093185,0.00046383,0.00231915
8/11/2016 17:20,DOWN,1.11657,1.11823,1.11439,1.1145,-0.0011568,0.000517702,0.002588508
8/12/2016 12:22,UP,1.11451,1.11646,1.11311,1.11645,0.00108438,0.000450723,0.002253613
8/12/2016 12:47,UP,1.1164,1.12211,1.11637,1.12191,0.000401182,0.000881313,0.004406566
8/12/2016 14:29,DOWN,1.1219,1.12216,1.11713,1.11726,-0.000572666,0.000779829,0.003899143
8/15/2016 12:10,UP,1.11727,1.11858,1.11536,1.11802,0.000313102,0.000368394,0.001841969
8/15/2016 15:57,UP,1.11799,1.12037,1.11713,1.11989,0.000330444,0.000406403,0.002032015
8/16/2016 5:20,UP,1.11988,1.12082,1.11773,1.12059,0.00095531,0.000437751,0.002188753
8/16/2016 6:39,UP,1.12063,1.12481,1.12058,1.1243,0.00153992,0.00058251,0.002912551
8/16/2016 8:14,UP,1.12428,1.1277,1.12318,1.12732,0.000399257,0.000602263,0.003011316
8/16/2016 11:20,UP,1.12732,1.13,1.1255,1.12957,0.000619897,0.000564324,0.002821619
8/16/2016 13:34,DOWN,1.12958,1.13227,1.12511,1.12564,-8.00E-05,0.000758643,0.003793213
8/17/2016 9:05,DOWN,1.12562,1.12904,1.1246,1.12559,-0.000302018,0.000507001,0.002535005
8/17/2016 15:14,UP,1.12559,1.12798,1.1254,1.12781,0.000292645,0.000365406,0.001827028
8/17/2016 18:15,UP,1.12784,1.1316,1.12408,1.1313,0.000742784,0.000744112,0.003720559
8/18/2016 1:53,UP,1.13125,1.13194,1.12772,1.13171,0.000777887,0.000636755,0.003183775
8/18/2016 15:07,UP,1.13176,1.13388,1.12994,1.13315,0.000344233,0.000453177,0.002265883
8/18/2016 19:45,UP,1.13315,1.13629,1.13255,1.13627,0.000704306,0.000475213,0.002376063
8/19/2016 1:40,DOWN,1.1362,1.13667,1.13371,1.13381,-0.000387997,0.000432499,0.002162493
8/19/2016 8:30,DOWN,1.1338,1.13492,1.13054,1.13086,-0.001210734,0.000588631,0.002943155
8/21/2016 23:55,DOWN,1.1309,1.13334,1.12944,1.12957,-0.001495026,0.000571736,0.002858678
8/22/2016 11:04,UP,1.1296,1.13023,1.12711,1.1299,0.000513452,0.00041476,0.002073798
8/22/2016 14:56,UP,1.1299,1.13277,1.12965,1.13245,0.000432784,0.000383882,0.001919412
8/23/2016 5:05,UP,1.13239,1.13392,1.13117,1.13392,0.000573397,0.000402257,0.002011284
8/23/2016 10:29,DOWN,1.13387,1.13553,1.1322,1.13281,-5.30E-05,0.000388338,0.001941692
8/23/2016 15:09,DOWN,1.13281,1.13488,1.13165,1.13189,-0.000406317,0.00039628,0.0019814
8/24/2016 0:37,DOWN,1.13192,1.13254,1.12964,1.12979,-0.000433615,0.000432012,0.00216006
8/24/2016 10:56,DOWN,1.12979,1.13119,1.1275,1.12785,-0.000106391,0.000465648,0.002328241
8/24/2016 14:39,DOWN,1.1278,1.12802,1.12472,1.12472,-0.000622184,0.000538881,0.002694404
8/25/2016 0:48,UP,1.12475,1.12739,1.12452,1.12734,0.000754272,0.000477018,0.002385092
8/25/2016 9:55,UP,1.12733,1.12948,1.12652,1.12932,0.000177113,0.000443924,0.002219618
8/25/2016 16:12,DOWN,1.12937,1.12978,1.12712,1.12755,-0.000186227,0.000367817,0.001839086
8/26/2016 6:13,UP,1.12753,1.13042,1.12747,1.13022,0.000920598,0.000379244,0.001896219
8/26/2016 14:21,UP,1.13021,1.1341,1.1242,1.13308,0.000282456,0.00145071,0.00725355
8/26/2016 15:25,DOWN,1.13303,1.13371,1.12557,1.12575,-0.000932277,0.001290699,0.006453497
8/26/2016 18:52,DOWN,1.12574,1.12624,1.11873,1.11879,-0.00127735,0.001028864,0.005144322
8/29/2016 11:13,DOWN,1.11883,1.12082,1.1172,1.11774,-0.000545595,0.000492733,0.002463663
8/29/2016 22:06,UP,1.11769,1.11932,1.11579,1.11889,3.58E-05,0.000477225,0.002386125
8/30/2016 6:27,DOWN,1.11891,1.11927,1.11641,1.11662,-0.000179096,0.000416548,0.002082742
8/30/2016 14:00,DOWN,1.11661,1.11776,1.11424,1.11448,-0.000618931,0.000451857,0.002259284
8/31/2016 2:22,UP,1.11442,1.11599,1.1132,1.11572,0.000457208,0.000407071,0.002035357
8/31/2016 8:00,DOWN,1.11572,1.11623,1.11295,1.11307,-0.00034134,0.000426626,0.002133132
8/31/2016 12:48,DOWN,1.11313,1.11511,1.11236,1.11236,-0.000584173,0.000428114,0.002140572
8/31/2016 16:08,UP,1.11242,1.11536,1.11231,1.11525,0.000636831,0.000444476,0.002222378
9/1/2016 7:16,DOWN,1.1153,1.11663,1.11404,1.11413,-0.000924061,0.000377637,0.001888184
9/1/2016 13:56,DOWN,1.11418,1.11556,1.11275,1.1131,-0.000350311,0.000351538,0.001757688
9/1/2016 14:25,UP,1.11313,1.11872,1.11311,1.11821,0.001763298,0.000907204,0.004536022
9/2/2016 12:35,UP,1.11823,1.12516,1.11566,1.12503,0.001378691,0.001021821,0.005109104
9/2/2016 14:10,DOWN,1.12506,1.12527,1.1183,1.11844,-0.002143547,0.001092276,0.005461378
9/5/2016 10:19,DOWN,1.11846,1.11849,1.11505,1.11563,-0.000591419,0.000482289,0.002411444
9/6/2016 7:23,UP,1.11569,1.11693,1.11397,1.1169,0.000859891,0.000403528,0.002017642
9/6/2016 14:08,UP,1.11683,1.1215,1.11544,1.12105,0.001303199,0.000817007,0.004085033
9/6/2016 17:23,UP,1.12106,1.1258,1.12058,1.12519,0.000595632,0.000715464,0.003577322
9/7/2016 12:07,DOWN,1.12523,1.12657,1.12287,1.12348,-0.000925267,0.000511627,0.002558137
9/7/2016 16:51,DOWN,1.1235,1.1271,1.12294,1.12337,-0.000124617,0.000461614,0.002308069
9/8/2016 6:59,UP,1.12336,1.126,1.12314,1.12595,0.000497482,0.000400039,0.002000196
9/8/2016 10:13,UP,1.1259,1.12836,1.12567,1.12826,0.000656092,0.000413169,0.002065846
9/8/2016 14:52,DOWN,1.12823,1.13275,1.12623,1.12676,-0.000638796,0.000791333,0.003956666
9/9/2016 2:34,UP,1.12675,1.12856,1.12407,1.12745,8.87E-05,0.000509433,0.002547167
9/9/2016 12:19,DOWN,1.12742,1.12852,1.12504,1.12522,-0.00088832,0.000449234,0.002246171
9/9/2016 13:36,DOWN,1.12518,1.12572,1.12144,1.12217,-0.000400928,0.000532637,0.002663187
9/11/2016 21:42,UP,1.12223,1.12381,1.11984,1.12356,0.000418401,0.000537698,0.002688489
9/12/2016 9:38,DOWN,1.12339,1.12642,1.12141,1.12157,-0.001514585,0.000568877,0.002844383
9/12/2016 16:32,UP,1.12157,1.12445,1.12103,1.12429,0.000293562,0.000450441,0.002252203
9/13/2016 6:00,DOWN,1.12428,1.12684,1.12184,1.12285,-0.000534212,0.000556471,0.002782355
9/13/2016 12:12,UP,1.12286,1.12548,1.12167,1.1251,0.001414207,0.000531082,0.002655408
9/13/2016 17:31,DOWN,1.12508,1.12608,1.12197,1.12247,-0.000659043,0.000463309,0.002316543
9/14/2016 6:50,UP,1.12241,1.12359,1.12039,1.12332,0.000614439,0.000381916,0.00190958
9/14/2016 14:35,UP,1.12337,1.12508,1.12144,1.12496,0.000613543,0.000485001,0.002425004
9/14/2016 23:00,DOWN,1.12509,1.12743,1.12405,1.12434,-0.000204544,0.00045399,0.002269949
9/15/2016 12:04,UP,1.12435,1.12539,1.1219,1.12473,0.000355704,0.000368423,0.001842114
9/15/2016 13:51,DOWN,1.12473,1.12845,1.12309,1.12365,-0.000151281,0.000524506,0.00262253
9/16/2016 9:44,DOWN,1.1236,1.12531,1.12257,1.1232,-0.000124636,0.000315281,0.001576403
9/16/2016 12:43,DOWN,1.12323,1.12341,1.11953,1.12037,-0.000472946,0.000452902,0.002264508
9/16/2016 13:27,DOWN,1.12038,1.12056,1.11677,1.11717,-0.000170058,0.000562739,0.002813696
9/19/2016 5:49,UP,1.1172,1.11823,1.11495,1.1171,0.00040291,0.000376587,0.001882933
9/19/2016 13:14,UP,1.11715,1.11764,1.11507,1.11756,0.000411696,0.000370115,0.001850576
9/19/2016 18:19,DOWN,1.11756,1.11981,1.11702,1.11727,-0.000178992,0.000395218,0.001976088
9/20/2016 7:07,UP,1.11731,1.12136,1.11688,1.12075,0.001178477,0.000528866,0.002644332
9/20/2016 10:28,DOWN,1.12076,1.12094,1.11804,1.11809,-0.000339808,0.000459541,0.002297704
9/20/2016 16:51,DOWN,1.11804,1.11876,1.11633,1.11655,-0.000143288,0.000347751,0.001738755
9/20/2016 23:53,DOWN,1.1166,1.11704,1.11496,1.115,-0.000331784,0.000295107,0.001475536
9/21/2016 4:32,DOWN,1.11506,1.11569,1.11247,1.11326,-0.000260462,0.000366683,0.001833416
9/21/2016 7:34,UP,1.11319,1.11538,1.11231,1.1148,0.000242225,0.000372983,0.001864916
9/21/2016 15:56,UP,1.11481,1.11683,1.11335,1.11658,0.00071673,0.000427577,0.002137884
9/21/2016 21:24,UP,1.11657,1.11968,1.11352,1.11919,0.000375342,0.000581539,0.002907697
9/22/2016 6:23,UP,1.11928,1.12286,1.11848,1.12236,0.000285154,0.000585994,0.002929969
9/22/2016 14:00,UP,1.12236,1.12574,1.12208,1.12534,0.000684472,0.000479299,0.002396495
9/22/2016 16:29,DOWN,1.12535,1.12561,1.12232,1.12238,-0.000525531,0.000449765,0.002248825
9/22/2016 19:11,DOWN,1.12238,1.12309,1.11996,1.12014,-1.79E-05,0.000459175,0.002295876
9/23/2016 11:01,UP,1.1201,1.1225,1.11938,1.12217,0.000579403,0.000370719,0.001853594
9/23/2016 17:02,UP,1.12215,1.12366,1.12012,1.12359,0.000498527,0.000530974,0.00265487
9/26/2016 9:47,UP,1.12357,1.12441,1.1221,1.12424,0.000284677,0.000336046,0.001680232
9/26/2016 12:03,UP,1.12428,1.12702,1.12374,1.12672,0.00128775,0.000437427,0.002187136
9/26/2016 15:50,UP,1.12677,1.12793,1.12481,1.12749,0.000141918,0.000414873,0.002074366
9/26/2016 23:54,DOWN,1.12749,1.12757,1.12482,1.1249,-0.000355524,0.000392761,0.001963803
9/27/2016 11:53,DOWN,1.12491,1.12592,1.12298,1.12298,-0.000845606,0.000421778,0.002108888
9/27/2016 12:44,DOWN,1.12297,1.12302,1.11988,1.11988,-0.000464228,0.000497161,0.002485804
9/27/2016 17:33,UP,1.11987,1.12262,1.11909,1.12255,0.000445514,0.000458938,0.002294688
9/28/2016 6:46,DOWN,1.12255,1.12262,1.12025,1.1205,-0.00013386,0.000351577,0.001757884
9/28/2016 8:57,UP,1.12049,1.12189,1.11819,1.12128,0.000981503,0.000491632,0.002458158
9/28/2016 14:54,DOWN,1.12128,1.12372,1.11984,1.12029,-0.000490824,0.000479687,0.002398436
9/28/2016 20:09,UP,1.12029,1.1221,1.11872,1.12163,0.000267504,0.000450071,0.002250355
9/29/2016 12:39,DOWN,1.12164,1.12361,1.12076,1.12095,-0.000757998,0.000408239,0.002041194
9/29/2016 14:27,UP,1.12101,1.12386,1.11967,1.12355,0.000765724,0.000519284,0.002596419
9/29/2016 17:21,DOWN,1.12361,1.125,1.12068,1.12115,-0.000526107,0.000592598,0.002962992
9/30/2016 7:21,DOWN,1.12109,1.12274,1.11765,1.1178,-0.002055499,0.000705257,0.003526286
9/30/2016 13:25,UP,1.11776,1.12175,1.11533,1.12168,0.001748907,0.000891271,0.004456356
10/3/2016 10:59,UP,1.12163,1.1251,1.1203,1.12404,0.000213538,0.00052211,0.002610548
10/3/2016 14:15,DOWN,1.12397,1.12414,1.12105,1.12122,-0.000686516,0.000460772,0.002303862
10/4/2016 4:05,DOWN,1.12122,1.12213,1.11966,1.11966,-0.000312546,0.000355389,0.001776943
10/4/2016 7:00,DOWN,1.1197,1.12026,1.11727,1.1174,-0.00074252,0.000411969,0.002059844
10/4/2016 14:20,DOWN,1.11744,1.11812,1.1138,1.1141,-0.00105859,0.000539316,0.002696582
10/4/2016 15:42,UP,1.1141,1.1215,1.11379,1.1189,0.002855086,0.00084424,0.004221199
10/5/2016 9:30,UP,1.11894,1.1239,1.11768,1.12276,0.000356328,0.000643816,0.003219079
10/5/2016 14:06,DOWN,1.12275,1.12335,1.11926,1.11928,-0.001633645,0.000615548,0.003077739
10/6/2016 6:56,DOWN,1.11926,1.12206,1.11896,1.11924,-0.00018761,0.000388156,0.00194078
10/6/2016 12:52,DOWN,1.11924,1.12097,1.1176,1.1176,-0.000572492,0.000414952,0.002074758
10/6/2016 18:36,DOWN,1.11764,1.11868,1.11469,1.11545,-0.000519834,0.000500279,0.002501393
10/7/2016 3:04,DOWN,1.11549,1.11556,1.11184,1.11234,-0.000763863,0.000535191,0.002675953
10/7/2016 10:19,UP,1.11239,1.1143,1.11044,1.11375,0.000790436,0.000466647,0.002333236
10/7/2016 12:58,UP,1.11379,1.11796,1.11167,1.11719,0.001460083,0.000634187,0.003170936
10/7/2016 15:44,DOWN,1.11725,1.12051,1.11513,1.11542,-0.00072592,0.000685333,0.003426664
10/7/2016 19:29,UP,1.1154,1.11905,1.11468,1.1188,0.000786867,0.000603653,0.003018267
10/10/2016 9:23,DOWN,1.11881,1.12047,1.11685,1.11735,-0.00048317,0.000461938,0.002309692
10/10/2016 14:05,DOWN,1.11735,1.11745,1.11483,1.11528,-0.000107591,0.000367193,0.001835964
10/10/2016 17:46,DOWN,1.11526,1.11647,1.1136,1.11363,-0.000404002,0.000420981,0.002104906
10/11/2016 6:59,DOWN,1.11368,1.11427,1.11156,1.11179,-0.000683349,0.000389628,0.001948142
10/11/2016 10:32,DOWN,1.11178,1.11253,1.1091,1.1091,-0.000459727,0.000464476,0.002322381
10/11/2016 14:54,DOWN,1.10915,1.10988,1.1063,1.10645,-0.000686646,0.000513388,0.002566941
10/12/2016 5:27,DOWN,1.1064,1.1073,1.10318,1.10357,-0.000969111,0.00051866,0.002593299
10/12/2016 10:08,DOWN,1.10351,1.10612,1.10154,1.10169,-0.000417453,0.000648202,0.00324101
10/12/2016 15:39,DOWN,1.10168,1.10453,1.10044,1.10058,-9.09E-05,0.000675577,0.003377886
10/13/2016 3:09,UP,1.10057,1.10476,1.10014,1.10354,0.000407862,0.000565131,0.002825656
10/13/2016 7:23,DOWN,1.1036,1.1038,1.09997,1.10033,-0.000281694,0.000559394,0.00279697
10/13/2016 11:54,UP,1.10037,1.10403,1.09855,1.10353,0.00116966,0.000748295,0.003741475
10/13/2016 18:07,UP,1.10352,1.1055,1.10195,1.10496,0.000280593,0.000520957,0.002604787
10/14/2016 4:42,DOWN,1.10495,1.10593,1.1024,1.10257,-0.000806879,0.00052235,0.002611748
10/14/2016 12:16,DOWN,1.10261,1.10292,1.10005,1.10018,-0.000336252,0.000425709,0.002128545
10/14/2016 16:00,DOWN,1.10019,1.1028,1.09818,1.09846,-0.000682541,0.000606323,0.003031615
10/16/2016 22:06,DOWN,1.09844,1.10145,1.09676,1.09704,-0.000118494,0.000733017,0.003665084
10/17/2016 9:18,UP,1.09705,1.10006,1.09638,1.09989,0.001182635,0.000570332,0.002851659
10/18/2016 0:30,UP,1.09985,1.10191,1.09858,1.10182,0.000671842,0.000444718,0.002223588
10/18/2016 12:14,DOWN,1.10181,1.10267,1.09899,1.09923,-0.000563872,0.000486564,0.002432822
10/18/2016 15:04,DOWN,1.09922,1.10135,1.097,1.0974,-0.000874413,0.000571662,0.00285831
10/19/2016 8:48,UP,1.09745,1.10048,1.09709,1.10039,0.000718185,0.00048515,0.00242575
10/19/2016 12:09,DOWN,1.10038,1.10048,1.09725,1.09778,-9.11E-06,0.000463921,0.002319607
10/20/2016 6:14,DOWN,1.09777,1.09811,1.09522,1.09536,-0.000292099,0.000425391,0.002126954
10/20/2016 11:26,UP,1.09538,1.09876,1.09523,1.09839,0.00061928,0.000454457,0.002272287
10/20/2016 13:22,DOWN,1.09844,1.10395,1.09393,1.09398,-0.002255266,0.00161559,0.008077948
10/21/2016 2:25,DOWN,1.09398,1.0958,1.08998,1.09023,-0.000761018,0.000902853,0.004514266
10/21/2016 12:59,DOWN,1.09023,1.09125,1.08715,1.08722,-0.000634445,0.000601868,0.003009338
10/24/2016 8:45,UP,1.08726,1.08933,1.08593,1.0889,0.000110209,0.00046263,0.002313151
10/24/2016 19:48,DOWN,1.0889,1.08999,1.08697,1.08737,-0.000468912,0.00044254,0.0022127
10/25/2016 12:58,DOWN,1.08739,1.08938,1.08549,1.08549,-0.001491301,0.000588769,0.002943846
10/25/2016 15:33,UP,1.08549,1.08959,1.08509,1.08953,0.001028495,0.00062325,0.00311625
10/26/2016 7:18,UP,1.08956,1.09149,1.08744,1.0911,0.000412513,0.000547628,0.002738138
10/26/2016 13:35,UP,1.09112,1.09437,1.09,1.09425,0.000831966,0.000541164,0.00270582
10/26/2016 15:14,DOWN,1.09419,1.0947,1.09119,1.09125,-0.000632103,0.000506105,0.002530525
10/27/2016 10:28,UP,1.09122,1.0924,1.0892,1.09209,0.00027474,0.000419502,0.002097508
10/27/2016 14:45,UP,1.09214,1.09397,1.09094,1.09388,0.000713312,0.000487826,0.002439131
10/27/2016 15:48,DOWN,1.09388,1.09425,1.09031,1.09069,-0.00089811,0.000566462,0.002832308
10/28/2016 7:20,UP,1.09069,1.09221,1.08824,1.0918,2.75E-05,0.000515203,0.002576014
10/28/2016 14:31,UP,1.09185,1.09461,1.09027,1.09355,0.000475629,0.000484427,0.002422135
10/28/2016 17:18,UP,1.09355,1.09656,1.0924,1.09605,0.000556699,0.000570255,0.002851276
10/31/2016 7:12,DOWN,1.09614,1.09933,1.09583,1.096,-0.00042874,0.000463884,0.00231942
10/31/2016 13:01,DOWN,1.09601,1.09659,1.09401,1.09402,-0.000694444,0.000402168,0.00201084
10/31/2016 18:29,UP,1.09402,1.09772,1.0936,1.09718,0.000282582,0.000573121,0.002865603
11/1/2016 9:00,UP,1.09713,1.09937,1.096,1.09909,0.000263889,0.000463617,0.002318086
11/1/2016 11:42,UP,1.09903,1.1021,1.09902,1.10195,0.001116827,0.000518892,0.002594461
11/1/2016 15:08,UP,1.10196,1.1047,1.10094,1.10435,0.000262632,0.000511475,0.002557374
11/1/2016 18:24,UP,1.10435,1.10693,1.10394,1.10667,0.00049711,0.000410037,0.002050184
11/2/2016 5:33,UP,1.10666,1.10749,1.10496,1.10729,0.000298069,0.000348322,0.001741612
11/2/2016 8:15,UP,1.1073,1.10985,1.1062,1.10946,0.001398053,0.000510905,0.002554523
11/2/2016 14:45,UP,1.1095,1.1113,1.10719,1.11116,0.00059415,0.000532354,0.00266177
11/2/2016 19:36,DOWN,1.11115,1.11235,1.10845,1.10886,-0.000117231,0.000559871,0.002799356
11/3/2016 3:00,UP,1.1088,1.11262,1.10877,1.11245,0.000782364,0.000537898,0.002689488
11/3/2016 9:29,DOWN,1.1124,1.11261,1.10931,1.10948,-0.000387494,0.000507872,0.002539361
11/3/2016 12:05,DOWN,1.1095,1.11041,1.10601,1.10671,-0.000587154,0.000495685,0.002478426
11/3/2016 15:41,UP,1.10672,1.10914,1.10597,1.10911,0.000306599,0.000405373,0.002026867
11/4/2016 5:57,DOWN,1.10911,1.11209,1.10873,1.10873,-0.000712273,0.00051896,0.002594802
11/4/2016 15:13,UP,1.10872,1.11203,1.10798,1.11178,0.000215893,0.000555592,0.00277796
11/7/2016 2:52,DOWN,1.11178,1.11422,1.1053,1.10736,-0.001074051,0.000991101,0.004955507
11/7/2016 14:57,DOWN,1.1073,1.10858,1.10484,1.10486,-0.000814251,0.000532403,0.002662014
11/8/2016 7:45,UP,1.10485,1.1057,1.10274,1.10539,0.000497686,0.000387266,0.001936331
11/8/2016 12:03,DOWN,1.10535,1.10671,1.10396,1.10406,-0.000516143,0.000369836,0.001849178
11/8/2016 17:17,DOWN,1.1041,1.10545,1.10221,1.10231,-0.000915838,0.000435696,0.002178482
11/9/2016 2:05,UP,1.10226,1.10768,1.09896,1.10722,0.0030483,0.001282811,0.006414053
11/9/2016 2:32,UP,1.10714,1.11722,1.10579,1.11543,2.69E-05,0.001454075,0.007270376
11/9/2016 3:28,UP,1.11532,1.12246,1.1119,1.12217,0.002641231,0.001564494,0.00782247
11/9/2016 5:05,UP,1.12215,1.12876,1.11933,1.12834,0.001126181,0.001407233,0.007036166
11/9/2016 7:09,DOWN,1.12836,1.12999,1.11759,1.11902,-0.001892723,0.001701199,0.008505997
11/9/2016 8:17,DOWN,1.11908,1.12211,1.10806,1.10917,-0.003087631,0.001854473,0.009272367
11/9/2016 12:42,DOWN,1.10915,1.11269,1.10292,1.10518,-0.000298549,0.001263237,0.006316186
11/9/2016 14:30,DOWN,1.10517,1.10536,1.09694,1.09713,-0.002203326,0.001273817,0.006369083
11/9/2016 19:05,DOWN,1.09707,1.098,1.09199,1.09236,-0.001582474,0.000876585,0.004382927
11/10/2016 2:42,UP,1.09238,1.09539,1.09071,1.09486,0.000246637,0.000682443,0.003412217
11/10/2016 9:52,DOWN,1.09486,1.09494,1.0888,1.08927,-0.001211087,0.000839652,0.004198261
11/10/2016 14:52,DOWN,1.08927,1.09207,1.08695,1.08729,-0.000652787,0.000775487,0.003877437
11/11/2016 2:32,UP,1.0873,1.0914,1.08648,1.09099,0.001687965,0.000680425,0.003402123
11/11/2016 8:53,DOWN,1.09104,1.09237,1.08762,1.0881,-0.000689037,0.000587662,0.002938312
11/11/2016 13:33,UP,1.08812,1.09197,1.08541,1.0916,0.001494337,0.00083515,0.004175749
11/11/2016 15:08,DOWN,1.09154,1.09161,1.08682,1.08712,-0.000505796,0.000759757,0.003798784
11/11/2016 17:00,DOWN,1.08713,1.08791,1.08303,1.08359,-0.000212235,0.000715166,0.003575828
11/14/2016 0:14,DOWN,1.08354,1.08643,1.08174,1.08202,-0.000489705,0.000703837,0.003519183
11/14/2016 8:15,DOWN,1.08208,1.08208,1.07695,1.07733,-0.000890695,0.000763174,0.003815872
11/14/2016 12:02,UP,1.07729,1.07891,1.07283,1.07824,0.000510221,0.000760874,0.00380437
11/14/2016 14:36,DOWN,1.07824,1.07856,1.07259,1.07305,-0.0009408,0.000814875,0.004074374
11/14/2016 17:59,UP,1.07308,1.0754,1.0709,1.07533,0.000753541,0.000706489,0.003532447
11/15/2016 0:23,UP,1.07529,1.07702,1.07225,1.07683,0.002017207,0.000773498,0.003867492
11/15/2016 8:34,UP,1.07684,1.08092,1.07453,1.08064,0.002093543,0.000821002,0.004105009
11/15/2016 12:00,DOWN,1.08066,1.08168,1.07647,1.07647,-0.000724328,0.000771496,0.00385748
11/15/2016 17:25,DOWN,1.07643,1.07733,1.07191,1.07227,-0.000550083,0.000849833,0.004249163
11/16/2016 3:01,UP,1.07226,1.07597,1.0714,1.07597,0.001125199,0.00071788,0.003589398
11/16/2016 7:56,DOWN,1.07593,1.07597,1.06999,1.07119,-0.001026368,0.0008902,0.004451
11/16/2016 15:50,DOWN,1.07119,1.07301,1.06769,1.06824,-0.001393846,0.000771975,0.003859873
11/17/2016 8:04,UP,1.06826,1.07196,1.06661,1.07107,0.000709823,0.000659353,0.003296766
11/17/2016 13:52,DOWN,1.07102,1.07458,1.06813,1.0689,-0.000654665,0.000742682,0.003713408
11/17/2016 16:27,DOWN,1.06891,1.07154,1.06576,1.06615,-0.001340376,0.000774048,0.00387024
11/17/2016 20:10,DOWN,1.06611,1.0663,1.0622,1.0624,-0.000752729,0.000697936,0.003489682
11/18/2016 1:55,DOWN,1.0624,1.06304,1.05817,1.05924,-9.44E-06,0.00068616,0.003430802
11/18/2016 11:55,UP,1.05925,1.06291,1.05839,1.06256,0.000160004,0.000652807,0.003264035
11/18/2016 15:27,DOWN,1.0625,1.06431,1.0595,1.06002,-9.43E-06,0.000607882,0.003039412
11/21/2016 0:46,UP,1.05997,1.06112,1.05692,1.06093,0.00035824,0.000690368,0.003451838
11/21/2016 7:45,UP,1.0609,1.06332,1.0588,1.06332,0.000912653,0.00069756,0.0034878
11/21/2016 16:38,DOWN,1.06326,1.06494,1.06011,1.06015,-0.001319697,0.000693781,0.003468905
11/21/2016 21:14,UP,1.0602,1.06336,1.05899,1.06333,0.001016193,0.000725977,0.003629884
11/22/2016 7:15,DOWN,1.06332,1.06501,1.06099,1.06105,-0.000424018,0.000600564,0.003002822
11/22/2016 9:15,UP,1.06109,1.06486,1.06045,1.06468,0.000789281,0.000613551,0.003067757
11/22/2016 12:45,DOWN,1.06467,1.06583,1.06124,1.06131,-0.001139451,0.00064791,0.003239552
11/22/2016 15:54,DOWN,1.06129,1.06271,1.05841,1.05907,-0.000254908,0.000623814,0.003119071
11/22/2016 17:26,UP,1.05904,1.06389,1.05838,1.06265,0.000197639,0.000632442,0.003162209
11/23/2016 13:16,DOWN,1.06261,1.06439,1.05986,1.06021,-0.000942765,0.000681576,0.00340788
11/23/2016 14:00,DOWN,1.06026,1.0603,1.05539,1.05545,-0.00138234,0.000844369,0.004221843
11/24/2016 2:48,DOWN,1.0554,1.05665,1.0526,1.05315,-0.000180395,0.000571064,0.002855321
11/24/2016 8:47,UP,1.05314,1.05692,1.05179,1.05607,0.001165374,0.000615284,0.003076422
11/25/2016 6:54,UP,1.05601,1.05857,1.05384,1.05797,0.000444346,0.000599313,0.002996565
11/25/2016 14:12,UP,1.05797,1.06201,1.05753,1.06191,0.001479562,0.000637258,0.003186292
11/28/2016 0:44,UP,1.0619,1.06299,1.05836,1.06221,0.000630959,0.000551584,0.00275792
11/28/2016 2:27,UP,1.06222,1.06762,1.06216,1.06692,0.002158065,0.0007725,0.003862499
11/28/2016 10:08,DOWN,1.06684,1.0686,1.06319,1.06324,-0.000648749,0.000690872,0.003454361
11/28/2016 12:25,DOWN,1.06324,1.064,1.05899,1.05901,-0.001698258,0.000856595,0.004282975
11/28/2016 22:31,UP,1.05904,1.06179,1.05635,1.06125,0.000480681,0.000719887,0.003599435
11/29/2016 13:10,DOWN,1.06132,1.06223,1.05733,1.05766,-0.000680516,0.000661558,0.003307792
11/29/2016 15:19,UP,1.05767,1.06214,1.05648,1.06162,0.001234725,0.000741424,0.003707122
11/29/2016 18:58,UP,1.06158,1.06475,1.06066,1.0647,0.000441536,0.000671175,0.003355874
11/30/2016 7:57,DOWN,1.06471,1.06605,1.06221,1.06256,-0.000639759,0.000518078,0.002590392
11/30/2016 9:01,UP,1.06256,1.06619,1.06194,1.06619,0.000666144,0.000666621,0.003333104
11/30/2016 14:13,DOWN,1.0662,1.06669,1.06016,1.06066,-0.001808557,0.000990718,0.004953589
12/1/2016 3:27,UP,1.06068,1.06167,1.05527,1.06028,0.000509429,0.000728741,0.003643707
12/1/2016 14:59,DOWN,1.06029,1.06408,1.05914,1.05966,-0.000471738,0.000678534,0.003392672
12/1/2016 18:16,UP,1.05997,1.06365,1.05845,1.06334,0.000865573,0.000713893,0.003569465
12/2/2016 1:17,UP,1.06333,1.06757,1.06275,1.06744,0.001096681,0.000810313,0.004051566
12/2/2016 10:19,DOWN,1.06742,1.06901,1.06402,1.06441,-0.000629259,0.000681,0.003405001
12/4/2016 22:26,DOWN,1.0644,1.06814,1.05717,1.05774,-0.002398468,0.001672791,0.008363954
12/5/2016 7:32,UP,1.0579,1.06192,1.05058,1.06064,0.002142511,0.001359317,0.006796585
12/5/2016 11:21,UP,1.06069,1.06911,1.05956,1.06817,0.002981494,0.001265929,0.006329647
12/5/2016 17:23,UP,1.06814,1.074,1.06778,1.07345,0.001165148,0.000973174,0.004865868
12/6/2016 6:26,DOWN,1.0735,1.07968,1.07343,1.07459,-0.000734894,0.000915208,0.00457604
12/6/2016 14:15,DOWN,1.07461,1.07858,1.0724,1.07256,-0.000708334,0.000892291,0.004461457
12/7/2016 14:29,UP,1.07258,1.07496,1.06985,1.07421,0.000800909,0.000690021,0.003450105
12/8/2016 3:47,UP,1.07421,1.07825,1.07384,1.07798,0.000306175,0.000691736,0.003458682
12/8/2016 12:45,UP,1.07798,1.08055,1.07586,1.07986,0.0008894,0.000593122,0.002965608
12/8/2016 13:25,DOWN,1.07964,1.08739,1.0729,1.0729,-0.003080347,0.001310627,0.006553136
12/8/2016 14:20,DOWN,1.07289,1.0743,1.06355,1.0643,-0.002749201,0.001604392,0.008021962
12/9/2016 1:57,DOWN,1.06434,1.06747,1.05973,1.05999,-0.001706107,0.001037521,0.005187607
12/9/2016 11:59,DOWN,1.05996,1.06301,1.05693,1.05775,-0.000491489,0.000838661,0.004193303
12/9/2016 17:19,DOWN,1.05769,1.0581,1.05325,1.05333,-0.000578948,0.000792082,0.003960409
12/12/2016 7:56,UP,1.05328,1.05797,1.05252,1.05698,0.00081397,0.000681664,0.003408322
12/12/2016 11:09,UP,1.05697,1.06145,1.05618,1.06136,0.001659626,0.000808777,0.004043883
12/12/2016 23:09,UP,1.06132,1.06521,1.05907,1.06388,0.000225615,0.000740667,0.003703335
12/13/2016 9:35,DOWN,1.06387,1.06506,1.06125,1.06149,-0.000489757,0.000530312,0.002651562
12/13/2016 15:22,UP,1.06149,1.06541,1.06037,1.06407,0.0004512,0.000607416,0.003037079
12/14/2016 7:36,UP,1.06407,1.06674,1.06147,1.06614,0.00070372,0.000619717,0.003098583
12/14/2016 15:43,UP,1.06608,1.06652,1.06121,1.06581,0.000732106,0.00059775,0.002988751
12/14/2016 19:02,DOWN,1.06586,1.06705,1.05758,1.05958,-0.004143991,0.001201219,0.006006094
12/14/2016 20:33,DOWN,1.05963,1.0614,1.05241,1.05248,-0.001651873,0.001204692,0.006023459
12/15/2016 7:13,DOWN,1.0525,1.05404,1.04684,1.04831,-0.000438705,0.001045531,0.005227657
12/15/2016 11:20,DOWN,1.04831,1.05094,1.04352,1.04372,-0.003414621,0.001250939,0.006254694
12/15/2016 16:26,DOWN,1.04374,1.04487,1.03948,1.03954,-0.001268987,0.000941835,0.004709175
12/15/2016 19:45,UP,1.03953,1.04317,1.03663,1.04256,0.000575672,0.000936916,0.00468458
12/16/2016 7:43,UP,1.0425,1.04556,1.04056,1.04537,0.001301822,0.000734506,0.003672532
12/16/2016 15:46,DOWN,1.04537,1.04726,1.04026,1.04085,-0.000998685,0.000940904,0.004704519
12/16/2016 17:09,UP,1.04085,1.04747,1.04006,1.04615,0.000267684,0.000986208,0.004931042
12/19/2016 11:58,DOWN,1.04615,1.04798,1.04241,1.04265,-0.001226888,0.000646711,0.003233553
12/19/2016 16:46,UP,1.04271,1.04523,1.04112,1.04472,0.000210605,0.000649229,0.003246143
12/19/2016 19:38,DOWN,1.04473,1.04518,1.04021,1.04028,-0.001709616,0.000887614,0.004438068
12/20/2016 6:49,DOWN,1.04029,1.04183,1.03766,1.03772,-0.000520236,0.000717915,0.003589577
12/20/2016 12:48,DOWN,1.03778,1.03983,1.03522,1.03566,-0.000366848,0.000629921,0.003149603
12/20/2016 17:00,UP,1.03562,1.03963,1.0354,1.03903,0.000770245,0.00060994,0.003049702
12/21/2016 12:11,UP,1.03907,1.04319,1.03824,1.04297,0.00210198,0.000704231,0.003521155
12/22/2016 8:39,UP,1.04297,1.04566,1.0418,1.04504,0.000296683,0.000544076,0.002720381
12/22/2016 15:11,UP,1.04503,1.04996,1.04293,1.04925,0.001783815,0.000984272,0.004921362
12/22/2016 19:16,DOWN,1.04928,1.04954,1.04323,1.04336,-0.001025007,0.000964294,0.004821471
12/26/2016 3:05,UP,1.04335,1.04713,1.04264,1.04601,0.000650301,0.000489695,0.002448477
12/27/2016 1:32,DOWN,1.04587,1.0471,1.04384,1.04414,-0.000698896,0.000425654,0.00212827
12/27/2016 9:14,UP,1.04409,1.04558,1.04323,1.04552,0.00022001,0.000367088,0.00183544
12/27/2016 16:18,UP,1.04548,1.04637,1.044,1.04622,0.000516277,0.000370545,0.001852724
12/28/2016 5:41,UP,1.04627,1.04795,1.04511,1.04771,0.000649245,0.000433161,0.002165803
12/28/2016 8:48,DOWN,1.0477,1.04801,1.04446,1.04453,-0.000765602,0.000494631,0.002473157
12/28/2016 11:41,DOWN,1.04453,1.04474,1.04115,1.04158,-0.000422346,0.000514316,0.002571581
12/28/2016 17:09,DOWN,1.04158,1.0419,1.03796,1.03796,-0.001424858,0.000666659,0.003333296
12/28/2016 20:11,UP,1.03803,1.04147,1.03721,1.0414,0.000461024,0.000625938,0.003129688
12/29/2016 2:15,UP,1.04145,1.04392,1.04062,1.04384,0.000162873,0.000545986,0.002729929
12/29/2016 7:44,UP,1.04385,1.04652,1.04293,1.04595,7.65E-05,0.000481741,0.002408704
12/29/2016 10:54,UP,1.04597,1.04801,1.04425,1.0473,-5.73E-05,0.000538211,0.002691057
12/29/2016 16:05,UP,1.04729,1.04927,1.04454,1.04835,0.000782488,0.000654476,0.003272381
12/29/2016 23:38,UP,1.04828,1.05215,1.04673,1.0521,0.000988988,0.000824417,0.004122085
12/29/2016 23:51,UP,1.052,1.06577,1.05199,1.06143,0.004267499,0.001693138,0.008465692
12/30/2016 2:53,DOWN,1.06148,1.06156,1.05299,1.05316,-0.000958559,0.001443523,0.007217617
12/30/2016 9:58,UP,1.0531,1.0583,1.05057,1.058,0.002280481,0.001195564,0.005977819
12/30/2016 18:16,DOWN,1.05805,1.05917,1.05252,1.05343,-0.000351172,0.00085451,0.004272552
1/2/2017 9:07,DOWN,1.05345,1.05436,1.04766,1.04801,-0.002820419,0.00093276,0.004663801
1/2/2017 20:09,DOWN,1.04792,1.04905,1.04571,1.04587,-0.000286801,0.000533825,0.002669123
1/3/2017 3:51,UP,1.04573,1.04832,1.04501,1.04832,0.000648867,0.000489902,0.002449509
1/3/2017 8:21,DOWN,1.04834,1.04905,1.04331,1.0434,-0.002746847,0.000915253,0.004576265
1/3/2017 11:15,DOWN,1.04335,1.04442,1.03925,1.03925,-0.000336725,0.000829792,0.004148962
1/3/2017 16:26,UP,1.03924,1.04149,1.03402,1.04138,0.001201051,0.0010349,0.0051745
1/4/2017 8:13,UP,1.04148,1.04404,1.03898,1.04352,0.001534449,0.000734634,0.00367317
1/4/2017 14:56,UP,1.04348,1.04589,1.04152,1.04588,0.001282039,0.000673619,0.003368094
1/5/2017 0:06,UP,1.04588,1.05407,1.04518,1.05371,0.004174935,0.001226969,0.006134846
1/5/2017 6:40,UP,1.05365,1.05753,1.05099,1.05741,0.001675304,0.00103473,0.005173652
1/5/2017 8:50,DOWN,1.05751,1.05751,1.05064,1.05131,-0.000332863,0.001072597,0.005362986
1/5/2017 14:12,UP,1.05127,1.05428,1.04823,1.05398,0.000987223,0.000896024,0.004480121
1/5/2017 15:46,UP,1.05394,1.05991,1.05343,1.05945,0.001464095,0.000939351,0.004696755
1/6/2017 5:49,DOWN,1.0595,1.06156,1.05758,1.05781,-0.000302466,0.000575866,0.002879331
1/6/2017 14:13,DOWN,1.05774,1.06245,1.05365,1.055,-1.90E-05,0.001028039,0.005140194
1/6/2017 19:06,DOWN,1.05501,1.05834,1.05252,1.05294,-0.000806938,0.000825081,0.004125404
1/9/2017 8:54,UP,1.05299,1.05562,1.05165,1.05506,9.48E-05,0.000570296,0.002851482
1/9/2017 10:33,DOWN,1.055,1.05524,1.05118,1.05134,-0.000684606,0.000680157,0.003400784
1/9/2017 15:39,UP,1.05133,1.05643,1.05109,1.05589,0.00139316,0.000814263,0.004071313
1/10/2017 0:04,UP,1.05588,1.05926,1.05486,1.05926,0.000774425,0.000721572,0.003607861
1/10/2017 3:36,UP,1.05919,1.06276,1.05757,1.06269,0.001949787,0.000842251,0.004211257
1/10/2017 7:52,DOWN,1.06268,1.06272,1.05893,1.05897,-0.000651364,0.000692815,0.003464075
1/10/2017 12:33,DOWN,1.05895,1.06205,1.0568,1.05789,-0.000330793,0.00062107,0.003105349
1/10/2017 17:11,DOWN,1.05782,1.0605,1.05585,1.05647,-0.000350162,0.000634346,0.00317173
1/11/2017 10:16,DOWN,1.05651,1.05673,1.05271,1.05315,-0.000389233,0.00059049,0.002952449
1/11/2017 14:32,DOWN,1.05316,1.05325,1.0488,1.04906,-0.001742899,0.000764288,0.003821439
1/11/2017 16:38,UP,1.049,1.05266,1.04539,1.05244,0.001702258,0.00101167,0.005058351
1/11/2017 18:04,UP,1.0524,1.05837,1.04728,1.05814,0.002337013,0.001455741,0.007278704
1/12/2017 6:46,UP,1.05819,1.0635,1.05642,1.06343,0.002532755,0.000925608,0.004628042
1/12/2017 12:29,UP,1.06346,1.06738,1.06195,1.06701,0.001172185,0.000819801,0.004099006
1/12/2017 14:23,DOWN,1.06706,1.0685,1.06353,1.06392,-0.000695299,0.000752428,0.00376214
1/12/2017 19:50,DOWN,1.06386,1.0676,1.06234,1.06257,-0.000818435,0.000715155,0.003575774
1/13/2017 7:32,UP,1.06257,1.06412,1.06036,1.06373,0.000488965,0.000505725,0.002528624
1/13/2017 13:24,UP,1.06369,1.06656,1.0625,1.06629,0.000872564,0.000513597,0.002567987
1/13/2017 14:53,DOWN,1.06631,1.06753,1.06051,1.06113,-0.001017265,0.000883222,0.004416108
1/13/2017 19:15,UP,1.06115,1.06446,1.05962,1.06411,0.000996634,0.000725977,0.003629884
1/16/2017 8:08,DOWN,1.06413,1.06533,1.05912,1.06049,-0.000659854,0.000864538,0.004322689
1/17/2017 0:46,UP,1.06054,1.06192,1.05795,1.0609,1.89E-05,0.000471505,0.002357524
1/17/2017 4:10,UP,1.0609,1.06311,1.06007,1.06307,0.000254014,0.000525463,0.002627313
1/17/2017 6:10,UP,1.06309,1.0666,1.06304,1.06642,0.000534641,0.000533491,0.002667456
1/17/2017 9:32,UP,1.06632,1.06791,1.06401,1.06759,0.000609033,0.000593673,0.002968364
1/17/2017 11:22,UP,1.0676,1.07026,1.06575,1.0699,0.000710599,0.000697717,0.003488584
1/17/2017 13:45,DOWN,1.06987,1.07197,1.06673,1.06749,-0.000692975,0.000654634,0.003273171
1/17/2017 22:40,UP,1.06747,1.07169,1.0672,1.07106,0.000149396,0.000663607,0.003318033
1/18/2017 7:05,DOWN,1.07115,1.07139,1.06781,1.06789,-0.000589774,0.000534288,0.002671441
1/18/2017 13:03,DOWN,1.0679,1.0705,1.06621,1.06664,-0.001199311,0.000571334,0.002856671
1/18/2017 15:19,UP,1.06664,1.06916,1.06556,1.06904,0.000683089,0.000502049,0.002510245
1/18/2017 18:41,DOWN,1.06905,1.07033,1.06658,1.06658,-0.000712304,0.000544227,0.002721134
1/18/2017 20:48,DOWN,1.06664,1.06741,1.063,1.06326,-0.000827301,0.000606366,0.003031831
1/19/2017 8:16,UP,1.06324,1.06539,1.06221,1.06535,0.001361982,0.000507333,0.002536666
1/19/2017 13:42,DOWN,1.06528,1.06769,1.06028,1.06103,-0.002597869,0.001096238,0.005481188
1/19/2017 19:43,UP,1.06104,1.06544,1.05892,1.06471,0.000488515,0.000951074,0.004755368
1/20/2017 7:06,UP,1.06468,1.06938,1.06452,1.06875,0.000954842,0.000729461,0.003647305
1/20/2017 9:50,DOWN,1.06875,1.06924,1.0646,1.06524,-0.000441118,0.000627217,0.003136086
1/20/2017 15:08,UP,1.06524,1.06751,1.0625,1.06743,0.001659565,0.000778333,0.003891664
1/22/2017 21:47,UP,1.06734,1.07106,1.06632,1.07106,0.001579122,0.000728596,0.003642978
1/23/2017 2:58,UP,1.07073,1.07463,1.06931,1.07439,0.000279267,0.000613707,0.003068537
1/23/2017 21:33,UP,1.07435,1.07578,1.07093,1.07575,0.001237112,0.000671219,0.003356093
1/24/2017 9:38,DOWN,1.07575,1.0773,1.07338,1.07364,-0.000474907,0.000515735,0.002578677
1/24/2017 14:48,UP,1.07371,1.07664,1.07252,1.07632,0.000985322,0.000544871,0.002724356
1/24/2017 19:07,DOWN,1.07629,1.07751,1.07254,1.07267,-0.001071517,0.000613439,0.003067197
1/25/2017 9:55,UP,1.07263,1.0755,1.07112,1.07529,0.000883873,0.000573524,0.002867622
1/25/2017 14:15,DOWN,1.07529,1.077,1.07238,1.07255,-0.00160237,0.000733159,0.003665793
1/26/2017 1:09,UP,1.07251,1.07652,1.07199,1.07615,0.000446134,0.000667345,0.003336725
1/26/2017 8:03,DOWN,1.07618,1.07659,1.07291,1.073,-0.00053108,0.000600187,0.003000934
1/26/2017 13:32,DOWN,1.07307,1.07442,1.06887,1.07046,4.67E-05,0.00064813,0.003240651
1/26/2017 16:07,DOWN,1.07046,1.07069,1.06645,1.0665,-0.000731097,0.000611789,0.003058945
1/26/2017 18:23,UP,1.0665,1.06968,1.06576,1.06964,0.000177646,0.000709729,0.003548643
1/27/2017 6:06,DOWN,1.0696,1.07044,1.06628,1.06666,-0.000468643,0.00053392,0.002669598
1/27/2017 9:39,UP,1.06667,1.06969,1.06583,1.0695,0.000271192,0.00052182,0.002609101
1/30/2017 0:18,UP,1.06952,1.07264,1.06707,1.07211,0.000326512,0.000721481,0.003607405
1/30/2017 8:02,DOWN,1.07211,1.07407,1.06967,1.06985,-0.000672765,0.000615622,0.003078109
1/30/2017 11:52,DOWN,1.06988,1.07022,1.06617,1.06619,-0.001630649,0.000687321,0.003436603
1/30/2017 15:27,UP,1.06626,1.0674,1.06202,1.06699,0.000665645,0.000727916,0.003639578
1/31/2017 3:01,UP,1.067,1.07096,1.06671,1.07055,0.000887788,0.000659968,0.003299838
1/31/2017 11:47,UP,1.07061,1.07443,1.06844,1.07402,0.002815826,0.000938405,0.004692027
1/31/2017 15:03,UP,1.07401,1.08016,1.07327,1.07979,0.001334483,0.000883506,0.00441753
2/1/2017 13:59,DOWN,1.07977,1.08124,1.07603,1.07629,-0.001170003,0.000728093,0.003640466
2/2/2017 1:54,UP,1.07623,1.07896,1.07303,1.07813,6.49E-05,0.000755345,0.003776724
2/2/2017 10:41,UP,1.07812,1.08191,1.07763,1.08169,0.000406854,0.000672673,0.003363367
2/2/2017 17:45,DOWN,1.08165,1.08291,1.07844,1.07877,-0.000676468,0.000634632,0.003173161
2/3/2017 2:42,DOWN,1.07873,1.07949,1.07549,1.07594,-0.00029737,0.000554321,0.002771607
2/3/2017 11:38,DOWN,1.07596,1.07661,1.07349,1.07355,-0.000316656,0.000482812,0.002414061
2/3/2017 15:24,UP,1.07355,1.07899,1.07119,1.07857,0.001280291,0.001041905,0.005209526
2/6/2017 7:27,DOWN,1.07859,1.07977,1.07516,1.0753,-0.001068898,0.000661048,0.00330524
2/6/2017 13:13,DOWN,1.07527,1.07584,1.07108,1.07115,-0.001706986,0.000688194,0.003440969
2/6/2017 19:43,UP,1.07121,1.07536,1.07055,1.07499,0.000567608,0.000632479,0.003162396
2/7/2017 3:14,DOWN,1.07496,1.07554,1.07193,1.07203,-0.00036373,0.000580728,0.002903642
2/7/2017 7:30,DOWN,1.07209,1.07228,1.06807,1.06834,-0.001431104,0.000671009,0.003355045
2/7/2017 16:21,UP,1.06833,1.06926,1.0656,1.0687,0.000262035,0.000472231,0.002361153
2/8/2017 0:14,DOWN,1.06874,1.07064,1.06677,1.06701,-0.000861851,0.000520694,0.002603469
2/8/2017 7:40,DOWN,1.06701,1.06913,1.06572,1.06572,-0.000300221,0.000541548,0.002707738
2/8/2017 13:35,UP,1.06576,1.06736,1.06405,1.06719,0.000496755,0.000540414,0.002702068
2/8/2017 14:53,UP,1.06722,1.07091,1.0665,1.07053,0.001533126,0.000723501,0.003617505
2/9/2017 6:49,DOWN,1.07057,1.07143,1.06751,1.06791,-0.000318328,0.000491051,0.002455256
2/9/2017 9:33,UP,1.0679,1.07073,1.06701,1.07068,0.001046612,0.000579214,0.002896068
2/9/2017 14:56,DOWN,1.07066,1.07098,1.06721,1.06721,-0.00150747,0.00061258,0.003062899
2/10/2017 6:07,DOWN,1.06719,1.06805,1.06495,1.06527,-0.000478637,0.000492773,0.002463864
2/10/2017 12:53,DOWN,1.06529,1.0664,1.06302,1.06318,-0.000366757,0.000440738,0.002203691
2/10/2017 17:01,UP,1.06322,1.06526,1.06076,1.06507,0.000666845,0.000640196,0.00320098
2/13/2017 2:15,DOWN,1.06507,1.06532,1.06118,1.06172,-0.000423751,0.000585905,0.002929526
2/13/2017 8:09,UP,1.06168,1.06492,1.06139,1.06479,0.000789199,0.000533932,0.002669662
2/13/2017 13:27,DOWN,1.06479,1.06586,1.06229,1.06251,-0.000301128,0.000502796,0.00251398
2/13/2017 15:42,DOWN,1.06251,1.06291,1.0592,1.05981,-0.000245297,0.000457454,0.002287269
2/14/2017 5:56,UP,1.05984,1.06233,1.05913,1.06226,0.001149155,0.00046185,0.002309252
2/14/2017 15:05,DOWN,1.06231,1.06338,1.05824,1.05829,-0.002576312,0.000753714,0.003768568
2/15/2017 8:34,DOWN,1.05824,1.06009,1.056,1.0565,-0.000104112,0.000421067,0.002105337
2/15/2017 13:34,DOWN,1.0565,1.05651,1.05279,1.05291,-0.002219946,0.00066366,0.0033183
2/15/2017 15:05,UP,1.05291,1.05687,1.05213,1.05621,0.000340899,0.00062171,0.00310855
2/15/2017 16:46,UP,1.05627,1.0608,1.0561,1.06061,0.00155692,0.0007087,0.003543499
2/16/2017 0:56,UP,1.0605,1.06228,1.05807,1.06216,0.00022598,0.000690297,0.003451487
2/16/2017 9:34,UP,1.06222,1.06417,1.05998,1.0639,6.58E-05,0.000604364,0.003021818
2/16/2017 14:52,UP,1.06382,1.06575,1.06243,1.06571,0.00100453,0.000566043,0.002830217
2/17/2017 8:34,DOWN,1.0657,1.06797,1.06409,1.06471,-0.000525827,0.000471803,0.002359013
2/17/2017 15:28,DOWN,1.06471,1.06674,1.06254,1.06276,-0.000630235,0.00068743,0.00343715
2/21/2017 0:15,DOWN,1.06279,1.0635,1.06032,1.06108,-0.000197892,0.000372158,0.00186079
2/21/2017 1:20,DOWN,1.06114,1.06127,1.05809,1.05814,-0.000897399,0.000537087,0.002685434
2/21/2017 8:42,DOWN,1.05818,1.05894,1.05597,1.05609,-0.000918061,0.000507678,0.002538389
2/21/2017 10:31,DOWN,1.05605,1.05681,1.05331,1.0535,-0.000559881,0.000550432,0.002752161
2/22/2017 7:27,DOWN,1.05348,1.05567,1.05158,1.05175,-0.001016835,0.000620314,0.003101568
2/22/2017 16:55,UP,1.05182,1.056,1.04936,1.05561,0.0015643,0.001017479,0.005087396
2/23/2017 13:16,UP,1.05562,1.05766,1.05298,1.05721,0.000633944,0.000598976,0.002994878
2/24/2017 7:52,UP,1.05721,1.05991,1.05635,1.05936,0.000424875,0.000497902,0.002489512
2/24/2017 12:42,UP,1.0594,1.06182,1.05706,1.06101,0.000197944,0.00055178,0.002758898
2/24/2017 14:53,DOWN,1.06096,1.06181,1.05664,1.05683,-0.001427781,0.000802384,0.004011921
2/27/2017 13:14,UP,1.05678,1.05972,1.05515,1.05884,0.000387291,0.000506994,0.002534971
2/27/2017 16:24,UP,1.0588,1.06248,1.05814,1.0621,0.000367264,0.000630873,0.003154364
2/27/2017 19:30,DOWN,1.06206,1.06309,1.05807,1.05839,-0.001076528,0.000647608,0.00323804
2/28/2017 14:31,UP,1.05832,1.0608,1.05696,1.06015,0.000405685,0.000462622,0.00231311
2/28/2017 20:26,DOWN,1.06014,1.06305,1.05869,1.05869,-0.000594898,0.000604103,0.003020514
3/1/2017 1:05,DOWN,1.05877,1.05955,1.05587,1.05595,-0.000350334,0.000566045,0.002830224
3/1/2017 7:05,DOWN,1.05593,1.05897,1.05442,1.05442,-0.000976364,0.000633477,0.003167386
3/1/2017 15:46,UP,1.05445,1.05599,1.0514,1.05533,0.000682484,0.000570713,0.002853563
3/1/2017 23:46,DOWN,1.05534,1.0572,1.05354,1.05368,-0.000464929,0.000549798,0.002748988
3/2/2017 12:20,DOWN,1.05368,1.05458,1.05081,1.05086,-0.000827551,0.000580108,0.002900538
3/2/2017 19:29,DOWN,1.05091,1.05286,1.04959,1.04966,-0.0009332,0.000504803,0.002524016
3/3/2017 3:46,UP,1.04965,1.05235,1.04949,1.05214,9.50E-05,0.000452341,0.002261707
3/3/2017 11:20,UP,1.05214,1.05451,1.05106,1.05422,0.000550321,0.000500148,0.002500738
3/3/2017 13:40,UP,1.0542,1.05711,1.05373,1.057,0.00063407,0.000541583,0.002707916
3/3/2017 19:15,UP,1.05698,1.06007,1.0543,1.05984,0.001387965,0.000789976,0.003949878
3/6/2017 9:10,UP,1.05978,1.06404,1.05921,1.06344,0.000696097,0.000608421,0.003042105
3/6/2017 10:24,DOWN,1.06344,1.0636,1.05847,1.05914,-0.000717306,0.000787754,0.003938768
3/6/2017 23:20,DOWN,1.05914,1.06083,1.05747,1.05772,-0.000425353,0.000480894,0.002404471
3/7/2017 10:00,DOWN,1.05777,1.06028,1.05627,1.05641,-0.001116367,0.000533872,0.002669358
3/8/2017 4:27,DOWN,1.05642,1.05891,1.05582,1.05621,-0.000407033,0.000361119,0.001805593
3/8/2017 9:35,DOWN,1.05626,1.05733,1.05473,1.05506,-9.48E-05,0.00033659,0.001682949
3/9/2017 0:15,DOWN,1.0551,1.05628,1.05348,1.05389,-0.000351019,0.000383442,0.001917212
3/9/2017 8:53,UP,1.05383,1.0563,1.0525,1.05578,0.00099502,0.000486829,0.002434144
3/9/2017 14:15,UP,1.05576,1.06155,1.05423,1.06104,0.000942916,0.001219298,0.006096488
3/10/2017 8:20,UP,1.06106,1.06148,1.05667,1.06067,0.000914935,0.000577302,0.002886511
3/10/2017 14:00,UP,1.06067,1.06471,1.05966,1.06454,0.001146692,0.000692376,0.003461881
3/10/2017 16:44,UP,1.06458,1.06733,1.06199,1.06682,0.000393771,0.000828359,0.004141794
3/13/2017 3:54,UP,1.06676,1.07011,1.06639,1.07006,8.41E-05,0.000663026,0.003315129
3/13/2017 8:55,DOWN,1.07001,1.07147,1.06714,1.06746,-0.000412109,0.000570794,0.002853969
3/13/2017 20:58,DOWN,1.06746,1.06793,1.06521,1.06525,-0.00045988,0.000429991,0.002149954
3/14/2017 8:01,DOWN,1.06531,1.06628,1.06329,1.06335,-0.001015143,0.000451355,0.002256777
3/14/2017 18:12,DOWN,1.0633,1.065,1.06152,1.06182,-0.001110682,0.000471363,0.002356813
3/15/2017 6:59,UP,1.06182,1.06301,1.05999,1.06284,0.000442309,0.000389061,0.001945305
3/15/2017 16:57,UP,1.06285,1.06427,1.06073,1.06404,0.000629874,0.000423299,0.002116494
3/15/2017 18:06,UP,1.06409,1.06898,1.06224,1.06881,0.001694908,0.000909125,0.004545624
3/15/2017 20:23,UP,1.06881,1.07404,1.06655,1.07349,0.000223595,0.001086407,0.005432037
3/16/2017 8:44,DOWN,1.07348,1.07468,1.07077,1.07085,-0.001418427,0.000660182,0.003300911
3/16/2017 14:34,UP,1.07079,1.07401,1.07057,1.0739,0.000959581,0.000548604,0.00274302
3/16/2017 18:35,DOWN,1.07387,1.07434,1.07074,1.07105,-0.000662681,0.000546654,0.002733271
3/16/2017 19:29,UP,1.07105,1.07673,1.07103,1.0766,0.002194492,0.000922869,0.004614344
3/17/2017 12:07,DOWN,1.07656,1.07827,1.07275,1.07293,-0.00086641,0.0008739,0.004369498
3/20/2017 2:09,UP,1.07289,1.07605,1.07289,1.07591,0.000520625,0.00053209,0.002660451
3/20/2017 11:48,DOWN,1.07585,1.07776,1.07504,1.07533,-4.65E-05,0.000423736,0.00211868
3/20/2017 17:57,DOWN,1.07539,1.076,1.07251,1.07253,-0.001658252,0.000542275,0.002711375
3/21/2017 1:10,UP,1.07258,1.07668,1.07192,1.07661,0.000892086,0.000702084,0.003510422
3/21/2017 8:12,UP,1.07661,1.07978,1.07524,1.0796,0.001279069,0.000694318,0.00347159
3/21/2017 16:56,UP,1.07958,1.08195,1.07887,1.08169,0.000351364,0.00041726,0.002086301
3/22/2017 3:13,DOWN,1.08164,1.08185,1.07887,1.07932,-8.34E-05,0.000415203,0.002076013
3/22/2017 9:05,DOWN,1.07927,1.08189,1.07827,1.07857,-0.000704389,0.000524092,0.002620461
3/22/2017 14:22,UP,1.07861,1.08156,1.07759,1.08131,0.000693844,0.000525439,0.002627197
3/22/2017 19:48,DOWN,1.08127,1.0825,1.07901,1.07958,-0.00012041,0.000465028,0.00232514
3/23/2017 10:07,DOWN,1.07958,1.08052,1.07696,1.07746,-6.50E-05,0.000473153,0.002365766
3/24/2017 2:15,DOWN,1.07741,1.07951,1.07609,1.07669,-0.000120733,0.00046086,0.0023043
3/24/2017 8:35,UP,1.0767,1.08008,1.07604,1.07991,0.001287973,0.000545908,0.002729538
3/26/2017 23:01,UP,1.07991,1.08501,1.07906,1.08472,0.00041494,0.000914885,0.004574426
3/27/2017 11:50,UP,1.08473,1.08822,1.08377,1.08801,0.00110354,0.000621762,0.003108809
3/27/2017 16:34,DOWN,1.08799,1.09063,1.08708,1.08738,-0.000303436,0.000540946,0.002704728
3/28/2017 16:26,DOWN,1.08733,1.08773,1.08425,1.08425,-0.000811292,0.000474493,0.002372465
3/28/2017 18:00,DOWN,1.08428,1.08474,1.08127,1.08131,-0.001201523,0.000531858,0.002659292
3/29/2017 6:43,DOWN,1.0813,1.08268,1.07867,1.07889,-0.001231989,0.000526239,0.002631194
3/29/2017 11:57,DOWN,1.07884,1.08009,1.07475,1.07597,-0.000845391,0.000571795,0.002858974
3/30/2017 8:03,DOWN,1.07593,1.07738,1.07306,1.07315,-0.000596197,0.000599239,0.002996194
3/30/2017 16:59,DOWN,1.07319,1.07536,1.07023,1.07029,-0.001960163,0.000752217,0.003761087
3/31/2017 10:06,DOWN,1.0703,1.07043,1.06699,1.06723,-0.00071187,0.000461338,0.002306688
3/31/2017 20:13,DOWN,1.06729,1.0702,1.06644,1.06667,-0.000206228,0.00053687,0.00268435
4/3/2017 4:32,UP,1.06661,1.06815,1.06515,1.06797,0.000140463,0.00050304,0.002515201
4/3/2017 11:20,DOWN,1.06799,1.06813,1.06501,1.06506,-0.000591341,0.000456137,0.002280683
4/3/2017 14:16,UP,1.06506,1.068,1.06498,1.06765,0.000571512,0.00046003,0.002300149
4/4/2017 5:02,UP,1.06761,1.06772,1.06424,1.06726,0.000243644,0.000420699,0.002103493
4/4/2017 10:47,DOWN,1.06731,1.06748,1.0636,1.06394,-0.001437018,0.000569119,0.002845597
4/4/2017 15:36,UP,1.06396,1.06678,1.06356,1.06645,0.000365766,0.000457435,0.002287177
4/4/2017 22:43,UP,1.06646,1.06856,1.06482,1.0679,0.000206033,0.00044809,0.002240451
4/5/2017 16:35,DOWN,1.0679,1.06894,1.06519,1.06537,-0.000487974,0.000485866,0.002429332
4/5/2017 19:40,UP,1.06536,1.06772,1.06348,1.0675,0.000187371,0.00051654,0.0025827
4/6/2017 15:22,DOWN,1.06755,1.06845,1.06307,1.06494,-0.000600792,0.000494808,0.002474038
4/7/2017 8:31,DOWN,1.06495,1.06607,1.0632,1.06373,-0.000310181,0.000366164,0.001830819
4/7/2017 15:02,DOWN,1.06375,1.06671,1.06103,1.06136,-5.65E-05,0.000554851,0.002774253
4/7/2017 17:55,DOWN,1.0613,1.06215,1.05868,1.05873,-0.000566556,0.000544124,0.002720619
4/10/2017 2:23,DOWN,1.05869,1.06031,1.05702,1.0575,-0.000510508,0.000479103,0.002395513
4/10/2017 14:17,UP,1.05745,1.06008,1.05698,1.05967,0.000207633,0.000447173,0.002235863
4/11/2017 2:31,DOWN,1.05964,1.06069,1.0582,1.05828,-0.000406237,0.000382187,0.001910935
4/11/2017 9:30,UP,1.05823,1.061,1.05786,1.06082,0.000688384,0.000443186,0.002215931
4/11/2017 17:24,DOWN,1.06082,1.06303,1.06018,1.06051,-0.000480785,0.000381827,0.001909133
4/12/2017 7:16,UP,1.06054,1.06191,1.05949,1.06169,6.59E-05,0.000350946,0.00175473
4/12/2017 11:45,DOWN,1.06169,1.06242,1.05977,1.05992,-0.000207541,0.000338497,0.001692484
4/12/2017 15:09,UP,1.05992,1.06214,1.05972,1.06188,0.000273138,0.000327933,0.001639664
4/12/2017 17:40,DOWN,1.06186,1.06224,1.05889,1.05903,-0.00104758,0.000420919,0.002104594
4/12/2017 19:22,UP,1.05908,1.06545,1.05903,1.06402,0.000846207,0.0008686,0.004343
4/13/2017 9:29,DOWN,1.06401,1.06779,1.06382,1.06435,-6.58E-05,0.000546515,0.002732573
4/13/2017 14:07,DOWN,1.0643,1.06447,1.0609,1.06139,-0.000357957,0.000547055,0.002735273
4/14/2017 3:36,DOWN,1.06144,1.06346,1.06098,1.06104,-0.000527645,0.000398868,0.001994341
4/16/2017 22:05,DOWN,1.0611,1.06302,1.0605,1.0607,-0.000603193,0.000380484,0.001902422
4/17/2017 7:11,UP,1.06083,1.06284,1.06029,1.06279,0.00058354,0.000374615,0.001873074
4/17/2017 13:44,UP,1.06278,1.06519,1.06187,1.06492,0.00038508,0.00054696,0.002734802
4/18/2017 0:08,DOWN,1.06491,1.06708,1.06351,1.06387,-0.000140985,0.000454145,0.002270723
4/18/2017 9:35,UP,1.06381,1.066,1.06374,1.06592,0.000337793,0.000351294,0.00175647
4/18/2017 11:41,UP,1.06594,1.06839,1.06487,1.06826,0.000561819,0.000466158,0.00233079
4/18/2017 15:41,UP,1.06823,1.07084,1.06769,1.07079,0.000887589,0.000429638,0.002148191
4/18/2017 19:43,UP,1.07074,1.07364,1.06962,1.07354,0.000354032,0.000606211,0.003031056
4/19/2017 13:57,DOWN,1.0735,1.07372,1.07081,1.07086,-0.00050414,0.000438501,0.002192504
4/20/2017 5:24,UP,1.07084,1.0728,1.06998,1.07252,0.000587574,0.000335639,0.001678195
4/20/2017 8:10,UP,1.07258,1.0756,1.0721,1.07544,0.000799993,0.000552733,0.002763667
4/20/2017 15:37,UP,1.07544,1.07777,1.07407,1.07721,0.000594304,0.000494968,0.002474839
4/20/2017 17:08,DOWN,1.07721,1.07771,1.07356,1.0738,-0.001005268,0.000577564,0.00288782
4/21/2017 9:17,DOWN,1.07379,1.07401,1.0696,1.07008,-0.000850042,0.000555592,0.002777959
4/21/2017 20:46,UP,1.07015,1.07237,1.06822,1.07187,0.001045449,0.000552337,0.002761683
4/24/2017 1:18,UP,1.07186,1.08976,1.07143,1.08519,0.000211967,0.002372386,0.011861928
4/24/2017 13:47,UP,1.08514,1.08777,1.08207,1.08728,0.00056119,0.000758516,0.003792581
4/25/2017 6:13,UP,1.08723,1.0874,1.08353,1.08707,0.000542891,0.000439259,0.002196294
4/25/2017 9:31,UP,1.08702,1.08991,1.08632,1.08982,0.000523159,0.00052957,0.002647851
4/25/2017 14:03,UP,1.08986,1.09137,1.08706,1.09028,0.000522938,0.000496111,0.002480553
4/25/2017 15:39,UP,1.09026,1.09396,1.08984,1.09368,0.000512164,0.000526711,0.002633553
4/26/2017 7:38,DOWN,1.0937,1.0951,1.09144,1.09166,-0.000430444,0.000570642,0.002853208
4/26/2017 10:43,DOWN,1.09168,1.09187,1.08847,1.08856,-0.00022045,0.000545262,0.00272631
4/26/2017 15:36,DOWN,1.08855,1.08984,1.08649,1.08658,-0.00092909,0.00049517,0.002475851
4/26/2017 18:00,UP,1.08659,1.08985,1.08557,1.08951,0.000651882,0.000516088,0.00258044
4/27/2017 11:50,DOWN,1.08951,1.09215,1.08816,1.08826,-0.001542558,0.000591591,0.002957953
4/27/2017 12:45,UP,1.08828,1.09332,1.08798,1.09299,0.000549104,0.000852255,0.004261274
4/27/2017 13:50,DOWN,1.09299,1.09311,1.08525,1.0855,-0.000460511,0.00126521,0.006326049
4/28/2017 8:20,UP,1.08549,1.08971,1.08516,1.08931,0.000670374,0.000607871,0.003039357
4/28/2017 9:16,UP,1.08939,1.09468,1.08921,1.09459,0.001087756,0.000825154,0.004125768
4/28/2017 13:11,DOWN,1.09465,1.09477,1.09004,1.09038,-0.000550116,0.000657012,0.003285059
5/1/2017 12:54,UP,1.09044,1.09222,1.08833,1.09207,0.000778641,0.000584374,0.002921871
5/2/2017 14:11,DOWN,1.09213,1.09256,1.08915,1.08947,-0.001192529,0.000475482,0.002377409
5/2/2017 18:39,UP,1.08946,1.09232,1.08881,1.09221,0.000311344,0.000511655,0.002558273
5/3/2017 7:29,DOWN,1.0922,1.09371,1.09106,1.09112,-0.000293234,0.00039137,0.00195685
5/3/2017 18:28,DOWN,1.09115,1.09274,1.08929,1.08944,-0.000944993,0.000451917,0.002259584
5/4/2017 8:02,UP,1.08939,1.0919,1.08748,1.09164,0.000604778,0.00057872,0.002893601
5/4/2017 14:03,UP,1.09166,1.09462,1.09103,1.09439,0.00085015,0.000529843,0.002649215
5/4/2017 16:15,UP,1.0944,1.09792,1.09311,1.0979,0.000455519,0.000679429,0.003397147
5/5/2017 8:59,DOWN,1.09785,1.09901,1.09566,1.09566,-0.000857563,0.00046517,0.002325848
5/5/2017 14:50,UP,1.09571,1.09928,1.09488,1.09892,0.000236624,0.00053614,0.002680698
5/8/2017 0:01,DOWN,1.09897,1.10072,1.09635,1.09694,-0.001093354,0.000547696,0.00273848
5/8/2017 6:00,UP,1.09688,1.09969,1.0957,1.09968,0.000982586,0.000570371,0.002851857
5/8/2017 7:52,DOWN,1.09963,1.0997,1.09548,1.09574,-0.000757192,0.00064106,0.003205298
5/8/2017 14:50,DOWN,1.0957,1.09657,1.09294,1.09305,-0.000713345,0.000509121,0.002545607
5/9/2017 6:28,DOWN,1.09305,1.09373,1.09036,1.09043,-0.001035752,0.000474767,0.002373836
5/9/2017 10:48,DOWN,1.09042,1.09264,1.0886,1.08875,-0.000560119,0.000583324,0.002916622
5/10/2017 1:45,UP,1.08875,1.09069,1.08634,1.0897,0.000220268,0.000480314,0.00240157
5/10/2017 9:05,DOWN,1.08977,1.08983,1.08645,1.08677,-0.000974892,0.000492272,0.002461362
5/11/2017 7:19,UP,1.08678,1.08867,1.08532,1.08818,0.000395233,0.000421703,0.002108513
5/11/2017 11:34,DOWN,1.08822,1.08934,1.08666,1.08697,-0.000248366,0.000347848,0.00173924
5/11/2017 12:37,DOWN,1.08692,1.0871,1.08394,1.084,-0.000912867,0.000431299,0.002156495
5/11/2017 13:58,UP,1.08405,1.08713,1.08393,1.08708,0.001067649,0.000566911,0.002834556
5/12/2017 12:33,UP,1.08703,1.0896,1.08557,1.08889,0.001525651,0.000548052,0.002740262
5/12/2017 13:39,UP,1.08889,1.09256,1.08776,1.09224,0.000421242,0.000582336,0.002911682
5/15/2017 6:22,UP,1.0922,1.09381,1.09125,1.09361,0.00057624,0.00039761,0.001988051
5/15/2017 10:25,UP,1.09366,1.09623,1.09323,1.09623,0.000684397,0.000435264,0.002176318
5/15/2017 14:05,UP,1.09625,1.09898,1.09612,1.09853,0.000200288,0.000385401,0.001927007
5/16/2017 3:42,UP,1.09853,1.09902,1.09656,1.09876,0.000100118,0.000318676,0.00159338
5/16/2017 6:30,UP,1.09876,1.10112,1.09864,1.10099,0.000881414,0.000404987,0.002024936
5/16/2017 7:34,UP,1.10103,1.10366,1.10056,1.10353,0.000761483,0.000457016,0.002285078
5/16/2017 11:03,UP,1.10349,1.10592,1.10247,1.10551,0.0001176,0.000474862,0.00237431
5/16/2017 14:48,UP,1.10557,1.10891,1.10505,1.10813,3.61E-05,0.000455976,0.002279882
5/16/2017 18:23,UP,1.10808,1.10976,1.10638,1.10943,0.000360611,0.0004599,0.002299498
5/17/2017 2:43,UP,1.10938,1.11131,1.10802,1.11111,0.001278819,0.000464584,0.002322922
5/17/2017 12:23,UP,1.11114,1.11225,1.10816,1.11185,0.000260861,0.000521026,0.00260513
5/17/2017 14:47,UP,1.11182,1.11471,1.11015,1.11395,0.000206494,0.000581747,0.002908734
5/17/2017 20:35,UP,1.11391,1.11625,1.113,1.11616,0.000537702,0.000493219,0.002466094
5/18/2017 5:17,DOWN,1.11611,1.11723,1.1139,1.11432,-0.000305072,0.000471588,0.002357942
5/18/2017 9:53,DOWN,1.1143,1.1146,1.11076,1.11165,-0.000386738,0.000474184,0.002370922
5/18/2017 17:44,DOWN,1.11159,1.11401,1.11003,1.11021,-0.000666319,0.000536336,0.002681681
5/19/2017 5:19,UP,1.11018,1.11151,1.10757,1.11121,0.00035103,0.000477878,0.00238939
5/19/2017 8:30,UP,1.11122,1.1144,1.11092,1.11439,0.000529578,0.000476406,0.002382031
5/19/2017 11:45,UP,1.11435,1.11803,1.11434,1.11769,0.000716018,0.000539866,0.002699328
5/19/2017 17:36,UP,1.11772,1.12112,1.11747,1.121,0.001330055,0.000506093,0.002530466
5/22/2017 7:40,DOWN,1.12094,1.12121,1.11642,1.11693,-0.001815832,0.000680141,0.003400705
5/22/2017 10:03,UP,1.11688,1.12173,1.11614,1.12173,0.002097176,0.000845835,0.004229175
5/22/2017 13:56,UP,1.12169,1.1259,1.12108,1.12577,0.001048721,0.000639563,0.003197816
5/23/2017 6:14,DOWN,1.12574,1.12638,1.12285,1.12297,-0.001245918,0.000518864,0.002594321
5/23/2017 12:00,DOWN,1.12302,1.12686,1.12161,1.12193,-0.001051206,0.000679147,0.003395737
5/23/2017 16:26,DOWN,1.12193,1.12493,1.11904,1.11912,-0.001366212,0.000833444,0.004167219
5/24/2017 6:11,DOWN,1.11913,1.1209,1.1172,1.11744,-0.000223701,0.000543352,0.002716758
5/24/2017 15:55,DOWN,1.11752,1.1205,1.11685,1.11729,-0.000187937,0.000491234,0.00245617
5/24/2017 19:49,UP,1.11728,1.12177,1.11713,1.12153,0.000392398,0.000700142,0.00350071
5/25/2017 8:36,UP,1.12154,1.12507,1.12108,1.12496,0.000293387,0.000553966,0.002769828
5/25/2017 10:25,DOWN,1.12501,1.12503,1.12138,1.12149,-0.000463561,0.000562574,0.00281287
5/26/2017 8:12,UP,1.12151,1.12277,1.1185,1.12256,0.000240551,0.000552458,0.00276229
5/26/2017 12:36,DOWN,1.1226,1.12349,1.11806,1.11887,-0.000339571,0.000596669,0.002983345
5/29/2017 21:52,DOWN,1.11886,1.11902,1.11563,1.11579,-0.000555506,0.000472221,0.002361104
5/30/2017 2:04,DOWN,1.1158,1.11581,1.11221,1.11245,-0.000224704,0.000571665,0.002858327
5/30/2017 8:08,UP,1.11245,1.11493,1.11094,1.11476,0.000574279,0.00060338,0.003016901
5/30/2017 13:50,UP,1.11479,1.11942,1.11366,1.11834,0.000688758,0.000654196,0.00327098
5/31/2017 0:56,DOWN,1.11835,1.12058,1.11694,1.11714,-0.000170063,0.000560151,0.002800756
5/31/2017 10:25,UP,1.11713,1.12002,1.11645,1.11984,0.000902322,0.000548521,0.002742603
5/31/2017 13:47,UP,1.11983,1.12377,1.11981,1.12359,0.00150524,0.00063157,0.003157852
6/1/2017 2:06,UP,1.12351,1.12571,1.12209,1.12535,0.000346619,0.000461527,0.002307636
6/1/2017 8:32,DOWN,1.12537,1.12538,1.12257,1.12276,-0.000721176,0.000450893,0.002254465
6/1/2017 17:53,DOWN,1.12281,1.12373,1.12021,1.12083,-0.000223024,0.000427776,0.002138881
6/2/2017 12:39,UP,1.12076,1.12701,1.1205,1.12648,0.000612715,0.000914582,0.004572912
6/5/2017 10:40,DOWN,1.12652,1.12855,1.12419,1.1246,-0.000782194,0.000538488,0.002692441
6/6/2017 1:25,UP,1.12457,1.12702,1.12342,1.12691,0.000532571,0.000424401,0.002122006
6/6/2017 7:27,DOWN,1.1269,1.12781,1.12423,1.12439,-0.00122658,0.000545273,0.002726366
6/6/2017 13:42,UP,1.12444,1.12759,1.12404,1.12717,0.000186325,0.000498929,0.002494646
6/7/2017 10:24,DOWN,1.12717,1.12842,1.12144,1.12212,-0.00067706,0.000935932,0.004679658
6/7/2017 13:53,UP,1.12211,1.12634,1.12041,1.1256,0.001983131,0.000857143,0.004285715
6/8/2017 9:26,DOWN,1.12563,1.12828,1.12229,1.12441,-0.000106717,0.000526808,0.00263404
6/8/2017 14:12,DOWN,1.12442,1.1263,1.11947,1.11994,-0.000482052,0.000788086,0.003940431
6/8/2017 23:49,DOWN,1.12001,1.12376,1.118,1.11857,-0.000607734,0.000610119,0.003050595
6/9/2017 8:32,DOWN,1.11858,1.12161,1.11755,1.11758,-0.0007424,0.000528828,0.002644138
6/9/2017 16:25,UP,1.11754,1.11969,1.11663,1.11944,0.0004825,0.0004178,0.002089
6/12/2017 6:07,UP,1.11948,1.12169,1.11909,1.12135,0.000356777,0.000390215,0.001951076
6/12/2017 14:19,DOWN,1.12132,1.12325,1.1192,1.11925,-0.001490959,0.000568733,0.002843666
6/13/2017 6:04,DOWN,1.1192,1.12102,1.11853,1.11872,-0.000402165,0.000374765,0.001873826
6/13/2017 7:54,UP,1.11875,1.12182,1.11865,1.12155,0.000410231,0.000459915,0.002299573
6/14/2017 2:22,UP,1.12154,1.1225,1.11921,1.12186,0.000160461,0.000392715,0.001963576
6/14/2017 10:17,DOWN,1.12184,1.12257,1.12013,1.12023,-0.000401623,0.000317402,0.00158701
6/14/2017 12:37,UP,1.12023,1.12573,1.11976,1.12573,0.001360043,0.000938291,0.004691455
6/14/2017 18:18,DOWN,1.12573,1.12961,1.12454,1.12503,-0.001003914,0.000654138,0.003270689
6/14/2017 19:26,DOWN,1.12503,1.12599,1.1193,1.11961,-0.00089277,0.000872814,0.004364071
6/15/2017 8:26,DOWN,1.11959,1.1229,1.11794,1.11819,-0.000590065,0.000673451,0.003367253
6/15/2017 12:37,DOWN,1.11819,1.11909,1.1152,1.11532,-0.000887244,0.000556559,0.002782797
6/16/2017 6:57,UP,1.11533,1.11595,1.11322,1.11578,0.000259942,0.000349914,0.001749568
6/16/2017 9:07,UP,1.11581,1.11841,1.11517,1.11788,0.000697993,0.00038971,0.001948549
6/16/2017 14:22,UP,1.11786,1.11901,1.11571,1.11876,0.000107267,0.000442002,0.002210012
6/19/2017 11:04,UP,1.11876,1.12131,1.11825,1.12087,0.000446182,0.000391533,0.001957667
6/19/2017 12:30,DOWN,1.12086,1.12125,1.11784,1.11798,-0.001260409,0.00048158,0.002407901
6/19/2017 16:14,DOWN,1.118,1.11847,1.11572,1.11584,-0.00025986,0.000355036,0.001775179
6/20/2017 0:11,DOWN,1.11579,1.11638,1.11409,1.11445,-8.08E-05,0.000295103,0.001475516
6/20/2017 6:29,UP,1.11446,1.11653,1.11438,1.11636,0.000322529,0.000285096,0.00142548
6/20/2017 10:25,UP,1.11635,1.11652,1.11425,1.11632,0.000143338,0.000339296,0.00169648
6/20/2017 14:00,DOWN,1.11627,1.11631,1.11344,1.11365,-0.000583496,0.000439349,0.002196745
6/20/2017 17:25,DOWN,1.11363,1.11459,1.11189,1.11213,-0.00033264,0.000381974,0.001909871
6/21/2017 9:00,UP,1.11208,1.1146,1.11202,1.11418,0.000790131,0.000331123,0.001655617
6/21/2017 18:00,UP,1.11419,1.11559,1.11301,1.11509,0.000367751,0.000331496,0.001657482
6/22/2017 0:06,UP,1.11509,1.11701,1.11502,1.11698,0.000223843,0.000296855,0.001484275
6/22/2017 13:35,DOWN,1.11699,1.11782,1.11526,1.11533,-0.000466121,0.000348217,0.001741084
6/23/2017 6:07,UP,1.11537,1.11687,1.11393,1.11673,0.000465754,0.000341281,0.001706407
6/23/2017 13:46,UP,1.11679,1.11882,1.11616,1.11867,0.000393402,0.000409966,0.002049831
6/26/2017 6:35,DOWN,1.11865,1.12092,1.11843,1.11871,-0.000196636,0.00028776,0.001438802
6/26/2017 9:03,DOWN,1.11866,1.12082,1.11817,1.1183,-0.000321865,0.000356254,0.00178127
6/26/2017 12:32,UP,1.11828,1.11999,1.11718,1.11994,0.000884367,0.000418921,0.002094606
6/26/2017 16:15,DOWN,1.11999,1.12201,1.11857,1.11863,-0.000866756,0.000505531,0.002527656
6/27/2017 8:11,UP,1.11857,1.12204,1.11756,1.12186,0.002436424,0.000703927,0.003519633
6/27/2017 9:45,UP,1.12186,1.12629,1.12178,1.12618,0.000950566,0.000654606,0.003273028
6/27/2017 13:08,UP,1.12614,1.1289,1.12467,1.1289,0.001072415,0.00062728,0.003136399
6/27/2017 16:00,UP,1.12893,1.13325,1.12748,1.13233,0.001927089,0.000737679,0.003688397
6/27/2017 19:13,UP,1.13232,1.13492,1.13061,1.13482,0.000282023,0.000656109,0.003280543
6/28/2017 6:16,UP,1.13483,1.13759,1.13296,1.13759,0.001275437,0.000584535,0.002922674
6/28/2017 12:21,DOWN,1.1376,1.13886,1.12914,1.13042,-0.001803013,0.001326613,0.006633066
6/28/2017 14:03,UP,1.13049,1.13812,1.13049,1.13782,0.001187184,0.001111265,0.005556323
6/29/2017 1:26,UP,1.1378,1.13952,1.13492,1.13924,0.000518023,0.000599803,0.002999017
6/29/2017 15:19,UP,1.1393,1.14353,1.13881,1.14273,0.00049893,0.000609865,0.003049323
6/30/2017 7:35,DOWN,1.14273,1.14458,1.1412,1.14134,-0.000674418,0.000479457,0.002397285
6/30/2017 14:09,UP,1.14135,1.1428,1.13921,1.14233,0.000315195,0.000446143,0.002230716
7/2/2017 22:30,UP,1.14229,1.14293,1.13955,1.14232,2.63E-05,0.000404537,0.002022683
7/3/2017 7:31,DOWN,1.14237,1.14261,1.13987,1.14005,-0.00040341,0.000376008,0.001880041
7/3/2017 9:16,DOWN,1.14006,1.14007,1.13746,1.13788,-8.79E-06,0.000371719,0.001858597
7/3/2017 13:29,DOWN,1.13789,1.1386,1.1358,1.13587,-0.000281683,0.000367379,0.001836893
7/4/2017 5:48,DOWN,1.13587,1.13773,1.13361,1.13385,-0.001295628,0.000574269,0.002871346
7/4/2017 20:25,DOWN,1.13386,1.13748,1.13372,1.13464,-0.000440571,0.000356481,0.001782404
7/5/2017 2:04,UP,1.13465,1.13684,1.13258,1.13675,0.00052796,0.000367535,0.001837673
7/5/2017 8:41,DOWN,1.13668,1.13688,1.1341,1.13439,-0.000581641,0.000400939,0.002004694
7/5/2017 10:18,DOWN,1.13439,1.1345,1.13124,1.13168,-0.000874423,0.000454459,0.002272293
7/5/2017 17:20,UP,1.13166,1.13444,1.13128,1.13417,0.000308643,0.000431198,0.00215599
7/5/2017 22:53,UP,1.13414,1.13597,1.13226,1.13535,0.000211411,0.000451498,0.00225749
7/6/2017 9:25,UP,1.13535,1.13678,1.13298,1.13622,0.001118366,0.000541022,0.002705112
7/6/2017 12:19,UP,1.13618,1.13965,1.13574,1.13942,0.001088866,0.000541313,0.002706565
7/6/2017 16:25,UP,1.13947,1.14142,1.13815,1.14115,0.000262927,0.000425078,0.002125388
7/7/2017 12:30,DOWN,1.1411,1.14279,1.13863,1.1403,-0.000762666,0.000358105,0.001790523
7/7/2017 14:14,DOWN,1.14044,1.14403,1.13807,1.13918,-0.000640607,0.000806774,0.004033872
7/10/2017 9:58,DOWN,1.13914,1.14185,1.13795,1.13841,-0.000316181,0.00058226,0.002911298
7/11/2017 5:18,DOWN,1.13845,1.14081,1.138,1.13857,-0.000561951,0.000306767,0.001533837
7/11/2017 12:17,UP,1.13856,1.14054,1.13827,1.14045,0.000464837,0.000262791,0.001313955
7/11/2017 14:50,UP,1.14045,1.14246,1.13936,1.14202,0.000928611,0.000410575,0.002052877
7/11/2017 16:34,UP,1.14204,1.14439,1.14147,1.14431,0.000743082,0.000429217,0.002146086
7/12/2017 0:13,UP,1.14438,1.14799,1.14378,1.14768,0.000400889,0.000521657,0.002608284
7/12/2017 7:23,DOWN,1.14771,1.14898,1.1453,1.14595,-9.60E-05,0.00044934,0.002246698
7/12/2017 13:15,DOWN,1.14593,1.14799,1.14149,1.14214,-0.000988882,0.000751541,0.003757704
7/13/2017 0:53,UP,1.1422,1.14312,1.13916,1.14292,0.000595144,0.000463512,0.002317558
7/13/2017 7:56,DOWN,1.14287,1.14562,1.14128,1.14158,-0.001496803,0.000628777,0.003143887
7/13/2017 11:12,DOWN,1.14164,1.14234,1.13705,1.13736,-0.001335536,0.0007053,0.003526499
7/13/2017 12:14,UP,1.13738,1.14189,1.13729,1.14175,0.0005607,0.00072284,0.003614198
7/13/2017 16:17,DOWN,1.14175,1.14196,1.13826,1.13828,-0.000281086,0.000575934,0.002879668
7/14/2017 5:43,UP,1.13833,1.14111,1.13828,1.14101,0.000403233,0.00046203,0.00231015
7/14/2017 12:45,UP,1.14098,1.14508,1.14044,1.14508,0.001503208,0.000747193,0.003735963
7/16/2017 22:08,UP,1.14511,1.14745,1.14355,1.14737,0.00027022,0.000560351,0.002801757
7/17/2017 7:25,DOWN,1.14737,1.14753,1.1446,1.14464,-0.000785964,0.00044256,0.0022128
7/17/2017 11:19,UP,1.14463,1.14668,1.14347,1.14653,0.000549635,0.000424546,0.002122732
7/18/2017 1:03,UP,1.14649,1.14948,1.14605,1.14921,0.000722496,0.000403286,0.002016429
7/18/2017 2:05,UP,1.14927,1.15383,1.1492,1.15346,0.000372861,0.000718907,0.003594537
7/18/2017 9:36,UP,1.15345,1.15543,1.15111,1.1553,0.000831298,0.000610494,0.003052471
7/18/2017 14:03,UP,1.15522,1.15832,1.1545,1.15818,0.000379979,0.000490953,0.002454766
7/18/2017 19:21,DOWN,1.15823,1.15835,1.15532,1.15549,-0.000207683,0.000423067,0.002115336
7/19/2017 5:11,DOWN,1.15545,1.156,1.15332,1.15346,-0.000407387,0.000365101,0.001825504
7/19/2017 8:09,DOWN,1.15341,1.15478,1.15168,1.15189,-0.00045133,0.000393307,0.001966534
7/20/2017 3:53,DOWN,1.15184,1.15388,1.15052,1.15066,-0.001085743,0.000492227,0.002461134
7/20/2017 8:26,DOWN,1.15066,1.15256,1.1496,1.14972,-0.000252204,0.000415763,0.002078816
7/20/2017 11:58,DOWN,1.14976,1.15136,1.14816,1.14836,-0.000853027,0.000433349,0.002166743
7/20/2017 12:40,UP,1.14836,1.15242,1.14792,1.15223,0.001285291,0.000570651,0.002853254
7/20/2017 13:29,UP,1.15226,1.15716,1.15033,1.15644,0.000839133,0.000964357,0.004821783
7/20/2017 14:31,UP,1.15643,1.16165,1.15569,1.16155,0.001430147,0.000907954,0.004539771
7/21/2017 6:08,UP,1.16163,1.16585,1.16155,1.16424,0.000627215,0.000433548,0.00216774
7/21/2017 8:26,DOWN,1.16423,1.16771,1.1636,1.16386,-0.000412336,0.00052334,0.002616698
7/21/2017 16:43,UP,1.16385,1.16671,1.16353,1.16633,0.000240098,0.000433629,0.002168144
7/24/2017 6:28,DOWN,1.16637,1.16845,1.16504,1.16541,-0.000549012,0.000372054,0.001860271
7/24/2017 10:12,UP,1.16537,1.16616,1.16301,1.16586,0.000205878,0.000335875,0.001679376
7/24/2017 14:07,DOWN,1.16591,1.16594,1.16333,1.16351,-0.000274992,0.00035777,0.001788852
7/25/2017 4:14,UP,1.16347,1.16638,1.16255,1.16613,0.000660522,0.000402062,0.00201031
7/25/2017 12:06,UP,1.16618,1.16792,1.16431,1.16778,0.000916689,0.00041362,0.002068102
7/25/2017 14:49,DOWN,1.16784,1.17125,1.16654,1.16668,-0.001353354,0.000607544,0.003037719
7/26/2017 0:09,DOWN,1.16669,1.16711,1.16379,1.16388,-0.000635602,0.000399147,0.001995734
7/26/2017 6:34,DOWN,1.16382,1.16541,1.16232,1.16255,-0.000730884,0.000404754,0.00202377
7/26/2017 10:33,UP,1.16254,1.16507,1.16126,1.16447,0.000541165,0.000434614,0.00217307
7/26/2017 18:02,UP,1.16446,1.16729,1.16219,1.16636,0.001261126,0.000548794,0.002743972
7/26/2017 19:03,UP,1.16622,1.17334,1.16618,1.17291,0.002304621,0.000888915,0.004444573
7/27/2017 3:36,UP,1.17285,1.17668,1.172,1.17656,0.001726859,0.000713177,0.003565886
7/27/2017 7:08,DOWN,1.17661,1.1777,1.17225,1.17267,-0.000383666,0.00058778,0.002938898
7/27/2017 11:56,DOWN,1.17266,1.17337,1.16871,1.16887,-0.001043199,0.000615618,0.00307809
7/27/2017 15:02,DOWN,1.16882,1.17063,1.16625,1.16677,-0.000282792,0.000580312,0.002901559
7/27/2017 22:49,UP,1.16677,1.16891,1.16501,1.16866,0.000821791,0.000463424,0.002317121
7/28/2017 7:06,UP,1.16873,1.17109,1.16712,1.17091,0.001145064,0.00044807,0.002240348
7/28/2017 12:05,UP,1.1709,1.17241,1.16913,1.17238,0.000520445,0.000419807,0.002099033
7/28/2017 15:03,UP,1.17234,1.17542,1.17147,1.17511,0.000459637,0.000507732,0.002538659
7/31/2017 3:20,DOWN,1.17516,1.17644,1.17318,1.1734,-0.000281194,0.000428606,0.002143031
7/31/2017 14:14,UP,1.1734,1.17558,1.1723,1.17525,0.000221254,0.000429502,0.00214751
7/31/2017 15:01,UP,1.17522,1.17944,1.17486,1.17931,0.001349156,0.000659404,0.003297022
7/31/2017 17:43,UP,1.17933,1.18321,1.17837,1.18253,0.000583665,0.000667947,0.003339736
8/1/2017 6:31,DOWN,1.18259,1.18461,1.18113,1.18146,-0.000456957,0.000476684,0.002383419
8/1/2017 14:49,DOWN,1.1815,1.18392,1.1785,1.1795,-0.001220112,0.000597608,0.002988042
8/2/2017 6:55,UP,1.1795,1.18378,1.17915,1.18313,0.000667943,0.000572127,0.002860634
8/2/2017 11:46,DOWN,1.18316,1.18688,1.18217,1.18234,-0.000786267,0.000624966,0.00312483
8/2/2017 15:02,UP,1.18235,1.18631,1.18182,1.18597,0.000733846,0.00051224,0.002561202
8/2/2017 17:17,UP,1.18597,1.19106,1.18548,1.1895,0.00126183,0.000580623,0.002903116
8/2/2017 19:27,DOWN,1.18956,1.1901,1.18527,1.18569,-0.000354161,0.000599466,0.002997332
8/3/2017 12:27,UP,1.18564,1.18704,1.18304,1.18675,0.00049728,0.000505189,0.002525947
8/3/2017 14:56,UP,1.18677,1.18934,1.18428,1.18833,0.000715545,0.000545907,0.002729534
8/4/2017 12:32,DOWN,1.18828,1.18896,1.18283,1.18328,-0.002945088,0.000807196,0.004035982
8/4/2017 13:53,DOWN,1.18333,1.18667,1.17935,1.17942,-0.002159746,0.000920822,0.004604109
8/6/2017 22:41,UP,1.17938,1.18008,1.17282,1.17884,0.000568517,0.000696337,0.003481686
8/8/2017 1:26,UP,1.17891,1.18142,1.17767,1.18064,0.000144,0.000416419,0.002082096
8/8/2017 14:19,DOWN,1.18065,1.18242,1.17793,1.17844,-0.000831262,0.000481523,0.002407615
8/8/2017 14:50,DOWN,1.17844,1.17845,1.17387,1.1742,-0.000570439,0.000677184,0.00338592
8/8/2017 17:33,UP,1.17421,1.177,1.17152,1.17677,0.000875661,0.000669236,0.003346181
8/9/2017 2:14,DOWN,1.1768,1.1768,1.17229,1.17247,-0.001159272,0.000603872,0.00301936
8/9/2017 13:32,DOWN,1.17249,1.17624,1.1689,1.17031,6.84E-05,0.000881121,0.004405606
8/9/2017 17:37,UP,1.1703,1.17587,1.16969,1.17576,0.001404333,0.00082876,0.0041438
8/10/2017 7:04,DOWN,1.17577,1.17706,1.17241,1.1725,-0.000767296,0.00053523,0.002676152
8/10/2017 12:34,UP,1.17248,1.17483,1.17041,1.17406,0.000937359,0.000559356,0.002796782
8/10/2017 18:47,UP,1.1741,1.17642,1.17179,1.17629,0.000782426,0.000551972,0.002759861
8/11/2017 7:56,DOWN,1.17634,1.17852,1.17497,1.17517,-6.81E-05,0.000430191,0.002150956
8/11/2017 12:35,UP,1.17518,1.18192,1.17485,1.18088,0.000847185,0.000825588,0.004127938
8/11/2017 17:24,UP,1.18084,1.18476,1.17771,1.18364,0.000583117,0.000769173,0.003845867
8/14/2017 8:08,DOWN,1.18365,1.18451,1.18004,1.18053,-0.000296433,0.00055516,0.0027758
8/14/2017 22:07,DOWN,1.1805,1.18074,1.17699,1.17769,3.40E-05,0.000480787,0.002403936
8/15/2017 6:02,DOWN,1.17775,1.17928,1.17599,1.17623,-0.00088379,0.000450199,0.002250995
8/15/2017 8:45,UP,1.17616,1.17692,1.17207,1.17656,0.001062984,0.00072189,0.003609448
8/15/2017 12:35,DOWN,1.17653,1.17664,1.16982,1.17022,-0.001076141,0.000882886,0.004414432
8/15/2017 16:44,UP,1.17018,1.17392,1.16872,1.17368,0.000187462,0.000671228,0.003356138
8/16/2017 8:09,DOWN,1.17369,1.17583,1.16913,1.17023,-0.000512588,0.000900729,0.004503644
8/16/2017 13:09,DOWN,1.17026,1.174,1.16811,1.16876,-0.001402213,0.000766069,0.003830347
8/16/2017 17:43,UP,1.16876,1.17399,1.16862,1.17369,0.000451669,0.000747454,0.003737268
8/16/2017 22:53,UP,1.17368,1.17792,1.1731,1.17784,0.000560505,0.000632223,0.003161114
8/17/2017 7:14,DOWN,1.17791,1.17902,1.17529,1.17543,-0.000671869,0.000547929,0.002739646
8/17/2017 9:52,DOWN,1.17544,1.17632,1.17123,1.1715,-0.001126126,0.000581736,0.002908681
8/17/2017 13:59,UP,1.17151,1.17253,1.16623,1.17227,0.000930252,0.000731625,0.003658125
8/18/2017 7:06,UP,1.17222,1.17585,1.17085,1.1754,0.001541088,0.000596647,0.002983237
8/18/2017 19:13,UP,1.17538,1.17746,1.17211,1.17655,0.000688691,0.000551942,0.002759712
8/21/2017 7:04,DOWN,1.17655,1.17663,1.1735,1.17369,-0.000272607,0.000444086,0.002220428
8/21/2017 12:19,UP,1.1737,1.177,1.17311,1.17642,0.000119012,0.000489788,0.002448942
8/21/2017 14:41,UP,1.17641,1.18152,1.17621,1.18066,0.000940594,0.000703959,0.003519797
8/22/2017 7:02,DOWN,1.1807,1.18284,1.17869,1.17893,-0.000339233,0.000514023,0.002570114
8/22/2017 9:45,DOWN,1.17889,1.17943,1.17557,1.17577,-0.001071064,0.000548852,0.002744258
8/23/2017 7:21,DOWN,1.17578,1.17732,1.17402,1.17437,-0.001259457,0.000473444,0.00236722
8/23/2017 8:07,UP,1.17436,1.17901,1.17425,1.17783,0.000509541,0.000577903,0.002889514
8/23/2017 14:12,UP,1.1778,1.18147,1.17757,1.18141,0.000736679,0.000551228,0.00275614
8/24/2017 6:25,DOWN,1.18146,1.18236,1.17918,1.17964,-0.000110197,0.000407805,0.002039026
8/24/2017 17:10,UP,1.17958,1.18145,1.17841,1.18127,0.000719824,0.000366028,0.001830141
8/25/2017 1:21,DOWN,1.18125,1.1815,1.17924,1.1796,-0.000228865,0.000278815,0.001394073
8/25/2017 7:16,DOWN,1.17966,1.18004,1.1776,1.17769,-0.000653609,0.000355833,0.001779167
8/25/2017 10:19,UP,1.17764,1.1807,1.17733,1.18043,0.000313494,0.000443922,0.002219611
8/25/2017 14:10,UP,1.18038,1.18677,1.17856,1.1859,0.000919556,0.000808655,0.004043276
8/25/2017 19:03,UP,1.18588,1.19118,1.18442,1.19105,0.003094494,0.000969452,0.004847258
8/28/2017 12:15,DOWN,1.19097,1.196,1.19012,1.19237,-0.000327026,0.000523198,0.00261599
8/28/2017 15:02,UP,1.19238,1.19579,1.19221,1.19543,0.000493668,0.000498329,0.002491644
8/28/2017 21:57,UP,1.19541,1.19849,1.19518,1.19776,2.50E-05,0.000389351,0.001946757
8/29/2017 6:24,UP,1.1979,1.19902,1.19554,1.1988,0.000792773,0.000384147,0.001920735
8/29/2017 7:20,UP,1.19875,1.20331,1.19839,1.20291,0.000399112,0.00061864,0.003093201
8/29/2017 8:13,UP,1.20289,1.20706,1.20174,1.20622,0.000290205,0.000639733,0.003198664
8/29/2017 13:25,DOWN,1.20622,1.20668,1.20275,1.20317,-6.65E-05,0.000517327,0.002586634
8/29/2017 18:00,DOWN,1.20316,1.20384,1.19965,1.20016,-0.000458167,0.000482883,0.002414415
8/30/2017 6:04,DOWN,1.20016,1.2002,1.19464,1.19646,-0.000526415,0.000529032,0.002645159
8/30/2017 11:34,DOWN,1.19645,1.19692,1.19271,1.19294,-0.001348697,0.000572766,0.002863832
8/30/2017 18:17,DOWN,1.19294,1.19381,1.1891,1.18916,-0.000496026,0.00067421,0.003371048
8/31/2017 7:16,UP,1.18921,1.19037,1.18669,1.19011,0.000403405,0.000545553,0.002727767
8/31/2017 10:07,DOWN,1.19015,1.19059,1.1846,1.18525,-0.001576483,0.000788001,0.003940007
8/31/2017 14:27,UP,1.18531,1.18733,1.18229,1.18716,0.001129382,0.00068085,0.003404252
8/31/2017 20:25,UP,1.18713,1.19099,1.18628,1.19046,5.04E-05,0.000646082,0.003230411
9/1/2017 6:49,DOWN,1.19042,1.19234,1.18832,1.1885,-0.000815822,0.000489701,0.002448507
9/1/2017 10:02,UP,1.1885,1.19296,1.1879,1.19168,0.00174696,0.000615955,0.003079777
9/1/2017 13:11,DOWN,1.19173,1.19801,1.18936,1.19005,-0.001192516,0.001124986,0.005624931
9/1/2017 20:33,DOWN,1.19005,1.19063,1.18498,1.18606,-0.000446758,0.000732964,0.003664822
9/4/2017 6:04,UP,1.18599,1.1896,1.1852,1.18936,0.000563487,0.000532453,0.002662265
9/4/2017 15:53,UP,1.18938,1.19223,1.18821,1.19183,0.000394429,0.000514101,0.002570507
9/5/2017 7:46,DOWN,1.19188,1.192,1.18727,1.18734,-0.001977258,0.000636122,0.003180611
9/5/2017 14:39,UP,1.18737,1.1932,1.18682,1.19279,0.001787326,0.000887809,0.004439043
9/6/2017 7:55,UP,1.19275,1.19408,1.18949,1.19333,0.00074609,0.000569194,0.002845972
9/6/2017 19:10,DOWN,1.19332,1.19505,1.19079,1.19087,-0.00086454,0.000547411,0.002737055
9/7/2017 7:19,UP,1.19084,1.19417,1.19084,1.19367,0.000578216,0.000443735,0.002218673
9/7/2017 9:39,UP,1.19362,1.19754,1.19355,1.19732,0.000701813,0.000560968,0.00280484
9/7/2017 12:50,UP,1.19738,1.205,1.19363,1.205,0.004466391,0.001328219,0.006641095
9/8/2017 0:42,UP,1.20502,1.20594,1.1976,1.2034,0.000548597,0.000788394,0.003941972
9/8/2017 5:18,UP,1.2034,1.20923,1.20232,1.20846,0.000538019,0.000896595,0.004482973
9/8/2017 13:46,DOWN,1.20842,1.20928,1.20345,1.20421,-0.000373619,0.000702165,0.003510825
9/11/2017 7:05,DOWN,1.20413,1.20444,1.19941,1.19952,-0.001299675,0.000689486,0.003447431
9/11/2017 12:45,DOWN,1.19946,1.20298,1.19792,1.1983,-0.000775798,0.000593686,0.002968431
9/11/2017 19:46,DOWN,1.19834,1.19932,1.19493,1.1952,-0.000434979,0.000575999,0.002879995
9/12/2017 11:40,DOWN,1.19515,1.19818,1.19263,1.19289,-0.000410683,0.000629947,0.003149734
9/12/2017 16:01,UP,1.19288,1.19725,1.19265,1.19694,0.000651874,0.000672342,0.003361708
9/13/2017 13:37,DOWN,1.1969,1.19952,1.19474,1.19478,-0.000886799,0.000580221,0.002901107
9/13/2017 15:11,DOWN,1.19474,1.19551,1.19044,1.19061,-0.000755629,0.000695881,0.003479404
9/14/2017 5:58,DOWN,1.19066,1.19128,1.18658,1.18754,-2.53E-05,0.000501954,0.002509768
9/14/2017 9:27,UP,1.18751,1.191,1.18681,1.19008,6.72E-05,0.000422815,0.002114074
9/14/2017 17:47,UP,1.19009,1.19142,1.18379,1.19107,0.000940773,0.000946112,0.004730562
9/15/2017 9:16,UP,1.19114,1.1948,1.19008,1.19453,0.000770474,0.000624136,0.003120678
9/15/2017 12:31,UP,1.19454,1.19882,1.19349,1.19804,0.001018849,0.000630908,0.003154541
9/15/2017 17:14,DOWN,1.1979,1.19866,1.19324,1.19325,-0.001975838,0.000734073,0.003670367
9/18/2017 11:02,UP,1.19328,1.19614,1.1915,1.19602,0.001087529,0.000654432,0.00327216
9/19/2017 1:02,UP,1.19603,1.19696,1.19222,1.19661,0.000300895,0.000562969,0.002814843
9/19/2017 7:03,UP,1.19662,1.20059,1.19621,1.20019,0.000516718,0.000541273,0.002706365
9/20/2017 1:48,UP,1.20024,1.20185,1.19539,1.2016,0.001907611,0.000709008,0.003545039
9/20/2017 18:15,DOWN,1.20157,1.20336,1.19273,1.1939,-0.000778656,0.001231226,0.006156132
9/21/2017 0:11,DOWN,1.19389,1.19391,1.18612,1.18696,-0.000901056,0.001071003,0.005355016
9/21/2017 8:53,UP,1.18692,1.19149,1.18656,1.19142,0.000243437,0.000693682,0.00346841
9/21/2017 15:20,UP,1.19145,1.1939,1.18907,1.19359,0.001207173,0.000634234,0.003171168
9/22/2017 5:43,UP,1.19359,1.19672,1.19279,1.19624,0.000250817,0.000464035,0.002320176
9/22/2017 9:58,UP,1.19621,1.20028,1.19576,1.19921,0.000233514,0.000484863,0.002424313
9/22/2017 16:09,DOWN,1.19926,1.20045,1.19523,1.19556,-0.000902935,0.00053854,0.002692701
9/25/2017 6:13,DOWN,1.19538,1.19769,1.19177,1.19249,-7.55E-05,0.000500404,0.00250202
9/25/2017 9:49,DOWN,1.19247,1.19266,1.18801,1.18837,-0.000967244,0.000555325,0.002776627
9/25/2017 15:35,DOWN,1.1884,1.18902,1.18531,1.1855,-0.000227726,0.000509032,0.002545158
9/26/2017 7:21,DOWN,1.18545,1.18617,1.18215,1.18265,-0.001427974,0.000540327,0.002701633
9/26/2017 10:33,DOWN,1.18264,1.18426,1.17903,1.17925,-0.000678167,0.000669034,0.003345168
9/26/2017 18:05,UP,1.17921,1.18106,1.17577,1.18087,0.000872619,0.00063171,0.003158551
9/27/2017 5:19,DOWN,1.18084,1.18093,1.17723,1.17753,-0.000526387,0.000535971,0.002679855
9/27/2017 8:29,DOWN,1.1775,1.17797,1.17348,1.17358,-0.001481545,0.000613439,0.003067193
9/27/2017 14:03,DOWN,1.1736,1.17571,1.17171,1.17222,-0.000290006,0.000535715,0.002678577
9/27/2017 16:30,UP,1.17223,1.17769,1.17213,1.17682,0.001190355,0.000639848,0.00319924
9/28/2017 1:47,DOWN,1.17681,1.17727,1.17334,1.17338,-0.001005137,0.000561948,0.002809741
9/28/2017 8:17,UP,1.17334,1.17724,1.17211,1.17671,0.001241518,0.000749897,0.003749485
9/28/2017 13:59,UP,1.17673,1.17956,1.17508,1.17954,0.00045791,0.000598842,0.00299421
9/29/2017 6:02,DOWN,1.17948,1.18043,1.17727,1.17734,-0.000365163,0.000424727,0.002123635
9/29/2017 7:35,UP,1.17735,1.1809,1.17725,1.18034,0.000771262,0.000486541,0.002432703
9/29/2017 12:42,UP,1.18035,1.18296,1.17886,1.18248,0.000456772,0.00053479,0.002673949
10/2/2017 0:57,DOWN,1.18249,1.18326,1.1791,1.17918,-0.000593457,0.000568219,0.002841097
10/2/2017 7:20,DOWN,1.17913,1.1792,1.17487,1.17504,-0.001071729,0.000579352,0.002896758
10/3/2017 0:57,DOWN,1.17502,1.17634,1.17204,1.17214,-0.000963584,0.000549322,0.002746611
10/3/2017 7:30,UP,1.17211,1.17395,1.16963,1.17362,0.000673358,0.000497499,0.002487497
10/3/2017 14:13,UP,1.17366,1.17738,1.17315,1.1767,0.000858701,0.000529116,0.002645578
10/3/2017 18:34,DOWN,1.1767,1.17683,1.17393,1.17393,-0.000545029,0.000468844,0.002344219
10/4/2017 0:56,UP,1.17397,1.178,1.17351,1.17731,0.000832753,0.000587069,0.002935345
10/4/2017 21:48,DOWN,1.17731,1.17892,1.17464,1.17571,-0.000144583,0.000380244,0.001901218
10/5/2017 7:26,UP,1.17574,1.1779,1.17479,1.17766,0.000450146,0.000445032,0.002225159
10/5/2017 11:09,DOWN,1.1777,1.17775,1.17407,1.1742,-0.000766186,0.000483082,0.002415409
10/5/2017 15:12,DOWN,1.1742,1.17495,1.17075,1.17103,-0.000443955,0.000572441,0.002862206
10/6/2017 14:58,UP,1.17104,1.1739,1.16694,1.17369,0.000775633,0.0009836,0.004918002
10/9/2017 16:24,UP,1.17365,1.1756,1.17187,1.17543,0.000876659,0.000515231,0.002576157
10/10/2017 1:40,UP,1.17547,1.17779,1.17387,1.17779,0.001367902,0.000591975,0.002959876
10/10/2017 13:50,UP,1.17783,1.18071,1.17623,1.18001,0.000601871,0.000520657,0.002603286
10/11/2017 6:29,UP,1.18009,1.18344,1.17951,1.18296,0.000871077,0.000514211,0.002571056
10/11/2017 13:00,UP,1.18297,1.18468,1.18014,1.18438,0.000430698,0.000565726,0.002828631
10/12/2017 0:13,UP,1.18434,1.18699,1.18369,1.18687,0.000404507,0.00047193,0.002359651
10/12/2017 12:36,DOWN,1.18689,1.18799,1.18417,1.18438,-0.000776476,0.000488642,0.002443211
10/13/2017 7:16,DOWN,1.18438,1.18521,1.18178,1.18212,-0.000524344,0.000437008,0.002185039
10/13/2017 13:21,UP,1.18215,1.18743,1.18053,1.18717,0.000952297,0.000949392,0.00474696
10/13/2017 17:13,DOWN,1.18716,1.18751,1.18201,1.18215,-0.001158234,0.000771159,0.003855793
10/16/2017 7:03,DOWN,1.18215,1.18269,1.17805,1.17837,-0.000873707,0.000585436,0.00292718
10/16/2017 11:30,UP,1.17842,1.18147,1.17838,1.18121,0.000491143,0.00047862,0.002393099
10/16/2017 19:05,DOWN,1.1812,1.18189,1.17857,1.17873,-0.000517372,0.000501959,0.002509797
10/17/2017 5:58,DOWN,1.17872,1.18008,1.17666,1.17698,-0.000586074,0.000412251,0.002061254
10/17/2017 13:49,DOWN,1.17702,1.17753,1.1743,1.17437,-0.000297988,0.000422492,0.002112458
10/17/2017 18:29,UP,1.17434,1.17751,1.17361,1.17741,0.000764682,0.000457359,0.002286795
10/18/2017 9:10,DOWN,1.17744,1.17809,1.17309,1.1738,-0.000826035,0.00049913,0.00249565
10/18/2017 13:06,UP,1.17379,1.177,1.17301,1.17666,0.000297496,0.00047338,0.002366901
10/18/2017 18:29,UP,1.17662,1.18012,1.17599,1.17989,0.000924242,0.000523444,0.002617221
10/19/2017 8:23,DOWN,1.17988,1.18225,1.1768,1.1782,-0.001255365,0.00056646,0.0028323
10/19/2017 10:25,UP,1.17824,1.18368,1.17765,1.1831,0.001336367,0.000644252,0.00322126
10/20/2017 2:02,DOWN,1.18309,1.18583,1.18159,1.18227,-0.000752506,0.000508208,0.002541039
10/20/2017 13:37,DOWN,1.18221,1.18266,1.17857,1.17897,-0.000686804,0.000488756,0.00244378
10/22/2017 23:36,DOWN,1.17896,1.17994,1.17572,1.1758,-0.000527162,0.000581383,0.002906917
10/23/2017 8:32,DOWN,1.17585,1.17776,1.17402,1.17457,-0.000221333,0.00046209,0.002310451
10/23/2017 18:18,DOWN,1.17452,1.17637,1.1725,1.17319,-0.000443138,0.000453124,0.002265622
10/24/2017 0:22,UP,1.17322,1.17571,1.17299,1.17556,0.000212687,0.000400764,0.00200382
10/24/2017 14:16,UP,1.17555,1.17761,1.17427,1.17741,0.001147242,0.000481339,0.002406694
10/25/2017 0:14,DOWN,1.17745,1.17932,1.17562,1.17587,-0.000399624,0.000495609,0.002478043
10/25/2017 11:01,UP,1.1758,1.1782,1.17529,1.17778,0.000118875,0.000358578,0.001792888
10/25/2017 14:17,UP,1.17774,1.18149,1.17696,1.18113,0.001974635,0.000651967,0.003259837
10/26/2017 1:37,UP,1.18114,1.18294,1.17999,1.18282,0.000778105,0.0003824,0.001911999
10/26/2017 9:20,DOWN,1.18286,1.18369,1.18036,1.18052,-0.000584317,0.000381041,0.001905206
10/26/2017 11:53,DOWN,1.18049,1.18183,1.17594,1.1769,-0.000526669,0.000803726,0.004018628
10/26/2017 13:54,DOWN,1.17687,1.17857,1.17068,1.17172,-0.000665467,0.001072869,0.005364343
10/26/2017 17:18,DOWN,1.17176,1.17258,1.16749,1.16765,-0.000385315,0.000804049,0.004020247
10/26/2017 23:23,DOWN,1.16761,1.16826,1.16315,1.1634,-0.000704582,0.000667157,0.003335783
10/27/2017 11:54,DOWN,1.16341,1.16441,1.16062,1.16067,-0.000628749,0.000515571,0.002577855
10/27/2017 15:37,DOWN,1.16067,1.16244,1.15744,1.15762,-0.000440462,0.000622821,0.003114107
10/30/2017 1:13,UP,1.15756,1.16121,1.15745,1.16056,0.000275767,0.000482411,0.002412056
10/30/2017 8:31,UP,1.16056,1.16338,1.16002,1.16331,0.000533104,0.00043995,0.002199751
10/30/2017 13:05,DOWN,1.16334,1.16421,1.16049,1.16069,-0.00148078,0.000533289,0.002666445
10/30/2017 16:47,UP,1.1607,1.16443,1.16035,1.16442,0.001160048,0.000535157,0.002675783
10/31/2017 5:12,DOWN,1.16443,1.1658,1.1625,1.16283,-0.000369719,0.000443231,0.002216155
11/1/2017 1:48,DOWN,1.16277,1.16614,1.1625,1.16332,-0.00036097,0.000416517,0.002082586
11/1/2017 12:26,DOWN,1.16336,1.16574,1.16143,1.16176,-0.001711453,0.00055535,0.002776749
11/2/2017 1:37,UP,1.16173,1.16523,1.16062,1.16504,0.000815755,0.000579336,0.00289668
11/2/2017 12:15,UP,1.165,1.16719,1.16258,1.1664,0.000909192,0.000503768,0.002518839
11/2/2017 14:14,UP,1.16636,1.16875,1.16352,1.16847,0.001318832,0.00065014,0.0032507
11/2/2017 21:42,DOWN,1.16845,1.16875,1.16479,1.16553,-0.000334556,0.000484717,0.002423587
11/3/2017 11:30,DOWN,1.16561,1.16679,1.16398,1.16419,-0.000292006,0.000412306,0.00206153
11/3/2017 12:35,UP,1.16418,1.16955,1.16388,1.16847,0.002030353,0.000664727,0.003323635
11/3/2017 13:54,DOWN,1.16855,1.16907,1.16416,1.16435,-0.000352066,0.000653277,0.003266385
11/3/2017 16:43,DOWN,1.16435,1.16462,1.16002,1.16002,-0.001068376,0.000607971,0.003039855
11/6/2017 12:22,DOWN,1.16002,1.16243,1.15881,1.159,-0.00031919,0.000548482,0.002742411
11/6/2017 17:54,UP,1.15903,1.16139,1.15801,1.16111,0.000404867,0.000447579,0.002237896
11/7/2017 7:40,DOWN,1.16113,1.16163,1.15866,1.15883,-0.000853945,0.000414142,0.002070711
11/7/2017 10:07,DOWN,1.15878,1.15941,1.15596,1.15622,-0.000899079,0.00045517,0.002275849
11/7/2017 20:00,UP,1.15623,1.15905,1.15541,1.15867,0.00022442,0.000477094,0.002385469
11/9/2017 6:41,UP,1.15864,1.16114,1.15793,1.16049,7.76E-05,0.000339361,0.001696804
11/9/2017 11:24,UP,1.16052,1.16249,1.15897,1.16226,0.001110523,0.000440977,0.002204887
11/9/2017 13:49,DOWN,1.16231,1.16445,1.16035,1.16058,-0.001214172,0.000550943,0.002754713
11/9/2017 16:26,UP,1.16062,1.16416,1.16003,1.16412,0.000739028,0.000559227,0.002796134
11/10/2017 8:08,DOWN,1.16417,1.1655,1.16229,1.16235,-0.001177953,0.0004589,0.002294501
11/10/2017 10:00,UP,1.16235,1.16623,1.16231,1.16577,0.000849585,0.000575339,0.002876697
11/10/2017 15:31,UP,1.1658,1.16781,1.16382,1.16752,0.000531181,0.000557614,0.002788069
11/13/2017 7:49,DOWN,1.16749,1.16758,1.16413,1.16436,-0.000429328,0.000455302,0.002276511
11/13/2017 13:38,UP,1.16434,1.16753,1.16373,1.16679,0.000171425,0.000454606,0.002273031
11/14/2017 5:58,UP,1.16674,1.16767,1.16549,1.16748,0.00012849,0.000301116,0.001505581
11/14/2017 7:44,UP,1.16749,1.16958,1.16647,1.16942,0.000658663,0.000431204,0.002156018
11/14/2017 9:59,UP,1.16943,1.17201,1.16849,1.17187,0.000290177,0.000480734,0.002403671
11/14/2017 13:14,UP,1.17186,1.17472,1.17128,1.17443,8.51E-06,0.000481684,0.002408422
11/14/2017 16:36,UP,1.17442,1.17741,1.17387,1.17722,0.001096403,0.000513963,0.002569814
11/14/2017 18:15,UP,1.17721,1.18051,1.1762,1.18016,0.001025811,0.000590319,0.002951594
11/15/2017 8:03,UP,1.18018,1.18201,1.17847,1.18186,0.001083626,0.000489843,0.002449215
11/15/2017 13:33,UP,1.18186,1.1861,1.18121,1.1859,0.001865302,0.000673774,0.003368872
11/15/2017 14:28,DOWN,1.18588,1.18599,1.18197,1.18201,-0.000245315,0.000654653,0.003273263
11/15/2017 19:40,DOWN,1.18197,1.1829,1.17898,1.17977,-0.000271203,0.000426125,0.002130624
11/16/2017 11:10,DOWN,1.17978,1.18011,1.17639,1.17665,-0.0006372,0.00051454,0.002572698
11/17/2017 1:25,UP,1.17666,1.17962,1.17565,1.17961,0.000822644,0.000497706,0.002488532
11/17/2017 8:04,DOWN,1.17962,1.1822,1.17847,1.17878,-0.000483434,0.000519228,0.002596141
11/17/2017 16:04,DOWN,1.17877,1.18127,1.17738,1.17819,-3.39E-05,0.000409899,0.002049494
11/19/2017 23:07,DOWN,1.17819,1.18063,1.17598,1.17598,-0.001902982,0.000659344,0.003296721
11/20/2017 8:12,UP,1.17607,1.1765,1.17222,1.17638,0.000833411,0.00063318,0.003165899
11/20/2017 13:58,DOWN,1.17639,1.18087,1.17624,1.17678,-0.000118962,0.000539904,0.002699522
11/20/2017 16:41,DOWN,1.17678,1.17757,1.17319,1.17363,-0.001362363,0.000597602,0.002988009
11/21/2017 13:03,DOWN,1.1736,1.17579,1.17138,1.17175,-0.000673978,0.000592442,0.002962209
11/21/2017 18:18,UP,1.17175,1.17521,1.17131,1.17486,0.000544894,0.000502723,0.002513614
11/22/2017 7:49,UP,1.17491,1.17615,1.17322,1.17606,0.000340177,0.000399097,0.001995487
11/22/2017 12:37,DOWN,1.1761,1.17732,1.17354,1.17429,-0.000366112,0.000360481,0.001802404
11/22/2017 14:35,UP,1.17433,1.17746,1.17377,1.17725,0.001045354,0.000436467,0.002182337
11/22/2017 19:01,UP,1.1773,1.18052,1.17695,1.1805,0.000779635,0.00048082,0.002404102
11/23/2017 4:35,UP,1.18051,1.18383,1.17952,1.1836,0.000261947,0.0004973,0.002486501
11/23/2017 15:55,UP,1.18359,1.18561,1.18237,1.18518,0.000253158,0.000390791,0.001953956
11/24/2017 9:19,UP,1.18518,1.18749,1.18367,1.1865,4.21E-05,0.000420367,0.002101835
11/24/2017 13:54,UP,1.1865,1.18982,1.18552,1.18972,0.001345759,0.000513101,0.002565506
11/24/2017 15:52,UP,1.18976,1.19297,1.18946,1.19274,0.000310258,0.000475107,0.002375536
11/27/2017 1:01,DOWN,1.19279,1.19445,1.19128,1.19151,-0.000629255,0.000415484,0.002077421
11/27/2017 8:17,UP,1.19151,1.19474,1.19118,1.19455,0.001189439,0.000505293,0.002526467
11/27/2017 13:42,UP,1.19456,1.19573,1.19206,1.19521,0.000351464,0.000417049,0.002085243
11/27/2017 15:08,DOWN,1.19515,1.19614,1.19298,1.19305,-0.000594936,0.000440231,0.002201157
11/27/2017 17:48,DOWN,1.1931,1.19328,1.18979,1.19021,-0.000361216,0.000440398,0.002201992
11/28/2017 10:33,DOWN,1.19022,1.19201,1.18801,1.18828,-0.000151468,0.000482953,0.002414764
11/28/2017 15:24,DOWN,1.18829,1.19006,1.18662,1.18699,-0.000623231,0.000489971,0.002449857
11/28/2017 19:12,DOWN,1.18701,1.18887,1.18525,1.18546,-0.000286767,0.000452331,0.002261656
11/29/2017 6:34,UP,1.18549,1.18601,1.18268,1.18582,0.000514544,0.00036879,0.001843951
11/29/2017 11:03,DOWN,1.18581,1.18831,1.18438,1.18461,-0.000666664,0.000480895,0.002404475
11/29/2017 15:40,UP,1.18465,1.18548,1.18173,1.18512,0.000126577,0.000518813,0.002594063
11/30/2017 9:08,DOWN,1.18513,1.1876,1.18326,1.18326,-0.000929203,0.000528993,0.002644967
11/30/2017 12:41,UP,1.1833,1.18499,1.18091,1.18485,0.000396753,0.000548351,0.002741757
11/30/2017 14:32,UP,1.18487,1.18829,1.18407,1.18819,0.001237942,0.000647078,0.003235392
11/30/2017 15:34,UP,1.18823,1.19257,1.18823,1.19246,0.001057198,0.000680625,0.003403126
11/30/2017 17:36,DOWN,1.19246,1.19317,1.18853,1.18876,-0.000277562,0.000581622,0.002908111
12/1/2017 4:49,UP,1.18872,1.1916,1.1886,1.19132,0.000184686,0.000396281,0.001981404
12/1/2017 9:55,DOWN,1.19131,1.19406,1.19006,1.19026,-0.000764247,0.000468508,0.002342538
12/1/2017 13:38,DOWN,1.19025,1.19114,1.18633,1.18711,-0.001018763,0.000548801,0.002744004
12/1/2017 16:13,UP,1.18713,1.19071,1.18507,1.1899,0.001656973,0.000687986,0.003439931
12/1/2017 18:45,DOWN,1.18988,1.19348,1.18861,1.18924,-0.000319481,0.000676653,0.003383263
12/4/2017 7:15,DOWN,1.18925,1.19007,1.18431,1.18461,-0.001653186,0.000710966,0.003554829
12/4/2017 14:22,DOWN,1.18457,1.18788,1.18338,1.18394,-0.000168913,0.000564554,0.00282277
12/4/2017 22:05,UP,1.18395,1.18687,1.1829,1.18632,5.06E-05,0.00044002,0.002200098
12/5/2017 9:10,DOWN,1.18632,1.18769,1.18446,1.18454,-0.000312309,0.000442451,0.002212256
12/5/2017 13:31,DOWN,1.18455,1.18742,1.18389,1.18436,-0.000160411,0.000458772,0.002293858
12/5/2017 17:35,DOWN,1.18441,1.18457,1.18076,1.18138,-0.000558513,0.000503329,0.002516646
12/6/2017 1:59,UP,1.18137,1.18315,1.18006,1.18268,0,0.000381788,0.001908939
12/6/2017 8:30,DOWN,1.18272,1.18483,1.18133,1.18136,-0.001319641,0.000507198,0.002535992
12/6/2017 14:17,DOWN,1.18133,1.18336,1.17963,1.18001,-5.93E-05,0.000470635,0.002353175
12/7/2017 10:34,DOWN,1.18001,1.18089,1.17798,1.17801,-0.000941823,0.00042488,0.002124401
12/7/2017 18:20,UP,1.178,1.18059,1.1776,1.1804,0.000584719,0.000460267,0.002301333
12/7/2017 20:00,DOWN,1.18044,1.18151,1.17728,1.17752,-0.00032266,0.000470222,0.002351109
12/8/2017 6:44,DOWN,1.17749,1.1781,1.17545,1.17551,-0.000212651,0.000382244,0.001911219
12/8/2017 12:18,DOWN,1.17547,1.17569,1.17318,1.17327,-0.00034939,0.000359601,0.001798005
12/8/2017 14:05,UP,1.17322,1.17694,1.17301,1.1768,0.000339963,0.000586847,0.002934234
12/11/2017 1:57,UP,1.17676,1.17781,1.17466,1.17772,0.000110389,0.0004495,0.002247498
12/11/2017 15:06,UP,1.17776,1.18095,1.17751,1.18071,0.001169472,0.000494788,0.002473942
12/11/2017 20:58,DOWN,1.18075,1.1812,1.17715,1.17717,-0.001205556,0.000525042,0.002625211
12/12/2017 13:34,DOWN,1.17721,1.1793,1.17562,1.17567,-0.000816222,0.000480729,0.002403645
12/12/2017 16:18,DOWN,1.17567,1.17585,1.17216,1.17242,-0.000392274,0.000516403,0.002582014
12/12/2017 21:22,UP,1.17245,1.1749,1.17174,1.17486,0.00051083,0.000468721,0.002343607
12/13/2017 13:45,UP,1.17482,1.17649,1.17293,1.17645,0.000416594,0.000541722,0.002708612
12/13/2017 19:11,UP,1.17647,1.17975,1.17475,1.17936,0.001230237,0.00057131,0.002856548
12/13/2017 21:00,UP,1.17937,1.18261,1.17814,1.18228,0.000473773,0.00058911,0.002945549
12/14/2017 14:29,DOWN,1.18233,1.18628,1.18,1.18063,-0.001328915,0.000770368,0.003851841
12/14/2017 22:26,DOWN,1.18063,1.18143,1.17707,1.17754,-0.000271716,0.000513651,0.002568257
12/15/2017 9:50,UP,1.17747,1.17988,1.17645,1.17972,0.000754701,0.000494523,0.002472616
12/15/2017 14:46,DOWN,1.1797,1.18125,1.17722,1.17744,-0.001061062,0.000486281,0.002431403
12/15/2017 20:56,DOWN,1.17743,1.17831,1.17505,1.17551,-0.000331716,0.000442703,0.002213513
12/18/2017 6:28,UP,1.17546,1.17717,1.17379,1.17698,0.000645929,0.000417716,0.002088581
12/18/2017 9:39,UP,1.17698,1.1795,1.17616,1.17942,0.000534304,0.000425671,0.002128354
12/18/2017 14:56,UP,1.17942,1.18093,1.1784,1.18083,0.000127037,0.00036102,0.001805098
12/18/2017 17:26,DOWN,1.18085,1.18346,1.17966,1.17996,-0.000262686,0.000528911,0.002644557
12/19/2017 8:01,UP,1.17994,1.18075,1.17754,1.18051,0.000567712,0.000432125,0.002160625
12/19/2017 13:04,UP,1.18054,1.18292,1.17911,1.18225,0.000533024,0.000419811,0.002099054
12/19/2017 18:16,UP,1.18227,1.18413,1.18047,1.18408,0.000827989,0.000494268,0.00247134
12/20/2017 15:09,UP,1.18409,1.187,1.18289,1.18676,0.000598447,0.000458323,0.002291616
12/21/2017 3:48,DOWN,1.18684,1.19019,1.18643,1.18669,-0.000648653,0.00041471,0.00207355
12/21/2017 10:26,UP,1.18674,1.18898,1.1863,1.18859,0.00053018,0.000341156,0.001705781
12/21/2017 12:25,DOWN,1.18855,1.18876,1.18577,1.18605,-0.000665855,0.000412673,0.002063364
12/22/2017 0:17,DOWN,1.18599,1.18792,1.18169,1.18245,-0.002263916,0.000775606,0.003878031
12/22/2017 9:24,UP,1.18245,1.18614,1.18232,1.18595,0.000489179,0.000560576,0.002802879
12/22/2017 15:34,DOWN,1.18595,1.18622,1.18283,1.18316,-0.000675927,0.000410033,0.002050165
12/22/2017 20:34,UP,1.18312,1.1858,1.18288,1.18576,0.000598951,0.000403465,0.002017326
12/26/2017 13:09,DOWN,1.1857,1.18759,1.18465,1.185,-0.000194074,0.000347951,0.001739754
12/27/2017 4:48,UP,1.18505,1.18793,1.185,1.18754,0.000977287,0.000401292,0.002006458
12/27/2017 11:02,UP,1.1875,1.18935,1.18644,1.18924,0.00052989,0.000390891,0.001954455
12/27/2017 15:51,UP,1.1892,1.19105,1.18804,1.19081,0.000302361,0.000364538,0.00182269
12/28/2017 3:43,UP,1.19078,1.19111,1.18845,1.19109,0.000209914,0.000347322,0.001736612
12/28/2017 7:29,UP,1.19109,1.1935,1.19094,1.19329,1.68E-05,0.000359241,0.001796203
12/28/2017 14:37,UP,1.19325,1.19493,1.19233,1.19487,0.000150655,0.000330023,0.001650114
12/28/2017 18:33,UP,1.19487,1.19583,1.19364,1.19573,0.000250924,0.000330223,0.001651113
12/29/2017 8:33,UP,1.19575,1.19667,1.1936,1.19652,0.000535028,0.000376389,0.001881946
12/29/2017 12:23,UP,1.19649,1.19926,1.19644,1.19917,0.000325278,0.000375597,0.001877987
12/29/2017 16:18,UP,1.19913,1.2014,1.19825,1.20124,0.000782831,0.000367273,0.001836366
12/29/2017 21:07,DOWN,1.20128,1.20257,1.19974,1.20021,-1.00E-04,0.000330267,0.001651336
1/2/2018 1:14,UP,1.20025,1.20232,1.19909,1.20223,0.000815484,0.000381055,0.001905276
1/2/2018 7:47,UP,1.20224,1.20385,1.20078,1.20358,0.000490324,0.000344694,0.00172347
1/2/2018 9:54,UP,1.20363,1.20657,1.20323,1.20616,0.000771339,0.000383247,0.001916235
1/2/2018 14:18,DOWN,1.20619,1.20814,1.20461,1.20506,-0.000373356,0.000410351,0.002051754
1/2/2018 16:54,UP,1.20501,1.20592,1.2026,1.20555,0.000672118,0.000464661,0.002323304
1/3/2018 7:58,DOWN,1.20554,1.20664,1.20345,1.20373,3.32E-05,0.000430585,0.002152927
1/3/2018 11:26,DOWN,1.20373,1.20438,1.20108,1.20131,-0.000249696,0.00045181,0.002259048
1/4/2018 0:54,DOWN,1.20136,1.20349,1.20011,1.20054,-8.33E-06,0.000434817,0.002174084
1/4/2018 6:45,UP,1.20059,1.20383,1.20048,1.2032,0.000340816,0.000412919,0.002064594
1/4/2018 11:09,UP,1.2032,1.2056,1.20215,1.20557,0.000273767,0.00046603,0.002330152
1/4/2018 15:14,UP,1.2056,1.20881,1.20467,1.20875,0.00072829,0.000528447,0.002642236
1/5/2018 6:51,DOWN,1.20881,1.2089,1.20608,1.2063,-0.000646396,0.000388564,0.00194282
1/5/2018 12:59,DOWN,1.20634,1.20673,1.20415,1.20475,-7.47E-05,0.000316237,0.001581185
1/5/2018 14:31,DOWN,1.20476,1.20832,1.20249,1.20273,-0.000556911,0.000820921,0.004104606
1/8/2018 6:59,DOWN,1.2028,1.20526,1.2012,1.20132,-0.000690668,0.000538206,0.00269103
1/8/2018 12:47,DOWN,1.2013,1.20148,1.19739,1.19743,-0.000943243,0.000559598,0.002797991
1/9/2018 8:03,DOWN,1.19743,1.19822,1.19451,1.19462,-0.000535592,0.000471975,0.002359874
1/9/2018 13:43,DOWN,1.19453,1.19494,1.19156,1.19199,-0.000444536,0.000391155,0.001955773
1/10/2018 1:16,UP,1.19204,1.19425,1.19165,1.19396,0.000284807,0.000353218,0.001766091
1/10/2018 6:33,DOWN,1.194,1.19496,1.19259,1.19262,-0.000570011,0.000359495,0.001797474
1/10/2018 8:25,UP,1.19259,1.19551,1.1923,1.19511,0.000577519,0.000374073,0.001870363
1/10/2018 10:44,UP,1.19515,1.19912,1.19315,1.19882,0.001811754,0.000774887,0.003874437
1/10/2018 16:11,DOWN,1.19889,1.20182,1.19729,1.19743,-0.000584415,0.000589267,0.002946337
1/11/2018 4:25,DOWN,1.19748,1.19769,1.19404,1.19446,-0.000845213,0.000491328,0.002456638
1/11/2018 12:35,UP,1.19446,1.19913,1.19293,1.19855,0.000943251,0.000728701,0.003643503
1/11/2018 14:04,UP,1.1985,1.20443,1.1981,1.2037,0.000723033,0.000763844,0.003819221
1/12/2018 7:42,UP,1.20377,1.20757,1.20276,1.20743,0.001475293,0.000556912,0.00278456
1/12/2018 8:43,UP,1.20743,1.21164,1.20521,1.21135,0.002471372,0.000879214,0.004396069
1/12/2018 13:34,UP,1.21138,1.21488,1.21034,1.21424,0.000107069,0.000535948,0.002679742
1/12/2018 18:40,UP,1.21424,1.21636,1.21115,1.21551,0.000493742,0.00057374,0.002868699
1/12/2018 21:03,UP,1.21553,1.21902,1.21533,1.21897,0.000697553,0.000548936,0.002744681
1/15/2018 8:59,UP,1.219,1.22404,1.21873,1.22306,0.001038919,0.000628727,0.003143637
1/15/2018 10:26,UP,1.22305,1.22826,1.22287,1.22794,0.000896211,0.000665264,0.003326319
1/16/2018 1:06,DOWN,1.22789,1.22968,1.22514,1.22567,-0.000579107,0.000523916,0.002619578
1/16/2018 9:23,DOWN,1.22567,1.22834,1.22157,1.22276,-0.000555964,0.000792459,0.003962293
1/16/2018 17:00,UP,1.22279,1.22475,1.21951,1.22424,0.000645507,0.000604087,0.003020435
1/16/2018 19:24,UP,1.22425,1.22805,1.2233,1.22796,0.001124447,0.000647843,0.003239216
1/17/2018 0:51,UP,1.22792,1.23234,1.22539,1.23107,0.001512023,0.000751994,0.003759971
1/17/2018 3:16,DOWN,1.23108,1.23202,1.22591,1.22692,-0.0001141,0.000656709,0.003283544
1/17/2018 6:55,DOWN,1.22691,1.22757,1.22149,1.22194,-0.002011168,0.000746313,0.003731566
1/17/2018 13:03,DOWN,1.22188,1.225,1.22012,1.22078,-0.000352172,0.000598317,0.002991583
1/17/2018 15:26,UP,1.22079,1.22327,1.21962,1.22306,0.000269851,0.000480855,0.002404277
1/17/2018 18:21,UP,1.22308,1.22685,1.22256,1.2265,0.001125786,0.000530896,0.002654481
1/17/2018 20:01,DOWN,1.22646,1.22881,1.22251,1.22287,-0.001642325,0.000670387,0.003351937
1/17/2018 22:48,DOWN,1.22284,1.22321,1.21712,1.21715,-0.001510587,0.000721297,0.003606485
1/18/2018 8:10,UP,1.21714,1.22169,1.21651,1.221,0.000352232,0.000598558,0.00299279
1/18/2018 11:19,UP,1.22105,1.2238,1.21959,1.22347,0.000343345,0.000523701,0.002618503
1/19/2018 3:36,UP,1.22348,1.22704,1.22197,1.22689,0.001100949,0.000677346,0.003386729
1/19/2018 13:51,DOWN,1.22688,1.22956,1.22474,1.22505,-0.00053045,0.000489448,0.002447238
1/19/2018 21:00,DOWN,1.22509,1.22575,1.22186,1.22201,-0.000817989,0.000487252,0.00243626
1/22/2018 4:17,DOWN,1.22205,1.22674,1.22149,1.22176,-0.001006238,0.000638927,0.003194633
1/22/2018 9:13,UP,1.22176,1.2254,1.22138,1.2254,0.000873566,0.000545492,0.002727458
1/22/2018 17:08,DOWN,1.22541,1.22673,1.22241,1.22241,-0.000973013,0.000539498,0.002697488
1/22/2018 19:44,UP,1.22246,1.22583,1.2224,1.22578,0.00060388,0.000532771,0.002663855
1/23/2018 7:10,DOWN,1.22578,1.22761,1.22385,1.22426,-0.000800163,0.000473762,0.002368812
1/23/2018 13:41,UP,1.22419,1.22643,1.2223,1.22636,0.000758629,0.000528647,0.002643236
1/23/2018 15:35,UP,1.2263,1.22962,1.2251,1.22949,0.00044744,0.000599731,0.002998656
1/24/2018 2:25,UP,1.22949,1.23153,1.22706,1.23083,0.000349419,0.000513998,0.002569988
1/24/2018 9:22,UP,1.23082,1.23562,1.2301,1.23554,0.001328237,0.000710724,0.003553619
1/24/2018 14:06,UP,1.23553,1.23769,1.23294,1.23754,0.001148096,0.000561007,0.002805035
1/24/2018 18:35,UP,1.23749,1.24119,1.23717,1.24081,3.22E-05,0.000529248,0.002646239
1/25/2018 2:53,UP,1.2408,1.24281,1.23845,1.24236,0.000450857,0.000509177,0.002545885
1/25/2018 6:17,UP,1.24234,1.24593,1.24199,1.24559,0.000642472,0.000522444,0.002612219
1/25/2018 7:14,DOWN,1.24555,1.24596,1.24103,1.24191,-0.000370329,0.000593266,0.002966331
1/25/2018 13:41,UP,1.24196,1.24739,1.23893,1.24689,0.003084414,0.000965872,0.00482936
1/25/2018 19:04,DOWN,1.24694,1.25379,1.24422,1.24544,-0.001853048,0.001029194,0.005145969
1/25/2018 19:52,DOWN,1.24547,1.24559,1.23638,1.23694,-0.000404142,0.001334235,0.006671175
1/26/2018 3:27,UP,1.23687,1.24334,1.23674,1.24269,0,0.000909826,0.004549132
1/26/2018 7:47,UP,1.24274,1.24859,1.24126,1.24849,0.001498932,0.000897069,0.004485346
1/26/2018 12:51,DOWN,1.24855,1.24938,1.24297,1.24357,-0.000530589,0.000743381,0.003716907
1/29/2018 1:22,DOWN,1.24352,1.24575,1.23974,1.24004,-0.001474671,0.000655483,0.003277413
1/29/2018 12:31,DOWN,1.24004,1.24292,1.23807,1.23831,-0.000613551,0.000581307,0.002906533
1/29/2018 14:36,DOWN,1.23831,1.23895,1.23509,1.23516,-0.000518017,0.000542777,0.002713884
1/29/2018 19:16,UP,1.23512,1.239,1.23368,1.23884,0.001284283,0.000626386,0.003131932
1/30/2018 7:06,DOWN,1.23884,1.23903,1.23468,1.2351,-0.000687967,0.000544056,0.002720278
1/30/2018 9:40,UP,1.23515,1.23953,1.23347,1.23916,0.000484316,0.000618328,0.003091642
1/30/2018 14:01,UP,1.23916,1.24498,1.23821,1.24498,0.001285988,0.000733965,0.003669826
1/30/2018 16:21,DOWN,1.24501,1.24542,1.2404,1.24051,-0.00099909,0.00071196,0.0035598
1/31/2018 3:31,UP,1.2405,1.24299,1.23838,1.24271,0.000273633,0.000619917,0.003099583
1/31/2018 7:51,UP,1.24266,1.24629,1.2415,1.24597,0.000561969,0.0005565,0.002782501
1/31/2018 15:31,UP,1.24596,1.24733,1.24253,1.24657,0.000746326,0.000567494,0.002837471
1/31/2018 17:04,DOWN,1.24658,1.24751,1.24237,1.24326,-0.00029756,0.000550691,0.002753453
2/1/2018 9:08,UP,1.24322,1.24501,1.23852,1.24501,0.001245746,0.00078078,0.003903901
2/1/2018 16:14,UP,1.24493,1.24847,1.24247,1.24847,0.001250311,0.000732255,0.003661273
2/1/2018 20:27,UP,1.24843,1.25227,1.24694,1.2518,0.0003116,0.000676347,0.003381733
2/2/2018 10:21,DOWN,1.25179,1.25216,1.24757,1.24811,-0.000144208,0.000576161,0.002880806
2/2/2018 13:51,DOWN,1.24816,1.24993,1.24502,1.24504,-0.000995456,0.000740149,0.003700743
2/2/2018 17:27,UP,1.24502,1.24733,1.24094,1.24693,0.001203679,0.000811164,0.004055818
2/4/2018 22:55,DOWN,1.24693,1.24909,1.24289,1.24308,-0.001800354,0.000857147,0.004285734
2/5/2018 9:10,UP,1.24308,1.24711,1.24244,1.24698,0.000184463,0.000623403,0.003117015
2/5/2018 14:02,DOWN,1.24698,1.24751,1.2423,1.24257,-0.001479707,0.000645089,0.003225447
2/5/2018 22:15,DOWN,1.24256,1.24301,1.23626,1.23764,-0.001130546,0.000669437,0.003347184
2/6/2018 7:22,UP,1.23765,1.24043,1.23508,1.23913,0.000500476,0.000525189,0.002625947
2/6/2018 12:02,DOWN,1.23909,1.24346,1.23674,1.237,-0.001857611,0.000849549,0.004247743
2/6/2018 15:35,DOWN,1.23701,1.23727,1.23138,1.23181,-0.000413939,0.000773055,0.003865273
2/6/2018 16:38,UP,1.23185,1.23727,1.23158,1.23711,0.001391305,0.000826534,0.00413267
2/7/2018 9:31,DOWN,1.2371,1.24061,1.23572,1.23584,-0.000833094,0.000580618,0.002903088
2/7/2018 15:36,DOWN,1.23588,1.23635,1.23028,1.23105,-0.000844451,0.000671259,0.003356294
2/7/2018 17:43,DOWN,1.2311,1.23153,1.2265,1.22665,-0.000888204,0.000647678,0.00323839
2/8/2018 8:58,DOWN,1.22665,1.2295,1.22355,1.224,-0.000277739,0.00072416,0.003620802
2/8/2018 14:02,UP,1.22405,1.22769,1.2212,1.22751,0.000741613,0.000749773,0.003748867
2/8/2018 21:01,DOWN,1.22751,1.22951,1.22322,1.22458,-0.00040822,0.000649727,0.003248637
2/9/2018 11:51,DOWN,1.22465,1.22872,1.22401,1.22416,-0.000196034,0.000585704,0.00292852
2/9/2018 16:50,DOWN,1.22423,1.22799,1.22272,1.22295,-0.000441458,0.000632544,0.003162719
2/9/2018 20:51,UP,1.22301,1.22435,1.22055,1.22435,0.000825268,0.0004994,0.002497
2/12/2018 1:11,UP,1.22437,1.22752,1.22326,1.22732,0.000864044,0.000524388,0.002621941
2/12/2018 12:30,DOWN,1.22733,1.22974,1.22584,1.22595,-0.00049745,0.000519422,0.002597111
2/12/2018 16:28,UP,1.22595,1.22801,1.2235,1.2276,0.000439979,0.000522551,0.002612754
2/12/2018 23:49,UP,1.22763,1.23077,1.22607,1.23008,0.00080515,0.000542082,0.002710412
2/13/2018 6:15,UP,1.23013,1.23203,1.22844,1.2318,0.00063342,0.000508814,0.002544069
2/13/2018 12:23,UP,1.23174,1.23562,1.23096,1.23533,0.000809828,0.000628721,0.003143606
2/14/2018 3:07,UP,1.23529,1.23868,1.23265,1.23803,0.001139555,0.000597591,0.002987956
2/14/2018 9:08,DOWN,1.2381,1.23927,1.23569,1.23582,-0.000760339,0.000504427,0.002522135
2/14/2018 15:55,UP,1.2358,1.24,1.22757,1.23932,0.001122212,0.001445198,0.007225991
2/14/2018 21:13,UP,1.2393,1.24652,1.23846,1.24611,0.001091992,0.001059748,0.005298742
2/15/2018 20:04,UP,1.2461,1.25105,1.24474,1.25034,0.000399971,0.000726355,0.003631777
2/16/2018 4:17,UP,1.25033,1.2549,1.24954,1.25429,0.000350858,0.000685727,0.003428633
2/16/2018 10:44,DOWN,1.25434,1.25555,1.24984,1.25037,-0.000303864,0.000639126,0.00319563
2/16/2018 13:36,DOWN,1.25039,1.25044,1.24517,1.24531,-0.001308055,0.000731435,0.003657176
2/16/2018 19:07,DOWN,1.24531,1.24639,1.23965,1.23971,-0.002883611,0.000956098,0.004780491
2/19/2018 14:14,DOWN,1.23966,1.24355,1.23701,1.23793,-0.000306917,0.000760345,0.003801725
2/20/2018 7:42,DOWN,1.23797,1.24158,1.23563,1.23633,-0.001374093,0.000634365,0.003171826
2/21/2018 4:51,DOWN,1.23639,1.23733,1.23196,1.23208,-0.000795087,0.000567075,0.002835376
2/21/2018 19:18,UP,1.23203,1.23602,1.23,1.23572,0.000720487,0.000735924,0.003679621
2/21/2018 20:09,DOWN,1.23568,1.23603,1.22868,1.22877,-0.001390668,0.001038224,0.005191118
2/22/2018 14:00,UP,1.22882,1.23151,1.22594,1.23133,0.001471037,0.000706879,0.003534394
2/23/2018 3:49,DOWN,1.23127,1.23524,1.23016,1.23044,-0.000617475,0.000639026,0.003195132
2/26/2018 5:44,UP,1.23049,1.23257,1.22797,1.23247,0.001104084,0.000597129,0.002985645
2/26/2018 14:00,DOWN,1.23243,1.23552,1.23043,1.23068,-0.001185633,0.000591401,0.002957007
2/27/2018 1:02,UP,1.23067,1.23371,1.22777,1.23349,0.001078823,0.000673524,0.003367622
2/27/2018 13:10,DOWN,1.23354,1.23466,1.23047,1.23061,-0.000966533,0.00057153,0.00285765
2/27/2018 15:08,DOWN,1.2306,1.23136,1.22476,1.22553,-0.001386194,0.000781246,0.00390623
2/28/2018 0:14,DOWN,1.22558,1.2271,1.2221,1.22289,-0.000564078,0.000652668,0.003263338
2/28/2018 15:13,DOWN,1.22296,1.22417,1.21938,1.21942,-0.001188383,0.000615987,0.003079935
3/1/2018 0:31,DOWN,1.21945,1.22225,1.21835,1.21861,-0.000393814,0.000506704,0.002533518
3/1/2018 12:26,DOWN,1.21862,1.22135,1.2172,1.21734,-0.001018096,0.000444916,0.002224582
3/1/2018 17:05,UP,1.21729,1.22223,1.21547,1.22137,-7.37E-05,0.000836757,0.004183786
3/1/2018 20:02,UP,1.22136,1.22724,1.21865,1.22696,0.002178481,0.000974239,0.004871193
3/2/2018 11:13,UP,1.22695,1.23221,1.22513,1.23221,0.002543383,0.000897569,0.004487844
3/4/2018 22:12,UP,1.23221,1.23533,1.2294,1.23516,0.002123436,0.000767677,0.003838384
3/5/2018 6:35,DOWN,1.23521,1.23653,1.22994,1.2304,-0.001145313,0.000761207,0.003806035
3/5/2018 16:19,UP,1.23037,1.23347,1.22687,1.23289,0.000567933,0.000715767,0.003578835
3/6/2018 11:24,UP,1.23289,1.23724,1.23216,1.23689,0.00206375,0.000673788,0.003368939
3/6/2018 16:09,UP,1.23688,1.24192,1.23676,1.24167,0.001579766,0.000716296,0.003581482
3/7/2018 6:06,UP,1.24172,1.24292,1.23885,1.24214,0.000241548,0.000434805,0.002174023
3/7/2018 10:47,UP,1.24213,1.24454,1.24039,1.24365,0.000820503,0.000447127,0.002235637
3/7/2018 15:28,DOWN,1.24368,1.2441,1.2388,1.23905,-0.001459731,0.00060904,0.003045201
3/8/2018 10:01,DOWN,1.23902,1.24159,1.23779,1.23794,-0.000476485,0.00049746,0.0024873
3/8/2018 13:31,UP,1.23794,1.24316,1.23687,1.24228,0.000249572,0.000796331,0.003981655
3/8/2018 14:39,DOWN,1.24228,1.24463,1.23709,1.23764,-0.000533131,0.000892119,0.004460593
3/8/2018 16:50,DOWN,1.23766,1.23794,1.23061,1.23077,-0.001842675,0.000959202,0.004796012
3/9/2018 13:31,DOWN,1.23072,1.23224,1.2276,1.22772,-0.001050177,0.000592546,0.00296273
3/9/2018 16:50,UP,1.22781,1.23345,1.22728,1.23275,0.000348874,0.000844132,0.004220661
3/12/2018 11:21,DOWN,1.23269,1.23411,1.23024,1.23061,-0.000341236,0.000526701,0.002633507
3/12/2018 15:14,UP,1.23061,1.23258,1.22903,1.23223,0.000186671,0.00047223,0.002361148
3/13/2018 0:47,UP,1.2322,1.23458,1.23103,1.23408,0.000202601,0.000411983,0.002059916
3/13/2018 12:33,UP,1.23409,1.23648,1.23144,1.23621,0.001748804,0.000630541,0.003152705
3/13/2018 16:52,UP,1.23613,1.24076,1.23399,1.24041,0.000604822,0.000747335,0.003736675
3/14/2018 8:20,DOWN,1.2404,1.24129,1.23638,1.23674,-0.000775933,0.000558358,0.002791789
3/14/2018 13:53,DOWN,1.23672,1.23976,1.23533,1.23533,-0.000784907,0.000598426,0.00299213
3/15/2018 0:56,UP,1.23537,1.23802,1.23471,1.23786,0.000355515,0.000470354,0.002351771
3/15/2018 10:35,DOWN,1.23786,1.23839,1.23517,1.23561,-0.000558273,0.000386851,0.001934254
3/15/2018 13:50,DOWN,1.2356,1.2365,1.2322,1.23254,-0.001005547,0.000460819,0.002304094
3/15/2018 18:39,DOWN,1.23254,1.23481,1.23105,1.23109,-0.000665855,0.000557931,0.002789653
3/16/2018 9:24,UP,1.23105,1.23288,1.2295,1.2328,0.000730312,0.000461742,0.00230871
3/16/2018 13:24,DOWN,1.23285,1.23366,1.22916,1.22943,-0.000561078,0.000553502,0.002767508
3/19/2018 1:30,DOWN,1.22947,1.22989,1.22599,1.22652,-4.89E-05,0.000471807,0.002359035
3/19/2018 10:22,UP,1.22656,1.23002,1.22579,1.2293,0.000130164,0.000483871,0.002419356
3/19/2018 14:13,UP,1.2293,1.23259,1.22761,1.23185,0.000373492,0.000578328,0.002891642
3/19/2018 17:57,UP,1.2319,1.23498,1.23079,1.23474,0.00042123,0.000530768,0.002653841
3/20/2018 9:55,DOWN,1.23473,1.2359,1.23198,1.23201,-0.000941108,0.000489049,0.002445245
3/20/2018 12:24,DOWN,1.232,1.23207,1.22829,1.2286,-0.000366203,0.000489523,0.002447616
3/20/2018 17:03,DOWN,1.22861,1.22879,1.22454,1.22579,2.45E-05,0.000456608,0.002283042
3/21/2018 6:34,UP,1.22582,1.22692,1.22397,1.22692,0.000448377,0.000383221,0.001916107
3/21/2018 16:50,DOWN,1.22687,1.22961,1.22569,1.22594,-0.000407767,0.000474861,0.002374307
3/21/2018 19:02,UP,1.22589,1.23373,1.22509,1.23328,0.001411868,0.001145262,0.00572631
3/22/2018 7:28,UP,1.23322,1.23816,1.23235,1.23785,0.00122869,0.000810692,0.004053461
3/22/2018 9:50,DOWN,1.23791,1.23888,1.23295,1.23332,-0.000794288,0.000717633,0.003588163
3/23/2018 0:54,UP,1.23327,1.23379,1.22852,1.23379,0.001029879,0.000598334,0.002991672
3/23/2018 16:02,UP,1.23374,1.2365,1.23166,1.2365,0.001035716,0.000592834,0.00296417
3/26/2018 8:54,UP,1.23642,1.23978,1.2349,1.23974,0.000839238,0.000589323,0.002946614
3/26/2018 13:52,UP,1.23975,1.24377,1.23917,1.24368,0.000377982,0.000575697,0.002878484
3/27/2018 6:47,UP,1.24373,1.24748,1.24332,1.24725,0.001243507,0.000475785,0.002378926
3/27/2018 8:42,DOWN,1.2472,1.24766,1.2427,1.24309,-0.001189873,0.000586511,0.002932555
3/27/2018 11:31,DOWN,1.24314,1.24335,1.23928,1.23949,-8.07E-06,0.00057627,0.002881351
3/27/2018 16:30,UP,1.23945,1.24158,1.23724,1.24115,0.000273977,0.000534709,0.002673546
3/28/2018 6:34,DOWN,1.24115,1.2422,1.2384,1.23843,-0.000726463,0.000513734,0.002568671
3/28/2018 13:18,DOWN,1.23842,1.24089,1.23637,1.23653,-0.000646763,0.000582889,0.002914446
3/28/2018 17:34,DOWN,1.23648,1.23675,1.23247,1.23254,-0.001200052,0.000571085,0.002855423
3/29/2018 6:04,UP,1.23254,1.23353,1.23001,1.23315,0.000194642,0.000436675,0.002183377
3/29/2018 15:03,DOWN,1.23316,1.23359,1.22926,1.22975,-0.000926588,0.00054096,0.0027048
3/30/2018 2:53,UP,1.22975,1.23177,1.22838,1.23152,0.000227387,0.00042915,0.002145749
4/2/2018 8:37,UP,1.23137,1.23322,1.23053,1.233,0.000202778,0.00034915,0.001745751
4/2/2018 14:06,DOWN,1.23295,1.23454,1.23136,1.23166,-0.00041399,0.000395798,0.001978991
4/2/2018 15:41,DOWN,1.23168,1.23346,1.2282,1.22837,-0.001634977,0.000693486,0.003467432
4/3/2018 6:14,UP,1.22843,1.23181,1.22828,1.23131,0.00032491,0.00046826,0.002341298
4/3/2018 10:54,DOWN,1.23134,1.23363,1.22903,1.22927,-0.001195117,0.000525387,0.002626936
4/3/2018 13:22,DOWN,1.22926,1.23152,1.22604,1.22639,-0.001124621,0.000671724,0.00335862
4/4/2018 2:09,UP,1.22641,1.22836,1.22535,1.2283,0.000610787,0.000412307,0.002061534
4/4/2018 7:23,DOWN,1.22834,1.22874,1.22573,1.22587,-0.000742055,0.000395804,0.001979022
4/4/2018 8:06,UP,1.22586,1.22953,1.2257,1.22904,0.00061856,0.000512131,0.002560656
4/5/2018 2:37,DOWN,1.22904,1.23151,1.22708,1.22779,-0.000195454,0.000422003,0.002110015
4/5/2018 7:11,DOWN,1.22779,1.22876,1.22489,1.22495,-0.001134097,0.000491295,0.002456474
4/5/2018 14:24,DOWN,1.22496,1.22839,1.22354,1.22414,-0.000196037,0.000630096,0.00315048
4/6/2018 1:11,UP,1.22415,1.22548,1.22182,1.22523,0.000187737,0.000439232,0.002196158
4/6/2018 6:31,DOWN,1.22523,1.22601,1.22275,1.22334,0,0.000366686,0.001833428
4/6/2018 10:30,UP,1.22333,1.22479,1.22151,1.22442,0.000171524,0.00035943,0.001797151
4/6/2018 13:25,UP,1.22447,1.228,1.22193,1.22744,0.001002588,0.000634795,0.003173973
4/9/2018 7:15,DOWN,1.22746,1.22912,1.22569,1.22655,-0.000122287,0.000391271,0.001956355
4/9/2018 12:18,UP,1.22654,1.23049,1.22621,1.2302,0.000894564,0.000491222,0.002456111
4/10/2018 6:09,DOWN,1.23021,1.23305,1.23011,1.23038,-0.000601259,0.000382101,0.001910505
4/10/2018 11:35,UP,1.23041,1.23739,1.23026,1.23717,0.003416841,0.000942091,0.004710454
4/11/2018 5:05,UP,1.23719,1.23778,1.23243,1.23636,4.04E-05,0.000471896,0.002359479
4/11/2018 18:16,DOWN,1.23635,1.23971,1.23469,1.23483,-0.000712395,0.000603249,0.003016247
4/12/2018 9:04,DOWN,1.23483,1.23798,1.23374,1.23395,-0.001441483,0.000607248,0.003036242
4/12/2018 13:25,DOWN,1.23391,1.23519,1.23104,1.23119,-0.000406029,0.000553248,0.002766239
4/12/2018 16:59,UP,1.23114,1.23362,1.22992,1.23356,0.001030071,0.000535029,0.002675143
4/13/2018 8:05,UP,1.23353,1.23461,1.23172,1.23453,0.000550969,0.00041767,0.002088349
4/13/2018 11:08,DOWN,1.23453,1.23461,1.23099,1.2317,-0.001006232,0.000451704,0.002258522
4/13/2018 16:44,UP,1.23175,1.23369,1.23069,1.23353,0.000746105,0.000401025,0.002005123
4/16/2018 8:01,UP,1.23353,1.23606,1.2324,1.23602,0.001473553,0.00052163,0.002608149
4/16/2018 13:32,UP,1.23599,1.23948,1.23528,1.23923,0.000419703,0.000487215,0.002436076
4/17/2018 5:55,UP,1.23916,1.23925,1.23624,1.23874,0.000177616,0.000345099,0.001725495
4/17/2018 9:26,DOWN,1.23869,1.2414,1.238,1.23812,-9.69E-05,0.000434925,0.002174624
4/17/2018 12:59,DOWN,1.23811,1.23846,1.23451,1.23484,-0.000574808,0.000508899,0.002544494
4/17/2018 20:27,UP,1.23483,1.23755,1.2336,1.23749,0.000258621,0.000498971,0.002494854
4/18/2018 9:05,DOWN,1.23754,1.23824,1.23415,1.23465,-0.001416402,0.000525811,0.002629053
4/18/2018 11:26,UP,1.23468,1.23881,1.23438,1.23828,0.000274612,0.000544533,0.002722666
4/19/2018 1:55,DOWN,1.23832,1.23975,1.23645,1.23651,-0.000606362,0.000393369,0.001966847
4/19/2018 7:25,UP,1.23656,1.23956,1.23651,1.23949,0.000258204,0.000469102,0.00234551
4/19/2018 9:22,DOWN,1.23946,1.24004,1.23599,1.2361,-1.62E-05,0.000570197,0.002850987
4/19/2018 15:25,DOWN,1.23605,1.23857,1.23512,1.23512,-0.000712228,0.000445995,0.002229977
4/20/2018 8:02,DOWN,1.2352,1.23587,1.23236,1.23251,-0.000729951,0.000387936,0.001939682
4/20/2018 9:58,DOWN,1.23253,1.2334,1.22947,1.22964,-0.000707274,0.000437236,0.00218618
4/20/2018 13:50,DOWN,1.22964,1.23121,1.22697,1.22725,-0.000733078,0.000508125,0.002540625
4/23/2018 8:02,DOWN,1.22729,1.23003,1.22494,1.22645,-0.000301638,0.000454213,0.002271065
4/23/2018 9:24,DOWN,1.22648,1.22658,1.22304,1.22318,-0.000245232,0.000526684,0.002633419
4/23/2018 17:10,DOWN,1.22317,1.22458,1.22105,1.22115,-0.000425737,0.000466452,0.002332262
4/24/2018 6:19,UP,1.22119,1.22197,1.21845,1.22181,0.000261941,0.00046086,0.002304301
4/24/2018 8:29,DOWN,1.22178,1.22241,1.21816,1.21895,-0.000336299,0.00045108,0.0022554
4/24/2018 10:22,UP,1.2189,1.22227,1.21889,1.22213,0.000654809,0.000497584,0.002487919
4/24/2018 14:15,UP,1.22207,1.2235,1.21962,1.22298,0.000392561,0.000466945,0.002334726
4/24/2018 18:07,UP,1.22295,1.2245,1.22092,1.22419,0.00054745,0.000415532,0.002077662
4/25/2018 4:49,DOWN,1.22414,1.22423,1.22169,1.2218,-0.000409149,0.000372261,0.001861307
4/25/2018 8:21,DOWN,1.22174,1.22193,1.21866,1.21909,-0.000401858,0.000374278,0.001871388
4/25/2018 11:39,DOWN,1.21909,1.22156,1.2182,1.21828,-0.000402126,0.0004727,0.0023635
4/25/2018 19:56,DOWN,1.21826,1.22002,1.21678,1.21715,-0.000131446,0.000426393,0.002131967
4/26/2018 6:50,UP,1.21712,1.21886,1.21598,1.2185,0.000574642,0.000353921,0.001769603
4/26/2018 8:12,DOWN,1.21856,1.21885,1.21561,1.21612,-0.000246656,0.000381532,0.001907662
4/26/2018 14:15,DOWN,1.21613,1.22101,1.21228,1.21237,-0.002306863,0.000990476,0.004952379
4/27/2018 6:34,DOWN,1.21249,1.21304,1.20887,1.20918,-0.000446484,0.000557727,0.002788636
4/27/2018 14:39,UP,1.20912,1.21113,1.20552,1.21077,0.001686299,0.00073224,0.003661201
4/30/2018 9:08,DOWN,1.21077,1.2139,1.20955,1.21013,-0.000322228,0.000474651,0.002373255
4/30/2018 11:52,DOWN,1.21013,1.21216,1.2073,1.20768,-0.000281492,0.000551119,0.002755593
4/30/2018 16:59,UP,1.20762,1.21065,1.20641,1.21014,0.00036366,0.00050212,0.002510602
5/1/2018 1:18,DOWN,1.21005,1.21019,1.20673,1.20749,-0.000604377,0.000437907,0.002189534
5/1/2018 8:22,DOWN,1.20752,1.20785,1.20349,1.20367,-0.001237115,0.000504121,0.002520605
5/1/2018 14:17,DOWN,1.20368,1.20424,1.19944,1.20023,-0.000816177,0.00054401,0.002720048
5/2/2018 7:16,UP,1.20032,1.20201,1.19813,1.20154,0.000616066,0.000460185,0.002300927
5/2/2018 10:40,DOWN,1.20155,1.20319,1.19929,1.19997,-0.000358278,0.000462958,0.00231479
5/2/2018 13:55,DOWN,1.19997,1.20129,1.19639,1.19751,-0.00068452,0.000541937,0.002709684
5/2/2018 18:16,UP,1.19756,1.20252,1.19531,1.20239,0.002514824,0.001013465,0.005067323
5/2/2018 19:28,DOWN,1.20245,1.20259,1.19673,1.19695,-0.000759977,0.000899949,0.004499744
5/3/2018 3:28,UP,1.19704,1.19855,1.19377,1.19843,0.000392257,0.00071187,0.003559352
5/3/2018 14:29,DOWN,1.19845,1.20091,1.19553,1.19613,-0.000944267,0.00069863,0.003493152
5/3/2018 18:11,UP,1.19613,1.19935,1.19493,1.19934,0.000658913,0.000612453,0.003062265
5/4/2018 6:20,DOWN,1.1993,1.20048,1.19711,1.19723,-0.000467637,0.000476535,0.002382676
5/4/2018 13:09,DOWN,1.19726,1.19954,1.19272,1.19331,-0.001741533,0.000697118,0.003485588
5/4/2018 16:45,UP,1.19336,1.19539,1.19112,1.19522,0.000577466,0.000601934,0.003009672
5/7/2018 6:38,DOWN,1.19528,1.19783,1.19375,1.19424,-0.000418589,0.000527304,0.002636519
5/7/2018 11:29,DOWN,1.19419,1.19451,1.19115,1.19134,-0.000302135,0.000443893,0.002219466
5/7/2018 16:46,UP,1.19133,1.1938,1.18974,1.19361,0.000452511,0.00048399,0.002419952
5/8/2018 8:31,DOWN,1.19365,1.19391,1.18845,1.18876,-0.001387039,0.000678787,0.003393933
5/8/2018 13:09,DOWN,1.18881,1.18961,1.18514,1.18526,-0.000885489,0.000623588,0.003117942
5/8/2018 16:16,UP,1.18522,1.18784,1.1838,1.18769,0.000631677,0.000504114,0.002520568
5/9/2018 5:52,DOWN,1.18768,1.18866,1.18426,1.18507,-3.38E-05,0.000556013,0.002780063
5/9/2018 9:06,UP,1.18503,1.18603,1.18224,1.18596,0.001037673,0.000559421,0.002797104
5/9/2018 12:55,UP,1.18596,1.18972,1.185,1.18931,0.001093669,0.000576759,0.002883794
5/9/2018 15:04,DOWN,1.18935,1.18938,1.18519,1.1858,-0.000354129,0.000567926,0.002839631
5/10/2018 8:57,UP,1.18577,1.18793,1.18409,1.18707,0.000320167,0.00041259,0.002062951
5/10/2018 12:44,UP,1.18707,1.19251,1.18696,1.19188,0.000923338,0.000657021,0.003285104
5/10/2018 14:29,DOWN,1.19186,1.19469,1.18864,1.18913,-0.000983429,0.000703004,0.003515018
5/10/2018 17:27,UP,1.18911,1.19295,1.1875,1.19287,0.001652844,0.000707223,0.003536115
5/11/2018 6:40,DOWN,1.19284,1.19343,1.18949,1.18965,-0.00094101,0.000531738,0.002658691
5/11/2018 9:32,UP,1.18968,1.1926,1.18912,1.19256,0.000545195,0.000487716,0.002438578
5/11/2018 13:33,UP,1.19256,1.19631,1.19244,1.19597,0.000552006,0.00052298,0.0026149
5/14/2018 3:16,UP,1.19593,1.19687,1.19331,1.1968,0.000576704,0.000512825,0.002564125
5/14/2018 11:09,UP,1.19675,1.19904,1.19511,1.19893,0.000809382,0.000506496,0.002532482
5/14/2018 17:26,DOWN,1.19888,1.19964,1.19619,1.19645,-0.000935665,0.000457374,0.002286868
5/14/2018 21:26,DOWN,1.19651,1.19658,1.19231,1.19254,-0.000846573,0.000525379,0.002626893
5/15/2018 11:09,DOWN,1.19246,1.19387,1.18999,1.19018,-0.001511234,0.000537501,0.002687505
5/15/2018 12:41,DOWN,1.1902,1.1904,1.18522,1.18588,-0.000800772,0.000607404,0.003037022
5/15/2018 15:20,UP,1.18588,1.18677,1.18201,1.18659,0.000682861,0.000673811,0.003369054
5/15/2018 22:05,DOWN,1.18658,1.18756,1.18337,1.1835,-0.000565957,0.000577793,0.002888964
5/16/2018 7:43,UP,1.18352,1.18544,1.18157,1.1851,0.000303818,0.00052926,0.002646302
5/16/2018 9:22,DOWN,1.1851,1.1854,1.18055,1.1809,-0.001768272,0.000640426,0.003202129
5/16/2018 12:52,DOWN,1.18092,1.18164,1.17664,1.17683,-0.001231365,0.000741186,0.003705931
5/16/2018 17:01,UP,1.17684,1.182,1.17633,1.18141,0.000685857,0.000748148,0.003740741
5/17/2018 10:32,DOWN,1.18141,1.18378,1.17763,1.17811,-0.000755162,0.00076179,0.003808951
5/18/2018 5:47,UP,1.17812,1.18118,1.17787,1.18084,0.000355742,0.000409751,0.002048755
5/18/2018 9:43,DOWN,1.1808,1.18224,1.17829,1.17835,-0.001195873,0.00051332,0.002566602
5/18/2018 14:00,DOWN,1.1784,1.1789,1.17521,1.17536,-0.000731423,0.000470455,0.002352275
5/18/2018 17:00,UP,1.17544,1.17889,1.17498,1.17852,2.55E-05,0.000527546,0.002637729
5/21/2018 0:44,DOWN,1.17852,1.17852,1.17439,1.17455,-0.001063671,0.000521264,0.00260632
5/21/2018 7:07,DOWN,1.1745,1.17591,1.17224,1.17244,-0.000682105,0.000484008,0.002420041
5/21/2018 10:43,UP,1.17239,1.17579,1.17165,1.17572,0.001038201,0.000585853,0.002929264
5/21/2018 19:57,UP,1.17575,1.17886,1.1743,1.17875,0.000959102,0.000574525,0.002872625
5/22/2018 6:42,DOWN,1.17874,1.17976,1.17622,1.17622,-0.00076487,0.000549933,0.002749666
5/22/2018 7:39,UP,1.17627,1.1808,1.17564,1.18045,0.000686415,0.000696472,0.00348236
5/22/2018 12:47,DOWN,1.18047,1.18301,1.17849,1.17872,-0.000500418,0.000597614,0.002988069
5/23/2018 2:57,DOWN,1.17876,1.17941,1.17526,1.17545,-0.000841876,0.000591879,0.002959397
5/23/2018 11:02,DOWN,1.1754,1.17687,1.16986,1.17093,-0.001229036,0.000952136,0.004760681
5/24/2018 6:55,UP,1.17096,1.17215,1.16757,1.17187,0.000529209,0.000524114,0.002620569
5/24/2018 11:10,DOWN,1.17182,1.1746,1.17115,1.17136,-0.000529159,0.000502776,0.002513878
5/24/2018 14:14,UP,1.17135,1.17504,1.17053,1.1748,0.00137991,0.000555084,0.002775418
5/24/2018 22:59,DOWN,1.17484,1.17505,1.17171,1.17218,-0.000110898,0.000432475,0.002162375
5/25/2018 6:23,DOWN,1.17219,1.17266,1.17003,1.17024,-0.000281954,0.000364228,0.001821138
5/25/2018 8:58,UP,1.17025,1.17277,1.16843,1.17241,0.000750872,0.00052695,0.002634752
5/25/2018 11:53,DOWN,1.17236,1.17339,1.16619,1.16695,-0.002430738,0.000863061,0.004315307
5/27/2018 23:13,UP,1.1669,1.16926,1.16442,1.16874,0.000282395,0.000655676,0.003278378
5/28/2018 4:55,UP,1.16875,1.17219,1.16839,1.17214,0.000605913,0.000582125,0.002910627
5/28/2018 7:49,DOWN,1.17215,1.17286,1.16885,1.16915,-0.000940412,0.000598963,0.002994813
5/28/2018 10:14,DOWN,1.16922,1.16972,1.16426,1.16485,-0.000266093,0.000769328,0.003846642
5/28/2018 13:02,DOWN,1.16488,1.16582,1.16077,1.16085,-0.000654478,0.000742193,0.003710963
5/29/2018 6:02,UP,1.1608,1.16366,1.16072,1.1634,0.000223508,0.000434162,0.002170812
5/29/2018 6:43,DOWN,1.16345,1.16399,1.15862,1.15875,-0.001543576,0.000702487,0.003512435
5/29/2018 8:27,DOWN,1.15875,1.16012,1.15549,1.1556,-0.000657451,0.000731473,0.003657363
5/29/2018 12:34,UP,1.15556,1.15695,1.15097,1.15679,0.000838879,0.000842451,0.004212254
5/29/2018 17:05,DOWN,1.15684,1.15901,1.15417,1.15431,-0.000363788,0.00068791,0.003439548
5/30/2018 6:16,UP,1.15435,1.1568,1.15185,1.15637,0.000960361,0.00064112,0.003205598
5/30/2018 7:59,UP,1.15642,1.16124,1.1563,1.16061,0.0009741,0.000627233,0.003136166
5/30/2018 10:59,UP,1.1606,1.16303,1.15814,1.16264,0.000808832,0.000693829,0.003469145
5/30/2018 14:24,DOWN,1.16265,1.16483,1.1602,1.16026,-0.00083567,0.000634077,0.003170383
5/30/2018 15:34,UP,1.16019,1.16761,1.15941,1.16638,0.003005249,0.000989166,0.004945832
5/31/2018 6:54,UP,1.16637,1.16989,1.1645,1.16959,0.001471683,0.000796523,0.003982613
5/31/2018 13:07,DOWN,1.16955,1.17245,1.16647,1.16673,-0.000642616,0.000812024,0.004060122
5/31/2018 23:04,UP,1.16672,1.17068,1.1641,1.17004,0.000735288,0.000781676,0.003908379
6/1/2018 12:36,DOWN,1.16997,1.17182,1.16476,1.16675,-0.000334206,0.0007114,0.003557
6/4/2018 2:01,UP,1.16674,1.16914,1.16168,1.16897,0.000333683,0.000642355,0.003211775
6/4/2018 9:15,UP,1.16904,1.17277,1.16749,1.17231,0.001083918,0.000692133,0.003460666
6/4/2018 14:43,DOWN,1.17236,1.17449,1.16981,1.16996,-0.00111907,0.000672576,0.003362878
6/5/2018 8:29,UP,1.17003,1.17151,1.16771,1.1709,0.000341676,0.000502979,0.002514897
6/5/2018 10:57,DOWN,1.17095,1.1717,1.16807,1.16814,-0.000761605,0.000507777,0.002538887
6/5/2018 16:18,UP,1.16811,1.17116,1.16525,1.17049,0.001077052,0.000703525,0.003517625
6/6/2018 6:33,UP,1.1705,1.17528,1.17045,1.17507,0.001277335,0.000680449,0.003402246
6/6/2018 10:08,UP,1.17506,1.17753,1.17153,1.17715,0.000824364,0.00075657,0.003782851
6/7/2018 4:54,UP,1.17715,1.18,1.17606,1.17934,0.000551308,0.000504298,0.002521489
6/7/2018 7:44,UP,1.17939,1.18298,1.17908,1.18283,0.000668113,0.000535789,0.002678947
6/7/2018 20:11,DOWN,1.18278,1.18401,1.17966,1.1798,-0.000525375,0.000579345,0.002896727
6/8/2018 7:33,DOWN,1.17976,1.18106,1.17708,1.17764,-0.000178307,0.000561784,0.002808919
6/8/2018 10:54,DOWN,1.17764,1.17856,1.17401,1.17402,-0.000902473,0.000589906,0.002949531
6/8/2018 14:34,UP,1.17408,1.17744,1.17269,1.17708,0.000331383,0.000606093,0.003030463
6/11/2018 0:59,UP,1.17707,1.18001,1.17515,1.1798,0.00117886,0.000591939,0.002959693
6/11/2018 9:53,DOWN,1.17979,1.18208,1.1778,1.17859,-0.000135746,0.000546615,0.002733073
6/11/2018 22:28,DOWN,1.17864,1.18143,1.1775,1.17762,-0.000628189,0.000472131,0.002360656
6/12/2018 7:21,UP,1.17762,1.17964,1.1741,1.17912,0.000797523,0.000667953,0.003339763
6/12/2018 17:14,DOWN,1.17907,1.18094,1.17519,1.17532,-0.001853096,0.000671599,0.003357993
6/13/2018 12:45,UP,1.17532,1.17706,1.173,1.17681,0.000297458,0.000534749,0.002673746
6/13/2018 19:55,UP,1.1769,1.18013,1.17247,1.17954,0.000313731,0.000931165,0.004655824
6/14/2018 9:36,UP,1.17954,1.18278,1.17855,1.1824,0.000338352,0.000579381,0.002896905
6/14/2018 12:05,DOWN,1.18236,1.18524,1.17187,1.17285,-0.001908056,0.001728841,0.008644206
6/14/2018 14:08,DOWN,1.17279,1.17441,1.16447,1.16458,-0.001227157,0.001418662,0.007093308
6/14/2018 19:59,DOWN,1.16457,1.16538,1.15844,1.15861,-0.001112784,0.001093707,0.005468534
6/15/2018 9:27,UP,1.15861,1.16156,1.15431,1.16062,0.000706769,0.000932449,0.004662246
6/18/2018 6:56,DOWN,1.16056,1.16273,1.15591,1.15761,-0.001398457,0.000837639,0.004188196
6/18/2018 11:00,UP,1.15769,1.162,1.15652,1.16188,0.000421819,0.000808935,0.004044674
6/18/2018 23:42,UP,1.16184,1.16407,1.15952,1.16398,0.001504594,0.000673112,0.003365561
6/19/2018 6:45,DOWN,1.16397,1.16449,1.1589,1.15951,-0.000896529,0.000679487,0.003397437
6/19/2018 9:15,DOWN,1.15945,1.15979,1.15359,1.15399,-0.001342265,0.000803973,0.004019865
6/19/2018 15:23,UP,1.15404,1.15801,1.15305,1.15793,0.001382732,0.000681028,0.00340514
6/20/2018 18:00,UP,1.15793,1.16001,1.15362,1.15923,0.000388264,0.000565102,0.002825511
6/21/2018 5:15,DOWN,1.15928,1.15928,1.15565,1.15578,-0.00053629,0.000521589,0.002607944
6/21/2018 9:07,DOWN,1.15577,1.15681,1.1514,1.15217,-0.000190926,0.000710265,0.003551324
6/21/2018 12:48,UP,1.15223,1.16115,1.15081,1.16038,0.003072676,0.001168844,0.005844218
6/22/2018 5:30,UP,1.16044,1.16339,1.1575,1.16298,0.001531723,0.000844091,0.004220454
6/22/2018 14:30,DOWN,1.16296,1.16752,1.16172,1.1625,-0.001736126,0.000798181,0.003990903
6/24/2018 22:19,UP,1.16248,1.16684,1.16223,1.16664,0.000445824,0.000628389,0.003141945
6/25/2018 6:57,DOWN,1.16657,1.1673,1.16325,1.16335,-0.000859217,0.00055967,0.002798348
6/25/2018 11:24,UP,1.16336,1.1685,1.16284,1.16832,0.001730475,0.000826764,0.00413382
6/26/2018 2:23,UP,1.16832,1.17147,1.16712,1.1714,0.000683177,0.000529128,0.002645642
6/26/2018 8:03,DOWN,1.17138,1.17207,1.16822,1.16827,-0.000992429,0.000541399,0.002706994
6/26/2018 17:18,DOWN,1.16832,1.16848,1.16422,1.16432,-0.001338941,0.000608062,0.00304031
6/27/2018 7:27,UP,1.16431,1.16721,1.16346,1.16708,0.000368509,0.000554124,0.002770618
6/27/2018 8:35,DOWN,1.16712,1.1672,1.16238,1.1626,-0.001607172,0.000699953,0.003499766
6/27/2018 12:51,DOWN,1.16261,1.16437,1.16047,1.16052,-0.0004652,0.000619861,0.003099303
6/27/2018 17:37,DOWN,1.16053,1.16131,1.1575,1.15801,-0.000345361,0.000448493,0.002242463
6/27/2018 19:16,DOWN,1.15797,1.15824,1.15408,1.15426,-0.001290038,0.000611843,0.003059215
6/28/2018 2:50,UP,1.1542,1.157,1.15403,1.15679,4.32E-05,0.000433692,0.002168462
6/28/2018 6:43,DOWN,1.15673,1.15733,1.1527,1.15353,-0.000788572,0.000555304,0.002776521
6/28/2018 10:40,UP,1.15349,1.15909,1.15273,1.15889,0.001545776,0.000805964,0.004029822
6/29/2018 2:41,UP,1.15898,1.16369,1.15508,1.16178,0.003362565,0.001026249,0.005131245
6/29/2018 12:11,UP,1.16189,1.16667,1.16127,1.16577,0.000214474,0.000714917,0.003574584
6/29/2018 16:07,UP,1.16577,1.16834,1.1628,1.16788,0.000710942,0.000654488,0.003272438
7/2/2018 4:55,DOWN,1.16783,1.16908,1.1648,1.16481,-0.000437744,0.000559073,0.002795366
7/2/2018 13:07,DOWN,1.16487,1.16558,1.16072,1.16076,-0.001334441,0.000592895,0.002964477
7/2/2018 20:31,UP,1.16076,1.16485,1.15911,1.16419,0.00196897,0.000680333,0.003401663
7/3/2018 7:17,UP,1.1642,1.16595,1.16203,1.16573,0.00039468,0.000475412,0.00237706
7/4/2018 1:30,UP,1.16566,1.16734,1.16418,1.16728,0.000291318,0.000436633,0.002183165
7/4/2018 8:21,DOWN,1.16731,1.1682,1.16358,1.16401,-0.000961728,0.000568634,0.002843169
7/5/2018 5:39,UP,1.16408,1.16751,1.16304,1.1674,0.001688936,0.000638818,0.003194088
7/5/2018 12:26,UP,1.16734,1.17205,1.16719,1.17145,0.00072586,0.000605571,0.003027855
7/5/2018 18:42,DOWN,1.1714,1.17198,1.16721,1.16763,-0.000333954,0.000579045,0.002895225
7/6/2018 7:04,UP,1.16768,1.17271,1.16748,1.17132,0.00018784,0.000605337,0.003026686
7/6/2018 12:42,UP,1.17131,1.17637,1.17,1.1752,0.001115326,0.000664808,0.003324039
7/9/2018 6:10,UP,1.17527,1.17772,1.1733,1.17722,0.000611798,0.000477649,0.002388245
7/9/2018 12:14,UP,1.1773,1.17901,1.175,1.17894,0.000475116,0.000549221,0.002746106
7/9/2018 14:07,DOWN,1.17889,1.17909,1.17554,1.17566,-0.000790732,0.00054692,0.002734599
7/10/2018 8:51,DOWN,1.17565,1.17636,1.17239,1.17257,-0.000639416,0.000486673,0.002433363
7/10/2018 15:27,UP,1.17259,1.173,1.16901,1.17294,0.000392254,0.000518305,0.002591525
7/11/2018 8:35,DOWN,1.17299,1.175,1.17216,1.17245,-0.000673576,0.000397001,0.001985004
7/11/2018 9:27,DOWN,1.17253,1.1728,1.16949,1.16984,-0.000418773,0.000442186,0.002210928
7/11/2018 12:44,UP,1.1699,1.17469,1.16981,1.17439,0.001269549,0.000706048,0.003530238
7/11/2018 16:25,DOWN,1.17444,1.17585,1.171,1.1716,-0.00052052,0.000548012,0.002740061
7/11/2018 17:53,DOWN,1.17161,1.17173,1.16674,1.16712,-0.000710899,0.000634729,0.003173647
7/12/2018 11:30,DOWN,1.16718,1.16935,1.16519,1.16543,-0.000514699,0.000507179,0.002535894
7/12/2018 15:54,UP,1.16552,1.16951,1.16496,1.16942,0.000581654,0.000635142,0.003175709
7/13/2018 5:19,DOWN,1.16943,1.16959,1.16549,1.16568,-0.000771784,0.000541675,0.002708374
7/13/2018 8:30,DOWN,1.16563,1.16639,1.16164,1.16231,-0.000559075,0.000576332,0.002881662
7/13/2018 13:17,UP,1.1623,1.16487,1.16128,1.16448,0.00023189,0.00047015,0.002350749
7/13/2018 16:40,UP,1.16455,1.1674,1.16375,1.16723,0.000214205,0.000470755,0.002353773
7/16/2018 5:52,UP,1.16724,1.17031,1.1666,1.17011,0.000718139,0.000456223,0.002281114
7/16/2018 10:51,UP,1.17009,1.17114,1.1685,1.17103,0.000290385,0.000391626,0.001958129
7/17/2018 6:22,UP,1.17103,1.17333,1.16944,1.17327,0.001458528,0.000523713,0.002618565
7/17/2018 11:22,DOWN,1.17326,1.17449,1.17103,1.17137,-0.00054622,0.000423914,0.00211957
7/17/2018 13:57,DOWN,1.17143,1.17148,1.1686,1.16868,-0.000795453,0.000389429,0.001947143
7/17/2018 16:05,DOWN,1.16862,1.17043,1.16613,1.16637,-0.00113964,0.000554342,0.002771709
7/18/2018 5:25,DOWN,1.16635,1.16694,1.16347,1.16359,-0.000730231,0.00043829,0.002191448
7/18/2018 12:09,DOWN,1.16356,1.16418,1.16018,1.16082,-0.000163664,0.000464483,0.002322416
7/18/2018 13:49,UP,1.16078,1.16386,1.16067,1.16369,0.000558724,0.000456623,0.002283117
7/19/2018 6:21,DOWN,1.1637,1.16626,1.16292,1.16307,-0.000481368,0.000459904,0.002299519
7/19/2018 9:33,DOWN,1.16306,1.16342,1.15951,1.1598,-0.000930762,0.000449372,0.00224686
7/19/2018 14:10,UP,1.15981,1.16182,1.15747,1.16164,0.001447278,0.000599611,0.002998055
7/19/2018 17:19,UP,1.16162,1.16602,1.1596,1.16585,0.002335788,0.000831286,0.004156428
7/20/2018 5:43,UP,1.16595,1.1679,1.16261,1.16662,0.000180023,0.000520866,0.002604329
7/20/2018 8:02,DOWN,1.16656,1.16739,1.16329,1.16401,-0.000171805,0.00049171,0.002458549
7/20/2018 12:14,UP,1.16409,1.16741,1.16378,1.16708,0.000617115,0.000436535,0.002182675
7/20/2018 12:59,UP,1.16707,1.17152,1.16672,1.17151,0.001247032,0.000649141,0.003245704
7/23/2018 0:31,UP,1.17147,1.17466,1.17012,1.17449,0.000638779,0.000555306,0.002776528
7/23/2018 7:08,DOWN,1.17443,1.17505,1.17154,1.17163,-0.000469321,0.000459269,0.002296346
7/23/2018 9:08,DOWN,1.17161,1.1743,1.16987,1.17028,-0.000683364,0.000617673,0.003088367
7/23/2018 18:06,DOWN,1.17033,1.17278,1.16835,1.16856,-0.000735678,0.000584642,0.002923209
7/24/2018 6:22,DOWN,1.16855,1.1702,1.16661,1.16708,-0.000385503,0.000442912,0.002214558
7/24/2018 10:20,UP,1.16714,1.17062,1.16544,1.17024,0.000598347,0.000648968,0.00324484
7/24/2018 16:31,DOWN,1.17029,1.17171,1.1675,1.16764,-0.000684908,0.000545294,0.002726469
7/25/2018 9:30,UP,1.16761,1.17054,1.16729,1.17013,0.000162388,0.00042142,0.002107101
7/25/2018 14:59,DOWN,1.17011,1.17122,1.16715,1.1674,-0.000916147,0.00053085,0.002654248
7/25/2018 18:10,UP,1.16737,1.17123,1.16637,1.17093,0.00141013,0.000597873,0.002989367
7/25/2018 23:50,UP,1.17095,1.17391,1.16941,1.17389,0.000911915,0.000586612,0.002933059
7/26/2018 9:47,DOWN,1.17383,1.17439,1.17055,1.17111,-0.000136613,0.000493111,0.002465557
7/26/2018 13:10,DOWN,1.17116,1.17314,1.16853,1.16913,-0.000350627,0.000614715,0.003073575
7/26/2018 14:31,DOWN,1.16911,1.17001,1.16535,1.16535,-0.000814874,0.00065475,0.003273749
7/27/2018 6:29,DOWN,1.1653,1.16681,1.16369,1.16375,-0.000721544,0.00043184,0.002159202
7/27/2018 9:40,DOWN,1.16375,1.1658,1.16246,1.16259,-0.000404188,0.000492308,0.002461538
7/27/2018 13:40,UP,1.16259,1.16571,1.16202,1.16563,0.000626467,0.000529452,0.002647259
7/30/2018 9:08,UP,1.16558,1.16811,1.16457,1.16763,0.000693954,0.000420197,0.002100985
7/30/2018 13:58,UP,1.16761,1.17109,1.16746,1.17103,0.000888502,0.000494227,0.002471133
7/31/2018 7:10,UP,1.17098,1.17315,1.16992,1.17285,0.000571421,0.000425252,0.002126262
7/31/2018 11:33,UP,1.1729,1.1744,1.17094,1.17398,1.70E-05,0.000392694,0.001963469
7/31/2018 13:16,DOWN,1.17403,1.17461,1.17065,1.17069,-0.000862367,0.000562079,0.002810393
7/31/2018 17:16,DOWN,1.17068,1.17274,1.16889,1.16925,-0.000880519,0.000540824,0.002704119
8/1/2018 6:40,DOWN,1.16927,1.17031,1.1672,1.16775,-0.000119881,0.00037908,0.001895399
8/1/2018 14:57,DOWN,1.16779,1.17,1.16686,1.16736,-0.000770673,0.00040109,0.002005448
8/2/2018 4:32,DOWN,1.16744,1.1678,1.16453,1.16469,-0.000652321,0.000360166,0.001800832
8/2/2018 8:15,DOWN,1.16474,1.16542,1.1618,1.16212,-0.001126615,0.000491697,0.002458486
8/2/2018 17:39,DOWN,1.16205,1.16323,1.15978,1.15992,-0.000370647,0.000422046,0.002110231
8/3/2018 7:56,DOWN,1.15997,1.16028,1.15676,1.15693,-0.0011403,0.000541974,0.002709871
8/3/2018 11:38,UP,1.15697,1.16108,1.15614,1.16054,0.000655082,0.000562019,0.002810094
8/3/2018 13:32,DOWN,1.16048,1.161,1.15651,1.15658,-0.001278817,0.000619635,0.003098175
8/3/2018 16:02,UP,1.15655,1.16037,1.15601,1.15988,0.000206939,0.000525039,0.002625193
8/3/2018 20:57,DOWN,1.15984,1.15997,1.15636,1.15678,-0.000466704,0.000513263,0.002566317
8/6/2018 11:00,DOWN,1.15664,1.15704,1.153,1.15371,-0.000519926,0.000524505,0.002622523
8/6/2018 15:26,UP,1.15377,1.15664,1.15307,1.15658,0.000579462,0.000499796,0.002498979
8/7/2018 7:03,UP,1.15657,1.15839,1.15481,1.15798,0.000500998,0.000429294,0.00214647
8/7/2018 11:17,UP,1.15801,1.16005,1.1569,1.15964,0.000293237,0.00039831,0.001991552
8/8/2018 1:37,UP,1.15968,1.16085,1.1582,1.16074,0.000499806,0.000353211,0.001766054
8/8/2018 8:22,DOWN,1.1608,1.16285,1.15864,1.15872,-0.001379882,0.000563651,0.002818255
8/8/2018 17:56,UP,1.15873,1.16092,1.1573,1.16069,0.000508448,0.000440297,0.002201485
8/9/2018 7:21,DOWN,1.1607,1.162,1.15873,1.1589,-0.000534847,0.00050087,0.002504348
8/9/2018 15:13,DOWN,1.15885,1.16075,1.15645,1.15669,-0.000501305,0.000512518,0.002562591
8/9/2018 19:24,DOWN,1.15673,1.15743,1.15354,1.15369,-0.000467954,0.000538047,0.002690233
8/10/2018 5:12,DOWN,1.15369,1.15398,1.14755,1.14845,-0.003086355,0.000880563,0.004402817
8/10/2018 13:03,DOWN,1.14839,1.14848,1.14319,1.1444,-0.000506687,0.000701661,0.003508304
8/10/2018 15:56,DOWN,1.14434,1.14492,1.13991,1.14032,-0.001051783,0.000735434,0.003677171
8/13/2018 4:35,DOWN,1.14032,1.1428,1.13678,1.13758,-0.000536082,0.000699368,0.003496841
8/13/2018 12:26,UP,1.13758,1.14135,1.13649,1.14085,0.000868151,0.000692544,0.003462722
8/13/2018 16:03,DOWN,1.14086,1.14332,1.13924,1.13929,-0.001271913,0.000652034,0.003260168
8/14/2018 6:20,UP,1.13923,1.14252,1.13852,1.14239,0.000937072,0.000532355,0.002661776
8/14/2018 8:49,DOWN,1.14234,1.14296,1.13911,1.13911,-0.000947659,0.000543069,0.002715346
8/14/2018 13:48,DOWN,1.13906,1.14186,1.13798,1.13858,-0.000614612,0.000465085,0.002325424
8/14/2018 15:58,DOWN,1.1386,1.13881,1.13439,1.13481,-0.000713521,0.000561806,0.00280903
8/15/2018 3:29,DOWN,1.13486,1.1353,1.13196,1.13251,-0.000150098,0.000403656,0.00201828
8/15/2018 10:55,DOWN,1.13257,1.13466,1.13102,1.13137,-0.000547858,0.000441405,0.002207026
8/15/2018 16:26,UP,1.13133,1.1343,1.13009,1.13404,0.000838064,0.00052955,0.002647751
8/16/2018 1:42,UP,1.134,1.13777,1.13349,1.13697,0.000800693,0.000534167,0.002670834
8/16/2018 16:50,DOWN,1.13697,1.14094,1.13571,1.13594,-0.000844758,0.000696836,0.003484182
8/17/2018 6:25,UP,1.13593,1.13892,1.13474,1.13831,0.000685461,0.000538848,0.002694242
8/17/2018 10:11,DOWN,1.13832,1.14197,1.13739,1.13781,-0.000298775,0.000583043,0.002915217
8/17/2018 13:52,UP,1.1378,1.14171,1.13752,1.14171,0.0008149,0.000554472,0.002772361
8/17/2018 18:46,UP,1.14175,1.14421,1.14009,1.14371,0.000699723,0.000519539,0.002597693
8/20/2018 6:01,DOWN,1.14376,1.14451,1.14157,1.1417,-0.000700464,0.000392874,0.001964368
8/20/2018 13:29,UP,1.1417,1.14365,1.13942,1.14363,0.001233677,0.000482659,0.002413296
8/20/2018 18:37,UP,1.14364,1.14638,1.14261,1.14631,0.000191939,0.000511821,0.002559104
8/20/2018 22:52,UP,1.14631,1.1492,1.14631,1.14914,0.000165355,0.000482562,0.00241281
8/21/2018 4:42,UP,1.14914,1.15427,1.14854,1.15299,0.000381689,0.000666031,0.003330155
8/21/2018 12:17,DOWN,1.15298,1.15403,1.14954,1.14954,-0.001217137,0.000674457,0.003372284
8/21/2018 15:54,UP,1.1496,1.15389,1.14918,1.15344,0.000372867,0.000617989,0.003089946
8/21/2018 17:45,UP,1.15339,1.15937,1.15277,1.15853,0.001399302,0.000712386,0.003561931
8/22/2018 6:25,DOWN,1.15853,1.16016,1.15608,1.15626,-0.001080488,0.000498213,0.002491067
8/22/2018 9:56,UP,1.15626,1.15965,1.15532,1.15956,0.000224248,0.000637936,0.003189679
8/22/2018 17:18,DOWN,1.15951,1.16231,1.15839,1.15869,-0.000474561,0.000564961,0.002824806
8/23/2018 0:34,DOWN,1.1587,1.16198,1.15696,1.15728,-0.000276472,0.00065329,0.003266451
8/23/2018 18:27,DOWN,1.1573,1.1591,1.15307,1.15407,-0.00024259,0.000797875,0.003989377
8/24/2018 5:37,UP,1.15405,1.15801,1.15299,1.15793,0.001166554,0.000644007,0.003220033
8/24/2018 11:52,UP,1.15797,1.1598,1.15551,1.15921,0.000465943,0.000524186,0.002620929
8/24/2018 14:06,UP,1.15915,1.1634,1.15812,1.16256,0.001179129,0.00058012,0.002900599
8/26/2018 23:57,UP,1.16249,1.16535,1.16018,1.16535,0.001915421,0.000719063,0.003595313
8/27/2018 6:19,DOWN,1.16527,1.16538,1.16089,1.16095,-0.001015893,0.000631664,0.003158318
8/27/2018 12:15,UP,1.16096,1.16361,1.15944,1.16352,0.000670604,0.000567004,0.002835021
8/27/2018 14:59,UP,1.1636,1.16745,1.16331,1.16698,0.000600019,0.000505757,0.002528783
8/28/2018 5:16,DOWN,1.16698,1.16973,1.16646,1.16653,-0.00075409,0.000459408,0.002297038
8/28/2018 9:49,UP,1.16655,1.17004,1.16624,1.16966,0.000256518,0.00048843,0.00244215
8/28/2018 18:58,DOWN,1.16964,1.17338,1.16905,1.16936,-0.000359106,0.000512457,0.002562283
8/29/2018 6:59,DOWN,1.16931,1.16997,1.16666,1.16687,-0.000222793,0.00042466,0.0021233
8/29/2018 14:00,UP,1.16674,1.16923,1.16517,1.16902,0.001540938,0.00057554,0.002877698
8/30/2018 8:32,DOWN,1.16901,1.17184,1.16749,1.16817,-0.000753031,0.000505794,0.00252897
8/30/2018 13:05,DOWN,1.16826,1.1709,1.16633,1.16633,-0.001858808,0.000616357,0.003081784
8/31/2018 5:08,UP,1.1664,1.16907,1.16416,1.16871,0.001755611,0.000619938,0.003099688
8/31/2018 10:52,DOWN,1.16877,1.16901,1.16552,1.16582,-0.000394494,0.000479496,0.002397478
8/31/2018 15:09,DOWN,1.16583,1.167,1.16255,1.16311,-0.000292277,0.000537852,0.002689258
8/31/2018 16:23,DOWN,1.1631,1.1632,1.15871,1.15938,-0.000129371,0.000599211,0.002996055
9/3/2018 15:20,UP,1.15938,1.16281,1.15845,1.16227,-5.16E-05,0.000536461,0.002682306
9/4/2018 3:06,DOWN,1.16229,1.16256,1.15954,1.15994,-0.000137929,0.000390883,0.001954415
9/4/2018 6:36,DOWN,1.15989,1.16114,1.15747,1.15783,-0.001173922,0.00049957,0.002497852
9/4/2018 9:59,DOWN,1.15778,1.15854,1.15563,1.15565,-0.00046716,0.000443484,0.002217421
9/4/2018 16:41,UP,1.15564,1.15779,1.153,1.15742,0.000691431,0.000608709,0.003043544
9/5/2018 2:33,UP,1.15743,1.16069,1.15728,1.16064,0.00079298,0.000535029,0.002675145
9/5/2018 6:28,DOWN,1.16059,1.16085,1.15713,1.1572,-0.001027816,0.000564924,0.002824621
9/5/2018 9:22,UP,1.15718,1.1593,1.15423,1.15868,0.001157158,0.000617969,0.003089843
9/5/2018 13:13,UP,1.15861,1.16188,1.15674,1.16139,0.000783851,0.000674085,0.003370425
9/6/2018 0:08,UP,1.16138,1.16486,1.16053,1.16446,0.001005263,0.000571291,0.002856455
9/6/2018 6:03,DOWN,1.1644,1.16594,1.16145,1.16176,-0.000499118,0.000511606,0.002558031
9/6/2018 12:26,UP,1.16181,1.16499,1.16137,1.16469,0.000618381,0.000463999,0.002319995
9/7/2018 3:21,DOWN,1.16469,1.16551,1.16052,1.16195,-9.47E-05,0.000465673,0.002328364
9/7/2018 8:32,UP,1.16196,1.16495,1.16137,1.16464,0.000309156,0.000461799,0.002308995
9/7/2018 11:29,DOWN,1.16465,1.16497,1.15998,1.16082,-0.000800837,0.000558496,0.002792478
9/7/2018 13:00,DOWN,1.16084,1.16233,1.15629,1.15653,-0.001175241,0.000834774,0.004173872
9/10/2018 0:45,DOWN,1.15648,1.15937,1.15504,1.15559,-0.000294179,0.000520202,0.002601011
9/10/2018 8:49,UP,1.15553,1.15701,1.15255,1.15695,0.000285273,0.000663556,0.003317778
9/10/2018 13:11,UP,1.157,1.16166,1.15665,1.16124,0.000353133,0.000660614,0.00330307
9/11/2018 1:08,DOWN,1.16118,1.16132,1.1585,1.15861,-0.000647118,0.000452523,0.002262613
9/11/2018 6:04,UP,1.15867,1.16183,1.15775,1.16123,0.000353136,0.000452345,0.002261724
9/11/2018 9:08,DOWN,1.16117,1.16442,1.16053,1.16096,-0.000551116,0.000552969,0.002764843
9/11/2018 12:04,DOWN,1.16091,1.16124,1.15695,1.15717,-0.001286796,0.000597039,0.002985195
9/11/2018 21:15,UP,1.15722,1.16133,1.15655,1.16044,0.000103414,0.000535701,0.002678505
9/12/2018 14:02,UP,1.16048,1.16181,1.15699,1.16158,0.001706029,0.000669314,0.003346572
9/13/2018 8:59,DOWN,1.16153,1.165,1.16111,1.16146,-0.000327121,0.000515092,0.002575458
9/13/2018 12:44,UP,1.16151,1.16736,1.1609,1.16722,0.001878015,0.000834079,0.004170394
9/14/2018 6:26,UP,1.16719,1.17016,1.16667,1.16986,0.000521566,0.00047139,0.002356949
9/14/2018 11:55,DOWN,1.16987,1.17218,1.16881,1.16929,-0.000316381,0.000439283,0.002196416
9/14/2018 14:01,DOWN,1.16929,1.17057,1.166,1.16667,-0.000162843,0.000479791,0.002398953
9/14/2018 16:22,DOWN,1.16669,1.16719,1.16306,1.16313,-0.001314552,0.000604138,0.003020692
9/17/2018 8:33,UP,1.16313,1.16599,1.16178,1.16598,0.001055463,0.000520772,0.002603858
9/17/2018 12:39,UP,1.166,1.16813,1.16472,1.16778,0.000659588,0.00050696,0.002534799
9/17/2018 23:21,DOWN,1.16773,1.16984,1.16677,1.16695,-0.000933623,0.000411632,0.002058161
9/18/2018 3:16,UP,1.16696,1.17001,1.16666,1.16959,0.000709902,0.000450063,0.002250316
9/18/2018 7:43,DOWN,1.16966,1.1718,1.16753,1.16755,-0.0008818,0.000561537,0.002807686
9/18/2018 13:02,UP,1.16761,1.17246,1.1672,1.1722,0.001177967,0.000711596,0.00355798
9/18/2018 15:23,DOWN,1.17225,1.17239,1.1685,1.16854,-0.000462008,0.000599069,0.002995344
9/19/2018 7:25,UP,1.16858,1.16961,1.16521,1.16946,0.000513189,0.000540141,0.002700704
9/19/2018 11:16,DOWN,1.16945,1.17151,1.16699,1.16762,-0.000573652,0.000525626,0.002628128
9/20/2018 3:24,UP,1.16767,1.1692,1.165,1.16833,0.000128397,0.000393941,0.001969706
9/20/2018 8:12,UP,1.16838,1.17048,1.16773,1.17005,0.000196592,0.000383019,0.001915097
9/20/2018 11:19,UP,1.17003,1.17222,1.16854,1.17222,0.000418098,0.0004707,0.002353502
9/20/2018 12:02,UP,1.17231,1.17667,1.17216,1.1765,0.001497083,0.000625801,0.003129006
9/20/2018 19:18,UP,1.1765,1.178,1.1739,1.17793,0.000517992,0.000580031,0.002900157
9/21/2018 10:31,DOWN,1.17798,1.1803,1.17617,1.17626,-0.001036648,0.000544991,0.002724957
9/21/2018 13:26,DOWN,1.1763,1.17706,1.17329,1.17374,-0.000860127,0.000530354,0.002651772
9/24/2018 6:13,DOWN,1.17367,1.17671,1.17319,1.17371,-0.000289638,0.000424288,0.00212144
9/24/2018 8:18,UP,1.17368,1.17602,1.1724,1.17596,0.001123118,0.000534,0.002669998
9/24/2018 13:19,UP,1.17601,1.18076,1.17495,1.18068,0.000796468,0.00076759,0.003837951
9/24/2018 15:43,DOWN,1.18074,1.18154,1.17546,1.17626,-0.001214979,0.000743235,0.003716173
9/25/2018 2:17,DOWN,1.17623,1.17758,1.17339,1.17349,-0.000758134,0.000644136,0.003220679
9/25/2018 7:59,UP,1.17347,1.17747,1.17307,1.17703,0.000212422,0.000567096,0.002835478
9/25/2018 11:29,UP,1.1771,1.17862,1.17337,1.1784,0.001511665,0.00068309,0.003415452
9/26/2018 0:57,DOWN,1.17839,1.17927,1.17581,1.17587,-0.000314611,0.000476046,0.002380231
9/26/2018 11:00,DOWN,1.17587,1.17758,1.17458,1.17492,-0.000485022,0.000332288,0.001661438
9/26/2018 13:36,DOWN,1.17496,1.17506,1.1726,1.1726,-0.0006394,0.00037683,0.001884151
9/26/2018 15:31,UP,1.17259,1.17525,1.17259,1.17525,0.00045107,0.000392916,0.00196458
9/26/2018 18:02,UP,1.1752,1.17882,1.17446,1.17816,0.001163507,0.000510677,0.002553384
9/26/2018 18:39,DOWN,1.17826,1.1798,1.17399,1.17488,-0.001071875,0.000612451,0.003062253
9/27/2018 5:14,DOWN,1.17491,1.17716,1.17144,1.17187,-0.00213107,0.000762603,0.003813016
9/27/2018 12:47,DOWN,1.17187,1.17206,1.16776,1.16839,-0.000744337,0.00058535,0.002926751
9/27/2018 18:22,DOWN,1.16843,1.16967,1.16534,1.16581,-0.00056597,0.000530547,0.002652737
9/28/2018 6:35,DOWN,1.16584,1.16625,1.16275,1.16282,-0.000584614,0.00047411,0.002370551
9/28/2018 9:18,DOWN,1.16281,1.1632,1.16009,1.16033,-0.000525574,0.000415929,0.002079643
9/28/2018 12:14,DOWN,1.16028,1.1606,1.15697,1.15745,-0.000760003,0.000493471,0.002467354
9/28/2018 14:55,UP,1.15743,1.16069,1.15717,1.16069,0.001137902,0.000523884,0.00261942
10/1/2018 3:37,DOWN,1.16063,1.16296,1.15934,1.15978,-0.000215535,0.000456183,0.002280917
10/1/2018 8:59,UP,1.15974,1.16065,1.15738,1.16062,0.000655037,0.000441856,0.002209279
10/1/2018 14:51,DOWN,1.16057,1.16249,1.1573,1.15771,-0.00051813,0.000642903,0.003214513
10/2/2018 5:46,DOWN,1.15771,1.15899,1.1552,1.15521,-0.000553858,0.000501979,0.002509894
10/2/2018 8:50,DOWN,1.15526,1.15542,1.15161,1.15162,-0.000763849,0.000514065,0.002570326
10/2/2018 12:12,UP,1.15168,1.15464,1.15051,1.15434,0.00105744,0.000517922,0.00258961
10/3/2018 2:06,UP,1.1544,1.15848,1.15289,1.15799,0.001175139,0.000724253,0.003621263
10/3/2018 10:25,DOWN,1.15804,1.1594,1.15546,1.15593,-0.000259498,0.000476636,0.002383181
10/3/2018 12:58,DOWN,1.15598,1.1563,1.1528,1.15317,-0.000303465,0.000473169,0.002365844
10/3/2018 17:00,DOWN,1.15317,1.15469,1.15123,1.15144,-0.00039942,0.000524652,0.002623262
10/3/2018 20:54,DOWN,1.15149,1.15258,1.14642,1.14781,-0.001375588,0.000694219,0.003471093
10/4/2018 8:05,UP,1.1477,1.14996,1.14633,1.14969,0.000609045,0.000498095,0.002490474
10/4/2018 13:33,UP,1.1497,1.15272,1.14814,1.15203,0.000877098,0.00054174,0.002708698
10/4/2018 16:36,DOWN,1.15202,1.15428,1.14989,1.15031,-0.000252074,0.000478535,0.002392676
10/5/2018 9:09,DOWN,1.1503,1.152,1.14884,1.14892,-0.00055689,0.000430734,0.002153668
10/5/2018 13:03,UP,1.14891,1.15386,1.14839,1.15284,0.000208203,0.000663194,0.003315972
10/5/2018 16:04,DOWN,1.15289,1.15501,1.14978,1.15031,-0.000321601,0.000524297,0.002621484
10/8/2018 6:45,DOWN,1.15036,1.1533,1.14988,1.15028,-0.000356371,0.000391015,0.001955073
10/8/2018 8:44,DOWN,1.15021,1.15055,1.14753,1.14796,-0.000339675,0.00039118,0.001955899
10/8/2018 18:28,UP,1.14795,1.14922,1.14598,1.1491,0.000113138,0.000448172,0.002240858
10/9/2018 7:26,DOWN,1.14916,1.1503,1.14652,1.14707,-0.00067105,0.000473366,0.002366831
10/9/2018 10:06,DOWN,1.14712,1.14809,1.14438,1.14478,-0.000253292,0.000526817,0.002634087
10/9/2018 14:21,UP,1.14473,1.14786,1.14321,1.14775,0.002014661,0.000628541,0.003142705
10/9/2018 18:37,UP,1.14774,1.14986,1.14645,1.1498,0.000504563,0.00046517,0.002325848
10/10/2018 9:02,DOWN,1.14975,1.15158,1.1481,1.14868,-0.000217617,0.00043573,0.00217865
10/10/2018 13:09,UP,1.14869,1.1513,1.14797,1.15126,0.000677748,0.000472664,0.00236332
10/10/2018 15:58,UP,1.15126,1.15434,1.15074,1.15396,0.000355361,0.000487845,0.002439223
10/11/2018 1:55,UP,1.15392,1.15595,1.15143,1.15545,0.001715088,0.000594417,0.002972084
10/11/2018 10:31,UP,1.15552,1.15751,1.15351,1.15708,5.19E-05,0.000514532,0.00257266
10/11/2018 14:08,DOWN,1.15708,1.15996,1.15559,1.1557,-0.000674688,0.000618356,0.003091782
10/11/2018 18:08,UP,1.15574,1.15887,1.15453,1.15872,0.000500678,0.000587667,0.002938335
10/12/2018 10:19,DOWN,1.15874,1.16107,1.15755,1.15784,-0.000198626,0.000444612,0.00222306
10/12/2018 13:00,DOWN,1.15785,1.15869,1.15523,1.15554,-0.000596945,0.000506617,0.002533087
10/15/2018 7:16,UP,1.15559,1.15706,1.15342,1.15705,0.000510048,0.000484315,0.002421573
10/15/2018 9:54,UP,1.15696,1.15925,1.15574,1.15903,0.000371069,0.000500945,0.002504727
10/15/2018 18:11,DOWN,1.15908,1.16066,1.15752,1.15782,-9.50E-05,0.000449231,0.002246157
10/16/2018 13:07,UP,1.15782,1.16108,1.15659,1.16071,0.001715939,0.00060223,0.003011152
10/16/2018 14:54,DOWN,1.16076,1.16213,1.15735,1.15791,-0.00017271,0.000595706,0.002978528
10/17/2018 2:26,DOWN,1.15796,1.15948,1.15616,1.15648,-0.000605102,0.000463317,0.002316584
10/17/2018 11:21,DOWN,1.15647,1.15781,1.1531,1.15357,-0.000771221,0.000561476,0.002807378
10/17/2018 18:21,DOWN,1.1535,1.15474,1.15088,1.1509,-0.000616718,0.000444573,0.002222864
10/18/2018 6:09,DOWN,1.15098,1.15209,1.1486,1.14882,-0.000591737,0.000380496,0.001902478
10/18/2018 7:43,UP,1.14876,1.15098,1.14815,1.15076,0.000556309,0.000402322,0.002011608
10/18/2018 13:16,DOWN,1.15082,1.15275,1.14895,1.14922,-0.000895859,0.000410212,0.002051059
10/18/2018 16:34,DOWN,1.14917,1.15184,1.14723,1.14783,-0.000400676,0.000584953,0.002924767
10/19/2018 7:08,DOWN,1.14784,1.14784,1.14444,1.14465,-0.001152527,0.000457701,0.002288504
10/19/2018 11:11,UP,1.14456,1.14702,1.14328,1.1467,0.000183151,0.000497567,0.002487833
10/19/2018 15:14,UP,1.14664,1.14998,1.14573,1.14991,0.000330515,0.000614874,0.003074371
10/19/2018 16:48,UP,1.14986,1.15349,1.14855,1.15321,0.001509971,0.000722994,0.003614972
10/22/2018 6:57,UP,1.1532,1.15452,1.1498,1.15446,0.000771221,0.000617838,0.00308919
10/22/2018 9:11,DOWN,1.15445,1.15502,1.151,1.15111,-0.000399534,0.00059399,0.002969952
10/22/2018 13:09,DOWN,1.15104,1.1515,1.14726,1.14788,-0.000801156,0.000484836,0.002424179
10/23/2018 3:20,DOWN,1.14786,1.14835,1.14532,1.1455,-0.000663246,0.000416219,0.002081097
10/23/2018 9:10,UP,1.14544,1.14745,1.14391,1.14707,0.000453432,0.000455874,0.002279369
10/23/2018 11:25,DOWN,1.14712,1.14862,1.14555,1.14577,-0.000584589,0.00044169,0.002208451
10/23/2018 17:22,UP,1.14579,1.14939,1.14489,1.1485,9.58E-05,0.000495605,0.002478027
10/24/2018 6:15,DOWN,1.14848,1.14858,1.14551,1.14552,-0.001203968,0.00050326,0.0025163
10/24/2018 7:44,DOWN,1.14551,1.14768,1.14231,1.14293,-0.001040642,0.000676453,0.003382264
10/24/2018 11:29,DOWN,1.14298,1.14363,1.1394,1.14009,-0.000596266,0.000542992,0.002714959
10/25/2018 1:45,UP,1.14017,1.14108,1.13787,1.1409,0.000289287,0.000388171,0.001940856
10/25/2018 12:37,UP,1.14096,1.14288,1.13949,1.14202,0.000472958,0.000373034,0.001865171
10/25/2018 13:31,DOWN,1.14202,1.14329,1.13857,1.13863,-0.002026699,0.000738037,0.003690185
10/26/2018 5:17,DOWN,1.13858,1.13893,1.13561,1.13649,8.80E-06,0.000371797,0.001858983
10/26/2018 11:08,DOWN,1.13654,1.13839,1.13404,1.13479,-0.000264331,0.000532778,0.002663891
10/26/2018 14:32,UP,1.13477,1.13771,1.13356,1.13762,0.001266602,0.000517266,0.00258633
10/26/2018 16:11,UP,1.13759,1.14041,1.13681,1.14027,0.000394721,0.000555927,0.002779635
10/29/2018 9:03,DOWN,1.14022,1.14211,1.13769,1.13807,-0.000465592,0.000544818,0.002724091
10/29/2018 10:26,UP,1.1381,1.14161,1.13606,1.14144,0.000429374,0.000782976,0.003914882
10/29/2018 13:45,DOWN,1.14149,1.14168,1.13709,1.13728,-0.000685612,0.000707517,0.003537583
10/30/2018 7:34,DOWN,1.13732,1.14005,1.13642,1.13649,-0.000958634,0.000539887,0.002699436
10/30/2018 11:42,DOWN,1.13643,1.13802,1.1346,1.1348,-0.000229089,0.000493187,0.002465934
10/30/2018 13:50,UP,1.13476,1.13821,1.13455,1.13756,0.000193415,0.000456534,0.002282671
10/30/2018 17:03,DOWN,1.13756,1.13808,1.13499,1.13504,-0.000502059,0.000440336,0.002201679
10/31/2018 13:03,DOWN,1.13511,1.13602,1.13195,1.13206,-0.001280031,0.000524075,0.002620375
11/1/2018 2:19,UP,1.13205,1.13473,1.13019,1.13367,0.000132322,0.000524203,0.002621016
11/1/2018 8:29,UP,1.13366,1.13732,1.1334,1.13679,0.000140757,0.000513875,0.002569376
11/1/2018 12:23,UP,1.1368,1.14042,1.13672,1.14013,0.000271936,0.000552489,0.002762447
11/1/2018 17:30,UP,1.14013,1.14244,1.13849,1.14239,0.001217488,0.000593807,0.002969034
11/2/2018 7:11,UP,1.14234,1.1441,1.13911,1.14371,0.001207328,0.00057792,0.002889598
11/2/2018 13:00,DOWN,1.14377,1.14561,1.14106,1.14181,-0.000726652,0.000575901,0.002879506
11/2/2018 15:53,DOWN,1.14179,1.14314,1.1383,1.13841,-0.000851703,0.000753252,0.003766259
11/5/2018 12:56,DOWN,1.13832,1.14012,1.1353,1.13616,-0.000914945,0.000582994,0.00291497
11/5/2018 14:46,UP,1.13623,1.13972,1.13582,1.13944,0.000333553,0.000575736,0.002878678
11/6/2018 9:08,UP,1.13945,1.14258,1.13902,1.14199,0.000262734,0.000440487,0.002202436
11/6/2018 13:15,UP,1.14204,1.14309,1.13913,1.14286,0.001006754,0.000522404,0.002612022
11/7/2018 0:44,UP,1.14286,1.14691,1.14059,1.14655,0.002821123,0.00082705,0.004135248
11/7/2018 2:11,DOWN,1.14647,1.14733,1.13945,1.14023,-0.00131466,0.001037765,0.005188826
11/7/2018 3:56,UP,1.14024,1.14635,1.13972,1.14629,0.001344368,0.001057973,0.005289865
11/7/2018 9:28,UP,1.14629,1.14885,1.14308,1.14875,0.000618254,0.000818561,0.004092803
11/7/2018 16:57,DOWN,1.1488,1.15002,1.14599,1.14599,-0.000331536,0.00061944,0.0030972
11/8/2018 2:52,DOWN,1.14604,1.1468,1.14245,1.14257,-0.000490003,0.000563126,0.002815632
11/8/2018 11:37,DOWN,1.14258,1.1445,1.14039,1.14069,-0.00064852,0.0005776,0.002888001
11/8/2018 14:34,UP,1.14067,1.14408,1.14067,1.14361,0.000507295,0.000504423,0.002522116
11/8/2018 17:44,DOWN,1.14362,1.14469,1.13993,1.14007,-0.000981914,0.000598854,0.002994272
11/9/2018 1:37,DOWN,1.14005,1.14106,1.13514,1.13615,-0.000387198,0.000685955,0.003429777
11/9/2018 17:08,DOWN,1.13609,1.13637,1.13161,1.13219,-0.001050508,0.00060402,0.003020099
11/12/2018 6:39,DOWN,1.13219,1.13401,1.13012,1.13013,-0.000628049,0.000517456,0.002587279
11/12/2018 8:00,DOWN,1.13018,1.13022,1.12583,1.126,-0.001260307,0.000695777,0.003478884
11/12/2018 18:22,DOWN,1.12594,1.12787,1.12401,1.12428,-8.00E-05,0.00052628,0.002631398
11/13/2018 7:07,UP,1.12422,1.12567,1.12155,1.1255,0.001404807,0.000589833,0.002949165
11/13/2018 12:50,UP,1.12545,1.12698,1.12217,1.12693,0.000674626,0.000625848,0.003129238
11/13/2018 16:26,UP,1.12693,1.12937,1.12577,1.12931,0.00050486,0.000503294,0.00251647
11/13/2018 18:56,DOWN,1.12926,1.12939,1.12559,1.1259,-0.00071029,0.000497991,0.002489955
11/13/2018 22:35,UP,1.12595,1.12925,1.12525,1.12923,0.000327711,0.000542767,0.002713836
11/14/2018 9:18,DOWN,1.12924,1.13209,1.12761,1.12774,-0.000593932,0.000568876,0.002844382
11/14/2018 13:10,UP,1.12779,1.12984,1.12632,1.12977,0.001009564,0.000571001,0.002855005
11/14/2018 14:57,UP,1.12982,1.13492,1.12841,1.1335,0.001827872,0.00077912,0.003895601
11/14/2018 17:41,DOWN,1.13356,1.13405,1.12829,1.12829,-0.002628844,0.000906251,0.004531257
11/15/2018 4:29,UP,1.1284,1.13448,1.1276,1.13347,0.000670732,0.000831463,0.004157317
11/15/2018 9:49,DOWN,1.13347,1.13519,1.13,1.13,-0.000955296,0.000766472,0.00383236
11/15/2018 15:17,UP,1.12995,1.13186,1.12703,1.13115,0.000672108,0.000545433,0.002727163
11/15/2018 19:33,UP,1.13114,1.13612,1.13069,1.13606,0.002432405,0.000839622,0.004198112
11/16/2018 13:52,UP,1.13606,1.13808,1.13214,1.13799,0.001662204,0.000759591,0.003797956
11/16/2018 17:37,UP,1.13804,1.142,1.13778,1.14157,5.26E-05,0.000606038,0.003030189
11/19/2018 10:31,UP,1.14162,1.14295,1.13938,1.14261,0.000297609,0.000476583,0.002382917
11/19/2018 15:30,UP,1.14258,1.14633,1.14149,1.14632,0.001265718,0.000660176,0.003300879
11/20/2018 8:17,UP,1.14639,1.14724,1.14413,1.14712,0.000549352,0.000430478,0.002152392
11/20/2018 8:57,DOWN,1.14717,1.14725,1.14286,1.14319,-0.001057882,0.00061551,0.00307755
11/20/2018 14:03,DOWN,1.14326,1.14398,1.14024,1.14056,-0.000613545,0.00054661,0.002733049
11/20/2018 18:08,DOWN,1.14051,1.14136,1.1365,1.1367,-0.001055131,0.000605743,0.003028715
11/21/2018 7:09,UP,1.13676,1.14011,1.13586,1.13935,0.000289681,0.000495271,0.002476357
11/21/2018 13:43,UP,1.13934,1.1425,1.13669,1.1416,0.000332922,0.000704539,0.003522694
11/22/2018 10:18,UP,1.14159,1.14192,1.13802,1.1418,0.001402279,0.000607614,0.003038072
11/23/2018 8:32,DOWN,1.14186,1.14345,1.13796,1.13852,-0.001991832,0.000636548,0.003182742
11/23/2018 11:16,DOWN,1.13841,1.13856,1.13431,1.13459,-0.000255566,0.000670653,0.003353267
11/23/2018 19:58,DOWN,1.13459,1.13605,1.13271,1.13289,-0.000114744,0.000496203,0.002481014
11/26/2018 6:59,UP,1.13288,1.13546,1.13263,1.13529,0.000748988,0.000415256,0.002076278
11/26/2018 9:34,UP,1.13521,1.1384,1.13504,1.13795,0.000413109,0.000467922,0.002339612
11/26/2018 14:57,DOWN,1.13797,1.13821,1.13494,1.13533,-0.000413891,0.000433804,0.002169022
11/26/2018 18:41,DOWN,1.13527,1.13574,1.13254,1.13296,-8.83E-05,0.000456677,0.002283385
11/27/2018 8:13,DOWN,1.13296,1.1344,1.13052,1.13059,-0.000795728,0.000557576,0.00278788
11/27/2018 13:24,UP,1.13053,1.13349,1.1305,1.13343,0.000352973,0.000497762,0.00248881
11/27/2018 15:14,DOWN,1.13344,1.13368,1.1291,1.12954,-0.000398313,0.00061786,0.003089301
11/28/2018 8:10,DOWN,1.12959,1.13106,1.12758,1.12778,-0.000407798,0.000447278,0.002236392
11/28/2018 17:00,UP,1.12779,1.13102,1.1267,1.13055,0.001832645,0.000605812,0.003029062
11/28/2018 18:07,UP,1.13043,1.13704,1.13026,1.13566,0.00077518,0.000898633,0.004493166
11/29/2018 10:45,DOWN,1.13562,1.13978,1.13554,1.13573,-0.001047236,0.000605243,0.003026214
11/29/2018 13:04,UP,1.13572,1.13949,1.13486,1.13903,0.000114139,0.000620466,0.003102329
11/30/2018 10:24,DOWN,1.13899,1.1402,1.13572,1.13642,-0.000387106,0.000534579,0.002672893
11/30/2018 14:49,DOWN,1.13638,1.13797,1.13321,1.13368,-0.00057319,0.000624359,0.003121796
11/30/2018 18:23,DOWN,1.13371,1.13449,1.13054,1.13088,-0.000415519,0.000542028,0.002710141
12/3/2018 2:42,UP,1.13082,1.13535,1.13062,1.13528,0.000907677,0.000774938,0.003874691
12/3/2018 11:09,DOWN,1.13534,1.138,1.1324,1.13269,-0.001217597,0.000720067,0.003600335
12/4/2018 1:42,UP,1.13263,1.13641,1.13191,1.13633,0.000845182,0.000625591,0.003127957
12/4/2018 9:41,UP,1.13625,1.14132,1.13616,1.14118,0.001499573,0.00066938,0.0033469
12/4/2018 15:23,DOWN,1.14126,1.1419,1.13797,1.13802,-0.000544658,0.000577914,0.002889571
12/4/2018 16:44,DOWN,1.13809,1.1382,1.13457,1.1348,-0.000405276,0.000565919,0.002829593
12/5/2018 5:09,DOWN,1.13486,1.13522,1.13184,1.13226,-0.000582735,0.000409574,0.002047872
12/5/2018 10:11,UP,1.13225,1.13449,1.13167,1.13444,0.000476119,0.000400354,0.002001772
12/6/2018 1:03,UP,1.13444,1.13616,1.13105,1.13494,0.00011455,0.000372408,0.00186204
12/6/2018 13:15,UP,1.13495,1.13666,1.13208,1.13666,0.001567219,0.000588215,0.002941076
12/6/2018 15:04,UP,1.13667,1.14003,1.13564,1.13966,0.000272048,0.000595864,0.00297932
12/6/2018 16:30,DOWN,1.13966,1.14128,1.13672,1.13686,-0.000571587,0.000610002,0.003050009
12/7/2018 18:25,UP,1.13686,1.14144,1.13575,1.14032,0.000631601,0.000615628,0.003078142
12/10/2018 1:54,UP,1.14026,1.14398,1.13903,1.14352,0.000638584,0.00062207,0.00311035
12/10/2018 10:49,DOWN,1.14351,1.14402,1.14017,1.14033,-0.000832745,0.000561379,0.002806897
12/10/2018 16:00,DOWN,1.14034,1.14284,1.13719,1.13747,-0.001712863,0.000656639,0.003283196
12/11/2018 8:33,UP,1.13745,1.13842,1.13503,1.13839,0.000993123,0.000453065,0.002265323
12/11/2018 14:11,DOWN,1.13833,1.14004,1.13609,1.13669,-0.00042219,0.000467348,0.002336738
12/11/2018 15:29,DOWN,1.13665,1.13681,1.13262,1.13285,-0.00097935,0.000639192,0.003195959
12/12/2018 6:52,UP,1.13286,1.13344,1.13062,1.13313,0.000194171,0.000408053,0.002040265
12/12/2018 12:49,UP,1.13314,1.13648,1.13147,1.13572,8.81E-06,0.000720717,0.003603586
12/13/2018 7:30,UP,1.13571,1.13877,1.13292,1.13758,0.000228581,0.000534941,0.002674705
12/13/2018 13:47,DOWN,1.13764,1.13938,1.13405,1.13433,-0.001374316,0.000770374,0.003851872
12/14/2018 0:01,UP,1.13437,1.13722,1.1331,1.13629,0.000211236,0.000526714,0.002633572
12/14/2018 8:36,DOWN,1.13623,1.13654,1.13231,1.13243,-0.001112033,0.000592338,0.002961689
12/14/2018 10:01,DOWN,1.13244,1.13256,1.12867,1.12896,-0.000221418,0.000572283,0.002861415
12/14/2018 16:53,UP,1.12893,1.13072,1.12698,1.12993,0.00047802,0.000502139,0.002510697
12/17/2018 8:04,UP,1.13001,1.13231,1.12951,1.13164,0.000141398,0.000307043,0.001535213
12/17/2018 10:10,UP,1.13163,1.13432,1.13108,1.13413,0.000979203,0.000437564,0.00218782
12/18/2018 1:48,UP,1.13406,1.13603,1.13299,1.13595,0.000801413,0.000437974,0.002189868
12/18/2018 8:25,UP,1.13588,1.13707,1.13368,1.13693,0.000501476,0.000477725,0.002388623
12/18/2018 11:18,UP,1.13692,1.14003,1.13637,1.13993,0.000254434,0.000492049,0.002460245
12/18/2018 14:25,DOWN,1.13993,1.14026,1.13693,1.13697,-0.000149509,0.000513304,0.002566522
12/19/2018 2:31,UP,1.13703,1.13869,1.135,1.13858,0.000456814,0.000511617,0.002558084
12/19/2018 14:33,UP,1.1386,1.1418,1.13782,1.14168,0.000639613,0.000524098,0.002620492
12/19/2018 19:17,DOWN,1.14173,1.14397,1.13828,1.13887,-0.00060568,0.000822175,0.004110873
12/20/2018 7:04,UP,1.13896,1.14102,1.13641,1.14082,0.000894494,0.00059403,0.002970149
12/20/2018 9:20,UP,1.14082,1.1461,1.1406,1.14588,0.001196303,0.000709643,0.003548215
12/20/2018 15:08,DOWN,1.14587,1.14858,1.14381,1.14393,-0.00071657,0.000696221,0.003481106
12/20/2018 17:16,UP,1.14382,1.14545,1.1402,1.1453,0.001380504,0.000753296,0.003766482
12/20/2018 22:28,DOWN,1.14523,1.14854,1.14444,1.14469,-0.000742284,0.000614722,0.003073611
12/21/2018 8:21,UP,1.14483,1.14741,1.14415,1.14741,0.000305081,0.000464217,0.002321084
12/21/2018 9:04,DOWN,1.14741,1.14741,1.14318,1.14327,-0.002123227,0.000714461,0.003572304
12/21/2018 15:28,DOWN,1.14335,1.14355,1.13825,1.13904,-0.001061734,0.000676252,0.003381262
12/21/2018 18:05,DOWN,1.13912,1.14216,1.13785,1.13801,-0.001141693,0.000625843,0.003129217
12/24/2018 3:18,UP,1.13802,1.13921,1.13559,1.13907,0.000447834,0.000550238,0.00275119
12/24/2018 13:19,UP,1.13906,1.14123,1.13741,1.1408,0.000210401,0.000516281,0.002581405
12/24/2018 19:04,DOWN,1.14074,1.14389,1.13993,1.14059,-0.000797515,0.000535898,0.002679492
12/26/2018 11:56,DOWN,1.14058,1.1421,1.1381,1.13837,-0.000351318,0.000578012,0.00289006
12/26/2018 17:41,DOWN,1.13845,1.14144,1.1369,1.1369,-0.001617128,0.000678059,0.003390294
12/27/2018 2:18,UP,1.13698,1.13842,1.13425,1.13836,0.000729385,0.000550334,0.002751672
12/27/2018 11:35,UP,1.13836,1.14098,1.13715,1.14069,0.000798081,0.000568679,0.002843395
12/27/2018 14:59,UP,1.14068,1.14344,1.13642,1.14318,0.002741732,0.000868396,0.00434198
12/27/2018 18:52,UP,1.14318,1.14499,1.13976,1.14484,0.000541707,0.000704073,0.003520365
12/28/2018 6:56,UP,1.14484,1.14671,1.14264,1.14589,0.000418976,0.000504394,0.00252197
12/28/2018 17:43,DOWN,1.14588,1.14732,1.14301,1.14346,-0.000402207,0.000622401,0.003112004
12/31/2018 11:29,UP,1.14351,1.14634,1.14214,1.14621,0.001047477,0.000594317,0.002971584
12/31/2018 15:38,DOWN,1.1462,1.14661,1.14265,1.14308,-0.000314889,0.000536192,0.002680959
12/31/2018 21:58,UP,1.143,1.14692,1.14255,1.14689,0.000846123,0.000538473,0.002692364
1/2/2019 6:12,UP,1.1467,1.14971,1.14424,1.14923,0.001262511,0.000702353,0.003511765
1/2/2019 8:29,DOWN,1.14924,1.14971,1.14492,1.14538,-0.000113493,0.000670438,0.00335219
1/2/2019 12:21,DOWN,1.14532,1.14538,1.14152,1.14162,-0.001304312,0.00065247,0.00326235
1/2/2019 13:55,DOWN,1.14167,1.14204,1.13674,1.1373,-0.000545002,0.000723124,0.003615619
1/2/2019 17:23,DOWN,1.13732,1.13756,1.13418,1.13428,-0.000696235,0.000571159,0.002855795
1/3/2019 2:49,UP,1.13422,1.13635,1.13055,1.13592,0.000316974,0.000526163,0.002630817
1/3/2019 11:49,DOWN,1.13602,1.13845,1.13453,1.13453,-0.001030733,0.000535924,0.002679618
1/3/2019 15:03,UP,1.13446,1.13971,1.13374,1.13971,0.003014075,0.000882711,0.004413554
1/4/2019 9:21,UP,1.13974,1.14171,1.13819,1.1417,0.000613309,0.00046119,0.00230595
1/4/2019 13:32,DOWN,1.14171,1.14193,1.13634,1.13848,-0.001360538,0.000503123,0.002515613
1/4/2019 14:37,DOWN,1.13847,1.13913,1.13502,1.13526,-0.000510766,0.000475787,0.002378935
1/4/2019 15:31,UP,1.13534,1.14002,1.13455,1.13998,0.000903933,0.000811384,0.004056921
1/7/2019 3:51,UP,1.13999,1.14257,1.13868,1.14244,0.000402728,0.000526597,0.002632983
1/7/2019 9:21,UP,1.1425,1.14464,1.14099,1.14454,0.0006555,0.000578716,0.002893581
1/7/2019 14:15,UP,1.14453,1.1469,1.14332,1.14648,0.000645662,0.000451868,0.00225934
1/7/2019 19:37,UP,1.14646,1.14828,1.14535,1.14789,1.74E-05,0.000381915,0.001909573
1/8/2019 2:03,DOWN,1.14782,1.14849,1.14432,1.14435,-0.00127502,0.000548564,0.002742822
1/8/2019 13:54,DOWN,1.14441,1.14696,1.14225,1.14259,-0.001049694,0.000607198,0.003035992
1/8/2019 17:59,UP,1.14255,1.14556,1.14242,1.14545,0.000130961,0.000489614,0.002448069
1/9/2019 7:37,UP,1.14545,1.14698,1.14359,1.14686,0.000802512,0.000495875,0.002479374
1/9/2019 11:26,DOWN,1.14692,1.14788,1.14451,1.14475,-0.000462876,0.000421994,0.002109972
1/9/2019 14:06,UP,1.1448,1.14737,1.14388,1.14732,0.000863253,0.000444009,0.002220043
1/9/2019 14:48,UP,1.14725,1.15227,1.14652,1.15185,0.000208382,0.000806948,0.004034739
1/9/2019 19:08,UP,1.1519,1.15582,1.15085,1.15464,0.000753766,0.000525245,0.002626227
1/10/2019 3:19,UP,1.15458,1.15668,1.15297,1.15668,0.001020682,0.000547467,0.002737337
1/10/2019 8:55,DOWN,1.15663,1.15701,1.15332,1.15365,-0.000944381,0.0005581,0.002790501
1/10/2019 16:30,DOWN,1.15365,1.15455,1.15115,1.15117,-0.000885663,0.000427126,0.002135628
1/11/2019 2:43,UP,1.15124,1.15253,1.14841,1.15234,0.000512133,0.000531677,0.002658385
1/11/2019 14:19,DOWN,1.15227,1.15407,1.14876,1.14926,-0.000669772,0.000710985,0.003554923
1/13/2019 23:30,DOWN,1.1492,1.14945,1.14578,1.14602,-6.11E-05,0.00054222,0.002711101
1/15/2019 0:56,UP,1.14595,1.14824,1.14505,1.14771,0.000392162,0.000412851,0.002064257
1/15/2019 8:20,DOWN,1.14772,1.14899,1.14551,1.14586,-0.000540932,0.000395104,0.001975521
1/15/2019 9:49,DOWN,1.14581,1.14654,1.14231,1.14307,-0.00012247,0.000559945,0.002799726
1/15/2019 14:54,UP,1.14302,1.14522,1.14121,1.14465,0.000393211,0.000499846,0.002499229
1/15/2019 16:06,DOWN,1.1447,1.14551,1.14107,1.14154,-0.001593068,0.000629311,0.003146553
1/15/2019 20:23,UP,1.14153,1.14227,1.13817,1.14137,0.000368047,0.000502645,0.002513226
1/16/2019 11:19,DOWN,1.14136,1.14251,1.13914,1.13943,-0.000245707,0.000516005,0.002580025
1/16/2019 18:32,UP,1.13948,1.14109,1.13776,1.14079,0.000771693,0.000447824,0.002239118
1/17/2019 4:38,DOWN,1.1408,1.14101,1.13833,1.13857,-0.000307356,0.000334995,0.001674974
1/17/2019 9:19,UP,1.13849,1.13991,1.13712,1.13977,0.000201815,0.000409434,0.002047168
1/17/2019 15:43,DOWN,1.1398,1.14062,1.1372,1.1375,-0.001186109,0.0004785,0.0023925
1/18/2019 3:45,UP,1.13755,1.14007,1.1373,1.1396,0.000122858,0.000359212,0.00179606
1/18/2019 14:33,DOWN,1.13961,1.14104,1.13867,1.1391,-0.000307213,0.000299412,0.001497059
1/18/2019 15:48,DOWN,1.1391,1.13911,1.13603,1.13654,-0.000299109,0.00044675,0.00223375
1/21/2019 1:54,UP,1.13657,1.13776,1.13531,1.13765,0.000254944,0.000381675,0.001908374
1/21/2019 12:29,DOWN,1.13764,1.13917,1.13621,1.13627,-0.0005367,0.000339177,0.001695885
1/22/2019 6:26,DOWN,1.13634,1.13732,1.13497,1.13528,-0.000493149,0.00029129,0.001456448
1/22/2019 14:04,DOWN,1.13534,1.13675,1.13359,1.13438,-0.000299678,0.000322161,0.001610804
1/22/2019 16:05,UP,1.13438,1.1365,1.1341,1.13628,0.000228843,0.000296856,0.001484279
1/23/2019 7:00,UP,1.13632,1.13741,1.13519,1.13717,0.000351812,0.000238114,0.001190569
1/23/2019 10:03,DOWN,1.13719,1.13719,1.13533,1.1354,-0.000528309,0.000270495,0.001352477
1/23/2019 13:14,UP,1.13539,1.13701,1.13508,1.13687,7.04E-05,0.000253611,0.001268054
1/23/2019 15:40,UP,1.13687,1.13844,1.1351,1.13844,0.001696741,0.000555753,0.002778764
1/24/2019 8:16,DOWN,1.13839,1.13945,1.13394,1.13485,-0.002174134,0.000629621,0.003148107
1/24/2019 13:32,DOWN,1.13494,1.13766,1.13208,1.1321,-0.001800339,0.000727226,0.003636128
1/24/2019 14:17,UP,1.13221,1.13682,1.13062,1.13606,0.000528281,0.00075033,0.00375165
1/24/2019 16:53,DOWN,1.13601,1.1381,1.13255,1.13311,-0.000943858,0.000691768,0.003458842
1/24/2019 19:20,DOWN,1.13306,1.13313,1.12892,1.12936,-0.000575382,0.000609769,0.003048845
1/25/2019 3:36,UP,1.1293,1.13238,1.12919,1.13217,0.000176668,0.000485957,0.002429785
1/25/2019 11:32,UP,1.13223,1.13498,1.13146,1.13437,0.000608452,0.000379511,0.001897555
1/25/2019 14:31,UP,1.13437,1.13781,1.13388,1.13751,0.00081791,0.000531464,0.002657319
1/25/2019 16:55,UP,1.13758,1.1413,1.13716,1.14074,0.000210412,0.000514591,0.002572954
1/28/2019 8:30,DOWN,1.14082,1.14259,1.1392,1.1392,-0.000368612,0.00047848,0.002392402
1/28/2019 11:08,UP,1.13917,1.14222,1.139,1.14195,0.000175154,0.00046791,0.002339549
1/28/2019 16:04,UP,1.14194,1.14386,1.14048,1.14356,0.000209893,0.000509079,0.002545393
1/29/2019 8:41,UP,1.14355,1.14505,1.14203,1.14504,0.000620258,0.000406666,0.002033331
1/29/2019 12:45,DOWN,1.14504,1.14504,1.14254,1.14277,-0.00014875,0.000372635,0.001863173
1/29/2019 20:40,UP,1.14282,1.14407,1.14111,1.14396,0.00066458,0.000388214,0.001941068
1/30/2019 14:03,DOWN,1.14389,1.14502,1.14189,1.14202,-0.000700268,0.000398116,0.001990582
1/30/2019 19:16,UP,1.14207,1.14752,1.1406,1.14751,0.001185878,0.00113066,0.005653301
1/31/2019 10:55,DOWN,1.14746,1.15145,1.1469,1.1474,-0.000278853,0.000555977,0.002779884
1/31/2019 16:14,DOWN,1.14745,1.14961,1.14562,1.14605,-0.000994227,0.000551196,0.002755979
2/1/2019 9:35,UP,1.14604,1.1464,1.14343,1.14599,0.000305459,0.00042685,0.002134252
2/3/2019 22:24,DOWN,1.14605,1.14889,1.14474,1.1457,-0.000209457,0.000440774,0.002203869
2/4/2019 14:16,DOWN,1.14571,1.14606,1.14331,1.14368,-0.000742939,0.00035948,0.001797398
2/5/2019 8:16,DOWN,1.14364,1.1443,1.14152,1.14162,-0.000788043,0.000350818,0.001754092
2/5/2019 15:11,DOWN,1.14163,1.1434,1.14052,1.1406,-0.000744944,0.000422199,0.002110995
2/6/2019 6:32,DOWN,1.14056,1.14175,1.1392,1.13935,-0.000693138,0.000352984,0.00176492
2/6/2019 16:11,DOWN,1.13936,1.1399,1.13749,1.13765,-3.52E-05,0.000327965,0.001639826
2/6/2019 21:55,DOWN,1.13766,1.13823,1.13606,1.13619,-0.000343194,0.000314809,0.001574044
2/7/2019 8:25,DOWN,1.13615,1.13717,1.13464,1.13503,-0.000176191,0.000307056,0.00153528
2/7/2019 10:52,DOWN,1.13497,1.13573,1.13317,1.13341,-0.000238191,0.000333508,0.001667541
2/7/2019 15:39,UP,1.13346,1.13563,1.13244,1.13541,0.000158546,0.0003956,0.001978001
2/7/2019 23:57,DOWN,1.13545,1.13602,1.13361,1.13388,-0.000202823,0.000323362,0.001616809
2/8/2019 13:11,UP,1.13389,1.13499,1.13227,1.13475,0.00028204,0.000329718,0.00164859
2/8/2019 16:01,DOWN,1.13477,1.13511,1.13261,1.13266,-0.000591353,0.000360306,0.001801531
2/11/2019 9:05,DOWN,1.13261,1.13331,1.13081,1.13101,-0.000450823,0.00033246,0.0016623
2/11/2019 14:28,DOWN,1.131,1.13219,1.12824,1.12842,-0.000646713,0.000536405,0.002682025
2/12/2019 8:42,DOWN,1.12843,1.13016,1.12627,1.12634,-0.000346194,0.000501614,0.002508072
2/12/2019 12:32,UP,1.12638,1.12932,1.12577,1.12919,0.000549217,0.000467999,0.002339994
2/12/2019 16:54,UP,1.12914,1.1322,1.12872,1.13149,0.000150256,0.000429482,0.002147408
2/13/2019 3:47,UP,1.13148,1.13417,1.13128,1.13399,0.000396908,0.000437353,0.002186763
2/13/2019 11:47,DOWN,1.134,1.13412,1.13111,1.13121,-0.000265168,0.000436205,0.002181023
2/13/2019 14:04,DOWN,1.13121,1.13317,1.12888,1.12909,-0.000770235,0.000556095,0.002780477
2/13/2019 19:28,DOWN,1.12904,1.13041,1.12669,1.12708,-0.000443526,0.000530979,0.002654896
2/14/2019 3:55,UP,1.12704,1.12841,1.12487,1.12822,0.000425539,0.000483853,0.002419267
2/14/2019 8:37,DOWN,1.12822,1.12951,1.12515,1.1254,-0.000630688,0.000562682,0.00281341
2/14/2019 13:45,UP,1.12542,1.131,1.12498,1.13034,0.000575214,0.000805647,0.004028237
2/15/2019 7:56,DOWN,1.13035,1.13053,1.12645,1.12773,-0.000274851,0.000429363,0.002146816
2/15/2019 13:03,DOWN,1.12774,1.12867,1.12582,1.12613,-0.000488279,0.000398527,0.001992636
2/15/2019 14:33,UP,1.12613,1.12858,1.12339,1.12792,0.000434522,0.000610839,0.003054195
2/15/2019 18:54,UP,1.12799,1.13064,1.12576,1.13051,0.001168297,0.000583191,0.002915954
2/18/2019 10:38,UP,1.13055,1.13252,1.12889,1.13223,0.000609603,0.00048109,0.002405448
2/18/2019 16:00,DOWN,1.13226,1.13342,1.13045,1.13073,-0.000512811,0.000429896,0.00214948
2/19/2019 6:08,DOWN,1.13078,1.13172,1.12929,1.12943,-0.000106243,0.000321842,0.001609209
2/19/2019 9:04,UP,1.12948,1.13247,1.12934,1.13179,0,0.00041473,0.00207365
2/19/2019 11:26,DOWN,1.13178,1.13178,1.12834,1.1285,-0.000921153,0.000551061,0.002755306
2/19/2019 14:21,UP,1.12851,1.13143,1.12753,1.13143,0.001326635,0.000539631,0.002698155
2/19/2019 17:38,UP,1.13144,1.13542,1.13104,1.13537,0.000863527,0.000613853,0.003069265
2/20/2019 16:24,UP,1.13542,1.13627,1.13248,1.13568,0.000255386,0.000414191,0.002070955
2/20/2019 19:20,DOWN,1.13567,1.13714,1.13349,1.1339,-0.000476119,0.000498337,0.002491683
2/21/2019 13:30,UP,1.13389,1.13669,1.13205,1.13664,0.001206034,0.000620773,0.003103867
2/21/2019 16:22,DOWN,1.13658,1.13666,1.13315,1.13316,-0.000467609,0.000594248,0.002971241
2/22/2019 8:58,UP,1.13315,1.13518,1.13229,1.13478,0.000114566,0.000365064,0.001825318
2/22/2019 13:06,DOWN,1.13478,1.13491,1.1316,1.13225,-0.000415017,0.000372801,0.001864003
2/22/2019 15:45,UP,1.13226,1.13544,1.13209,1.13544,0.001216127,0.000487708,0.00243854
2/25/2019 7:14,UP,1.13544,1.13567,1.13278,1.13566,0.00077518,0.000467815,0.002339074
2/25/2019 17:10,DOWN,1.13561,1.13678,1.13368,1.13396,-0.000652367,0.000366989,0.001834947
2/25/2019 19:24,UP,1.13396,1.13643,1.13365,1.13619,0.000625091,0.000366135,0.001830675
2/26/2019 10:16,UP,1.13623,1.13719,1.13455,1.13673,0.000211154,0.000325656,0.001628282
2/26/2019 15:11,DOWN,1.13668,1.13754,1.13452,1.13469,-0.000475788,0.000415265,0.002076323
2/26/2019 16:16,UP,1.13469,1.13766,1.1345,1.13722,0.000606927,0.000419264,0.002096321
2/26/2019 19:36,UP,1.13722,1.13985,1.13644,1.13985,0.001044542,0.000472684,0.002363418
2/27/2019 5:08,DOWN,1.13978,1.14029,1.1375,1.13769,-0.000184568,0.000357992,0.001789958
2/27/2019 10:38,UP,1.13763,1.13993,1.13724,1.1396,0.000184292,0.000351364,0.001756819
2/27/2019 15:13,DOWN,1.13959,1.14038,1.13748,1.13766,-0.000360324,0.000396562,0.00198281
2/28/2019 8:21,UP,1.13771,1.13954,1.13622,1.13887,0.000509406,0.000354689,0.001773443
2/28/2019 10:44,UP,1.13886,1.14081,1.13804,1.1404,0.00052627,0.000363296,0.001816482
2/28/2019 13:47,DOWN,1.1404,1.14198,1.13819,1.13875,-0.000623296,0.00044125,0.00220625
2/28/2019 15:25,DOWN,1.1387,1.13952,1.13608,1.13655,-0.000404652,0.000491502,0.002457512
2/28/2019 16:23,UP,1.13659,1.13949,1.13592,1.13937,0.000588217,0.000483983,0.002419917
2/28/2019 22:19,DOWN,1.13932,1.13964,1.13688,1.13699,-0.000342952,0.00039353,0.00196765
3/1/2019 11:29,UP,1.13734,1.13793,1.13531,1.13793,0.000369159,0.000408041,0.002040207
3/1/2019 15:01,UP,1.13796,1.1409,1.13751,1.14061,0.000657759,0.000432562,0.002162808
3/1/2019 16:06,DOWN,1.14059,1.14074,1.13801,1.13803,-0.000509523,0.000419335,0.002096676
3/1/2019 19:15,DOWN,1.13808,1.1384,1.13567,1.1357,-0.000765754,0.000399621,0.001998103
3/4/2019 8:02,DOWN,1.13568,1.13817,1.13542,1.1356,-1.76E-05,0.000385716,0.001928582
3/4/2019 10:59,DOWN,1.13565,1.13567,1.1334,1.13376,-0.000211663,0.000324302,0.001621509
3/4/2019 15:17,DOWN,1.13378,1.13459,1.1319,1.13231,-0.000185444,0.000316114,0.001580571
3/4/2019 17:31,UP,1.13235,1.13351,1.13089,1.13334,0.000132361,0.000328627,0.001643135
3/5/2019 6:56,DOWN,1.13337,1.13433,1.13202,1.13229,-0.000512105,0.000318651,0.001593255
3/5/2019 15:16,DOWN,1.13226,1.13388,1.13059,1.13061,-0.000477504,0.00042299,0.002114951
3/6/2019 13:18,UP,1.13061,1.13153,1.12895,1.13146,0.001069987,0.000373674,0.001868372
3/7/2019 10:59,UP,1.1314,1.13248,1.12854,1.13165,0.000220941,0.000284648,0.001423239
3/7/2019 13:17,DOWN,1.13165,1.13206,1.12681,1.12699,-0.000585459,0.000785097,0.003925486
3/7/2019 15:00,DOWN,1.12698,1.12703,1.12295,1.12327,-0.000302642,0.000623402,0.00311701
3/7/2019 19:35,DOWN,1.12322,1.12434,1.12029,1.1205,-0.000544252,0.000517627,0.002588136
3/8/2019 7:50,UP,1.1205,1.12095,1.1176,1.12077,2.68E-05,0.000498,0.002489998
3/8/2019 13:08,UP,1.12077,1.12231,1.11999,1.12226,0.000133668,0.000350904,0.001754522
3/8/2019 16:31,UP,1.12231,1.12447,1.12147,1.12422,0.000266887,0.000378385,0.001891926
3/11/2019 8:00,UP,1.12427,1.12508,1.12229,1.12492,0.000506831,0.000344122,0.001720609
3/11/2019 15:52,DOWN,1.12492,1.12588,1.12279,1.1229,-0.000658791,0.000365553,0.001827764
3/11/2019 18:46,UP,1.12289,1.12465,1.12216,1.12449,0.000462539,0.000357234,0.001786171
3/12/2019 8:02,UP,1.12444,1.12708,1.1238,1.12647,0.000106533,0.00043053,0.00215265
3/12/2019 11:08,DOWN,1.12648,1.12846,1.12592,1.12622,-8.88E-05,0.000355209,0.001776044
3/12/2019 12:48,UP,1.12624,1.12844,1.12491,1.12812,0.000673914,0.00048096,0.002404801
3/12/2019 18:35,UP,1.12809,1.13007,1.1267,1.12995,0.000486866,0.000491312,0.002456562
3/13/2019 12:07,UP,1.12994,1.13051,1.12772,1.13024,0.000513297,0.000414566,0.00207283
3/13/2019 16:06,UP,1.13029,1.13147,1.12904,1.13143,0.000256346,0.000359553,0.001797767
3/13/2019 19:14,UP,1.13138,1.13343,1.12999,1.13285,0.000609269,0.000454067,0.002270334
3/14/2019 10:09,DOWN,1.1329,1.13389,1.13049,1.13073,-0.000274122,0.000451795,0.002258977
3/15/2019 2:18,UP,1.13074,1.13136,1.1294,1.13135,0.000592388,0.000322066,0.001610328
3/15/2019 12:59,DOWN,1.13129,1.13295,1.13028,1.1304,-0.000442224,0.000388441,0.001942207
3/15/2019 13:50,UP,1.13036,1.13352,1.13,1.13306,0.000432551,0.000455252,0.00227626
3/18/2019 7:07,UP,1.13306,1.13453,1.13142,1.13413,0.000264555,0.000419308,0.002096538
3/18/2019 15:20,DOWN,1.13414,1.13591,1.13369,1.13377,-0.000617219,0.000334015,0.001670077
3/19/2019 4:04,UP,1.13378,1.13491,1.13244,1.1348,0.000475968,0.000356299,0.001781493
3/20/2019 8:49,DOWN,1.13474,1.13618,1.13354,1.13394,-0.000299795,0.000357947,0.001789733
3/20/2019 12:02,UP,1.13395,1.1364,1.1339,1.13611,0.000677981,0.000345179,0.001725894
3/20/2019 18:07,UP,1.13614,1.14144,1.13458,1.14045,0.001008883,0.000854101,0.004270503
3/21/2019 8:08,DOWN,1.14043,1.14482,1.13944,1.14087,-0.000438166,0.000572365,0.002861824
3/21/2019 14:24,DOWN,1.14081,1.14118,1.13755,1.13765,-0.001001564,0.000461994,0.002309969
3/21/2019 16:21,DOWN,1.1377,1.13844,1.13454,1.13474,-0.000528616,0.000499953,0.002499765
3/21/2019 20:34,UP,1.13472,1.13714,1.13424,1.13714,0.000589371,0.000420492,0.002102462
3/22/2019 7:47,UP,1.13707,1.13886,1.13611,1.13871,0.000333767,0.000350607,0.001753035
3/22/2019 8:35,DOWN,1.13871,1.13909,1.13174,1.13194,-0.001262521,0.001013684,0.005068422
3/22/2019 14:38,DOWN,1.13201,1.1326,1.12825,1.12874,2.66E-05,0.000616923,0.003084614
3/25/2019 5:35,UP,1.12872,1.13055,1.12732,1.1302,0.000256625,0.000406833,0.002034166
3/25/2019 12:52,UP,1.13023,1.13251,1.12945,1.13231,0.000247313,0.000402872,0.002014361
3/25/2019 21:18,DOWN,1.13236,1.13315,1.13099,1.13109,-0.000203323,0.000325976,0.001629881
3/26/2019 12:29,DOWN,1.13109,1.13262,1.1298,1.12992,-0.000601632,0.000311752,0.001558761
3/26/2019 19:01,DOWN,1.13,1.13037,1.12761,1.12775,-0.000265981,0.000332778,0.001663888
3/27/2019 2:28,DOWN,1.1277,1.12812,1.12507,1.12535,-0.000177707,0.000419579,0.002097894
3/27/2019 9:38,UP,1.1253,1.12784,1.12467,1.12758,0.000487889,0.00047232,0.0023616
3/27/2019 13:26,DOWN,1.12763,1.12859,1.1255,1.1258,-0.000248681,0.000413591,0.002067956
3/28/2019 7:59,DOWN,1.12579,1.12678,1.12368,1.12375,-0.001200614,0.000436505,0.002182526
3/28/2019 11:35,DOWN,1.12374,1.12592,1.12275,1.12297,-0.00114808,0.000454826,0.002274132
3/29/2019 6:54,UP,1.12291,1.12389,1.12135,1.12352,0.000293763,0.000345271,0.001726353
3/29/2019 10:07,DOWN,1.1235,1.12392,1.12096,1.12113,-0.000222964,0.000421598,0.002107989
3/29/2019 12:20,UP,1.12111,1.12367,1.12102,1.12342,0.00013353,0.000374555,0.001872776
3/29/2019 15:07,DOWN,1.12343,1.1247,1.12204,1.12204,-0.000490059,0.000399049,0.001995244
4/1/2019 5:05,UP,1.12214,1.12368,1.12133,1.1236,0.000240328,0.00031846,0.001592301
4/1/2019 9:01,UP,1.12366,1.125,1.12275,1.12476,0.000257866,0.000278797,0.001393983
4/1/2019 14:15,DOWN,1.12473,1.12489,1.1219,1.1223,-0.000356347,0.000417057,0.002085287
4/1/2019 21:31,DOWN,1.12228,1.12248,1.11988,1.12002,-0.001115429,0.000415491,0.002077456
4/2/2019 13:01,UP,1.11992,1.12122,1.11902,1.12077,6.25E-05,0.000264855,0.001324274
4/2/2019 15:40,DOWN,1.12077,1.12077,1.11852,1.11872,-0.000277064,0.000313,0.001565001
4/3/2019 0:53,UP,1.1187,1.12161,1.11837,1.12141,0.000633332,0.00043164,0.0021582
4/3/2019 8:00,UP,1.12142,1.12429,1.12127,1.12378,2.67E-05,0.000420936,0.002104679
4/3/2019 13:36,DOWN,1.12379,1.12548,1.123,1.12301,-0.000400629,0.000339283,0.001696415
4/4/2019 9:43,DOWN,1.12301,1.12492,1.12207,1.12234,-0.000748156,0.000354479,0.001772394
4/4/2019 13:31,DOWN,1.12233,1.1233,1.1206,1.12099,-0.000410267,0.000322161,0.001610804
4/5/2019 0:14,UP,1.12103,1.12272,1.12086,1.1227,0.000347437,0.000255018,0.001275091
4/5/2019 12:32,UP,1.12269,1.12493,1.12194,1.1238,0.000560755,0.000252344,0.001261719
4/5/2019 15:18,DOWN,1.12383,1.12432,1.12117,1.12135,-0.000356649,0.000402563,0.002012814
4/8/2019 4:06,UP,1.12138,1.12324,1.12101,1.12288,0.000178129,0.000272694,0.001363468
4/8/2019 10:11,UP,1.12286,1.12397,1.12216,1.12393,0.000142368,0.000252597,0.001262986
4/8/2019 13:00,UP,1.12394,1.12645,1.12386,1.12627,0.000675022,0.000363002,0.001815012
4/9/2019 0:00,DOWN,1.12626,1.12746,1.12551,1.12562,-0.000106602,0.000269596,0.001347981
4/9/2019 8:46,UP,1.12559,1.12803,1.12559,1.12762,0.000470127,0.000348749,0.001743746
4/9/2019 20:45,DOWN,1.12758,1.12844,1.12618,1.12625,-0.000186442,0.000339769,0.001698844
4/10/2019 9:53,UP,1.12625,1.12782,1.12555,1.12772,0.000292669,0.000332142,0.001660711
4/10/2019 13:08,DOWN,1.12773,1.12881,1.12392,1.124,-0.001635672,0.000617229,0.003086147
4/10/2019 15:39,UP,1.12404,1.12674,1.12296,1.12666,0.000834673,0.000520895,0.002604474
4/11/2019 7:36,UP,1.12666,1.12875,1.12625,1.12856,0.000452005,0.000342508,0.001712542
4/11/2019 12:40,DOWN,1.12857,1.12859,1.12556,1.12568,-0.000550627,0.000420615,0.002103073
4/12/2019 0:53,UP,1.12567,1.12913,1.125,1.12889,0.001001485,0.000559471,0.002797356
4/12/2019 8:44,UP,1.12887,1.13089,1.12769,1.13076,0.00068119,0.000492123,0.002460615
4/12/2019 17:04,DOWN,1.13075,1.1324,1.12949,1.12958,-0.000504485,0.000438449,0.002192246
4/15/2019 7:02,UP,1.12959,1.13152,1.12927,1.13145,0.000468535,0.000347227,0.001736137
4/15/2019 13:43,DOWN,1.13143,1.13211,1.12983,1.12989,-0.00076969,0.000345677,0.001728383
4/16/2019 7:08,UP,1.1299,1.13123,1.12927,1.13097,0.000229918,0.000247295,0.001236474
4/16/2019 15:39,DOWN,1.13098,1.13141,1.12798,1.12898,-0.00023027,0.000394013,0.001970063
4/17/2019 3:53,UP,1.129,1.1303,1.12787,1.1302,0.000300877,0.000356413,0.001782067
4/17/2019 13:16,DOWN,1.13019,1.13239,1.12911,1.12952,-0.000725709,0.000363782,0.001818908
4/18/2019 7:36,DOWN,1.12955,1.13074,1.12647,1.12676,-0.000771827,0.000557705,0.002788526
4/18/2019 12:20,DOWN,1.12673,1.12756,1.12432,1.12468,-0.000426697,0.000451344,0.002256719
4/18/2019 17:12,DOWN,1.12469,1.12539,1.12265,1.12275,-0.000293878,0.000369772,0.001848862
4/19/2019 9:23,UP,1.12276,1.12475,1.12262,1.12446,1.78E-05,0.000300026,0.001500131
4/22/2019 12:33,UP,1.12447,1.1254,1.12358,1.12526,0.000444441,0.000224865,0.001124323
4/23/2019 6:43,DOWN,1.12527,1.12621,1.12429,1.12445,-0.000302324,0.000246679,0.001233393
4/23/2019 12:41,DOWN,1.12447,1.12613,1.12344,1.12355,-0.000987452,0.000367222,0.001836109
4/23/2019 13:29,DOWN,1.12356,1.12367,1.12041,1.12082,-0.000392493,0.000414952,0.002074762
4/23/2019 19:25,UP,1.12083,1.12203,1.11922,1.12188,0.000365525,0.000415929,0.002079647
4/24/2019 6:17,DOWN,1.12189,1.12279,1.12061,1.12061,-0.000740394,0.000374142,0.001870709
4/24/2019 13:01,DOWN,1.12064,1.12235,1.11948,1.12002,-0.000419547,0.000292815,0.001464077
4/24/2019 16:27,DOWN,1.12003,1.12097,1.11692,1.11719,-0.001323876,0.000480057,0.002400283
4/24/2019 18:54,DOWN,1.1172,1.11749,1.1142,1.11431,-0.000233301,0.000506954,0.00253477
4/25/2019 9:45,DOWN,1.1143,1.11625,1.11313,1.11313,-0.000996691,0.000511742,0.00255871
4/25/2019 14:32,UP,1.11313,1.11521,1.11179,1.11502,0.000358802,0.000404167,0.002020837
4/26/2019 0:52,DOWN,1.11505,1.11546,1.11255,1.11278,-0.000565989,0.000336022,0.001680108
4/26/2019 6:58,UP,1.11281,1.11474,1.11242,1.11459,0.000188428,0.000296268,0.00148134
4/26/2019 12:32,DOWN,1.11457,1.11469,1.11115,1.11298,-0.000440163,0.000279765,0.001398824
4/26/2019 12:56,UP,1.11301,1.11592,1.11287,1.11537,0.000134494,0.000408818,0.002044088
4/26/2019 14:41,UP,1.11539,1.1174,1.11423,1.11718,0.000608861,0.000475745,0.002378726
4/26/2019 20:57,DOWN,1.11721,1.11727,1.11426,1.11426,-0.000897054,0.000471329,0.002356645
4/29/2019 9:27,UP,1.11476,1.11672,1.11368,1.11636,8.96E-05,0.000352822,0.001764111
4/29/2019 16:21,UP,1.11634,1.11728,1.11454,1.11724,0.000546137,0.000321557,0.001607786
4/30/2019 2:35,UP,1.11723,1.11912,1.11706,1.11898,0.000393293,0.000284795,0.001423975
4/30/2019 8:30,UP,1.11897,1.12005,1.11757,1.12,0.000562658,0.000357065,0.001785325
4/30/2019 12:01,UP,1.11997,1.12238,1.11994,1.12233,0.000713057,0.000333849,0.001669244
4/30/2019 15:13,DOWN,1.12235,1.12293,1.12009,1.12009,-0.000401673,0.00040151,0.002007548
4/30/2019 17:43,UP,1.12009,1.1225,1.11976,1.12246,0.000712974,0.00041993,0.002099648
5/1/2019 9:23,UP,1.12248,1.12345,1.12108,1.1234,0.00070347,0.000383395,0.001916976
5/1/2019 15:25,UP,1.12341,1.125,1.12219,1.12491,0.000328969,0.000384539,0.001922696
5/1/2019 18:38,DOWN,1.12493,1.12648,1.12131,1.1218,-0.000944464,0.000751358,0.003756792
5/2/2019 13:02,DOWN,1.12183,1.12192,1.11872,1.11966,-0.00013396,0.000361206,0.001806032
5/2/2019 15:10,DOWN,1.11964,1.1202,1.11758,1.1179,-0.000348808,0.000395916,0.001979579
5/3/2019 6:56,DOWN,1.11791,1.11847,1.11602,1.11621,-0.000376203,0.000348383,0.001741913
5/3/2019 11:19,DOWN,1.11618,1.11693,1.11441,1.11475,-0.000439464,0.000321852,0.00160926
5/3/2019 14:02,UP,1.11473,1.11784,1.11349,1.11741,0.000501285,0.000476296,0.002381482
5/3/2019 16:53,UP,1.11748,1.12008,1.11743,1.11988,8.04E-05,0.000413153,0.002065767
5/6/2019 11:22,UP,1.11989,1.12052,1.11677,1.12024,0.000312482,0.00035456,0.001772801
5/6/2019 16:36,UP,1.12024,1.1204,1.11791,1.12011,4.46E-05,0.000333294,0.001666469
5/7/2019 4:45,UP,1.12008,1.12137,1.11908,1.1212,0.000347902,0.000295923,0.001479614
5/7/2019 7:57,DOWN,1.12121,1.1218,1.11941,1.11954,-0.00067862,0.000369147,0.001845735
5/7/2019 13:01,DOWN,1.11955,1.12064,1.11772,1.11826,-0.000590029,0.000362089,0.001810447
5/7/2019 16:34,DOWN,1.11825,1.1193,1.11668,1.11708,0,0.000358105,0.001790525
5/7/2019 21:53,UP,1.11707,1.11952,1.11695,1.11948,0.000303759,0.000368355,0.001841773
5/8/2019 6:10,UP,1.11939,1.12128,1.11885,1.12094,0.000437229,0.000289491,0.001447454
5/8/2019 15:36,UP,1.12093,1.12125,1.11892,1.12107,0.000455026,0.000348818,0.001744092
5/8/2019 17:04,DOWN,1.12109,1.12138,1.1183,1.1185,-0.000339683,0.000441507,0.002207535
5/9/2019 6:56,UP,1.11847,1.12031,1.11829,1.12005,8.04E-05,0.000254408,0.001272039
5/9/2019 8:21,DOWN,1.12006,1.12033,1.11771,1.11788,-0.000295158,0.000358547,0.001792733
5/9/2019 12:40,UP,1.11789,1.12006,1.11735,1.11986,0.000223267,0.000311652,0.001558258
5/9/2019 13:55,UP,1.11985,1.12224,1.11915,1.12207,0.001087868,0.000449844,0.002249218
5/9/2019 16:26,DOWN,1.12208,1.12511,1.12169,1.12195,-0.000596996,0.000496575,0.002482873
5/10/2019 2:15,UP,1.12198,1.12349,1.121,1.12318,5.34E-05,0.000365634,0.001828172
5/10/2019 12:48,UP,1.12317,1.12469,1.12178,1.12461,0.000845094,0.000377414,0.001887068
5/10/2019 17:18,DOWN,1.12464,1.12537,1.12321,1.12324,-0.00033825,0.000307621,0.001538107
5/13/2019 12:16,UP,1.12323,1.12516,1.1223,1.12501,0.001111719,0.000402687,0.002013437
5/13/2019 15:05,DOWN,1.12503,1.12637,1.12375,1.12386,-0.000658228,0.000372202,0.001861008
5/14/2019 12:19,DOWN,1.1239,1.1244,1.12082,1.12145,-0.001247605,0.000443847,0.002219237
5/15/2019 10:28,DOWN,1.12146,1.12199,1.11963,1.11972,-0.000366096,0.00031545,0.00157725
5/15/2019 11:56,DOWN,1.11971,1.12015,1.118,1.11803,-0.000268293,0.000348653,0.001743266
5/16/2019 0:48,UP,1.11804,1.12247,1.1178,1.12076,8.03E-05,0.00046438,0.002321898
5/16/2019 12:47,DOWN,1.12074,1.1224,1.11911,1.11939,-0.000428713,0.000392531,0.001962655
5/16/2019 19:12,DOWN,1.11937,1.11939,1.11666,1.11685,-0.000716044,0.000390724,0.001953622
5/17/2019 11:28,DOWN,1.11684,1.11844,1.11583,1.11646,-0.000107477,0.000303074,0.001515372
5/17/2019 14:47,DOWN,1.11647,1.1179,1.11572,1.11591,-0.00018817,0.000300858,0.001504289
5/20/2019 5:41,DOWN,1.11588,1.11692,1.11508,1.11519,-0.000152429,0.000267061,0.001335303
5/20/2019 15:11,UP,1.11521,1.11718,1.11506,1.11718,0.000608861,0.000314708,0.001573538
5/21/2019 5:49,DOWN,1.11718,1.11749,1.11535,1.1155,-0.000430208,0.000284066,0.001420332
5/21/2019 14:57,UP,1.11548,1.11847,1.1142,1.11847,0.002649981,0.000709413,0.003547066
5/22/2019 4:41,DOWN,1.11851,1.1188,1.11541,1.11581,-0.000322584,0.000430539,0.002152693
5/22/2019 12:19,UP,1.1158,1.11738,1.11487,1.11719,0.000313335,0.000361658,0.001808291
5/22/2019 14:56,DOWN,1.11718,1.11802,1.11559,1.11562,-0.000528714,0.00033,0.001650001
5/23/2019 6:54,DOWN,1.11561,1.11637,1.11412,1.11434,-0.000269181,0.000280491,0.001402455
5/23/2019 13:12,DOWN,1.11434,1.11483,1.11151,1.11166,-0.00066545,0.000483409,0.002417045
5/23/2019 14:08,UP,1.11167,1.11506,1.11069,1.11431,0.000430853,0.000531051,0.002655255
5/23/2019 16:00,UP,1.11429,1.11727,1.11408,1.11713,0.000537235,0.000468935,0.002344674
5/24/2019 6:24,UP,1.11713,1.11987,1.11694,1.11971,0.000687915,0.000376843,0.001884214
5/24/2019 9:10,DOWN,1.11972,1.12057,1.11797,1.11825,-0.00029506,0.00038872,0.001943601
5/24/2019 14:42,UP,1.11826,1.12083,1.11783,1.12069,0.0005266,0.000371223,0.001856115
5/27/2019 8:25,DOWN,1.12068,1.12152,1.11921,1.11927,-0.000339449,0.000307568,0.00153784
5/28/2019 2:45,DOWN,1.11929,1.11997,1.11795,1.11815,-0.000286146,0.000260714,0.001303568
5/28/2019 9:30,UP,1.11817,1.11985,1.11755,1.11974,0.000419828,0.000292144,0.00146072
5/28/2019 16:09,DOWN,1.11975,1.11985,1.11693,1.11728,-0.00056371,0.000395462,0.001977311
5/29/2019 9:05,DOWN,1.11728,1.11753,1.11517,1.1152,-0.000475138,0.000355616,0.001778081
5/29/2019 15:07,DOWN,1.11519,1.11589,1.11331,1.11356,-0.000475838,0.000373129,0.001865645
5/30/2019 13:37,DOWN,1.11355,1.11434,1.11174,1.11223,-0.000665109,0.000337006,0.001685032
5/30/2019 17:52,UP,1.11224,1.11401,1.11161,1.11379,2.69E-05,0.00031375,0.00156875
5/31/2019 7:56,UP,1.11381,1.11483,1.11252,1.11468,0.000673065,0.000281446,0.001407231
5/31/2019 14:09,UP,1.1147,1.11656,1.11408,1.11646,0.000645104,0.000343995,0.001719973
5/31/2019 15:01,DOWN,1.11644,1.11799,1.114,1.1144,-0.000905907,0.00052813,0.002640651
5/31/2019 17:43,UP,1.11439,1.11669,1.11369,1.11654,0.000232889,0.000433153,0.002165763
6/3/2019 3:00,UP,1.11652,1.11887,1.11598,1.11883,0.000250293,0.000385828,0.001929138
6/3/2019 7:00,DOWN,1.11882,1.119,1.11602,1.11638,-0.000385099,0.000370761,0.001853804
6/3/2019 11:08,UP,1.1164,1.11863,1.11618,1.11837,0.00025934,0.000343879,0.001719395
6/3/2019 15:31,UP,1.11839,1.12091,1.11782,1.12047,1.78E-05,0.000382569,0.001912847
6/3/2019 17:36,UP,1.12048,1.12339,1.12026,1.12333,0.00080151,0.000433135,0.002165674
6/3/2019 19:13,UP,1.12334,1.12621,1.12314,1.12615,0.00056847,0.000447597,0.002237984
6/4/2019 6:52,UP,1.12616,1.127,1.12404,1.12689,0.001021029,0.000413909,0.002069545
6/4/2019 8:45,DOWN,1.12691,1.12774,1.12458,1.12472,-0.000986426,0.00043033,0.002151648
6/4/2019 12:20,DOWN,1.12472,1.12635,1.12316,1.12364,-0.000693932,0.000414551,0.002072753
6/4/2019 18:03,UP,1.12363,1.12669,1.12269,1.12631,0.000621692,0.000522372,0.002611859
6/5/2019 8:40,UP,1.12629,1.12761,1.12506,1.12748,0.000141919,0.000367928,0.001839642
6/5/2019 11:00,DOWN,1.12749,1.12888,1.12567,1.12607,-0.0003374,0.000455858,0.002279289
6/5/2019 12:26,UP,1.12609,1.13067,1.12523,1.13041,0.001779699,0.000716882,0.00358441
6/5/2019 14:00,DOWN,1.1304,1.13046,1.12582,1.12611,-0.001437547,0.000702536,0.003512681
6/5/2019 16:13,DOWN,1.1261,1.12717,1.12334,1.12343,-0.000551729,0.000520422,0.002602109
6/6/2019 11:57,UP,1.12344,1.12724,1.12007,1.12703,0.001305164,0.000828282,0.004141408
6/6/2019 13:51,DOWN,1.12701,1.13089,1.12443,1.12465,-0.000391156,0.000980663,0.004903316
6/6/2019 15:41,UP,1.12462,1.12986,1.12456,1.12983,0.000531194,0.000801013,0.004005064
6/7/2019 3:11,DOWN,1.12981,1.13002,1.12674,1.12687,-0.000292804,0.000530367,0.002651836
6/7/2019 12:30,UP,1.12685,1.13048,1.12513,1.13041,0.002639693,0.000791188,0.003955941
6/7/2019 14:32,UP,1.13046,1.13414,1.1301,1.13403,0.000573341,0.000594632,0.002973162
6/10/2019 1:13,DOWN,1.13404,1.13478,1.13134,1.13136,-0.000618533,0.000499946,0.00249973
6/10/2019 13:11,UP,1.13136,1.13159,1.12901,1.1315,0.000450831,0.000362349,0.001811747
6/10/2019 18:02,UP,1.13149,1.13199,1.12908,1.13188,0.000530232,0.000453052,0.002265258
6/11/2019 12:02,DOWN,1.1319,1.13318,1.13039,1.13066,-0.000601238,0.000391095,0.001955474
6/11/2019 17:01,UP,1.13065,1.13314,1.13015,1.13289,0.000476771,0.000380355,0.001901777
6/12/2019 10:38,DOWN,1.1329,1.13435,1.13196,1.132,-0.000653497,0.000357415,0.001787075
6/12/2019 16:26,DOWN,1.132,1.13411,1.13072,1.13101,-0.000221017,0.000449896,0.002249481
6/13/2019 9:45,DOWN,1.13101,1.13112,1.12826,1.12921,-3.54E-05,0.000317832,0.001589162
6/13/2019 14:13,DOWN,1.12922,1.12969,1.12715,1.12745,-0.00032812,0.000342268,0.001711338
6/14/2019 11:03,DOWN,1.12744,1.12892,1.12516,1.12551,-0.001012362,0.000534397,0.002671983
6/14/2019 12:59,DOWN,1.12552,1.12685,1.12311,1.12319,-0.000329365,0.000542497,0.002712486
6/14/2019 15:39,DOWN,1.12319,1.1246,1.12182,1.12186,-0.000160435,0.000421742,0.002108711
6/17/2019 11:34,UP,1.12188,1.12265,1.12025,1.12262,0.000703959,0.000331564,0.001657821
6/17/2019 17:33,DOWN,1.12261,1.12472,1.12189,1.1219,-0.000231723,0.000396965,0.001984823
6/18/2019 5:22,UP,1.12191,1.12396,1.1214,1.12367,0.000373845,0.000309775,0.001548877
6/18/2019 8:22,DOWN,1.12365,1.12429,1.11901,1.11929,-0.000732339,0.000781726,0.00390863
6/19/2019 8:15,UP,1.1193,1.12127,1.11814,1.12015,0.000178563,0.000332129,0.001660645
6/19/2019 15:01,UP,1.12013,1.12173,1.11973,1.12167,0.00038343,0.00029366,0.001468302
6/19/2019 18:03,UP,1.12168,1.12415,1.12049,1.12396,0.000631895,0.000441888,0.002209441
6/20/2019 1:01,UP,1.12393,1.12584,1.12206,1.12566,0.00032875,0.00045166,0.002258299
6/20/2019 6:15,UP,1.12564,1.12841,1.12557,1.12831,0.000647195,0.000411794,0.002058968
6/20/2019 8:00,UP,1.12833,1.12986,1.12693,1.12986,0.000610882,0.000453534,0.002267669
6/20/2019 11:30,UP,1.12984,1.1315,1.12818,1.13125,0.000663203,0.000456919,0.002284596
6/20/2019 15:09,DOWN,1.13124,1.13172,1.12836,1.12839,-0.000717579,0.000435254,0.002176268
6/21/2019 0:41,UP,1.12838,1.12988,1.12706,1.12966,7.97E-05,0.000361694,0.001808468
6/21/2019 11:35,UP,1.12968,1.13176,1.12831,1.13147,0.000574639,0.000479353,0.002396763
6/21/2019 16:14,UP,1.13148,1.13412,1.13089,1.13406,0.000873351,0.00043511,0.002175548
6/21/2019 17:25,UP,1.13405,1.13684,1.13185,1.13633,0.000475327,0.000584881,0.002924407
6/24/2019 3:03,UP,1.13632,1.13863,1.13565,1.13855,0.000702895,0.000424669,0.002123344
6/24/2019 15:28,UP,1.13856,1.14002,1.13726,1.13997,0.000658129,0.000399529,0.001997643
6/25/2019 1:29,UP,1.13998,1.14092,1.13844,1.14083,0.000341915,0.000322557,0.001612784
6/25/2019 7:27,DOWN,1.14081,1.14121,1.13899,1.13936,-0.000236947,0.000320273,0.001601365
6/25/2019 13:10,UP,1.13938,1.13983,1.13766,1.13981,0.000429989,0.000326076,0.001630379
6/25/2019 16:37,DOWN,1.13983,1.13989,1.13697,1.13705,-0.001353466,0.000461707,0.002308535
6/26/2019 2:13,DOWN,1.13699,1.13897,1.13442,1.13547,-0.000184928,0.00048748,0.002437398
6/26/2019 15:51,UP,1.13549,1.13888,1.13475,1.13882,0.000544571,0.000532005,0.002660027
6/27/2019 2:14,DOWN,1.13882,1.13913,1.13631,1.13637,-0.000607012,0.000420925,0.002104625
6/27/2019 8:56,UP,1.13631,1.13744,1.13478,1.13727,0.000281415,0.000364662,0.001823311
6/28/2019 7:01,UP,1.13729,1.13816,1.13564,1.13802,0.000764778,0.000324821,0.001624103
6/28/2019 16:43,DOWN,1.13798,1.1394,1.13651,1.13657,-0.000738793,0.000433326,0.002166629
7/1/2019 1:36,DOWN,1.13655,1.13783,1.13507,1.13513,-0.000229022,0.000365558,0.001827792
7/1/2019 7:12,DOWN,1.13511,1.13565,1.13166,1.13217,-0.000618091,0.000483922,0.00241961
7/1/2019 11:16,UP,1.13216,1.13545,1.13166,1.13518,0.00105766,0.000479007,0.002395037
7/1/2019 14:57,DOWN,1.13517,1.13602,1.13213,1.13251,-0.000520831,0.000407122,0.002035608
7/1/2019 16:46,DOWN,1.13252,1.13269,1.12932,1.12971,-0.000424798,0.000422242,0.002111211
7/2/2019 2:40,DOWN,1.12972,1.12988,1.12753,1.12755,-0.000700389,0.000380917,0.001904584
7/2/2019 7:20,UP,1.12757,1.12989,1.12755,1.12984,0.000309826,0.00035746,0.001787301
7/2/2019 14:26,DOWN,1.12984,1.13214,1.12859,1.12867,-0.000469469,0.000414239,0.002071195
7/2/2019 19:53,DOWN,1.12868,1.1312,1.1285,1.12863,-0.000469486,0.000388478,0.00194239
7/3/2019 7:18,DOWN,1.12864,1.12953,1.12687,1.1272,-0.000727202,0.000340044,0.001700222
7/3/2019 10:40,UP,1.12719,1.12951,1.12712,1.12929,0.000575749,0.000342783,0.001713914
7/5/2019 6:10,DOWN,1.1293,1.13125,1.12719,1.12772,-0.000292583,0.0003665,0.001832502
7/5/2019 11:05,DOWN,1.12773,1.12777,1.12558,1.12606,-0.000177595,0.000285494,0.001427468
7/5/2019 12:42,DOWN,1.12608,1.12705,1.12344,1.12344,-0.000978656,0.00050958,0.002547898
7/5/2019 14:21,DOWN,1.12343,1.1248,1.12106,1.12128,-0.000695392,0.000512157,0.002560786
7/8/2019 8:07,UP,1.12132,1.12335,1.12074,1.12306,0.000284976,0.000354584,0.001772919
7/8/2019 14:22,DOWN,1.12305,1.12344,1.12116,1.12134,-0.000356652,0.000314489,0.001572446
7/9/2019 8:53,DOWN,1.12133,1.12209,1.11969,1.11969,-0.000544645,0.000351015,0.001755075
7/10/2019 6:53,UP,1.11968,1.1218,1.11934,1.12146,0.000677918,0.000298025,0.001490126
7/10/2019 12:43,UP,1.12145,1.12457,1.12083,1.12437,0.000213476,0.000590254,0.00295127
7/10/2019 22:55,UP,1.12437,1.12644,1.12356,1.12597,0.000506358,0.000381653,0.001908266
7/11/2019 12:10,UP,1.12598,1.12858,1.12558,1.12811,0.000381241,0.000332762,0.00166381
7/11/2019 14:11,DOWN,1.1281,1.12853,1.12508,1.12525,-0.000364297,0.000443722,0.00221861
7/12/2019 4:24,UP,1.12524,1.12729,1.12452,1.12722,0.000674452,0.000368473,0.001842365
7/12/2019 12:01,DOWN,1.12721,1.1275,1.12461,1.12508,-0.000533153,0.000355194,0.001775969
7/12/2019 15:46,UP,1.12507,1.12591,1.12383,1.12577,9.77E-05,0.000284834,0.001424168
7/15/2019 1:05,UP,1.12575,1.12747,1.12527,1.12732,0.0001863,0.000261792,0.001308958
7/15/2019 7:34,UP,1.12736,1.12825,1.12642,1.12806,0.00029258,0.000234605,0.001173025
7/15/2019 14:28,DOWN,1.12808,1.1284,1.12612,1.12623,-8.88E-05,0.000342657,0.001713285
7/16/2019 7:57,DOWN,1.12624,1.1264,1.12453,1.12477,-0.000133352,0.000247161,0.001235804
7/16/2019 10:20,DOWN,1.12477,1.12493,1.12278,1.12288,-6.23E-05,0.000325276,0.001626381
7/16/2019 17:39,DOWN,1.12286,1.12329,1.12051,1.12076,-0.000338998,0.000354759,0.001773793
7/17/2019 13:50,UP,1.12077,1.12222,1.11999,1.12197,0.000543834,0.000330646,0.001653232
7/18/2019 1:00,UP,1.12199,1.12394,1.12148,1.12393,0.000997,0.000392792,0.001963959
7/18/2019 10:30,DOWN,1.12394,1.12439,1.12144,1.12254,-0.000623391,0.000317027,0.001585135
7/18/2019 17:55,UP,1.12256,1.12372,1.12052,1.12355,0.000845892,0.000412355,0.002061776
7/18/2019 18:34,UP,1.12358,1.127,1.12334,1.12639,0.000594998,0.000478437,0.002392186
7/19/2019 9:06,DOWN,1.12641,1.1282,1.12404,1.12493,-0.000426602,0.00046941,0.00234705
7/19/2019 12:50,DOWN,1.12492,1.12495,1.12172,1.12231,-8.91E-06,0.000454182,0.00227091
7/19/2019 18:10,DOWN,1.12232,1.1239,1.12106,1.1211,-0.001132175,0.000412191,0.002060956
7/22/2019 10:25,UP,1.12112,1.12241,1.12034,1.12212,0.000383277,0.000263463,0.001317317
7/22/2019 23:25,DOWN,1.12211,1.12253,1.1206,1.12078,-7.14E-05,0.000297409,0.001487043
7/23/2019 4:40,DOWN,1.1208,1.12087,1.11907,1.1191,-0.000268037,0.000292009,0.001460043
7/23/2019 9:53,DOWN,1.11908,1.11959,1.11762,1.11771,-0.00026837,0.000295351,0.001476757
7/23/2019 13:13,DOWN,1.1177,1.11849,1.11651,1.11657,-0.000313411,0.00032351,0.001617551
7/24/2019 0:30,DOWN,1.11658,1.11697,1.11447,1.11453,-0.000547166,0.000335184,0.00167592
7/24/2019 13:46,UP,1.11451,1.11558,1.11269,1.115,1.79E-05,0.000358963,0.001794813
7/24/2019 19:24,DOWN,1.11503,1.11559,1.11331,1.11346,-0.000197563,0.000287928,0.001439641
7/25/2019 11:46,UP,1.11345,1.11625,1.11221,1.11556,0.001264739,0.00047652,0.0023826
7/25/2019 12:14,DOWN,1.11553,1.11596,1.11092,1.11141,-0.000134955,0.000732776,0.00366388
7/25/2019 12:52,UP,1.11139,1.11614,1.11014,1.11565,0.001920006,0.00084647,0.004232348
7/25/2019 16:42,DOWN,1.11571,1.11879,1.11399,1.11427,-0.000852213,0.000645226,0.00322613
7/26/2019 13:07,DOWN,1.11426,1.11511,1.11255,1.11295,-0.000287483,0.00035655,0.001782749
7/26/2019 15:17,DOWN,1.11296,1.11419,1.1112,1.11131,-0.000917415,0.000453861,0.002269305
7/29/2019 0:47,UP,1.11135,1.11366,1.11123,1.11364,0.00052095,0.000384131,0.001920655
7/29/2019 8:25,DOWN,1.11364,1.1139,1.1117,1.11184,-0.000206843,0.000323521,0.001617606
7/29/2019 14:56,UP,1.11182,1.11387,1.1113,1.1132,0.000368375,0.000283525,0.001417626
7/30/2019 8:14,UP,1.11319,1.11511,1.11283,1.11454,9.87E-05,0.000235952,0.001179762
7/30/2019 18:15,UP,1.11456,1.11611,1.11381,1.1157,0.000349617,0.000262752,0.001313761
7/31/2019 8:46,DOWN,1.11569,1.11622,1.11431,1.11464,-0.000134564,0.000223487,0.001117436
7/31/2019 14:16,DOWN,1.11463,1.11529,1.11341,1.11361,-0.000125709,0.000275245,0.001376223
7/31/2019 16:35,DOWN,1.11359,1.11408,1.11225,1.11225,-0.00030564,0.000263455,0.001317274
7/31/2019 18:24,DOWN,1.11225,1.11405,1.10865,1.11039,-0.000864188,0.000469052,0.00234526
7/31/2019 18:50,DOWN,1.11041,1.1115,1.10651,1.10699,-0.001561577,0.000690618,0.00345309
8/1/2019 0:18,DOWN,1.10697,1.11038,1.10549,1.10556,-0.001157115,0.000602913,0.003014566
8/1/2019 11:06,DOWN,1.10557,1.10594,1.10298,1.10323,-0.00026283,0.000366864,0.001834321
8/1/2019 14:04,UP,1.10319,1.10552,1.1027,1.10514,0.000570226,0.000353286,0.001766431
8/1/2019 17:30,UP,1.1051,1.10767,1.10458,1.10737,0.000713657,0.000365927,0.001829636
8/2/2019 2:23,UP,1.10738,1.10968,1.10708,1.10929,0.000360656,0.000293974,0.001469871
8/2/2019 7:35,UP,1.10927,1.10949,1.10697,1.10917,0.00042383,0.000332736,0.00166368
8/2/2019 12:48,DOWN,1.10916,1.11151,1.10782,1.10794,-0.001091521,0.000488124,0.002440618
8/2/2019 13:58,UP,1.10789,1.11041,1.10788,1.11018,0.000144131,0.000392709,0.001963547
8/5/2019 0:04,UP,1.1102,1.11166,1.10958,1.11151,0.000566957,0.000294154,0.00147077
8/5/2019 7:52,UP,1.11154,1.11335,1.1112,1.11332,0.000691864,0.000322643,0.001613215
8/5/2019 10:09,UP,1.1133,1.11546,1.11294,1.11523,0.000269039,0.000320632,0.001603162
8/5/2019 11:18,UP,1.11524,1.11754,1.11503,1.1172,0.000286471,0.000348744,0.001743719
8/5/2019 14:19,UP,1.11722,1.12003,1.11697,1.11987,0.001170463,0.000449187,0.002245937
8/5/2019 16:50,UP,1.11984,1.12083,1.11795,1.12073,0.000553364,0.000379057,0.001895287
8/5/2019 22:42,UP,1.12071,1.1221,1.11937,1.12189,6.24E-05,0.000396639,0.001983193
8/6/2019 0:07,UP,1.12189,1.12455,1.12187,1.12453,0.000284604,0.000426239,0.002131193
8/6/2019 3:31,DOWN,1.12455,1.12498,1.12232,1.12234,-0.000454305,0.000393249,0.001966244
8/6/2019 4:09,DOWN,1.12236,1.12236,1.11901,1.11946,-0.001115987,0.000512228,0.002561138
8/6/2019 11:40,DOWN,1.11944,1.12187,1.11929,1.11937,-0.000526943,0.000379561,0.001897805
8/6/2019 13:33,DOWN,1.11936,1.1194,1.1171,1.11714,-0.000563781,0.000380776,0.001903878
8/6/2019 15:09,UP,1.11716,1.11978,1.11675,1.11964,0.000795214,0.000416118,0.00208059
8/7/2019 0:38,UP,1.11964,1.12177,1.11907,1.12152,0.000329964,0.000340256,0.001701279
8/7/2019 6:52,DOWN,1.1215,1.12197,1.11969,1.11971,-0.000696366,0.000355492,0.001777461
8/7/2019 12:51,UP,1.11968,1.12078,1.11789,1.12066,0.00054447,0.000366338,0.001831689
8/7/2019 13:50,UP,1.12065,1.12394,1.12016,1.12345,0.000703438,0.000414126,0.002070632
8/7/2019 16:26,UP,1.12342,1.12418,1.12071,1.12411,0.0003648,0.000450962,0.002254812
8/7/2019 17:40,DOWN,1.12411,1.12412,1.12141,1.12142,-0.000775501,0.000469605,0.002348027
8/8/2019 8:25,UP,1.12142,1.12262,1.11986,1.12258,0.000909034,0.00043711,0.002185548
8/8/2019 11:33,DOWN,1.1226,1.12279,1.11955,1.11975,-0.000482134,0.000432739,0.002163694
8/8/2019 19:00,DOWN,1.11974,1.12327,1.11813,1.11854,-2.68E-05,0.000625428,0.003127138
8/9/2019 9:54,UP,1.11856,1.12069,1.1177,1.12066,0.000321291,0.000472253,0.002361264
8/9/2019 15:56,UP,1.12067,1.12181,1.11883,1.12167,0.000106989,0.000427526,0.002137632
8/12/2019 6:56,DOWN,1.12168,1.12232,1.11952,1.12033,-0.000267742,0.000272232,0.001361159
8/12/2019 7:44,DOWN,1.12035,1.12037,1.11693,1.11711,-0.000277463,0.000534624,0.002673118
8/12/2019 10:39,UP,1.11711,1.11969,1.1162,1.11937,0.000303788,0.000466052,0.002330259
8/12/2019 13:11,UP,1.11935,1.12185,1.11863,1.1218,0.000856134,0.000506237,0.002531183
8/13/2019 1:35,DOWN,1.12179,1.12308,1.12046,1.12046,-0.000151712,0.000349907,0.001749536
8/13/2019 9:43,UP,1.12048,1.121,1.11819,1.12094,0.000722869,0.000406833,0.002034167
8/13/2019 13:51,DOWN,1.12092,1.12286,1.11899,1.11925,-0.00085735,0.000423745,0.002118723
8/13/2019 22:05,DOWN,1.11921,1.1199,1.11701,1.1172,-0.000179003,0.00036184,0.001809202
8/14/2019 13:59,DOWN,1.11728,1.1191,1.11605,1.11612,-0.001217765,0.000476027,0.002380135
8/14/2019 18:38,DOWN,1.11609,1.11615,1.11324,1.11348,-0.000484848,0.000449863,0.002249313
8/15/2019 8:14,UP,1.11348,1.1154,1.11308,1.11522,0.000340798,0.000338544,0.001692722
8/15/2019 12:32,DOWN,1.11521,1.11584,1.11355,1.11369,-0.000888542,0.000358898,0.001794488
8/15/2019 13:56,DOWN,1.11368,1.11459,1.11112,1.11118,-0.00070171,0.000463909,0.002319543
8/16/2019 7:46,DOWN,1.11118,1.11192,1.10852,1.10887,-0.000604036,0.000384014,0.001920071
8/16/2019 12:47,DOWN,1.10887,1.10898,1.10663,1.10711,-0.000316088,0.000299832,0.001499158
8/16/2019 14:54,UP,1.10712,1.11041,1.10686,1.11006,0.000540657,0.000460968,0.002304842
8/19/2019 10:57,UP,1.11008,1.11138,1.10848,1.11122,0.001080478,0.000400235,0.002001174
8/19/2019 18:17,DOWN,1.11125,1.11132,1.10817,1.1089,-0.000477837,0.000371965,0.001859823
8/20/2019 16:53,UP,1.10888,1.11,1.10657,1.10992,0.00056777,0.000486132,0.002430662
8/22/2019 4:42,DOWN,1.10991,1.11072,1.10804,1.10825,-0.000550266,0.000392534,0.00196267
8/22/2019 7:32,UP,1.10824,1.11082,1.10756,1.1105,0.000927941,0.000505244,0.00252622
8/22/2019 9:38,DOWN,1.11051,1.11133,1.10744,1.10775,-0.000875266,0.000582721,0.002913607
8/23/2019 4:36,DOWN,1.10774,1.10989,1.10608,1.10658,-0.000289137,0.0004541,0.002270499
8/23/2019 14:33,UP,1.10659,1.10849,1.10518,1.10831,0.000866559,0.000437778,0.00218889
8/23/2019 15:10,UP,1.10832,1.11285,1.10751,1.11259,0.001034159,0.000706962,0.003534808
8/25/2019 22:32,UP,1.11264,1.11642,1.11189,1.11616,0.000905298,0.000633735,0.003168677
8/26/2019 7:01,DOWN,1.11611,1.11643,1.11287,1.11338,-0.000224516,0.000473854,0.002369269
8/26/2019 9:37,DOWN,1.11337,1.11361,1.11097,1.11097,-0.000620886,0.000395544,0.001977721
8/26/2019 20:01,DOWN,1.11099,1.11244,1.10949,1.10952,-0.00047757,0.00038672,0.0019336
8/27/2019 8:50,UP,1.1095,1.11149,1.10942,1.11129,0.000369009,0.000304476,0.001522379
8/27/2019 14:27,DOWN,1.11128,1.11158,1.10921,1.10981,-0.000144158,0.000266198,0.001330991
8/28/2019 1:47,DOWN,1.1098,1.11035,1.10857,1.10867,-0.000234488,0.00023559,0.001177952
8/28/2019 13:11,DOWN,1.10866,1.10981,1.10739,1.1081,-0.000288741,0.000231956,0.001159781
8/29/2019 13:18,DOWN,1.1081,1.10875,1.1056,1.1066,-0.00065043,0.000340266,0.001701332
8/29/2019 16:46,DOWN,1.10658,1.10937,1.10501,1.1051,-0.000370938,0.000549195,0.002745973
8/30/2019 7:03,DOWN,1.10508,1.10605,1.10353,1.1037,-0.00025366,0.000374464,0.001872321
8/30/2019 15:00,DOWN,1.10369,1.10496,1.10101,1.10133,-0.001787148,0.000550983,0.002754913
8/30/2019 17:21,DOWN,1.10133,1.10134,1.09762,1.09789,-0.000646486,0.00061718,0.003085899
9/2/2019 9:09,DOWN,1.09789,1.09969,1.09632,1.09698,-0.000300781,0.000404611,0.002023054
9/3/2019 1:14,DOWN,1.09699,1.09756,1.0941,1.09432,-0.000876873,0.000412163,0.002060816
9/3/2019 14:01,UP,1.09431,1.09694,1.0926,1.09694,0.002208574,0.000676261,0.003381303
9/4/2019 6:44,UP,1.09696,1.09856,1.09582,1.09847,0.000491714,0.000359212,0.00179606
9/4/2019 9:04,UP,1.09845,1.10131,1.09764,1.10082,0.000899734,0.000509839,0.002549194
9/4/2019 19:01,UP,1.10081,1.10385,1.10072,1.10344,0.000208461,0.000449096,0.002245479
9/5/2019 9:36,UP,1.10346,1.10461,1.10169,1.10425,0.000226424,0.000394028,0.001970139
9/5/2019 11:43,UP,1.10424,1.10671,1.10405,1.10624,0.000307395,0.00034989,0.00174945
9/5/2019 13:56,UP,1.10624,1.10805,1.10525,1.10805,0.000343004,0.000451314,0.002256572
9/5/2019 14:32,DOWN,1.10804,1.10849,1.10519,1.10523,-0.000723569,0.000505916,0.002529578
9/6/2019 1:01,DOWN,1.10522,1.10577,1.10298,1.10303,-0.000217559,0.000385055,0.001925275
9/6/2019 7:55,UP,1.10306,1.10516,1.103,1.105,0.000443537,0.000332116,0.00166058
9/6/2019 9:48,DOWN,1.10499,1.10502,1.10297,1.1031,-0.000371611,0.00031901,0.001595052
9/6/2019 13:16,UP,1.10311,1.10548,1.10203,1.10505,0.000615546,0.000418502,0.002092509
9/6/2019 20:46,DOWN,1.10509,1.10573,1.1025,1.10267,-9.07E-05,0.000437094,0.002185471
9/9/2019 8:30,UP,1.10268,1.1037,1.10156,1.10365,0.000471275,0.000311567,0.001557833
9/9/2019 14:02,UP,1.10365,1.10592,1.10212,1.10544,0.000651537,0.000521556,0.002607779
9/10/2019 2:37,DOWN,1.10545,1.10682,1.10404,1.1042,-0.000135836,0.000377326,0.001886629
9/10/2019 11:36,DOWN,1.10418,1.10596,1.10326,1.1035,-0.000144983,0.000360221,0.001801104
9/11/2019 4:23,UP,1.10352,1.10558,1.10306,1.10522,0.000244325,0.000309278,0.001546392
9/11/2019 8:01,DOWN,1.10523,1.1055,1.10322,1.10324,-0.000616176,0.000316825,0.001584124
9/11/2019 10:39,DOWN,1.10322,1.10348,1.10132,1.10134,-0.000363128,0.000312298,0.001561488
9/11/2019 13:57,DOWN,1.10136,1.10186,1.09937,1.09946,-0.000218265,0.0003354,0.001677
9/11/2019 17:39,UP,1.09947,1.10117,1.09852,1.10109,0.000327002,0.000359242,0.001796212
9/12/2019 8:22,UP,1.10108,1.10277,1.10053,1.1027,0.000507973,0.000301798,0.001508989
9/12/2019 11:53,DOWN,1.10268,1.10701,1.09609,1.09756,-0.001565886,0.000910154,0.00455077
9/12/2019 13:25,UP,1.09748,1.09919,1.09268,1.09883,0.002040613,0.000959116,0.004795578
9/12/2019 14:10,UP,1.09884,1.10582,1.0972,1.10572,0.002046009,0.001253532,0.006267662
9/13/2019 4:10,UP,1.10567,1.10871,1.10261,1.10714,0.000469789,0.000714588,0.003572942
9/13/2019 7:17,UP,1.10711,1.11096,1.10679,1.11067,0.000513335,0.000634372,0.003171859
9/13/2019 13:52,DOWN,1.11069,1.11078,1.10656,1.10672,-0.000867052,0.00065139,0.003256949
9/16/2019 9:01,DOWN,1.10672,1.10865,1.10582,1.10594,-0.000379695,0.000395625,0.001978126
9/16/2019 11:35,DOWN,1.10594,1.10694,1.10372,1.10408,9.06E-06,0.000402527,0.002012634
9/16/2019 14:05,DOWN,1.10407,1.10416,1.10034,1.10039,-0.00128962,0.000521197,0.002605985
9/17/2019 8:37,UP,1.1004,1.10228,1.09903,1.10188,0.000254143,0.000446836,0.00223418
9/17/2019 14:44,UP,1.1019,1.10469,1.10068,1.10446,0.00074272,0.000506966,0.002534831
9/17/2019 17:35,UP,1.10444,1.10732,1.10428,1.10725,0.00037939,0.000433913,0.002169565
9/18/2019 8:28,DOWN,1.10728,1.10758,1.10493,1.10518,-0.000226182,0.000346151,0.001730755
9/18/2019 13:23,UP,1.10521,1.10613,1.10368,1.10586,0.000244184,0.000348251,0.001741254
9/18/2019 18:13,DOWN,1.10584,1.10683,1.10298,1.10325,-0.001983077,0.000606931,0.003034657
9/19/2019 6:26,UP,1.10327,1.10475,1.10138,1.10457,0.000172027,0.000445487,0.002227434
9/19/2019 9:22,UP,1.10456,1.10653,1.1035,1.10643,0.000560518,0.000493106,0.002465531
9/19/2019 15:06,DOWN,1.10641,1.10736,1.105,1.10538,-9.05E-06,0.000344009,0.001720043
9/20/2019 5:03,UP,1.1054,1.10621,1.10386,1.1059,0.000180865,0.000347467,0.001737335
9/20/2019 10:38,DOWN,1.10587,1.10678,1.10424,1.10426,-0.000488896,0.000385476,0.001927382
9/20/2019 13:24,DOWN,1.10424,1.10461,1.10129,1.10157,-0.000744115,0.000409426,0.002047129
9/23/2019 1:28,UP,1.10155,1.10226,1.09963,1.10221,0.000399278,0.000394107,0.001970534
9/23/2019 7:30,DOWN,1.10218,1.10256,1.09872,1.09883,-0.001700364,0.00054386,0.002719299
9/23/2019 14:58,UP,1.09891,1.09994,1.09662,1.09962,0.000527594,0.000477088,0.00238544
9/24/2019 12:36,UP,1.09961,1.10049,1.09838,1.10042,5.45E-05,0.000309188,0.001545942
9/25/2019 3:00,DOWN,1.1004,1.10242,1.0994,1.10013,9.09E-06,0.00035752,0.001787598
9/25/2019 11:40,DOWN,1.10012,1.10051,1.0986,1.0986,-0.000527805,0.000288579,0.001442893
9/25/2019 14:36,DOWN,1.0986,1.0989,1.09569,1.09598,-0.000729674,0.000412131,0.002060653
9/25/2019 18:55,DOWN,1.096,1.09642,1.09375,1.09408,-0.000456901,0.000339176,0.001695878
9/26/2019 2:36,UP,1.09409,1.09608,1.09404,1.09595,0.000374175,0.000304195,0.001520976
9/26/2019 7:36,DOWN,1.09598,1.09652,1.09413,1.09416,-0.000666956,0.000352913,0.001764563
9/26/2019 13:11,UP,1.09419,1.09625,1.09227,1.09619,0.001378448,0.000520913,0.002604564
9/26/2019 16:19,DOWN,1.0962,1.09676,1.09277,1.09348,-0.000137167,0.000483753,0.002418765
9/27/2019 10:56,UP,1.09343,1.09367,1.09049,1.09352,0.000704396,0.000450064,0.002250322
9/30/2019 1:15,DOWN,1.09346,1.09588,1.09267,1.09312,-0.000475589,0.000384003,0.001920014
9/30/2019 10:00,DOWN,1.09311,1.09478,1.09202,1.09207,-0.000485199,0.000371992,0.001859959
9/30/2019 12:14,DOWN,1.09207,1.09266,1.08848,1.08876,-0.001936109,0.000602682,0.003013408
10/1/2019 2:50,DOWN,1.08884,1.09141,1.08857,1.08862,-0.00036737,0.000404858,0.002024288
10/1/2019 10:42,UP,1.08863,1.09055,1.08791,1.0905,0.000229279,0.000355121,0.001775607
10/1/2019 15:09,UP,1.09049,1.09239,1.08847,1.09213,0.00050373,0.000423911,0.002119555
10/2/2019 7:09,DOWN,1.09212,1.0943,1.09191,1.09213,-0.000292962,0.000343979,0.001719893
10/2/2019 11:31,UP,1.09211,1.0935,1.09041,1.09316,0.000338526,0.0003807,0.001903502
10/2/2019 13:48,UP,1.09318,1.09496,1.09156,1.09442,0.000191901,0.000373374,0.00186687
10/2/2019 19:59,UP,1.09443,1.09638,1.09373,1.09619,0.000264588,0.00031393,0.001569651
10/3/2019 6:58,DOWN,1.09617,1.0965,1.09441,1.09441,-0.000685066,0.000318556,0.001592778
10/3/2019 8:43,UP,1.09437,1.09738,1.0941,1.09698,0.001277046,0.000461746,0.002308728
10/3/2019 14:04,UP,1.09695,1.09937,1.0945,1.09937,0.001283376,0.0007387,0.003693501
10/3/2019 20:57,DOWN,1.09934,1.09994,1.09636,1.09638,-0.000556222,0.000541388,0.002706939
10/4/2019 11:00,UP,1.09641,1.09899,1.09635,1.09882,0.00040051,0.000415003,0.002075013
10/4/2019 12:36,DOWN,1.0988,1.10003,1.09581,1.0964,-0.000820532,0.00043962,0.002198098
10/4/2019 15:15,UP,1.0963,1.09864,1.0957,1.09856,0.000163864,0.000390763,0.001953815
10/7/2019 8:33,DOWN,1.09855,1.099,1.09633,1.09652,-0.000264438,0.000396188,0.001980938
10/7/2019 11:18,UP,1.09654,1.09898,1.0962,1.09851,0.000318664,0.000388109,0.001940547
10/7/2019 17:36,DOWN,1.09851,1.10006,1.09714,1.09749,-0.000555659,0.000431507,0.002157536
10/8/2019 8:13,UP,1.09749,1.09887,1.09647,1.09882,0.000673677,0.000319295,0.001596474
10/8/2019 13:25,DOWN,1.09881,1.0996,1.09696,1.09731,-0.000328021,0.000343506,0.001717532
10/8/2019 14:58,DOWN,1.09732,1.09793,1.09532,1.09564,0,0.000383762,0.001918809
10/9/2019 3:32,UP,1.09568,1.09657,1.09411,1.09646,0.0001733,0.000376447,0.001882235
10/9/2019 8:17,UP,1.09646,1.09845,1.09557,1.09828,0.000218547,0.00039725,0.00198625
10/9/2019 20:52,DOWN,1.09828,1.099,1.09682,1.09683,-0.000437529,0.0003337,0.001668501
10/9/2019 23:13,UP,1.09682,1.09888,1.09678,1.09884,0.000300362,0.000365687,0.001828434
10/10/2019 6:58,UP,1.09885,1.10096,1.09798,1.10082,0.000245302,0.000455117,0.002275584
10/10/2019 11:23,UP,1.10081,1.10337,1.10046,1.10311,0.000471506,0.00038471,0.00192355
10/10/2019 15:09,DOWN,1.1031,1.10339,1.10037,1.10083,-0.000354215,0.000362312,0.001811561
10/10/2019 19:10,DOWN,1.10084,1.10236,1.10022,1.10038,-0.000390698,0.000334642,0.001673212
10/11/2019 6:56,UP,1.10036,1.10223,1.10029,1.10216,0.000390219,0.000308743,0.001543716
10/11/2019 10:44,UP,1.10218,1.10336,1.10009,1.10334,0.000734404,0.000496458,0.002482292
10/11/2019 14:56,DOWN,1.10335,1.10628,1.10256,1.10284,-0.000598276,0.000536604,0.00268302
10/14/2019 1:25,DOWN,1.10286,1.10539,1.10242,1.10254,-0.000199519,0.00045741,0.002287052
10/15/2019 3:58,UP,1.10254,1.10427,1.10126,1.10317,0.00039893,0.000315471,0.001577356
10/15/2019 7:25,DOWN,1.10317,1.10462,1.10127,1.10167,-0.000127072,0.000413765,0.002068827
10/15/2019 11:57,DOWN,1.10166,1.10306,1.10034,1.10064,-8.18E-05,0.000416823,0.002084117
10/15/2019 14:37,UP,1.10066,1.10331,1.09913,1.10288,8.16E-05,0.000606107,0.003030535
10/16/2019 6:32,UP,1.10287,1.10601,1.10154,1.10529,0.00034386,0.000542979,0.002714895
10/16/2019 9:17,DOWN,1.10529,1.10561,1.10251,1.10257,-0.000598422,0.000441013,0.002205067
10/16/2019 13:58,UP,1.10255,1.10519,1.10224,1.10519,0.000398201,0.000413537,0.002067687
10/16/2019 15:50,UP,1.10518,1.10733,1.10415,1.10722,0.000786061,0.000461781,0.002308905
10/17/2019 9:26,UP,1.10719,1.11,1.10648,1.10992,0.000558755,0.000487155,0.002435775
10/17/2019 16:29,UP,1.10993,1.11401,1.10975,1.11313,0.000251575,0.000539131,0.002695654
10/18/2019 11:29,UP,1.11311,1.11425,1.11147,1.11422,0.000655382,0.000368593,0.001842965
10/18/2019 20:21,UP,1.11421,1.11662,1.11352,1.11637,3.58E-05,0.000431844,0.002159219
10/21/2019 8:27,UP,1.11641,1.11794,1.11488,1.11761,0.000599673,0.000386978,0.00193489
10/21/2019 14:37,DOWN,1.11759,1.11789,1.11482,1.11492,-0.000905485,0.0004358,0.002178998
10/22/2019 12:11,DOWN,1.1149,1.11568,1.11301,1.11301,-0.000907038,0.00044076,0.002203799
10/23/2019 3:03,DOWN,1.11302,1.11541,1.11177,1.11189,-0.000494531,0.000483931,0.002419656
10/23/2019 19:54,UP,1.11188,1.11398,1.11062,1.11335,0.000341371,0.00039273,0.001963649
10/24/2019 9:46,DOWN,1.11334,1.1163,1.1124,1.11263,-0.000224668,0.000574023,0.002870115
10/24/2019 13:56,DOWN,1.11259,1.11538,1.11114,1.11142,-0.000593659,0.00061154,0.003057701
10/25/2019 8:30,UP,1.11139,1.11211,1.10931,1.11194,0.000296823,0.0003709,0.001854501
10/25/2019 12:46,DOWN,1.1119,1.11231,1.10958,1.10995,-0.00038733,0.000326691,0.001633454
10/25/2019 16:20,DOWN,1.10994,1.11054,1.10766,1.10794,-0.000198547,0.00037408,0.001870398
10/28/2019 8:11,UP,1.10793,1.10968,1.10731,1.10965,0.000676117,0.000351341,0.001756705
10/29/2019 8:07,DOWN,1.10964,1.11067,1.1083,1.10852,-0.000279613,0.00028697,0.00143485
10/29/2019 14:01,UP,1.10853,1.10991,1.10736,1.10989,0.000441583,0.000363602,0.00181801
10/30/2019 6:58,UP,1.10988,1.11186,1.10977,1.11163,0.000449891,0.00027436,0.001371799
10/30/2019 18:38,DOWN,1.11164,1.11271,1.10862,1.10871,-0.001901304,0.000597419,0.002987097
10/30/2019 19:01,UP,1.1087,1.11322,1.10799,1.11314,0.001186538,0.00072518,0.0036259
10/31/2019 1:38,UP,1.11311,1.11699,1.11282,1.11698,0.000689597,0.000571726,0.002858631
10/31/2019 13:35,DOWN,1.11697,1.11756,1.11443,1.11451,-0.000869959,0.000466369,0.002331845
11/1/2019 1:51,UP,1.11452,1.11658,1.11315,1.11646,0.000680955,0.000445909,0.002229546
11/1/2019 10:48,DOWN,1.11648,1.11688,1.11398,1.11402,-0.000601245,0.000478153,0.002390767
11/1/2019 15:04,UP,1.11403,1.11688,1.11282,1.11672,0.000322425,0.000626954,0.003134768
11/4/2019 13:40,DOWN,1.1167,1.11767,1.11493,1.11528,-0.000448217,0.000365336,0.001826682
11/4/2019 19:20,DOWN,1.11525,1.1159,1.11281,1.11306,-0.000242545,0.000399023,0.001995115
11/5/2019 7:55,UP,1.11307,1.11383,1.11127,1.1138,0.00032327,0.000301641,0.001508203
11/5/2019 11:06,DOWN,1.11381,1.11403,1.11157,1.11157,-0.000584588,0.000326416,0.001632079
11/5/2019 13:33,DOWN,1.11157,1.1125,1.11002,1.11029,-3.60E-05,0.000341418,0.001707091
11/5/2019 15:03,DOWN,1.11028,1.11037,1.10681,1.1072,-0.00171457,0.000522603,0.002613015
11/6/2019 8:57,UP,1.10716,1.10904,1.10635,1.10888,0.000541233,0.000353978,0.00176989
11/6/2019 16:04,DOWN,1.1089,1.10929,1.1073,1.10754,-4.51E-05,0.000292044,0.001460218
11/7/2019 2:50,DOWN,1.10755,1.10793,1.10568,1.10586,-0.000560493,0.000262606,0.00131303
11/7/2019 7:39,UP,1.10583,1.10744,1.10549,1.10741,0.000325136,0.00027197,0.001359851
11/7/2019 11:01,UP,1.10742,1.10917,1.10703,1.10889,9.92E-05,0.000248195,0.001240976
11/7/2019 12:52,DOWN,1.10887,1.10913,1.10684,1.1073,-0.000234778,0.000262742,0.001313711
11/7/2019 14:35,DOWN,1.10732,1.10825,1.10618,1.1062,-0.000298274,0.000288884,0.00144442
11/7/2019 15:54,DOWN,1.10623,1.10657,1.10432,1.10452,-0.000407334,0.000288692,0.001443461
11/8/2019 8:04,UP,1.10451,1.10555,1.10361,1.10542,0.000208087,0.00028599,0.001429952
11/8/2019 11:03,DOWN,1.10542,1.10549,1.10311,1.10338,-0.000280915,0.000336729,0.001683643
11/8/2019 16:05,DOWN,1.10336,1.10376,1.10182,1.10185,-0.000399249,0.000319985,0.001599925
11/11/2019 10:39,UP,1.10188,1.10348,1.10164,1.10333,0.000262875,0.000263369,0.001316846
11/12/2019 8:02,DOWN,1.10333,1.10431,1.10257,1.10275,-0.000172282,0.000225074,0.001125368
11/12/2019 11:38,DOWN,1.10279,1.10371,1.10151,1.10162,-0.000199686,0.000270931,0.001354653
11/13/2019 6:36,UP,1.10165,1.10228,1.10026,1.10165,0.000236037,0.000230246,0.001151228
11/13/2019 8:30,DOWN,1.10166,1.10169,1.09991,1.1001,-3.64E-05,0.000267681,0.001338404
11/13/2019 9:56,UP,1.10011,1.10184,1.09991,1.10179,0.000381271,0.000280262,0.00140131
11/13/2019 13:26,DOWN,1.1018,1.10203,1.09998,1.1004,-0.000354354,0.000249311,0.001246555
11/14/2019 8:26,UP,1.10041,1.10158,1.0994,1.1013,0.000172538,0.000280684,0.001403419
11/14/2019 11:19,DOWN,1.10132,1.10135,1.09912,1.09955,-0.00037281,0.00028155,0.001407749
11/14/2019 16:14,UP,1.09953,1.10094,1.09891,1.10092,0.000636034,0.000315787,0.001578933
11/14/2019 18:58,UP,1.1009,1.10275,1.10085,1.10268,0.000417252,0.00030404,0.001520198
11/15/2019 12:04,UP,1.10267,1.10342,1.10145,1.10322,0.000181304,0.000277774,0.00138887
11/15/2019 14:54,UP,1.10323,1.10462,1.10274,1.10459,0.000325966,0.000267905,0.001339525
11/18/2019 2:49,UP,1.10458,1.1061,1.10418,1.10588,9.04E-05,0.000266191,0.001330953
11/18/2019 15:45,UP,1.1059,1.10729,1.1054,1.10727,0.00026194,0.000314288,0.001571438
11/18/2019 22:08,DOWN,1.10728,1.109,1.10693,1.10712,-0.000189663,0.000312823,0.001564113
11/19/2019 14:36,UP,1.10722,1.10829,1.10627,1.10817,0.000162443,0.000268712,0.00134356
11/20/2019 7:47,DOWN,1.10816,1.1084,1.10661,1.10697,-0.000144528,0.000225045,0.001125224
11/20/2019 14:53,UP,1.10698,1.10758,1.10531,1.10758,0.000686416,0.000323833,0.001619165
11/21/2019 0:18,UP,1.10759,1.10814,1.10609,1.10784,-2.71E-05,0.000271044,0.001355218
11/21/2019 8:59,UP,1.10783,1.10865,1.10707,1.10862,0.000297712,0.000242552,0.001212761
11/21/2019 14:09,DOWN,1.10862,1.10969,1.10719,1.10723,-0.000595905,0.000338116,0.001690582
11/21/2019 18:21,DOWN,1.10721,1.10824,1.10601,1.10619,-3.62E-05,0.000336922,0.00168461
11/22/2019 9:14,DOWN,1.1062,1.10873,1.10472,1.10497,-0.000370982,0.000599871,0.002999356
11/22/2019 15:40,DOWN,1.10499,1.10676,1.10382,1.10383,-0.00053436,0.000446062,0.002230309
11/25/2019 4:34,DOWN,1.10382,1.10389,1.1012,1.10199,-9.98E-05,0.000317839,0.001589197
11/25/2019 9:34,DOWN,1.10199,1.10321,1.10137,1.1014,-0.00028142,0.000290231,0.001451157
11/26/2019 8:56,UP,1.10134,1.10249,1.10036,1.10172,0.000217865,0.00021538,0.001076899
11/26/2019 21:29,UP,1.10173,1.10255,1.10071,1.10246,0.000244937,0.000273646,0.001368229
11/27/2019 6:08,DOWN,1.10247,1.10257,1.10082,1.10092,-0.000281543,0.000249231,0.001246156
11/27/2019 14:06,DOWN,1.10094,1.10142,1.09983,1.09999,-9.09E-06,0.000218021,0.001090103
11/28/2019 7:06,UP,1.09998,1.10115,1.09924,1.10097,6.36E-05,0.000278285,0.001391426
11/29/2019 2:10,UP,1.10095,1.10179,1.10005,1.10118,0,0.000179837,0.000899185
11/29/2019 11:47,DOWN,1.10119,1.10136,1.09936,1.09955,-0.000627333,0.000289773,0.001448866
11/29/2019 14:58,UP,1.09956,1.10028,1.09812,1.10016,0.000327279,0.000319591,0.001597957
11/29/2019 15:55,UP,1.10015,1.10224,1.09988,1.10218,0.000344831,0.000344858,0.001724289
12/2/2019 9:11,DOWN,1.10219,1.10283,1.10116,1.10126,-0.00011804,0.000194886,0.000974432
12/2/2019 13:00,UP,1.10127,1.10248,1.1003,1.10242,0.000980143,0.000336625,0.001683124
12/2/2019 14:34,UP,1.10242,1.10441,1.10216,1.10441,0.000398482,0.000361106,0.001805532
12/2/2019 15:24,UP,1.10438,1.10735,1.10426,1.1073,0.000659479,0.000484639,0.002423195
12/3/2019 14:48,UP,1.10729,1.10907,1.10661,1.10857,0.000234564,0.000293992,0.001469962
12/4/2019 1:18,DOWN,1.10858,1.10936,1.10757,1.10783,-0.000252714,0.000259425,0.001297124
12/4/2019 9:24,DOWN,1.10784,1.10879,1.10694,1.10699,-0.000343214,0.000280701,0.001403504
12/4/2019 13:15,UP,1.10697,1.10902,1.10668,1.10896,0.001200042,0.000382387,0.001911936
12/4/2019 16:43,DOWN,1.10893,1.11163,1.10808,1.10821,-0.000667521,0.000407927,0.002039633
12/5/2019 8:36,UP,1.10822,1.10914,1.10673,1.1091,0.000496021,0.000307126,0.00153563
12/5/2019 17:38,UP,1.10909,1.11079,1.10846,1.11062,0.000306182,0.000294979,0.001474895
12/6/2019 11:10,DOWN,1.11061,1.11097,1.10926,1.1093,-9.01E-05,0.000285272,0.00142636
12/6/2019 13:33,DOWN,1.10931,1.10996,1.10683,1.10713,-0.000785507,0.000397581,0.001987904
12/6/2019 15:00,DOWN,1.10713,1.10849,1.10532,1.10547,-0.000904184,0.000481941,0.002409707
12/9/2019 6:28,UP,1.10548,1.10657,1.10399,1.10619,0.000388797,0.000328469,0.001642344
12/9/2019 18:21,DOWN,1.1062,1.10779,1.10552,1.10599,2.71E-05,0.000309414,0.001547071
12/10/2019 8:20,UP,1.10598,1.10733,1.10592,1.10721,0.000144518,0.000217136,0.00108568
12/10/2019 15:54,UP,1.10722,1.10911,1.10698,1.10895,0.000604358,0.000283925,0.001419626
12/11/2019 8:10,DOWN,1.10892,1.10978,1.10818,1.10838,9.02E-06,0.000227644,0.001138219
12/11/2019 12:58,DOWN,1.10839,1.10871,1.10703,1.10726,-0.000451463,0.000235379,0.001176894
12/11/2019 14:05,UP,1.10727,1.10906,1.1072,1.10889,0.000432959,0.000264397,0.001321985
12/11/2019 19:10,UP,1.10888,1.11035,1.10831,1.11031,0.000549547,0.000318792,0.001593962
12/11/2019 19:50,UP,1.11029,1.11373,1.10996,1.1135,0.001177163,0.000543839,0.002719194
12/12/2019 9:24,DOWN,1.1135,1.11449,1.11257,1.11273,-0.000314492,0.000282188,0.001410941
12/12/2019 13:35,UP,1.11274,1.11499,1.11248,1.11472,0.000870552,0.000322594,0.001612969
12/12/2019 14:58,DOWN,1.11475,1.11543,1.11235,1.11241,-0.000943451,0.000431736,0.002158678
12/12/2019 18:00,DOWN,1.11242,1.11363,1.11082,1.11102,-0.000440939,0.0003702,0.001850998
12/12/2019 20:35,UP,1.11103,1.11253,1.11031,1.11245,0.000494527,0.000323025,0.001615126
12/12/2019 22:22,UP,1.11246,1.11813,1.11233,1.11771,0.000975684,0.000880511,0.004402554
12/13/2019 6:32,DOWN,1.11771,1.12002,1.11655,1.1166,-0.000581955,0.000469847,0.002349235
12/13/2019 11:15,UP,1.11661,1.1185,1.1163,1.11836,0.000214623,0.000319993,0.001599964
12/13/2019 14:12,DOWN,1.11837,1.11861,1.11632,1.11644,-0.00025972,0.000313025,0.001565127
12/13/2019 15:37,DOWN,1.11647,1.11683,1.11254,1.11331,-0.000296369,0.000543382,0.00271691
12/13/2019 20:49,DOWN,1.11329,1.11393,1.11121,1.11127,-0.000197952,0.000446089,0.002230444
12/16/2019 5:30,UP,1.11127,1.11363,1.11122,1.11349,0.000305393,0.000357276,0.001786381
12/16/2019 8:58,DOWN,1.1135,1.11505,1.11273,1.11279,-0.000521077,0.000355378,0.001776892
12/16/2019 12:16,UP,1.1128,1.11456,1.11262,1.11442,0.000134608,0.000275501,0.001377503
12/16/2019 23:05,DOWN,1.11441,1.11581,1.11349,1.11381,-0.000457783,0.000300096,0.001500479
12/17/2019 8:26,DOWN,1.1138,1.11494,1.11316,1.11321,-0.000565771,0.000271726,0.00135863
12/17/2019 10:00,UP,1.11322,1.1152,1.11294,1.11497,0.000251159,0.000274307,0.001371535
12/17/2019 12:55,UP,1.11497,1.11746,1.11455,1.11696,0.000179073,0.000323082,0.00161541
12/17/2019 13:56,DOWN,1.11695,1.11718,1.11459,1.11459,-0.001013312,0.000395454,0.001977269
12/18/2019 2:02,DOWN,1.11458,1.11579,1.1139,1.11398,-0.000125668,0.00029247,0.001462352
12/18/2019 12:13,DOWN,1.11402,1.11427,1.11203,1.11223,-0.000575255,0.000360691,0.001803454
12/19/2019 3:20,UP,1.11224,1.11343,1.11104,1.11305,0.000521227,0.000283298,0.001416492
12/19/2019 12:37,DOWN,1.11304,1.11444,1.11175,1.11209,-0.000431527,0.000288681,0.001443406
12/20/2019 8:31,UP,1.1121,1.11307,1.11072,1.11228,0.000251767,0.000243048,0.001215242
12/20/2019 11:15,DOWN,1.11229,1.11238,1.10991,1.10993,-0.000972561,0.00034743,0.00173715
12/20/2019 15:55,DOWN,1.10992,1.11038,1.10813,1.1084,-7.22E-05,0.000310944,0.00155472
12/23/2019 6:31,UP,1.10843,1.10871,1.10664,1.10838,0.000315826,0.000281023,0.001405113
12/23/2019 13:02,DOWN,1.10837,1.10887,1.10717,1.10745,-9.93E-05,0.000225358,0.001126789
12/23/2019 15:09,UP,1.10745,1.10927,1.107,1.10921,0.000667364,0.000282206,0.001411031
12/24/2019 9:49,DOWN,1.10922,1.1096,1.10773,1.10788,-0.000333915,0.0002292,0.001146
12/24/2019 16:07,UP,1.10786,1.10916,1.10691,1.10901,0.000378788,0.000268419,0.001342094
12/26/2019 16:50,UP,1.109,1.11023,1.10719,1.11012,0.000324342,0.000333239,0.001666195
12/27/2019 2:43,UP,1.11011,1.11164,1.10946,1.11156,0.00046792,0.000296275,0.001481375
12/27/2019 8:05,UP,1.11154,1.11364,1.11149,1.11341,0.00039526,0.00028348,0.001417401
12/27/2019 11:18,UP,1.11341,1.11499,1.11313,1.11488,0.000143524,0.000290276,0.00145138
12/27/2019 15:04,UP,1.11479,1.11637,1.11437,1.11625,0.000188148,0.000280138,0.001400691
12/27/2019 19:10,UP,1.11629,1.11883,1.11586,1.11856,0.000527603,0.000426884,0.00213442
12/30/2019 2:28,UP,1.11854,1.1201,1.11699,1.11995,0.000652027,0.000366727,0.001833637
12/30/2019 13:08,DOWN,1.11996,1.12109,1.11861,1.11867,-0.000259203,0.000359163,0.001795815
12/30/2019 16:04,UP,1.11866,1.1208,1.11817,1.12058,0.000249902,0.000348701,0.001743507
12/30/2019 20:54,DOWN,1.12057,1.12208,1.11974,1.1198,-8.93E-05,0.000380465,0.001902326
12/31/2019 9:47,UP,1.11978,1.12175,1.11965,1.1217,0.000490447,0.000323793,0.001618965
12/31/2019 12:05,UP,1.12169,1.12309,1.12086,1.12302,0.000338431,0.000303156,0.001515778
12/31/2019 19:28,DOWN,1.12303,1.12393,1.12163,1.12201,-0.000427712,0.000285333,0.001426664
1/2/2020 9:53,DOWN,1.12202,1.12246,1.12009,1.12023,-0.000597913,0.000338372,0.001691861
1/2/2020 14:33,DOWN,1.12024,1.1204,1.11741,1.11747,-0.000706704,0.000399967,0.001999836
1/2/2020 17:02,DOWN,1.11745,1.12031,1.11651,1.11657,-0.000635674,0.000537094,0.002685468
1/3/2020 7:24,DOWN,1.11659,1.11786,1.11566,1.11598,-0.000430023,0.000310377,0.001551885
1/3/2020 9:57,DOWN,1.11597,1.11605,1.114,1.11408,-0.000314111,0.000292843,0.001464214
1/3/2020 13:21,UP,1.11407,1.11479,1.11251,1.11473,0.000331974,0.00031819,0.001590951
1/3/2020 15:08,UP,1.11473,1.11676,1.11353,1.11599,0.000179229,0.000360874,0.001804372
1/3/2020 20:54,DOWN,1.11597,1.11799,1.1156,1.11602,-0.000385224,0.000282659,0.001413297
1/6/2020 8:55,UP,1.11603,1.11768,1.11519,1.11753,0.000644486,0.000261806,0.00130903
1/6/2020 10:03,UP,1.11753,1.11944,1.11752,1.11934,0.000411041,0.000301119,0.001505596
1/6/2020 14:52,DOWN,1.11935,1.12057,1.11841,1.11853,-0.000303924,0.000296498,0.001482491
1/7/2020 7:36,DOWN,1.11852,1.11992,1.11732,1.11762,-0.000581424,0.000314299,0.001571493
1/7/2020 13:31,DOWN,1.11761,1.11897,1.11651,1.11695,-0.0002417,0.000266515,0.001332574
1/7/2020 14:54,DOWN,1.11696,1.11721,1.11465,1.11477,-0.000699451,0.000371294,0.001856471
1/7/2020 21:59,UP,1.11479,1.11522,1.11337,1.11517,0.000385666,0.000312511,0.001562556
1/8/2020 4:45,DOWN,1.11521,1.11684,1.11438,1.11481,-0.00066357,0.000262759,0.001313797
1/8/2020 8:22,DOWN,1.1148,1.11549,1.11312,1.11363,-0.000395026,0.000309748,0.001548738
1/8/2020 12:40,DOWN,1.11364,1.11449,1.11199,1.11244,-0.000161793,0.00027137,0.001356851
1/8/2020 16:37,DOWN,1.11245,1.11309,1.11087,1.11112,-0.000197979,0.000328315,0.001641575
1/8/2020 21:55,DOWN,1.11116,1.1126,1.11047,1.11048,-0.000396147,0.000269559,0.001347796
1/9/2020 7:49,UP,1.1105,1.11205,1.11018,1.11174,5.40E-05,0.000217192,0.001085961
1/9/2020 9:55,DOWN,1.11173,1.11191,1.10992,1.1101,-0.000414291,0.000274714,0.00137357
1/9/2020 15:41,DOWN,1.11011,1.11174,1.10924,1.10946,-0.001072019,0.000368218,0.001841088
1/10/2020 5:46,UP,1.10948,1.11114,1.10938,1.11094,0.000153035,0.000249238,0.001246192
1/10/2020 9:16,DOWN,1.11093,1.11112,1.10924,1.10924,-0.000486701,0.000294013,0.001470065
1/10/2020 15:28,UP,1.10923,1.1114,1.10851,1.11104,0.000333077,0.000389508,0.001947542
1/13/2020 4:30,UP,1.11106,1.11306,1.11078,1.11294,0.00015276,0.000308073,0.001540365
1/13/2020 15:35,UP,1.11295,1.11362,1.11127,1.11322,0.000359383,0.000270779,0.001353893
1/14/2020 11:36,DOWN,1.11325,1.1147,1.11266,1.11278,-0.00025159,0.000265713,0.001328565
1/14/2020 13:22,DOWN,1.1128,1.11327,1.11106,1.1111,-0.000413918,0.000312386,0.001561929
1/14/2020 16:11,UP,1.1111,1.11284,1.11046,1.11276,0.000602288,0.000287593,0.001437964
1/15/2020 11:06,UP,1.11276,1.11441,1.11186,1.11435,0.000682245,0.00033025,0.001651251
1/15/2020 14:36,UP,1.11434,1.11635,1.11397,1.11608,0.00032261,0.000325455,0.001627277
1/16/2020 12:33,UP,1.11609,1.11726,1.11433,1.11707,0.001083778,0.000364804,0.001824022
1/16/2020 14:53,DOWN,1.11706,1.11714,1.11431,1.11455,-0.000421606,0.000412792,0.00206396
1/17/2020 9:33,DOWN,1.11454,1.11469,1.11261,1.11285,-0.00035039,0.000266541,0.001332707
1/17/2020 11:15,DOWN,1.11284,1.11299,1.11064,1.11069,-0.00043207,0.000317471,0.001587355
1/17/2020 15:09,DOWN,1.1107,1.11148,1.10958,1.10989,-6.31E-05,0.000265287,0.001326434
1/20/2020 9:29,DOWN,1.10988,1.11029,1.10822,1.10847,-0.000207472,0.00028151,0.001407552
1/20/2020 20:18,UP,1.10848,1.1095,1.10768,1.10944,0.000225364,0.000295199,0.001475995
1/21/2020 13:00,UP,1.1094,1.11102,1.10856,1.11078,0.000252107,0.000340384,0.00170192
1/21/2020 15:32,DOWN,1.11078,1.11181,1.10971,1.10988,-0.00024324,0.000332305,0.001661527
1/22/2020 1:31,DOWN,1.10987,1.10998,1.10797,1.10798,-0.000324863,0.000291227,0.001456134
1/22/2020 15:11,DOWN,1.108,1.10983,1.10707,1.1074,-0.000117385,0.000345685,0.001728427
1/22/2020 20:00,UP,1.10739,1.10935,1.10702,1.10923,0.00021639,0.000358801,0.001794003
1/23/2020 14:16,DOWN,1.10922,1.11088,1.10744,1.10761,-0.00065886,0.000430351,0.002151753
1/23/2020 15:32,DOWN,1.10759,1.10759,1.10431,1.10447,-0.000651684,0.000471878,0.002359392
1/23/2020 21:15,UP,1.10448,1.1058,1.10364,1.10571,6.33E-05,0.00032579,0.001628948
1/24/2020 9:58,DOWN,1.10572,1.10622,1.10337,1.10346,-0.000760952,0.000359837,0.001799186
1/24/2020 16:42,DOWN,1.10341,1.10399,1.10196,1.10228,-0.000408161,0.000264707,0.001323534
1/27/2020 14:36,DOWN,1.10228,1.10376,1.10151,1.10205,-0.000408247,0.00026821,0.00134105
1/28/2020 12:21,DOWN,1.10205,1.10253,1.10029,1.1004,-0.000517859,0.000320795,0.001603974
1/28/2020 19:36,UP,1.1004,1.10154,1.09979,1.10143,6.36E-05,0.000259124,0.001295618
1/29/2020 7:18,DOWN,1.10142,1.10279,1.10066,1.10066,-0.000871824,0.000330001,0.001650007
1/29/2020 23:33,UP,1.10068,1.10208,1.09923,1.1017,0.000572007,0.00038286,0.0019143
1/30/2020 13:07,UP,1.10169,1.10272,1.10069,1.10259,0.000344702,0.000279747,0.001398733
1/30/2020 15:53,UP,1.10258,1.10362,1.10152,1.10332,-1.81E-05,0.000289217,0.001446087
1/31/2020 6:54,DOWN,1.10331,1.10394,1.10186,1.10202,-0.000190541,0.000289207,0.001446036
1/31/2020 12:12,UP,1.10201,1.10431,1.1017,1.10427,0.000434771,0.000337924,0.001689618
1/31/2020 14:45,UP,1.10428,1.10635,1.10408,1.10627,0.000596777,0.00033722,0.001686098
1/31/2020 16:02,UP,1.10629,1.10905,1.10558,1.10881,0.001010602,0.000486675,0.002433373
2/3/2020 7:27,DOWN,1.10884,1.10961,1.10748,1.10764,-0.000297886,0.000304286,0.001521432
2/3/2020 11:41,DOWN,1.10763,1.10785,1.1059,1.10605,-0.000180807,0.000279106,0.001395529
2/3/2020 14:46,DOWN,1.10606,1.10668,1.10482,1.10496,-9.05E-05,0.000278248,0.001391241
2/3/2020 16:45,UP,1.10495,1.10619,1.10357,1.10617,0.00011753,0.0002723,0.0013615
2/4/2020 7:31,DOWN,1.10618,1.10665,1.10504,1.10506,-0.000235254,0.000244669,0.001223345
2/4/2020 12:44,DOWN,1.10505,1.1061,1.10434,1.10445,-0.000669792,0.000263197,0.001315987
2/4/2020 16:33,DOWN,1.10444,1.10508,1.10329,1.10344,-0.000235599,0.000279673,0.001398364
2/5/2020 9:36,DOWN,1.10342,1.1048,1.10261,1.10299,-0.000607255,0.000273695,0.001368474
2/5/2020 13:37,DOWN,1.10298,1.10314,1.10122,1.1013,-0.000472058,0.000272225,0.001361123
2/5/2020 19:52,DOWN,1.10129,1.10144,1.09937,1.09945,-0.000409212,0.000266877,0.001334387
2/6/2020 8:05,UP,1.09947,1.1014,1.09942,1.10073,0.000336197,0.000222952,0.001114758
2/6/2020 15:07,DOWN,1.10074,1.10076,1.09862,1.09873,-0.000682373,0.000331287,0.001656437
2/6/2020 15:55,DOWN,1.0987,1.09881,1.09645,1.0965,-0.000720215,0.00037019,0.001850951
2/7/2020 3:02,UP,1.09652,1.0985,1.09645,1.09841,8.19E-05,0.000324193,0.001620963
2/7/2020 8:12,DOWN,1.0984,1.09851,1.09626,1.09649,-0.000237092,0.000315095,0.001575474
2/7/2020 10:56,DOWN,1.09648,1.09711,1.09479,1.09516,9.13E-06,0.000315324,0.00157662
2/7/2020 18:04,DOWN,1.09515,1.09764,1.0942,1.09452,-0.000155307,0.000495211,0.002476053
2/10/2020 13:56,DOWN,1.09449,1.09576,1.09335,1.09335,-0.001142622,0.000404111,0.002020555
2/10/2020 16:35,DOWN,1.09335,1.09383,1.09109,1.09118,-0.000412313,0.000390387,0.001951936
2/11/2020 13:13,DOWN,1.09116,1.09208,1.09021,1.09021,-0.000421848,0.000309997,0.001549986
2/11/2020 14:23,UP,1.09022,1.09175,1.08913,1.09164,0.000824788,0.000356474,0.001782368
2/12/2020 6:39,DOWN,1.09165,1.09249,1.0908,1.09088,-0.000164991,0.00025335,0.001266749
2/12/2020 8:33,UP,1.09084,1.09239,1.09023,1.09231,0.000439532,0.00030808,0.001540402
2/12/2020 14:17,DOWN,1.09232,1.09257,1.08997,1.09038,-0.000100877,0.000336186,0.001680932
2/12/2020 17:19,DOWN,1.09038,1.09106,1.0877,1.08804,-0.000670706,0.000415152,0.00207576
2/13/2020 8:40,UP,1.08806,1.08855,1.08652,1.08853,0.000569738,0.000302093,0.001510463
2/13/2020 11:52,DOWN,1.08852,1.08889,1.08655,1.0868,-0.00018401,0.000336677,0.001683383
2/13/2020 15:20,DOWN,1.08681,1.08694,1.08364,1.0839,-0.000747022,0.000516892,0.002584459
2/14/2020 3:56,DOWN,1.08391,1.08543,1.08273,1.08317,-0.000387676,0.000355011,0.001775056
2/14/2020 13:53,UP,1.08317,1.08559,1.08308,1.08551,0.000110553,0.000419983,0.002099913
2/14/2020 17:22,DOWN,1.08547,1.08613,1.08329,1.08346,-0.000562853,0.000440064,0.002200321
2/17/2020 16:15,DOWN,1.08347,1.08511,1.08292,1.08328,-3.69E-05,0.000275172,0.001375861
2/18/2020 10:11,DOWN,1.08326,1.084,1.08214,1.08252,-9.24E-06,0.000209174,0.001045872
2/18/2020 12:41,DOWN,1.08251,1.08371,1.08125,1.08159,-0.000166408,0.000323907,0.001619536
2/18/2020 15:42,UP,1.08157,1.08203,1.07856,1.08178,0.000286606,0.000508602,0.002543012
2/18/2020 19:40,DOWN,1.08179,1.0826,1.0795,1.0795,-0.000398253,0.000415733,0.002078663
2/19/2020 14:47,DOWN,1.07949,1.08081,1.07847,1.07897,-3.71E-05,0.000302888,0.001514441
2/19/2020 20:37,UP,1.07893,1.0806,1.07822,1.08033,0.000388846,0.000323466,0.00161733
2/20/2020 3:04,DOWN,1.08031,1.08154,1.07917,1.07944,-0.000314929,0.00029395,0.001469751
2/20/2020 9:40,UP,1.07945,1.08056,1.07781,1.08042,0.000314742,0.000342582,0.001712912
2/20/2020 14:06,UP,1.08043,1.08186,1.0786,1.08183,0.001248665,0.000477489,0.002387446
2/20/2020 16:29,DOWN,1.08183,1.08213,1.0783,1.07854,-0.001389803,0.000540411,0.002702053
2/21/2020 8:30,UP,1.07856,1.08129,1.07829,1.08075,0.000527551,0.000366423,0.001832116
2/21/2020 14:48,UP,1.08067,1.08364,1.07955,1.08356,0.001782754,0.000571183,0.002855916
2/23/2020 22:19,DOWN,1.08353,1.08636,1.0824,1.08278,0,0.000576494,0.002882471
2/24/2020 5:58,DOWN,1.08287,1.08425,1.08153,1.08158,-0.000508386,0.000414348,0.002071739
2/24/2020 9:03,UP,1.08157,1.0839,1.08052,1.08383,0.001320266,0.000484008,0.002420042
2/24/2020 13:11,DOWN,1.08385,1.0842,1.0813,1.08177,-0.000240318,0.000363328,0.00181664
2/24/2020 14:49,UP,1.08173,1.08398,1.08132,1.08398,0.000498288,0.000367317,0.001836586
2/24/2020 17:32,UP,1.08396,1.08685,1.08394,1.08621,0.000174935,0.000401676,0.002008379
2/24/2020 19:47,DOWN,1.08619,1.0872,1.08419,1.08455,-0.000543857,0.000400362,0.00200181
2/25/2020 2:39,UP,1.08456,1.08634,1.08413,1.08615,0.00014732,0.000305607,0.001528037
2/25/2020 10:02,DOWN,1.08614,1.08677,1.08464,1.08465,-0.000488518,0.000327283,0.001636413
2/25/2020 15:33,UP,1.08466,1.08557,1.08301,1.0855,0.00049759,0.000437552,0.002187759
2/25/2020 16:29,UP,1.08549,1.08826,1.08459,1.08793,0.000156272,0.000458499,0.002292494
2/26/2020 2:40,DOWN,1.08793,1.08903,1.08635,1.08644,-0.000487713,0.000369009,0.001845046
2/26/2020 8:51,UP,1.08642,1.0893,1.08624,1.08918,0.000854218,0.000394932,0.001974659
2/26/2020 13:02,DOWN,1.08923,1.09089,1.08657,1.08665,-0.000662367,0.000661118,0.003305589
2/26/2020 17:04,UP,1.08668,1.08919,1.08551,1.0891,0.000211206,0.000572431,0.002862153
2/27/2020 2:25,UP,1.08909,1.09132,1.08747,1.09074,0.000495199,0.000526293,0.002631467
2/27/2020 8:10,UP,1.09076,1.09342,1.09033,1.0933,0.001134825,0.000481541,0.002407704
2/27/2020 12:37,UP,1.09331,1.09567,1.09273,1.09536,0.00055705,0.000375316,0.001876579
2/27/2020 13:52,UP,1.09534,1.0975,1.09524,1.09726,0.000236982,0.000341748,0.001708741
2/27/2020 15:26,UP,1.09725,1.09991,1.09631,1.09961,0.000500302,0.000485969,0.002429844
2/27/2020 16:34,DOWN,1.09959,1.10065,1.09722,1.09753,-0.000154881,0.000458535,0.002292675
2/27/2020 18:46,UP,1.09754,1.09945,1.09648,1.09936,0.000491316,0.000423692,0.002118459
2/28/2020 5:52,UP,1.09934,1.10061,1.09799,1.10019,0.000263626,0.000321293,0.001606464
2/28/2020 8:20,UP,1.10019,1.10264,1.09915,1.10214,0.000136108,0.000475036,0.002375179
2/28/2020 9:41,UP,1.10213,1.10529,1.10128,1.10523,0.000434393,0.000619259,0.003096295
2/28/2020 11:36,DOWN,1.10524,1.1053,1.1005,1.10133,-0.000426666,0.000671792,0.003358959
2/28/2020 13:25,DOWN,1.10128,1.10129,1.09711,1.09747,-0.000337082,0.000637125,0.003185626
2/28/2020 15:06,DOWN,1.09748,1.09914,1.09509,1.09587,-0.000465275,0.000550869,0.002754345
2/28/2020 16:06,UP,1.09588,1.09914,1.09549,1.09902,0.000364027,0.000515571,0.002577857
2/28/2020 19:37,UP,1.09904,1.10323,1.09843,1.10303,0.001624121,0.000740233,0.003701164
3/1/2020 23:24,UP,1.10305,1.10739,1.10138,1.10713,0.00045172,0.00073685,0.003684252
3/2/2020 6:40,DOWN,1.1071,1.10711,1.10364,1.10405,-0.000434668,0.000499997,0.002499983
3/2/2020 7:49,UP,1.10403,1.10783,1.10383,1.10775,0.000812788,0.000540499,0.002702494
3/2/2020 11:19,UP,1.10776,1.10951,1.10603,1.10934,0.000243418,0.000529586,0.002647931
3/2/2020 12:09,UP,1.10935,1.11282,1.10893,1.11267,0.000728244,0.000550156,0.002750781
3/2/2020 13:36,UP,1.11264,1.11457,1.10997,1.11449,0.001346814,0.000684374,0.003421871
3/2/2020 15:51,DOWN,1.11446,1.11643,1.1108,1.11156,-0.000548628,0.00072871,0.003643549
3/2/2020 16:34,UP,1.11157,1.11593,1.11123,1.11593,0.001237402,0.000754918,0.00377459
3/2/2020 20:53,DOWN,1.1159,1.11847,1.11293,1.11338,-0.001014413,0.000665094,0.003325471
3/3/2020 7:55,DOWN,1.1134,1.11557,1.11152,1.11186,-0.000512523,0.000526106,0.002630528
3/3/2020 13:34,DOWN,1.11185,1.1139,1.10972,1.11024,-9.91E-05,0.000512903,0.002564513
3/3/2020 15:02,UP,1.11026,1.11877,1.10952,1.1158,0.002898982,0.000851406,0.004257029
3/3/2020 16:15,DOWN,1.11582,1.12137,1.11555,1.11579,-0.001531373,0.000811615,0.004058077
3/4/2020 4:06,DOWN,1.11579,1.11952,1.11413,1.11618,-0.000331433,0.000494472,0.002472358
3/4/2020 8:44,UP,1.11617,1.11876,1.11434,1.11831,0.000697724,0.000627168,0.003135838
3/4/2020 10:53,DOWN,1.11831,1.11835,1.11364,1.1139,-0.001076716,0.000698573,0.003492866
3/4/2020 12:59,DOWN,1.11392,1.11549,1.11101,1.11105,-0.001232308,0.000726965,0.003634823
3/4/2020 16:02,UP,1.11107,1.11454,1.10955,1.1144,0.001014513,0.000779151,0.003895756
3/5/2020 9:41,UP,1.11444,1.1165,1.11194,1.1165,0.000671968,0.000646864,0.003234321
3/5/2020 13:28,UP,1.11651,1.12001,1.11566,1.11948,0.00066124,0.00057395,0.00286975
3/5/2020 18:10,UP,1.11952,1.12169,1.11672,1.12145,0.000338904,0.00069665,0.003483249
3/5/2020 21:58,UP,1.12147,1.12449,1.1192,1.12383,0.000329285,0.00066169,0.003308449
3/6/2020 8:36,UP,1.12383,1.1276,1.12113,1.12757,0.002521868,0.000849762,0.004248811
3/6/2020 10:28,UP,1.12758,1.132,1.12648,1.13198,0.000857273,0.000794523,0.003972613
3/6/2020 14:51,UP,1.132,1.13517,1.12978,1.13458,0.000643617,0.000754689,0.003773443
3/6/2020 17:45,DOWN,1.13455,1.13549,1.12873,1.12932,-0.001035485,0.0009716,0.004858002
3/8/2020 22:34,UP,1.1293,1.13599,1.12858,1.13584,0.001198069,0.001019072,0.005095359
3/9/2020 1:51,UP,1.13584,1.14966,1.1356,1.14424,0.003835213,0.001404499,0.007022494
3/9/2020 5:59,DOWN,1.14405,1.1469,1.13711,1.13821,-0.000913298,0.001090315,0.005451575
3/9/2020 7:19,UP,1.13816,1.1451,1.1381,1.14436,0.000375826,0.001053853,0.005269267
3/9/2020 8:39,DOWN,1.1444,1.14754,1.13904,1.13949,-0.002366678,0.001063876,0.005319381
3/9/2020 11:51,UP,1.13944,1.14388,1.13655,1.14233,0.000499105,0.000936483,0.004682417
3/9/2020 13:40,UP,1.14233,1.14831,1.1403,1.14826,0.001725837,0.000981959,0.004909797
3/9/2020 17:25,UP,1.14832,1.14847,1.13755,1.14648,0.000942458,0.001048187,0.005240935
3/9/2020 23:37,DOWN,1.14648,1.14807,1.1416,1.14173,-0.00052538,0.000928978,0.004644888
3/10/2020 5:12,DOWN,1.14169,1.14254,1.13557,1.13576,-0.00119672,0.00089366,0.004468299
3/10/2020 8:03,UP,1.13582,1.13956,1.13322,1.13943,0.001405198,0.000957705,0.004788526
3/10/2020 10:40,DOWN,1.13943,1.14016,1.13399,1.13403,-0.00099595,0.000802917,0.004014585
3/10/2020 12:31,UP,1.13404,1.13863,1.13361,1.13853,0.000658961,0.000786063,0.003930315
3/10/2020 16:08,DOWN,1.13855,1.13943,1.13372,1.13471,-0.000202674,0.00073497,0.003674849
3/10/2020 18:42,DOWN,1.13475,1.13531,1.12962,1.12966,-0.000663696,0.000784095,0.003920476
3/11/2020 3:25,UP,1.1297,1.13286,1.12751,1.13263,0.000247243,0.000787013,0.003935065
3/11/2020 8:08,DOWN,1.13261,1.13668,1.1317,1.13228,-0.000529764,0.000667749,0.003338746
3/11/2020 12:12,UP,1.13223,1.13485,1.13015,1.13469,0.00185244,0.000720645,0.003603226
3/11/2020 15:00,DOWN,1.1347,1.13519,1.13057,1.13062,-0.000698488,0.000632126,0.003160629
3/11/2020 16:16,DOWN,1.13061,1.13092,1.12575,1.12658,-0.000363867,0.000662073,0.003310365
3/11/2020 23:10,DOWN,1.12659,1.12886,1.12502,1.12566,-2.67E-05,0.000502915,0.002514575
3/12/2020 1:22,UP,1.12564,1.13074,1.12552,1.12959,0.001701178,0.000637645,0.003188223
3/12/2020 8:23,DOWN,1.12955,1.13336,1.12769,1.1277,-0.002223296,0.00087809,0.004390452
3/12/2020 11:23,DOWN,1.12772,1.12783,1.12248,1.12256,-0.00130865,0.000898883,0.004494416
3/12/2020 14:11,DOWN,1.12257,1.13015,1.1132,1.114,-0.005264395,0.002158023,0.010790117
3/12/2020 16:17,DOWN,1.1141,1.118,1.1055,1.10708,-0.000704308,0.00167143,0.008357152
3/12/2020 17:21,UP,1.10705,1.1184,1.10578,1.11671,0.000591197,0.001663008,0.008315042
3/13/2020 4:10,UP,1.11668,1.12268,1.11524,1.12107,0.000472874,0.000942561,0.004712805
3/13/2020 7:25,DOWN,1.12108,1.12214,1.11711,1.11724,-0.001690239,0.000858139,0.004290696
3/13/2020 10:59,DOWN,1.11726,1.12144,1.11531,1.11582,-0.00049279,0.000901015,0.004505076
3/13/2020 13:28,DOWN,1.11584,1.11865,1.11033,1.11086,-0.000153023,0.001038037,0.005190184
3/13/2020 16:05,DOWN,1.11084,1.11334,1.10623,1.10725,-0.001299674,0.000899508,0.004497538
3/15/2020 22:06,UP,1.10724,1.11954,1.10551,1.11779,0.005517119,0.002015272,0.010076358
3/16/2020 1:25,DOWN,1.11727,1.11951,1.10853,1.1096,-0.001521913,0.001594817,0.007974087
3/16/2020 7:36,UP,1.10962,1.11598,1.10887,1.1156,0.001273668,0.000974923,0.004874613
3/16/2020 8:42,UP,1.11557,1.12245,1.11557,1.121,0.000731757,0.000942925,0.004714626
3/16/2020 10:28,DOWN,1.12102,1.12367,1.11423,1.11655,-0.001521389,0.000973792,0.004868961
3/16/2020 13:25,DOWN,1.11652,1.12018,1.11294,1.11349,-0.001292396,0.00099164,0.0049582
3/16/2020 16:55,UP,1.11353,1.11624,1.10944,1.11596,0.000340572,0.00095262,0.004763102
3/17/2020 7:13,DOWN,1.11596,1.11893,1.11426,1.11502,-0.000295915,0.000580251,0.002901257
3/17/2020 8:56,DOWN,1.11505,1.1155,1.11103,1.11162,-0.000692443,0.000578774,0.002893869
3/17/2020 10:24,DOWN,1.11164,1.11192,1.10682,1.107,-0.001164633,0.000830244,0.004151219
3/17/2020 11:55,DOWN,1.107,1.10729,1.10003,1.10005,-0.002424222,0.00108695,0.005434748
3/17/2020 23:14,UP,1.10008,1.10235,1.09551,1.10218,0.000471904,0.001090126,0.005450628
3/18/2020 5:27,UP,1.10213,1.10368,1.09848,1.10349,0.000562012,0.000806207,0.004031033
3/18/2020 7:54,DOWN,1.10351,1.10452,1.09782,1.09839,-0.001119194,0.000850029,0.004250147
3/18/2020 12:31,DOWN,1.0984,1.10177,1.09545,1.09652,-0.00128506,0.000821246,0.004106228
3/18/2020 13:37,DOWN,1.09649,1.09778,1.09114,1.09158,-0.000567823,0.00090115,0.004505751
3/18/2020 15:56,DOWN,1.09161,1.09279,1.08368,1.08368,-0.001521432,0.00131557,0.006577852
3/18/2020 19:52,UP,1.08371,1.08944,1.08019,1.0893,0.000413195,0.001411323,0.007056617
3/19/2020 3:01,DOWN,1.08925,1.0982,1.08777,1.08818,-0.001505969,0.001214069,0.006070347
3/19/2020 7:58,DOWN,1.08827,1.09481,1.08475,1.08481,-0.001970752,0.001281039,0.006405195
3/19/2020 10:55,DOWN,1.08482,1.08903,1.0794,1.07989,-0.000388853,0.001402166,0.007010829
3/19/2020 16:02,DOWN,1.07981,1.08403,1.0695,1.07045,-0.004492672,0.001822516,0.009112582
3/20/2020 2:32,UP,1.07041,1.07497,1.06528,1.07458,0.001723087,0.001450906,0.00725453
3/20/2020 7:46,UP,1.07458,1.08175,1.07168,1.08159,0.002193623,0.00149457,0.007472848
3/20/2020 9:49,DOWN,1.08162,1.08314,1.0715,1.07197,-0.003259698,0.001624021,0.008120103
3/20/2020 16:55,DOWN,1.07195,1.07605,1.06563,1.06612,-0.001181158,0.001555031,0.007775157
3/23/2020 2:09,UP,1.06627,1.07251,1.06359,1.07246,0.001511688,0.001389416,0.00694708
3/23/2020 9:27,DOWN,1.07243,1.0769,1.06842,1.06883,-0.000710805,0.001123899,0.005619497
3/23/2020 12:25,UP,1.06883,1.07945,1.06664,1.07846,0.003343677,0.00181171,0.009058551
3/23/2020 20:17,DOWN,1.07846,1.08278,1.07208,1.07219,-0.000596731,0.001492708,0.00746354
3/24/2020 0:58,UP,1.07219,1.08109,1.072,1.07999,0.002169037,0.001436699,0.007183497
3/24/2020 10:02,UP,1.08001,1.08662,1.07758,1.08562,0.002536328,0.001199304,0.005996518
3/24/2020 14:14,DOWN,1.08561,1.08882,1.07881,1.08023,-0.000953046,0.001399107,0.006995537
3/25/2020 2:58,UP,1.08022,1.0821,1.0746,1.08174,0.001239513,0.001137894,0.005689471
3/25/2020 17:23,UP,1.08174,1.08678,1.07849,1.08627,0.001151389,0.001082068,0.00541034
3/26/2020 1:01,UP,1.08629,1.09339,1.08556,1.0919,0.001833349,0.000974015,0.004870077
3/26/2020 10:43,UP,1.09191,1.0954,1.0892,1.09529,0.000584491,0.000822453,0.004112267
3/26/2020 15:25,UP,1.09529,1.10103,1.09274,1.10088,0.001472634,0.001173725,0.005868624
3/27/2020 3:14,UP,1.10093,1.10788,1.09909,1.10664,0.001709333,0.001102267,0.005511333
3/27/2020 7:45,DOWN,1.10666,1.10873,1.10084,1.10135,-0.001560501,0.001222144,0.006110718
3/27/2020 13:35,DOWN,1.10135,1.10407,1.09534,1.09571,-0.001450062,0.001103815,0.005519073
3/27/2020 15:27,UP,1.09568,1.10342,1.0956,1.10311,0.001542286,0.001295299,0.006476496
3/27/2020 18:15,UP,1.10312,1.11106,1.10291,1.10984,5.41E-05,0.001187281,0.005936406
3/30/2020 6:57,DOWN,1.10988,1.11478,1.10682,1.10686,-0.000939154,0.001150534,0.005752669
3/30/2020 13:05,DOWN,1.10684,1.10961,1.101,1.10165,-0.001342538,0.001210943,0.006054715
3/31/2020 8:54,DOWN,1.10165,1.10563,1.09839,1.09886,-0.000864159,0.001054108,0.005270538
3/31/2020 15:41,UP,1.09887,1.10105,1.09268,1.10099,0.001709014,0.001031725,0.005158626
3/31/2020 22:01,UP,1.10101,1.10397,1.09649,1.10365,0.001251179,0.001134188,0.00567094
4/1/2020 7:13,DOWN,1.10342,1.10379,1.09746,1.09748,-0.001393132,0.00110611,0.005530552
4/1/2020 17:27,DOWN,1.09752,1.09863,1.0908,1.0909,-0.001456451,0.000967738,0.004838691
4/2/2020 12:19,DOWN,1.09092,1.09698,1.08956,1.08961,-0.001311536,0.00103217,0.005160852
4/2/2020 18:02,DOWN,1.08959,1.09126,1.08256,1.0828,-0.00143045,0.001387892,0.00693946
4/3/2020 9:09,DOWN,1.08282,1.08667,1.07872,1.07933,-0.0007687,0.001143278,0.00571639
4/6/2020 5:23,UP,1.07935,1.08285,1.07728,1.08277,0.001349303,0.000818973,0.004094867
4/6/2020 13:35,DOWN,1.08276,1.08356,1.07768,1.07772,-0.001103574,0.000894624,0.004473122
4/7/2020 5:00,UP,1.07771,1.08302,1.07684,1.08262,0.001238505,0.000885331,0.004426654
4/7/2020 10:02,UP,1.08265,1.0879,1.08208,1.08782,0.000330992,0.000936437,0.004682186
4/8/2020 3:03,DOWN,1.0878,1.09267,1.08605,1.08633,-0.00075455,0.000883983,0.004419917
4/9/2020 13:14,UP,1.08633,1.0919,1.08301,1.0919,0.001347184,0.001214433,0.006072166
4/13/2020 6:52,UP,1.09188,1.09663,1.09122,1.09644,0.001688704,0.000719603,0.003598015
4/13/2020 13:37,DOWN,1.09639,1.0968,1.09033,1.09069,-0.001081299,0.000934078,0.00467039
4/14/2020 3:11,UP,1.09071,1.09489,1.08928,1.09478,0.000767572,0.000884909,0.004424547
4/14/2020 12:28,UP,1.09482,1.09671,1.09151,1.09642,0.000100332,0.000804993,0.004024964
4/15/2020 7:51,DOWN,1.09642,1.09917,1.09316,1.09331,-0.001617628,0.000782761,0.003913805
4/15/2020 12:45,DOWN,1.0933,1.09398,1.08647,1.08662,-0.001985842,0.001046666,0.005233331
4/15/2020 16:53,UP,1.08661,1.09308,1.08563,1.09215,0.001301034,0.000990407,0.004952034
4/16/2020 2:12,DOWN,1.09216,1.09389,1.08753,1.08827,-0.000780751,0.000884748,0.004423741
4/16/2020 15:02,DOWN,1.08829,1.0905,1.08464,1.08484,-0.001703868,0.000901378,0.004506889
4/17/2020 1:29,UP,1.08483,1.08772,1.08166,1.08751,0.000975179,0.000766402,0.003832011
4/17/2020 7:49,DOWN,1.08753,1.08789,1.08199,1.08272,-0.000886263,0.000849308,0.00424654
4/17/2020 12:24,UP,1.08271,1.08735,1.08121,1.08681,0.001335071,0.000897732,0.00448866
4/20/2020 6:27,DOWN,1.08681,1.08928,1.08415,1.08449,-0.001059844,0.000715608,0.003578038
4/20/2020 9:26,UP,1.08453,1.08968,1.08441,1.08906,0.000799173,0.000793555,0.003967774
4/20/2020 20:04,DOWN,1.08907,1.08932,1.08498,1.0857,-0.000340736,0.000611484,0.003057421
4/21/2020 8:02,DOWN,1.08568,1.08723,1.08202,1.08209,-0.00135756,0.000668727,0.003343635
4/21/2020 14:01,UP,1.08207,1.08747,1.08165,1.0869,1.84E-05,0.000870276,0.00435138
4/22/2020 11:17,UP,1.08688,1.08852,1.08417,1.08816,0.001158589,0.000558689,0.002793445
4/22/2020 14:26,DOWN,1.08809,1.08819,1.08333,1.08379,-0.001502852,0.00068394,0.003419702
4/23/2020 7:23,DOWN,1.0838,1.08406,1.07952,1.07961,-0.001453172,0.000690734,0.003453668
4/23/2020 14:17,UP,1.07959,1.08237,1.07561,1.08132,0.001916162,0.000916389,0.004581945
4/23/2020 17:24,DOWN,1.08133,1.08467,1.07771,1.07779,-0.001752053,0.001016868,0.005084338
4/24/2020 7:05,DOWN,1.07779,1.07911,1.07376,1.0744,-0.001181357,0.000749984,0.003749919
4/24/2020 10:48,UP,1.07439,1.07984,1.07271,1.07834,0.001587029,0.000774076,0.003870379
4/24/2020 20:55,UP,1.07833,1.08262,1.07771,1.08231,0.000711694,0.000721947,0.003609736
4/27/2020 6:07,UP,1.08245,1.08537,1.08114,1.08535,0.00111547,0.000665361,0.003326806
4/27/2020 16:29,DOWN,1.08535,1.08603,1.08166,1.08206,-0.000415787,0.000709189,0.003545947
4/28/2020 8:17,UP,1.08207,1.08514,1.08098,1.08497,0.000885209,0.000624315,0.003121575
4/28/2020 11:17,UP,1.08498,1.08868,1.08442,1.08868,0.000551278,0.000673256,0.003366281
4/28/2020 14:04,DOWN,1.08873,1.08885,1.08397,1.08489,-0.00043313,0.000689964,0.003449821
4/28/2020 20:53,DOWN,1.0849,1.0858,1.08177,1.08183,-0.001357886,0.000673796,0.003368981
4/29/2020 6:00,UP,1.08184,1.08569,1.0817,1.08535,0.000451569,0.000592934,0.002964669
4/29/2020 18:38,UP,1.08536,1.0882,1.08393,1.08767,0.00015631,0.000638794,0.003193968
4/30/2020 13:22,DOWN,1.08769,1.08913,1.08332,1.08442,-0.000119873,0.000773435,0.003867174
4/30/2020 14:35,UP,1.08442,1.09,1.08416,1.08981,0.000752708,0.00091225,0.00456125
4/30/2020 18:59,UP,1.08984,1.09728,1.08885,1.09528,0,0.000995272,0.004976361
5/1/2020 9:00,UP,1.09527,1.09797,1.09345,1.09763,0.000783813,0.000609719,0.003048596
5/1/2020 18:22,DOWN,1.09765,1.1018,1.09709,1.09781,-0.000327872,0.000644539,0.003222696
5/4/2020 2:49,DOWN,1.0978,1.09885,1.09453,1.09472,-0.000237475,0.00057881,0.002894049
5/4/2020 14:30,DOWN,1.09473,1.09492,1.09066,1.0907,-0.00059577,0.000696195,0.003480973
5/5/2020 8:52,DOWN,1.0907,1.09261,1.08522,1.0858,-0.000580049,0.001105124,0.005525619
5/5/2020 13:49,UP,1.0858,1.08873,1.08259,1.0881,0.001112649,0.000837877,0.004189387
5/5/2020 16:46,DOWN,1.08809,1.08868,1.08341,1.08388,-0.00019373,0.000759306,0.003796529
5/6/2020 6:24,DOWN,1.08389,1.08578,1.08163,1.08173,-0.001293386,0.000629161,0.003145804
5/6/2020 9:32,DOWN,1.08174,1.08364,1.07883,1.07901,-0.00081523,0.000707005,0.003535025
5/7/2020 0:26,DOWN,1.07892,1.08269,1.07821,1.07936,-0.000259379,0.000507586,0.002537931
5/7/2020 13:57,DOWN,1.07937,1.08165,1.07765,1.07813,-0.000389488,0.000537667,0.002688336
5/7/2020 15:58,UP,1.07813,1.08135,1.07665,1.08112,0.001684858,0.000692122,0.003460609
5/7/2020 22:13,UP,1.08111,1.08395,1.08028,1.08364,0.000295345,0.00056487,0.002824352
5/8/2020 8:02,DOWN,1.08361,1.08548,1.08211,1.08217,-0.000517345,0.000472378,0.002361889
5/8/2020 14:51,UP,1.08215,1.08676,1.08152,1.08621,0.001889079,0.000739849,0.003699245
5/8/2020 20:30,DOWN,1.08622,1.08756,1.08327,1.08361,-0.000267588,0.000680001,0.003400006
5/11/2020 8:48,DOWN,1.08361,1.08505,1.08087,1.08134,-0.000453039,0.000540884,0.002704422
5/11/2020 18:10,DOWN,1.08134,1.0844,1.08027,1.08064,-0.000240569,0.000443568,0.002217841
5/12/2020 7:03,UP,1.08065,1.08269,1.07844,1.08242,0.000748603,0.000577961,0.002889805
5/12/2020 11:14,UP,1.0824,1.0841,1.08062,1.08402,0.000442894,0.000494507,0.002472537
5/12/2020 13:15,UP,1.08398,1.08842,1.08386,1.08819,0.001931675,0.000694754,0.003473771
5/12/2020 17:20,DOWN,1.08822,1.08852,1.08479,1.08523,-9.21E-06,0.000539317,0.002696585
5/13/2020 11:14,UP,1.08526,1.08659,1.08308,1.0863,0.000626174,0.000502993,0.002514963
5/13/2020 14:55,DOWN,1.08629,1.08966,1.08438,1.0845,-0.000792678,0.00080259,0.004012951
5/14/2020 1:51,DOWN,1.0845,1.08465,1.08098,1.08111,-0.000730464,0.000540389,0.002701945
5/14/2020 10:51,DOWN,1.08112,1.08204,1.07893,1.07901,-0.000528123,0.00047922,0.002396102
5/14/2020 14:58,UP,1.07903,1.08165,1.07747,1.08142,0.000971417,0.000679244,0.003396219
5/15/2020 5:20,UP,1.08142,1.08151,1.07802,1.08069,0.000157319,0.000453816,0.002269079
5/15/2020 13:10,UP,1.08067,1.0843,1.07889,1.08402,0.000932151,0.000683249,0.003416246
5/15/2020 16:07,DOWN,1.08398,1.08508,1.0811,1.08149,-0.000129443,0.000555919,0.002779593
5/18/2020 9:23,DOWN,1.0815,1.08286,1.08,1.08037,-0.000203613,0.000401668,0.002008341
5/18/2020 12:26,UP,1.08036,1.08379,1.08007,1.08346,0.000673994,0.000463169,0.002315847
5/18/2020 13:53,UP,1.08345,1.08668,1.08302,1.08644,8.28E-05,0.00053985,0.002699249
5/18/2020 15:57,UP,1.08645,1.09137,1.08507,1.09053,-5.50E-05,0.00094327,0.004716349
5/19/2020 6:41,UP,1.09052,1.09401,1.08991,1.09382,0.000576129,0.000606788,0.00303394
5/19/2020 10:41,UP,1.09381,1.09651,1.09215,1.0965,0.00096718,0.000634808,0.00317404
5/19/2020 13:30,DOWN,1.09649,1.09761,1.09275,1.09275,-0.000804984,0.000669936,0.003349679
5/20/2020 9:26,UP,1.09274,1.09602,1.09187,1.09529,0.000886003,0.000523,0.002615
5/20/2020 13:14,UP,1.09531,1.09748,1.09381,1.09744,0.000501292,0.000618203,0.003091017
5/21/2020 1:07,DOWN,1.09742,1.09991,1.09657,1.09669,-0.000619855,0.000533841,0.002669207
5/21/2020 11:24,UP,1.09668,1.09988,1.09524,1.09983,0.00096425,0.000640149,0.003200746
5/21/2020 14:35,DOWN,1.09981,1.10084,1.09622,1.09639,-0.001658617,0.000713757,0.003568787
5/22/2020 3:50,DOWN,1.09635,1.09686,1.09301,1.09318,-0.000841228,0.000561484,0.002807418
5/22/2020 8:53,DOWN,1.09318,1.09352,1.08968,1.08968,-0.001302287,0.000608135,0.003040675
5/25/2020 6:29,DOWN,1.08967,1.09133,1.0875,1.08791,-0.000799379,0.000436777,0.002183883
5/25/2020 10:04,UP,1.08789,1.09037,1.08707,1.09026,0.000431183,0.000439472,0.002197361
5/26/2020 1:59,UP,1.09024,1.09146,1.08899,1.0913,0.000128296,0.000375671,0.001878354
5/26/2020 8:09,UP,1.09127,1.09428,1.09078,1.09425,0.000420468,0.000530101,0.002650505
5/26/2020 11:55,UP,1.09425,1.09749,1.09377,1.09743,0.001249151,0.000599068,0.002995339
5/27/2020 2:15,DOWN,1.09743,1.09959,1.09618,1.09633,-0.00098462,0.000496105,0.002480523
5/27/2020 9:41,UP,1.09635,1.09949,1.0934,1.09948,0.001401644,0.000979176,0.004895879
5/27/2020 15:01,DOWN,1.09944,1.10309,1.09707,1.09713,-0.001156896,0.00084614,0.004230698
5/27/2020 20:57,UP,1.09714,1.1009,1.09552,1.10069,0.000736173,0.000653378,0.003266888
5/28/2020 8:25,DOWN,1.10067,1.10355,1.09924,1.09936,-0.000791057,0.000574515,0.002872575
5/28/2020 13:12,UP,1.09936,1.10304,1.09918,1.10302,0.000571322,0.000620201,0.003101007
5/28/2020 15:21,UP,1.103,1.10637,1.10292,1.1059,0.000198953,0.000514469,0.002572345
5/28/2020 17:04,UP,1.10589,1.10877,1.10508,1.10857,0.000378938,0.000523807,0.002619035
5/29/2020 4:38,UP,1.10856,1.10954,1.1067,1.10942,0.000351597,0.000428278,0.002141388
5/29/2020 9:06,UP,1.10944,1.11299,1.10895,1.11284,0.0014208,0.000596738,0.002983692
5/29/2020 13:26,DOWN,1.11286,1.11453,1.11013,1.1112,-0.000449863,0.000525408,0.00262704
5/29/2020 17:06,DOWN,1.11124,1.1133,1.10894,1.10902,-0.000360614,0.000646185,0.003230925
6/1/2020 0:15,UP,1.10903,1.1122,1.1081,1.11187,0.000215876,0.000589365,0.002946825
6/1/2020 6:13,UP,1.11189,1.11502,1.11153,1.11501,0.000987025,0.000538632,0.002693159
6/1/2020 9:49,DOWN,1.11499,1.11539,1.11128,1.11138,-0.000737549,0.000630786,0.003153928
6/1/2020 14:24,UP,1.11134,1.11384,1.11005,1.11368,0.000808458,0.000526689,0.002633444
6/2/2020 8:29,UP,1.11366,1.11662,1.1113,1.11642,0.000824402,0.000719325,0.003596624
6/2/2020 14:03,UP,1.11641,1.11941,1.11549,1.11924,0.00061668,0.000503474,0.00251737
6/2/2020 16:07,DOWN,1.11926,1.11959,1.11638,1.11666,-0.000367099,0.000470835,0.002354177
6/3/2020 0:36,UP,1.11666,1.11927,1.11612,1.11904,0.000268123,0.000478746,0.002393732
6/3/2020 7:11,UP,1.11905,1.12198,1.11827,1.12136,0.000160532,0.000480171,0.002400855
6/3/2020 11:27,DOWN,1.12139,1.12277,1.11911,1.11914,-0.00038415,0.000548239,0.002741193
6/3/2020 14:03,UP,1.11912,1.12261,1.1184,1.12256,0.001506622,0.000599734,0.002998671
6/3/2020 19:42,UP,1.12259,1.12513,1.12126,1.12466,0.000435782,0.000530427,0.002652135
6/4/2020 3:04,DOWN,1.12468,1.12579,1.12122,1.12128,-0.000526046,0.000515152,0.002575761
6/4/2020 11:58,UP,1.12126,1.1272,1.11948,1.12605,0.001181818,0.000973057,0.004865286
6/4/2020 14:03,UP,1.12606,1.1281,1.12165,1.12776,0.001180025,0.000957229,0.004786144
6/4/2020 14:49,UP,1.12777,1.13373,1.12664,1.1326,0.000529895,0.001006036,0.005030179
6/5/2020 4:53,UP,1.13263,1.1362,1.13125,1.13507,0.00039653,0.00061014,0.003050701
6/5/2020 8:54,DOWN,1.13506,1.13838,1.13293,1.13315,-0.000970274,0.000673542,0.003367708
6/5/2020 14:13,DOWN,1.13317,1.13436,1.12823,1.12908,-4.43E-05,0.000889874,0.004449368
6/8/2020 10:41,DOWN,1.12906,1.13229,1.12711,1.12746,-0.000797936,0.000622488,0.003112438
6/8/2020 13:26,UP,1.12746,1.13088,1.12683,1.13077,0.000203422,0.000614198,0.003070988
6/9/2020 2:53,DOWN,1.1308,1.13186,1.12839,1.12862,-0.000132897,0.000513499,0.002567495
6/9/2020 7:44,DOWN,1.12864,1.12963,1.12551,1.12595,-0.000745759,0.000498128,0.002490641
6/9/2020 10:58,UP,1.12598,1.12831,1.1241,1.12815,0.000735989,0.000609395,0.003046976
6/9/2020 13:18,UP,1.12811,1.13109,1.12688,1.13071,0.00068122,0.000582139,0.002910696
6/9/2020 13:59,UP,1.13072,1.13578,1.12993,1.13506,0.00072269,0.00077067,0.003853349
6/10/2020 6:15,UP,1.13506,1.13698,1.13312,1.13652,0.000193592,0.000510276,0.002551378
6/10/2020 11:49,UP,1.13652,1.13888,1.13434,1.13813,0.000360305,0.000528896,0.002644479
6/10/2020 15:03,DOWN,1.13811,1.13895,1.13451,1.13486,-0.000308361,0.000617065,0.003085324
6/10/2020 18:18,UP,1.13489,1.1415,1.1322,1.14145,0.00137639,0.001077252,0.00538626
6/11/2020 3:48,DOWN,1.14146,1.14225,1.1361,1.13672,-0.000861758,0.00079027,0.003951352
6/11/2020 8:13,UP,1.13674,1.13728,1.13252,1.13717,0.000747749,0.000704078,0.003520389
6/11/2020 12:06,DOWN,1.13716,1.14014,1.13498,1.13516,-0.000537225,0.000604964,0.003024822
6/11/2020 14:08,UP,1.13515,1.13927,1.13362,1.13852,0.000764442,0.000678793,0.003393967
6/11/2020 17:10,DOWN,1.13863,1.14038,1.13435,1.1344,-0.001268589,0.000832168,0.004160838
6/11/2020 19:24,DOWN,1.13441,1.13455,1.12943,1.12965,-0.000548692,0.000773361,0.003866803
6/12/2020 6:04,UP,1.12969,1.13139,1.12766,1.13095,0.000336057,0.000501918,0.002509591
6/12/2020 8:38,UP,1.13096,1.13375,1.1297,1.13374,0.000935396,0.000519261,0.002596304
6/12/2020 10:54,DOWN,1.13375,1.13406,1.12956,1.13015,-0.000999368,0.000632864,0.00316432
6/12/2020 14:43,DOWN,1.13012,1.13232,1.12636,1.12642,-0.001738514,0.000745758,0.003728788
6/12/2020 17:24,DOWN,1.12641,1.127,1.12221,1.12225,-0.001513668,0.000735191,0.003675955
6/12/2020 19:59,UP,1.12225,1.12529,1.12126,1.12512,0.000978152,0.000653263,0.003266315
6/15/2020 4:33,UP,1.1251,1.12678,1.12263,1.12673,0.00031956,0.000480086,0.002400428
6/15/2020 6:10,DOWN,1.12672,1.12684,1.12268,1.12331,-0.000738615,0.000500454,0.002502268
6/15/2020 8:11,UP,1.12332,1.12635,1.12287,1.12626,0.000790538,0.000514764,0.00257382
6/15/2020 14:00,UP,1.12627,1.12847,1.12406,1.1279,0.000283753,0.000602482,0.00301241
6/15/2020 18:00,UP,1.12792,1.13035,1.12602,1.13028,0.001496324,0.000648034,0.003240168
6/16/2020 2:33,UP,1.13025,1.13458,1.13024,1.13401,0.000643941,0.000608305,0.003041525
6/16/2020 10:57,DOWN,1.13397,1.13534,1.13105,1.13173,-0.000379877,0.00052653,0.002632649
6/16/2020 13:14,DOWN,1.13171,1.13198,1.12697,1.12737,-0.001542225,0.000770118,0.003850589
6/16/2020 14:53,DOWN,1.12739,1.12867,1.12327,1.12355,-0.000124597,0.00080443,0.004022148
6/17/2020 0:49,UP,1.12357,1.12734,1.12279,1.12709,0.001020848,0.000580193,0.002900966
6/17/2020 7:31,UP,1.12713,1.12897,1.1255,1.12883,0.00046076,0.000444966,0.002224828
6/17/2020 9:19,DOWN,1.12881,1.1294,1.1236,1.12422,-0.001360018,0.000700563,0.003502816
6/17/2020 22:42,UP,1.12426,1.12548,1.1207,1.1247,0.000231199,0.000610603,0.003053013
6/18/2020 12:10,DOWN,1.12466,1.12615,1.12143,1.12148,-0.001799571,0.000680325,0.003401627
6/18/2020 17:35,DOWN,1.12148,1.12347,1.11855,1.11924,-1.79E-05,0.000653081,0.003265403
6/19/2020 12:34,UP,1.11927,1.12518,1.11925,1.12425,0.001281675,0.000704832,0.003524158
6/19/2020 14:43,DOWN,1.12423,1.12545,1.11996,1.12003,-0.001507751,0.000727104,0.003635521
6/22/2020 7:49,UP,1.12003,1.12151,1.11682,1.12094,0.000606818,0.000560296,0.002801482
6/22/2020 14:09,UP,1.12093,1.12498,1.12033,1.12455,0.000186759,0.000681374,0.003406872
6/23/2020 7:09,UP,1.12456,1.12812,1.12329,1.12725,0.000425906,0.000575344,0.002876722
6/23/2020 12:10,UP,1.12721,1.13159,1.12697,1.13159,0.001211419,0.000668823,0.003344117
6/23/2020 19:03,DOWN,1.13157,1.13485,1.1307,1.1308,-0.000565811,0.000551013,0.002755067
6/24/2020 8:17,DOWN,1.13083,1.1326,1.1287,1.12907,-0.000646341,0.000530781,0.002653905
6/24/2020 13:57,DOWN,1.12909,1.13111,1.12653,1.12675,-0.000372684,0.000692605,0.003463026
6/25/2020 2:09,DOWN,1.12672,1.12812,1.12458,1.12471,-0.000355584,0.000531832,0.00265916
6/25/2020 10:26,DOWN,1.12474,1.12537,1.12165,1.12203,-0.000694927,0.000555607,0.002778034
6/26/2020 8:24,UP,1.12201,1.12315,1.11904,1.12266,0.000383092,0.000499797,0.002498987
6/26/2020 14:57,DOWN,1.12268,1.12394,1.11953,1.11978,-8.93E-05,0.000570595,0.002852977
6/26/2020 17:36,UP,1.11976,1.12384,1.1197,1.12346,0.000454058,0.000578696,0.002893482
6/29/2020 5:42,UP,1.12344,1.12594,1.1217,1.12578,0.001030928,0.000533282,0.002666409
6/29/2020 10:37,UP,1.12582,1.12814,1.12406,1.12793,0.000372433,0.000560469,0.002802345
6/29/2020 14:09,DOWN,1.12795,1.1288,1.1245,1.1245,-0.001333037,0.000649765,0.003248825
6/30/2020 6:39,DOWN,1.12455,1.12537,1.12041,1.12058,-0.000909829,0.000635132,0.003175661
6/30/2020 15:15,UP,1.1206,1.12565,1.11911,1.12543,0.001823187,0.000859077,0.004295384
7/1/2020 5:17,DOWN,1.12543,1.1262,1.12152,1.12174,-0.000409993,0.000580685,0.002903425
7/1/2020 11:05,DOWN,1.12176,1.1245,1.11959,1.11965,-0.000785651,0.000613389,0.003066943
7/1/2020 13:53,UP,1.11965,1.12354,1.1185,1.12311,0.000186998,0.000596616,0.002983082
7/2/2020 4:49,UP,1.1231,1.12753,1.12307,1.12669,0.000648126,0.000557212,0.002786058
7/2/2020 13:07,DOWN,1.12665,1.1303,1.12535,1.12539,-0.001890888,0.000756588,0.003782939
7/2/2020 14:56,DOWN,1.12533,1.12819,1.12282,1.12323,-0.000987733,0.000823449,0.004117247
7/3/2020 20:13,UP,1.12318,1.12494,1.12192,1.12463,0.000275684,0.000384904,0.00192452
7/6/2020 1:40,UP,1.12463,1.12706,1.12357,1.12686,0.000372787,0.000436373,0.002181867
7/6/2020 6:54,UP,1.12682,1.13027,1.12681,1.13012,0.001035825,0.000471631,0.002358157
7/6/2020 12:18,UP,1.13014,1.1327,1.12811,1.13227,0.000406346,0.000576938,0.00288469
7/6/2020 21:36,DOWN,1.13224,1.13456,1.13025,1.13105,-8.84E-05,0.000540677,0.002703384
7/7/2020 6:13,DOWN,1.13071,1.13327,1.12972,1.12974,-0.000584035,0.000536196,0.002680982
7/7/2020 8:58,DOWN,1.12979,1.13087,1.12654,1.12661,-0.001073442,0.000560699,0.002803494
7/7/2020 12:49,UP,1.12662,1.12945,1.1259,1.12943,0.000584536,0.000485432,0.002427162
7/7/2020 19:59,DOWN,1.12942,1.13069,1.12713,1.12717,-0.000674028,0.000563559,0.002817795
7/8/2020 13:30,UP,1.12717,1.13093,1.12623,1.13089,0.001424672,0.000649473,0.003247366
7/9/2020 2:41,UP,1.13087,1.13518,1.13063,1.13435,0.000599642,0.00054069,0.002703452
7/9/2020 7:42,DOWN,1.13436,1.13707,1.13252,1.13313,-0.000820399,0.000591995,0.002959977
7/9/2020 14:54,DOWN,1.1331,1.13488,1.12924,1.12956,-0.000424854,0.000811336,0.004056682
7/10/2020 5:33,DOWN,1.1296,1.13042,1.12679,1.12713,-3.55E-05,0.000498197,0.002490983
7/10/2020 9:16,UP,1.12707,1.12937,1.12548,1.1288,6.20E-05,0.000510732,0.00255366
7/10/2020 14:17,UP,1.12882,1.13176,1.12736,1.1315,0.000804566,0.000601096,0.003005482
7/13/2020 3:17,UP,1.13147,1.13288,1.1295,1.13278,0.00023838,0.000539918,0.002699589
7/13/2020 11:12,UP,1.1328,1.13386,1.13009,1.13372,0.000635279,0.000479625,0.002398127
7/13/2020 14:06,UP,1.13372,1.13585,1.13242,1.13571,0.000334648,0.000528938,0.002644688
7/13/2020 20:07,DOWN,1.13574,1.13751,1.13429,1.13449,-9.70E-05,0.00048085,0.002404249
7/14/2020 9:29,UP,1.1345,1.13591,1.13253,1.13576,0.000272982,0.000425577,0.002127886
7/14/2020 13:49,UP,1.13576,1.13901,1.1352,1.13875,0.001098298,0.000534635,0.002673173
7/15/2020 0:03,UP,1.13875,1.1414,1.13803,1.14136,0.000525827,0.000443495,0.002217473
7/15/2020 7:46,UP,1.14133,1.14352,1.13911,1.14321,0.001225372,0.00061133,0.003056649
7/15/2020 15:43,DOWN,1.14317,1.14523,1.14102,1.14126,-0.000621926,0.000493214,0.00246607
7/16/2020 9:45,DOWN,1.14124,1.14189,1.13858,1.13885,-0.000781185,0.000502993,0.002514963
7/16/2020 12:06,UP,1.13882,1.14177,1.13784,1.14134,0.000578435,0.00049807,0.00249035
7/16/2020 14:35,UP,1.14131,1.14417,1.13995,1.14414,0.000760686,0.000543627,0.002718137
7/16/2020 17:18,DOWN,1.14412,1.14419,1.13949,1.13978,-0.000973398,0.000611382,0.003056912
7/17/2020 8:41,UP,1.1398,1.14069,1.13705,1.14067,0.000763001,0.000511082,0.002555411
7/17/2020 14:10,UP,1.14063,1.14402,1.14048,1.14372,0.000603477,0.000497394,0.002486972
7/20/2020 6:13,UP,1.14371,1.1467,1.14074,1.14652,0.001195635,0.000713465,0.003567323
7/20/2020 12:59,DOWN,1.14645,1.14679,1.14159,1.14179,-0.000534106,0.000758893,0.003794463
7/20/2020 19:35,UP,1.14182,1.14487,1.14024,1.14435,0.000113608,0.000548977,0.002744886
7/21/2020 4:27,DOWN,1.14432,1.14699,1.1428,1.14301,-0.000787085,0.000597053,0.002985263
7/21/2020 14:16,UP,1.143,1.14674,1.14229,1.14672,0.000654253,0.000579591,0.002897955
7/21/2020 16:19,UP,1.14672,1.14999,1.14658,1.14962,5.22E-05,0.000501461,0.002507306
7/21/2020 17:47,UP,1.1496,1.15353,1.14945,1.15347,0.001414127,0.000653108,0.003265542
7/22/2020 10:11,UP,1.15349,1.15658,1.15068,1.1562,0.00148874,0.000743471,0.003717353
7/22/2020 23:57,DOWN,1.15619,1.16012,1.15562,1.15658,-0.000501353,0.000526302,0.002631512
7/23/2020 6:58,UP,1.15654,1.15936,1.15641,1.15907,0.000371056,0.000414621,0.002073103
7/23/2020 12:38,DOWN,1.15906,1.15984,1.15537,1.15569,-0.000830328,0.00046648,0.002332399
7/23/2020 13:53,UP,1.1557,1.15814,1.15403,1.15807,0.001097254,0.000555127,0.002775637
7/23/2020 15:56,UP,1.15809,1.16269,1.15756,1.16255,0.000791677,0.000689563,0.003447817
7/23/2020 19:50,DOWN,1.16258,1.16258,1.15907,1.15935,-0.000362206,0.000525318,0.002626591
7/24/2020 10:52,DOWN,1.15937,1.16216,1.15812,1.1584,-0.000880137,0.000533226,0.002666128
7/24/2020 13:03,UP,1.15843,1.16215,1.15825,1.16208,0.000998709,0.000535934,0.002679672
7/24/2020 14:47,UP,1.1621,1.16386,1.15979,1.16365,0.000825331,0.000626811,0.003134053
7/26/2020 23:51,UP,1.16368,1.16583,1.16213,1.16544,0.00056647,0.000506907,0.002534534
7/27/2020 1:11,UP,1.16543,1.16984,1.16496,1.16917,0.00023096,0.000637322,0.003186611
7/27/2020 10:40,UP,1.16919,1.17332,1.1682,1.17247,0.000213248,0.000671205,0.003356025
7/27/2020 13:59,UP,1.17246,1.17645,1.17177,1.17591,0.000348727,0.000668204,0.00334102
7/27/2020 19:54,DOWN,1.17589,1.17815,1.17423,1.17445,2.55E-05,0.000559943,0.002799717
7/28/2020 3:08,DOWN,1.17444,1.17739,1.17306,1.17345,-0.000783706,0.000595802,0.002979009
7/28/2020 8:27,DOWN,1.17346,1.17415,1.16987,1.17045,-0.000230654,0.000540702,0.002703511
7/28/2020 11:06,UP,1.17046,1.17418,1.17044,1.17407,0.000238515,0.000604144,0.003020721
7/29/2020 6:14,UP,1.17408,1.17432,1.17003,1.17399,0.001082366,0.0004742,0.002370999
7/29/2020 11:20,DOWN,1.17398,1.177,1.17291,1.17308,-0.001005393,0.000502169,0.002510843
7/29/2020 14:01,UP,1.17307,1.17642,1.17186,1.17592,0.000569929,0.000593743,0.002968714
7/29/2020 17:44,UP,1.17595,1.17884,1.17515,1.17867,0.000806318,0.000567902,0.00283951
7/30/2020 6:13,DOWN,1.17865,1.18062,1.1754,1.17596,-0.000144552,0.000718416,0.003592082
7/30/2020 13:02,UP,1.17598,1.17879,1.17309,1.17842,0.002166259,0.000774185,0.003870926
7/30/2020 17:05,UP,1.17844,1.18185,1.17741,1.18157,0.000914456,0.000631238,0.003156192
7/30/2020 23:00,UP,1.18156,1.18488,1.18136,1.18479,0.000362999,0.000535744,0.002678719
7/31/2020 1:52,UP,1.18481,1.18886,1.18431,1.18813,0.00034514,0.000513448,0.002567238
7/31/2020 8:30,DOWN,1.18812,1.19089,1.18657,1.18663,-0.000909727,0.000585626,0.002928132
7/31/2020 13:26,DOWN,1.18664,1.18684,1.18171,1.1822,-0.001656553,0.000683484,0.003417419
7/31/2020 16:15,DOWN,1.18222,1.18513,1.17863,1.17906,-0.001220567,0.000818713,0.004093567
8/3/2020 0:24,DOWN,1.17906,1.18055,1.17414,1.17464,-0.001684204,0.000860471,0.004302355
8/3/2020 10:29,DOWN,1.17467,1.1785,1.17142,1.17217,-0.001619613,0.000795411,0.003977055
8/3/2020 15:25,UP,1.17212,1.17457,1.1696,1.1745,0.00030656,0.000690381,0.003451903
8/4/2020 4:52,UP,1.17448,1.1774,1.17359,1.1773,0.000356812,0.000494151,0.002470756
8/4/2020 9:38,UP,1.17727,1.18058,1.1764,1.18019,4.24E-05,0.000571901,0.002859507
8/4/2020 11:35,DOWN,1.18017,1.18019,1.17576,1.17578,-0.000756658,0.000609869,0.003049343
8/4/2020 13:25,DOWN,1.17576,1.17711,1.17221,1.17263,-0.000468921,0.000749214,0.003746068
8/4/2020 16:19,UP,1.17265,1.17762,1.17213,1.17746,0.00075615,0.000778576,0.003892881
8/5/2020 1:54,UP,1.17748,1.18152,1.17689,1.18107,6.77E-05,0.000638063,0.003190313
8/5/2020 9:53,UP,1.1811,1.18617,1.17994,1.18584,0.001240397,0.000782121,0.003910606
8/5/2020 13:39,UP,1.18583,1.18921,1.18315,1.18915,0.00075713,0.000927133,0.004635663
8/6/2020 6:11,UP,1.18916,1.19163,1.18546,1.19055,0.001126164,0.000675822,0.00337911
8/6/2020 7:30,DOWN,1.19066,1.19066,1.18552,1.18587,-0.00128936,0.000708201,0.003541005
8/6/2020 16:12,UP,1.18587,1.18907,1.1818,1.18867,0.001835666,0.00096969,0.004848452
8/7/2020 3:06,DOWN,1.18868,1.18937,1.1832,1.18398,-0.00070922,0.000689739,0.003448697
8/7/2020 12:32,DOWN,1.18398,1.18507,1.18021,1.18087,-0.000617997,0.000534144,0.00267072
8/7/2020 13:29,DOWN,1.18088,1.18455,1.17708,1.17723,-0.001375166,0.000966714,0.004833572
8/10/2020 2:54,UP,1.17722,1.17985,1.17553,1.17934,8.48E-05,0.000577599,0.002887997
8/10/2020 10:25,DOWN,1.17931,1.18009,1.17524,1.17552,-0.000340217,0.000651487,0.003257435
8/10/2020 13:58,UP,1.17552,1.17892,1.17406,1.17887,0.001392131,0.000657064,0.003285319
8/10/2020 16:22,DOWN,1.17901,1.17919,1.17482,1.17482,-0.000672217,0.00061088,0.003054402
8/11/2020 8:29,UP,1.17485,1.17746,1.17221,1.17736,0.000552235,0.000659115,0.003295573
8/11/2020 18:28,DOWN,1.17742,1.1808,1.17548,1.17579,-0.000297628,0.000710721,0.003553607
8/12/2020 2:52,DOWN,1.17578,1.17589,1.17158,1.17215,-0.000332667,0.000611944,0.003059722
8/12/2020 8:29,UP,1.17214,1.17589,1.17111,1.17573,0.00068066,0.0005613,0.002806501
8/12/2020 12:59,UP,1.17571,1.17957,1.17445,1.17934,0.000602213,0.000735944,0.00367972
8/13/2020 1:15,UP,1.17933,1.18173,1.17722,1.18124,0.000237067,0.000601587,0.003007937
8/13/2020 10:13,UP,1.18122,1.18438,1.18005,1.18423,0.000540582,0.000596647,0.002983234
8/13/2020 15:54,DOWN,1.18424,1.18643,1.18132,1.18177,-0.000482211,0.000697136,0.003485679
8/14/2020 13:15,UP,1.18176,1.18353,1.17817,1.18341,0.001556039,0.000810057,0.004050287
8/17/2020 2:22,UP,1.1834,1.186,1.18105,1.18594,0.001206522,0.000710304,0.003551519
8/17/2020 13:49,UP,1.18594,1.18795,1.18288,1.1876,0.000800253,0.000597329,0.002986646
8/18/2020 1:55,UP,1.18759,1.18967,1.18568,1.18883,4.21E-05,0.000497019,0.002485094
8/18/2020 12:28,UP,1.18885,1.19345,1.18826,1.19339,0.002038292,0.000701903,0.003509517
8/18/2020 15:04,DOWN,1.19338,1.19657,1.19181,1.19216,-0.000788174,0.000712735,0.003563675
8/19/2020 14:46,DOWN,1.19213,1.1953,1.18965,1.19022,-0.002324597,0.000713509,0.003567547
8/19/2020 18:16,DOWN,1.19026,1.19104,1.18304,1.1838,-0.000405392,0.001038833,0.005194164
8/20/2020 8:29,DOWN,1.18383,1.18688,1.18129,1.18145,-0.00193642,0.000842488,0.004212441
8/20/2020 15:31,UP,1.18146,1.1856,1.18021,1.18502,0.000303838,0.000674505,0.003372524
8/21/2020 4:57,UP,1.18506,1.18784,1.18476,1.1877,0.000294731,0.000439926,0.002199628
8/21/2020 7:58,DOWN,1.1877,1.18831,1.18327,1.18402,-0.000261786,0.00061064,0.003053202
8/21/2020 10:28,DOWN,1.18403,1.18417,1.17883,1.17897,-0.001830431,0.000748662,0.003743308
8/21/2020 14:04,DOWN,1.17899,1.18044,1.17549,1.17564,-0.000595243,0.000725675,0.003628375
8/21/2020 19:59,UP,1.17559,1.17948,1.17542,1.17945,0.000449463,0.000626643,0.003133216
8/24/2020 9:03,UP,1.17945,1.1825,1.17846,1.18238,0.000634515,0.000510631,0.002553155
8/24/2020 15:07,DOWN,1.18236,1.18497,1.18075,1.1808,-0.00087191,0.000562003,0.002810015
8/25/2020 7:45,UP,1.18083,1.18233,1.17842,1.1821,0.000693921,0.000532596,0.002662982
8/26/2020 7:12,DOWN,1.18212,1.18435,1.18007,1.18041,-0.000643637,0.000499947,0.002499733
8/26/2020 12:34,DOWN,1.18044,1.18257,1.17724,1.17799,-0.000577088,0.00056876,0.0028438
8/26/2020 14:15,UP,1.17801,1.18191,1.17739,1.18147,3.39E-05,0.000579352,0.00289676
8/27/2020 10:51,DOWN,1.18146,1.18501,1.18048,1.18065,-0.001142785,0.000514577,0.002572885
8/27/2020 13:11,UP,1.18064,1.18753,1.17942,1.18441,0.000734813,0.000709822,0.003549112
8/27/2020 13:47,DOWN,1.18439,1.19017,1.17886,1.17899,-0.00229594,0.001317238,0.006586192
8/27/2020 18:06,UP,1.17899,1.18328,1.17624,1.1828,0.000160649,0.001016274,0.005081369
8/28/2020 4:52,UP,1.18286,1.18679,1.18109,1.18677,0.000851412,0.00072164,0.003608199
8/28/2020 8:19,UP,1.18679,1.1907,1.1861,1.19062,0.00150455,0.000719407,0.003597037
8/28/2020 14:16,DOWN,1.19061,1.19199,1.18675,1.18764,-0.00063972,0.000677333,0.003386665
8/30/2020 23:53,UP,1.18766,1.19158,1.18731,1.19151,0.000713635,0.000601182,0.003005911
8/31/2020 7:56,DOWN,1.1915,1.19298,1.18922,1.18947,-0.000386652,0.000427445,0.002137226
8/31/2020 10:21,UP,1.18945,1.19198,1.18845,1.19195,0.00039439,0.00047717,0.002385851
8/31/2020 14:57,UP,1.19191,1.19661,1.1916,1.1962,0.00083633,0.000581784,0.00290892
8/31/2020 19:57,DOWN,1.19617,1.19643,1.19257,1.193,-3.35E-05,0.00051927,0.002596349
9/1/2020 2:00,UP,1.193,1.1974,1.19284,1.19726,0.001429282,0.000574912,0.002874562
9/1/2020 14:03,DOWN,1.19731,1.20114,1.19505,1.19552,-0.000877893,0.000647377,0.003236885
9/1/2020 17:11,DOWN,1.19555,1.19664,1.19061,1.19061,-0.001929919,0.000777397,0.003886984
9/2/2020 7:31,DOWN,1.19063,1.19289,1.1871,1.18712,-0.001001924,0.000754677,0.003773387
9/2/2020 13:37,DOWN,1.1871,1.188,1.18271,1.18349,-0.000211217,0.000685298,0.003426492
9/3/2020 4:14,DOWN,1.18348,1.18579,1.18162,1.18166,-0.000414585,0.000563587,0.002817937
9/3/2020 8:47,UP,1.18169,1.18362,1.17891,1.1833,0.000845452,0.000487346,0.002436732
9/3/2020 13:23,UP,1.1833,1.18415,1.18018,1.18379,0.00041401,0.000491593,0.002457965
9/3/2020 18:07,UP,1.18378,1.18562,1.18111,1.18546,0.000767929,0.000502415,0.002512077
9/4/2020 12:37,DOWN,1.18544,1.18655,1.18263,1.18335,-0.000371757,0.000513072,0.00256536
9/4/2020 13:41,DOWN,1.18336,1.18388,1.17963,1.18004,-0.000677713,0.000551401,0.002757006
9/4/2020 16:02,UP,1.18005,1.18215,1.1781,1.18185,0.000651733,0.000521746,0.002608732
9/4/2020 18:52,UP,1.18183,1.18533,1.18161,1.18529,0.000548539,0.000482038,0.002410191
9/7/2020 5:55,DOWN,1.1853,1.1855,1.18269,1.18277,-0.000464902,0.000387665,0.001938323
9/7/2020 10:37,DOWN,1.18277,1.18489,1.18126,1.18172,-0.000177691,0.000444743,0.002223714
9/8/2020 1:17,DOWN,1.18171,1.18325,1.17998,1.18014,-0.000499816,0.000384513,0.001922565
9/8/2020 10:25,DOWN,1.18018,1.18276,1.17861,1.17902,-8.48E-05,0.000455569,0.002277845
9/8/2020 20:32,DOWN,1.17903,1.18063,1.17657,1.17796,-4.24E-05,0.000408807,0.002044037
9/9/2020 12:50,UP,1.17793,1.18193,1.17529,1.18089,0.002280541,0.000757091,0.003785457
9/10/2020 5:53,UP,1.18093,1.1834,1.1792,1.18271,0.000524357,0.000439688,0.002198439
9/10/2020 11:46,UP,1.1827,1.18492,1.1816,1.18455,0.000405299,0.000432807,0.002164033
9/10/2020 13:14,UP,1.18456,1.19059,1.1831,1.18999,0.000865928,0.000934556,0.004672779
9/10/2020 16:49,DOWN,1.19002,1.19175,1.18478,1.18515,-0.001163732,0.000800039,0.004000197
9/10/2020 20:20,DOWN,1.18519,1.18644,1.18101,1.18139,-0.000516208,0.000763866,0.003819331
9/11/2020 8:11,UP,1.18138,1.18493,1.18105,1.1844,0.000354673,0.000508054,0.002540272
9/11/2020 15:43,DOWN,1.1844,1.18743,1.18279,1.18306,-0.000633748,0.000594473,0.002972365
9/14/2020 7:30,UP,1.18306,1.1858,1.18264,1.18555,0.000194022,0.000453835,0.002269175
9/14/2020 13:20,UP,1.18557,1.18874,1.18495,1.18858,0.000387091,0.00052875,0.00264375
9/15/2020 3:14,UP,1.18857,1.1888,1.18587,1.18866,0.000572236,0.000420888,0.002104438
9/15/2020 13:53,DOWN,1.18863,1.19006,1.18561,1.18589,-0.001491437,0.00060833,0.003041648
9/16/2020 8:20,UP,1.1859,1.18727,1.18288,1.18694,0.000910317,0.000497171,0.002485857
9/16/2020 14:19,DOWN,1.18691,1.18824,1.18322,1.18329,-0.000870076,0.000669627,0.003348133
9/17/2020 0:26,DOWN,1.18328,1.18549,1.17748,1.17773,-0.001713695,0.001059345,0.005296725
9/17/2020 7:55,UP,1.17769,1.17948,1.17376,1.17937,0.000568261,0.000764614,0.003823072
9/17/2020 15:16,UP,1.17934,1.18233,1.17832,1.18204,0.000914092,0.000507713,0.002538566
9/17/2020 19:42,UP,1.18203,1.18515,1.18186,1.18508,0.000481096,0.000453079,0.002265393
9/18/2020 11:36,DOWN,1.18511,1.18691,1.18369,1.18382,-0.000388497,0.000453033,0.002265166
9/18/2020 15:19,UP,1.18384,1.18705,1.18261,1.18615,0.000455358,0.000482597,0.002412983
9/21/2020 4:32,UP,1.18616,1.18718,1.18363,1.18671,0.000227546,0.000350561,0.001752806
9/21/2020 7:47,DOWN,1.18671,1.18702,1.18313,1.18349,-0.000346373,0.00052306,0.002615299
9/21/2020 8:46,DOWN,1.18346,1.18362,1.17949,1.18002,-0.000220311,0.000579182,0.002895912
9/21/2020 12:49,DOWN,1.18001,1.1803,1.17643,1.17649,-0.000560833,0.000573686,0.002868428
9/21/2020 14:35,DOWN,1.17647,1.17801,1.17379,1.17397,-0.001089724,0.00056777,0.00283885
9/21/2020 19:57,UP,1.17395,1.17751,1.17318,1.17685,0.000101972,0.000557422,0.002787109
9/22/2020 7:23,DOWN,1.17682,1.1775,1.1731,1.17341,-0.000451573,0.000571145,0.002855723
9/22/2020 10:41,UP,1.1734,1.17642,1.17203,1.17628,0.001352633,0.000624109,0.003120546
9/22/2020 14:33,DOWN,1.17628,1.17675,1.1725,1.17267,-0.000520045,0.000569224,0.002846118
9/23/2020 0:57,DOWN,1.17267,1.17286,1.16779,1.16797,-0.001651076,0.000646686,0.00323343
9/23/2020 9:32,UP,1.16793,1.1719,1.16722,1.1716,0.000221943,0.000670672,0.003353361
9/23/2020 14:18,DOWN,1.17162,1.17174,1.16746,1.16758,-0.000376777,0.000648654,0.003243268
9/24/2020 4:40,DOWN,1.16758,1.16901,1.16514,1.16545,-0.000480386,0.000498186,0.002490931
9/24/2020 17:21,UP,1.16542,1.16776,1.16265,1.16737,0.000951308,0.000567597,0.002837987
9/25/2020 9:20,DOWN,1.16738,1.16869,1.16468,1.16472,-0.000523594,0.000536668,0.002683342
9/25/2020 15:38,DOWN,1.16474,1.16543,1.16123,1.16172,-0.000223781,0.00054275,0.002713749
9/28/2020 9:09,UP,1.16173,1.16459,1.16134,1.16455,0.0003779,0.00047425,0.002371252
9/28/2020 11:54,UP,1.16458,1.16745,1.16409,1.16744,0.000874088,0.000495326,0.002476629
9/28/2020 14:59,DOWN,1.16745,1.16801,1.16433,1.16433,-0.000978625,0.000565298,0.00282649
9/29/2020 0:07,UP,1.16436,1.16797,1.16426,1.16778,0.000728142,0.000476586,0.00238293
9/29/2020 11:03,UP,1.16775,1.1707,1.16652,1.17065,0.001889624,0.000650842,0.003254212
9/29/2020 14:25,UP,1.17067,1.17393,1.16932,1.17365,0.000639236,0.00059756,0.002987802
9/30/2020 2:41,UP,1.17369,1.17551,1.17097,1.1753,0.000621311,0.0005468,0.002734001
9/30/2020 8:52,DOWN,1.17531,1.17533,1.17103,1.17112,-0.001544336,0.000663684,0.003318422
9/30/2020 14:33,UP,1.17115,1.17325,1.16846,1.17286,0.000341105,0.000629593,0.003147963
9/30/2020 17:31,DOWN,1.17282,1.17518,1.17058,1.17109,-0.000461003,0.000549586,0.002747932
10/1/2020 4:53,UP,1.17111,1.17484,1.17102,1.17484,0.000672658,0.000567117,0.002835584
10/1/2020 11:34,UP,1.17484,1.17654,1.17222,1.17634,0.000901506,0.00059788,0.002989398
10/1/2020 14:27,DOWN,1.17635,1.17676,1.17255,1.17261,-0.001261346,0.000680529,0.003402643
10/2/2020 2:55,DOWN,1.1726,1.1756,1.17141,1.17167,-0.001151538,0.000545445,0.002727224
10/2/2020 7:01,UP,1.17171,1.17406,1.16956,1.17406,0.000732769,0.000556723,0.002783616
10/2/2020 15:59,DOWN,1.17409,1.17417,1.16987,1.17072,-0.00040992,0.000517274,0.002586372
10/5/2020 1:44,UP,1.17071,1.1736,1.17017,1.17333,0.000571187,0.000392155,0.001960775
10/5/2020 9:02,UP,1.17332,1.17513,1.17198,1.17494,0.000834433,0.000414915,0.002074575
10/5/2020 13:36,UP,1.17493,1.17862,1.17462,1.17833,0.001146346,0.000500263,0.002501316
10/6/2020 3:43,UP,1.17831,1.17989,1.17715,1.17927,0.0002205,0.000329952,0.001649761
10/6/2020 8:41,DOWN,1.17925,1.18001,1.17684,1.17711,-7.65E-05,0.000402717,0.002013585
10/6/2020 18:58,DOWN,1.17715,1.18079,1.17355,1.17555,-0.000374223,0.000755941,0.003779706
10/7/2020 7:31,UP,1.17554,1.17607,1.1725,1.17587,0.000204125,0.000485659,0.002428295
10/7/2020 17:32,UP,1.17588,1.1782,1.17493,1.17729,0.00014441,0.00036398,0.001819901
10/8/2020 9:49,DOWN,1.1773,1.17819,1.17533,1.17578,-0.000416658,0.000315124,0.001575622
10/8/2020 22:43,UP,1.17577,1.17691,1.17327,1.17636,0.000408122,0.000445546,0.00222773
10/9/2020 8:12,UP,1.17637,1.17968,1.17575,1.17932,0.000737986,0.000476315,0.002381576
10/9/2020 14:53,UP,1.17931,1.18238,1.17863,1.18233,0.000727642,0.00048275,0.00241375
10/12/2020 9:29,DOWN,1.18231,1.18322,1.17993,1.17994,-0.000991085,0.000507291,0.002536455
10/13/2020 7:08,DOWN,1.17992,1.18171,1.17824,1.17857,-0.000720953,0.000438385,0.002191927
10/13/2020 13:38,DOWN,1.17859,1.17993,1.17581,1.17592,-0.000765065,0.000525401,0.002627005
10/14/2020 7:09,DOWN,1.17592,1.17592,1.1731,1.17371,-0.000442941,0.000364813,0.001824063
10/14/2020 12:18,UP,1.17372,1.17537,1.17198,1.17525,0.000519173,0.000452621,0.002263106
10/14/2020 23:02,DOWN,1.17527,1.17711,1.17407,1.17452,-0.000255391,0.00037714,0.0018857
10/15/2020 8:09,DOWN,1.17446,1.1758,1.17232,1.17261,-0.001073949,0.000449889,0.002249445
10/15/2020 13:12,DOWN,1.1726,1.17311,1.16886,1.16898,-0.000735414,0.000563833,0.002819163
10/16/2020 7:50,UP,1.169,1.17181,1.16886,1.1716,0.00026463,0.000427758,0.002138788
10/16/2020 11:32,UP,1.17162,1.17336,1.17025,1.17324,0.000733282,0.000488688,0.002443442
10/18/2020 22:48,DOWN,1.17326,1.17462,1.17123,1.17133,-0.000631561,0.000453517,0.002267587
10/19/2020 8:17,UP,1.17133,1.1729,1.17031,1.17283,0.000537307,0.000379777,0.001898884
10/19/2020 9:49,UP,1.17285,1.1763,1.17275,1.17595,2.55E-05,0.000526224,0.002631119
10/19/2020 14:33,UP,1.17596,1.17938,1.17527,1.17914,0.000636259,0.000480876,0.002404382
10/19/2020 21:47,DOWN,1.17912,1.17912,1.17637,1.17661,-0.000280427,0.000425555,0.002127777
10/20/2020 9:25,UP,1.17661,1.1795,1.17599,1.17947,0.000602147,0.000411955,0.002059774
10/20/2020 14:05,UP,1.1795,1.18232,1.17939,1.18203,0.000380773,0.00040412,0.002020601
10/21/2020 3:33,UP,1.18202,1.18484,1.18195,1.18465,0.000591066,0.000382239,0.001911193
10/21/2020 14:35,UP,1.18467,1.18773,1.18417,1.1877,0.000370533,0.000514156,0.00257078
10/21/2020 23:47,DOWN,1.18768,1.18808,1.18506,1.18508,-0.000708562,0.000413712,0.00206856
10/22/2020 9:52,DOWN,1.18506,1.1867,1.18273,1.18307,-0.000599954,0.000472885,0.002364424
10/23/2020 0:04,DOWN,1.18306,1.18409,1.18062,1.18071,-0.001227321,0.000486634,0.002433169
10/23/2020 7:46,UP,1.18074,1.18274,1.17868,1.18221,0.000431489,0.0005087,0.002543499
10/23/2020 12:18,UP,1.18221,1.18593,1.18219,1.18552,0.000759449,0.000517328,0.002586642
10/23/2020 19:05,UP,1.18555,1.18617,1.18253,1.18595,0.00024456,0.000477758,0.002388792
10/26/2020 4:00,DOWN,1.18598,1.1865,1.18326,1.18338,-0.000185891,0.000460419,0.002302097
10/26/2020 9:12,DOWN,1.1834,1.18477,1.18107,1.1811,-0.000947819,0.00052191,0.002609551
10/27/2020 5:30,UP,1.18111,1.18294,1.18033,1.18294,0.000380481,0.000353445,0.001767223
10/27/2020 8:12,DOWN,1.18294,1.18361,1.18052,1.18052,-0.001049833,0.000423113,0.002115566
10/27/2020 12:03,UP,1.18052,1.18333,1.17963,1.18306,0.000777947,0.0004352,0.002175999
10/27/2020 20:13,DOWN,1.18307,1.18388,1.18082,1.18093,-0.000330194,0.000423926,0.002119631
10/27/2020 22:27,DOWN,1.18096,1.18158,1.17703,1.17712,-0.000984971,0.000556311,0.002781555
10/28/2020 8:14,DOWN,1.17717,1.17882,1.17562,1.1759,-0.000595112,0.000444074,0.002220372
10/28/2020 12:27,DOWN,1.17591,1.1767,1.17248,1.17254,-0.000673524,0.000567301,0.002836504
10/28/2020 16:19,UP,1.17252,1.17604,1.17179,1.17578,0.000450866,0.000557504,0.00278752
10/29/2020 8:16,DOWN,1.17579,1.17598,1.17261,1.17284,-0.000400656,0.000480769,0.002403844
10/29/2020 11:36,DOWN,1.17282,1.17386,1.17079,1.17092,-0.000768331,0.000416276,0.002081379
10/29/2020 15:07,DOWN,1.17088,1.17174,1.16683,1.1669,-0.00070247,0.000672566,0.003362831
10/30/2020 1:46,UP,1.16692,1.16832,1.16502,1.16827,0.000667877,0.000470411,0.002352053
10/30/2020 12:59,UP,1.16824,1.17042,1.16605,1.16997,0.001043306,0.000530343,0.002651714
10/30/2020 15:32,DOWN,1.16994,1.17028,1.16692,1.16701,-0.000916453,0.000515572,0.002577862
10/30/2020 20:56,DOWN,1.16702,1.16735,1.16401,1.16463,-7.73E-05,0.000401281,0.002006405
11/2/2020 8:47,DOWN,1.16467,1.16529,1.16223,1.16245,-0.000206439,0.000353994,0.001769972
11/2/2020 11:09,UP,1.16243,1.1651,1.16238,1.16477,0.000128789,0.000383138,0.001915691
11/2/2020 14:22,DOWN,1.16473,1.16557,1.16302,1.16309,-0.000378231,0.000352525,0.001762623
11/3/2020 1:28,UP,1.16308,1.16479,1.16229,1.16475,0.000480905,0.000317674,0.001588371
11/3/2020 7:42,UP,1.16474,1.16662,1.16448,1.1665,0.000205765,0.000292017,0.001460086
11/3/2020 9:20,UP,1.16652,1.16919,1.16649,1.16886,0.000522012,0.00033777,0.001688849
11/3/2020 11:33,UP,1.16887,1.17134,1.16883,1.17122,0.001033645,0.000398021,0.001990104
11/3/2020 16:00,UP,1.17118,1.17354,1.16987,1.17306,0.000750456,0.000464267,0.002321337
11/3/2020 19:31,DOWN,1.17306,1.17398,1.16988,1.17038,-6.84E-05,0.000505874,0.00252937
11/3/2020 23:18,UP,1.17039,1.17492,1.16958,1.17423,0.000664486,0.000593323,0.002966613
11/4/2020 1:01,DOWN,1.17426,1.17709,1.1685,1.1697,-0.001059539,0.001017503,0.005087517
11/4/2020 2:28,DOWN,1.1697,1.17263,1.16338,1.16486,-0.001355467,0.001069159,0.005345794
11/4/2020 8:30,UP,1.16495,1.16824,1.16029,1.16764,0.001602805,0.000878258,0.004391289
11/4/2020 12:16,UP,1.16768,1.17221,1.16633,1.17184,0.001246681,0.000828605,0.004143026
11/4/2020 14:31,DOWN,1.17194,1.17459,1.16909,1.16952,-0.000666718,0.000738106,0.003690532
11/4/2020 16:56,UP,1.16955,1.17274,1.16803,1.17262,0.001058021,0.000710845,0.003554223
11/5/2020 4:19,UP,1.17261,1.17396,1.17102,1.17389,0.00030672,0.000465118,0.002325591
11/5/2020 8:29,UP,1.17388,1.17701,1.17276,1.17611,9.35E-05,0.000512509,0.002562546
11/5/2020 9:54,UP,1.17612,1.17971,1.17517,1.17965,0.000856553,0.000631343,0.003156715
11/5/2020 12:37,UP,1.17966,1.18356,1.17887,1.18296,0.000363561,0.000603575,0.003017877
11/5/2020 15:30,DOWN,1.18296,1.18598,1.18012,1.18043,-0.001582915,0.000698751,0.003493753
11/6/2020 7:02,UP,1.18044,1.18472,1.17915,1.18304,0.000312803,0.000513122,0.002565609
11/6/2020 10:44,UP,1.18302,1.1865,1.18255,1.18647,0.000657629,0.000541099,0.002705497
11/8/2020 23:11,UP,1.18649,1.18931,1.18512,1.1892,0.000168194,0.000578726,0.002893632
11/9/2020 14:11,UP,1.1892,1.19154,1.186,1.19082,0.000285558,0.000631724,0.003158619
11/9/2020 14:59,DOWN,1.19085,1.192,1.18619,1.18652,-0.001414904,0.000742271,0.003711357
11/9/2020 16:09,DOWN,1.18653,1.18711,1.18074,1.18093,-0.000804127,0.000841678,0.00420839
11/10/2020 2:11,UP,1.18094,1.18377,1.17953,1.18374,0.000938146,0.000566515,0.002832575
11/10/2020 10:07,DOWN,1.18374,1.18434,1.17917,1.17924,-0.001178031,0.000642691,0.003213453
11/10/2020 14:29,UP,1.17926,1.18198,1.178,1.18193,0.000440055,0.000577578,0.002887889
11/11/2020 3:31,UP,1.18191,1.18343,1.18012,1.18315,0.000541075,0.000404246,0.00202123
11/11/2020 8:16,DOWN,1.18312,1.18319,1.17929,1.17937,-0.001050856,0.000508923,0.002544613
11/11/2020 12:15,DOWN,1.17936,1.18001,1.17561,1.17568,-0.000986177,0.000665216,0.003326081
11/11/2020 21:00,UP,1.17569,1.17813,1.17455,1.17785,0.000458568,0.00048432,0.0024216
11/12/2020 9:26,UP,1.17786,1.17969,1.17586,1.17951,0.000508815,0.000497604,0.002488021
11/13/2020 7:57,UP,1.17947,1.18232,1.17873,1.18141,0.000804447,0.000391603,0.001958017
11/13/2020 21:51,UP,1.18143,1.18375,1.1807,1.18337,-4.23E-05,0.000429526,0.002147631
11/16/2020 8:09,UP,1.18337,1.18617,1.18257,1.18612,0.000784377,0.00041419,0.00207095
11/16/2020 13:17,DOWN,1.18607,1.18688,1.18221,1.18285,-0.000228236,0.000609276,0.003046382
11/16/2020 21:30,UP,1.1828,1.18548,1.18142,1.18544,0.000843925,0.000523812,0.00261906
11/17/2020 11:03,UP,1.18546,1.18771,1.18426,1.18759,0.000488503,0.000429709,0.002148547
11/17/2020 17:13,DOWN,1.18753,1.18938,1.18574,1.18594,-0.000295081,0.000491294,0.002456472
11/18/2020 7:12,UP,1.18595,1.18795,1.18504,1.18784,0.00024417,0.000400942,0.00200471
11/18/2020 12:53,DOWN,1.18783,1.1891,1.18614,1.18639,-0.000278116,0.000392715,0.001963576
11/19/2020 0:00,DOWN,1.1864,1.18769,1.18423,1.1843,-0.001097093,0.000520179,0.002600894
11/19/2020 14:42,DOWN,1.1843,1.18524,1.18163,1.18244,-0.00023677,0.000397882,0.001989409
11/19/2020 17:35,UP,1.18246,1.18508,1.18231,1.18496,0.000641578,0.000413198,0.00206599
11/20/2020 1:33,UP,1.18497,1.18824,1.18448,1.18768,0.000261047,0.000483608,0.00241804
11/20/2020 9:26,DOWN,1.18768,1.18911,1.18562,1.18576,-0.0004553,0.000438331,0.002191655
11/23/2020 9:22,UP,1.18577,1.18829,1.18498,1.18802,0.000387274,0.000404921,0.002024605
11/23/2020 12:01,UP,1.18802,1.19057,1.18743,1.19035,0.000126021,0.000421995,0.002109977
11/23/2020 14:56,DOWN,1.19036,1.19061,1.18649,1.18661,-0.001465288,0.000549754,0.002748769
11/23/2020 15:51,DOWN,1.18664,1.18742,1.18196,1.18251,-0.000295937,0.000654262,0.003271311
11/23/2020 20:30,UP,1.18251,1.18482,1.17998,1.1842,8.44E-05,0.000594578,0.002972892
11/24/2020 8:20,UP,1.18417,1.18771,1.18345,1.18737,0.000783551,0.000498235,0.002491174
11/24/2020 14:01,DOWN,1.18738,1.18941,1.18506,1.18544,-0.001129744,0.000556325,0.002781624
11/24/2020 16:39,UP,1.18546,1.18865,1.18414,1.18822,0.000404047,0.000562017,0.002810087
11/25/2020 1:21,UP,1.18818,1.19062,1.18652,1.19009,0.000378194,0.000490727,0.002453636
11/25/2020 11:17,DOWN,1.19011,1.19298,1.18824,1.18883,-0.000748355,0.000471487,0.002357433
11/25/2020 20:23,UP,1.18884,1.19263,1.18819,1.19213,0.000528606,0.000577931,0.002889653
11/26/2020 11:41,DOWN,1.19214,1.19409,1.19016,1.19054,-0.000377908,0.000508271,0.002541354
11/27/2020 3:36,UP,1.19053,1.19236,1.18854,1.19223,0.000797144,0.000427797,0.002138984
11/27/2020 14:46,UP,1.19227,1.1946,1.1914,1.19453,0.000736963,0.000410487,0.002052437
11/29/2020 23:00,UP,1.19455,1.19708,1.19345,1.19677,0.00059344,0.000407548,0.002037738
11/30/2020 11:27,UP,1.19659,1.19904,1.19622,1.19898,0.000325329,0.000392242,0.001961212
11/30/2020 15:18,UP,1.19897,1.20031,1.19731,1.1999,0.000258388,0.00035069,0.001753448
11/30/2020 16:00,DOWN,1.19991,1.20033,1.19553,1.19627,-0.001545279,0.000593502,0.002967509
11/30/2020 21:29,DOWN,1.19626,1.19653,1.19262,1.19278,-0.000377199,0.00051546,0.002577302
12/1/2020 3:09,UP,1.19278,1.19586,1.19238,1.19583,0.000284362,0.000486284,0.002431422
12/1/2020 14:00,UP,1.1958,1.19941,1.19541,1.1994,0.001460128,0.000564824,0.00282412
12/1/2020 15:44,UP,1.19938,1.20285,1.19752,1.20252,0.000840256,0.000626511,0.003132555
12/1/2020 20:51,UP,1.20253,1.20633,1.20232,1.20622,0.001086628,0.000526643,0.002633213
12/2/2020 8:31,DOWN,1.20623,1.20877,1.20485,1.20492,-0.000647136,0.000545293,0.002726467
12/2/2020 13:45,UP,1.20491,1.20786,1.204,1.20758,0.000845021,0.000533231,0.002666157
12/2/2020 15:21,UP,1.2076,1.21083,1.20601,1.21017,0.000562062,0.000546762,0.002733809
12/2/2020 21:38,UP,1.21015,1.21186,1.20754,1.21165,0.001205695,0.000542789,0.002713943
12/3/2020 9:45,DOWN,1.21165,1.21395,1.21011,1.21042,3.30E-05,0.00052124,0.002606198
12/3/2020 12:31,UP,1.21041,1.21383,1.2104,1.21381,0.000428495,0.00049834,0.002491702
12/3/2020 15:38,UP,1.21382,1.21728,1.21377,1.217,0.000156134,0.000510638,0.002553192
12/3/2020 19:00,DOWN,1.21701,1.21747,1.21327,1.21382,-0.00018123,0.000492878,0.00246439
12/4/2020 8:58,UP,1.21382,1.21664,1.21335,1.21619,0.000139791,0.000431879,0.002159397
12/4/2020 13:53,DOWN,1.21621,1.21775,1.21316,1.21342,-0.000568479,0.000652881,0.003264406
12/4/2020 19:57,DOWN,1.21341,1.21721,1.21331,1.21379,-0.0003542,0.000522686,0.002613432
12/7/2020 8:15,DOWN,1.21382,1.21404,1.2106,1.2108,-0.00029728,0.000443765,0.002218826
12/7/2020 12:42,UP,1.21077,1.2117,1.20786,1.21129,0.000388091,0.000455061,0.002275307
12/7/2020 14:13,UP,1.21129,1.21423,1.21079,1.21392,9.89E-05,0.000424307,0.002121536
12/7/2020 18:13,DOWN,1.21393,1.21664,1.21269,1.21282,-0.000337998,0.000413908,0.002069538
12/8/2020 7:31,DOWN,1.21282,1.21297,1.21041,1.21077,-0.000396363,0.00032155,0.001607748
12/8/2020 8:46,UP,1.21075,1.21311,1.20955,1.21307,0.001262059,0.000520172,0.002600861
12/8/2020 15:41,DOWN,1.21309,1.2134,1.21001,1.21027,-0.000214805,0.000410777,0.002053884
12/9/2020 4:05,UP,1.21028,1.21246,1.20999,1.21246,0.000470229,0.000347567,0.001737836
12/9/2020 11:49,DOWN,1.21247,1.21475,1.21082,1.21107,-0.000784123,0.000478295,0.002391475
12/9/2020 15:10,DOWN,1.21106,1.21238,1.20916,1.20938,-0.00046294,0.000439033,0.002195164
12/9/2020 18:49,DOWN,1.20939,1.20985,1.2059,1.20624,-0.000563576,0.000496548,0.002482738
12/10/2020 2:26,UP,1.20625,1.20885,1.20608,1.20882,0.000488198,0.000414223,0.002071115
12/10/2020 13:44,UP,1.20883,1.21349,1.20812,1.21283,0.000362854,0.000691206,0.003456029
12/10/2020 15:01,UP,1.21288,1.21581,1.20967,1.2154,0.000913697,0.000717817,0.003589085
12/10/2020 17:58,DOWN,1.21542,1.21591,1.21106,1.21179,-0.000536253,0.000576925,0.002884624
12/11/2020 1:01,UP,1.21177,1.21472,1.21134,1.2147,0.000230536,0.000472319,0.002361596
12/11/2020 8:16,DOWN,1.21473,1.2163,1.21229,1.21232,-0.000865733,0.000547058,0.002735288
12/14/2020 6:43,UP,1.21231,1.21453,1.21054,1.21413,9.88E-05,0.000483024,0.002415121
12/14/2020 15:50,DOWN,1.21411,1.21768,1.21252,1.21291,-0.00074998,0.000588001,0.002940003
12/15/2020 1:09,UP,1.21294,1.21607,1.2123,1.21587,0.000526511,0.000507622,0.002538112
12/15/2020 8:25,DOWN,1.21587,1.21632,1.21332,1.21365,-6.59E-05,0.000405882,0.00202941
12/15/2020 11:20,UP,1.21367,1.21663,1.21315,1.21633,0.000435832,0.000433564,0.002167818
12/15/2020 18:11,UP,1.21634,1.21678,1.21211,1.21651,0.000838816,0.000494612,0.00247306
12/16/2020 8:36,UP,1.21652,1.22066,1.21451,1.22053,0.003085384,0.000848687,0.004243437
12/16/2020 18:01,DOWN,1.22046,1.22123,1.21629,1.21691,-0.000328647,0.000582699,0.002913495
12/16/2020 20:25,UP,1.2169,1.21958,1.2125,1.2195,0.001961743,0.000861756,0.004308782
12/17/2020 6:23,UP,1.21948,1.22356,1.21811,1.22291,0.000237167,0.000679053,0.003395267
12/17/2020 15:48,UP,1.22292,1.22613,1.22241,1.22584,0.000514065,0.000447729,0.002238644
12/17/2020 19:52,UP,1.22583,1.22728,1.2239,1.22706,0.00010595,0.00047344,0.002367199
12/18/2020 14:51,DOWN,1.22705,1.22728,1.22349,1.22373,-0.001143389,0.000477787,0.002388937
12/18/2020 21:53,UP,1.22376,1.22584,1.22255,1.2257,0.000987679,0.000443795,0.002218975
12/21/2020 0:08,DOWN,1.22572,1.22631,1.22083,1.22108,-0.000401204,0.000700795,0.003503976
12/21/2020 4:25,DOWN,1.22112,1.22261,1.21788,1.21865,-8.21E-05,0.000620979,0.003104897
12/21/2020 8:43,UP,1.21864,1.22191,1.21682,1.22178,0.001072781,0.000632271,0.003161353
12/21/2020 10:03,DOWN,1.22179,1.22271,1.21711,1.2173,-0.000837569,0.000724431,0.003622157
12/21/2020 12:45,UP,1.21733,1.21832,1.21298,1.2182,0.00056657,0.000753261,0.003766304
12/21/2020 14:22,UP,1.21818,1.22177,1.21613,1.22159,0.001040169,0.000818669,0.004093344
12/21/2020 18:55,UP,1.22162,1.22474,1.22053,1.22459,0.000702523,0.000608639,0.003043193
12/22/2020 7:06,DOWN,1.22465,1.22531,1.22136,1.22147,-0.000605644,0.000472034,0.002360171
12/22/2020 12:00,UP,1.22146,1.22439,1.22043,1.22419,0.000563797,0.000511028,0.002555139
12/22/2020 14:29,DOWN,1.2242,1.22571,1.22194,1.22199,-0.000785295,0.000514254,0.00257127
12/22/2020 15:55,DOWN,1.22199,1.22272,1.21805,1.21812,-0.001648724,0.000614596,0.003072982
12/23/2020 7:24,UP,1.21813,1.21942,1.21521,1.21921,0.000853375,0.000548332,0.002741662
12/23/2020 14:36,UP,1.21925,1.22167,1.21603,1.2213,0.001442127,0.000720172,0.003600861
12/23/2020 19:30,DOWN,1.22129,1.22212,1.21726,1.21765,-0.00064858,0.000569751,0.002848754
12/24/2020 1:24,UP,1.21763,1.22109,1.21732,1.22099,0.000589859,0.000567009,0.002835044
12/24/2020 13:23,DOWN,1.22101,1.22159,1.21857,1.21858,-0.000475851,0.000423197,0.002115983
12/28/2020 3:12,UP,1.21859,1.22147,1.21766,1.22141,0.000302974,0.000556041,0.002780203
12/28/2020 9:56,UP,1.2214,1.22505,1.22092,1.22475,0.000759627,0.00046043,0.002302152
12/28/2020 10:44,DOWN,1.22478,1.22504,1.22075,1.22134,-0.000662986,0.000524517,0.002622586
12/28/2020 14:27,UP,1.22133,1.22229,1.21913,1.22225,0.000589251,0.000480249,0.002401246
12/28/2020 18:48,DOWN,1.22225,1.22401,1.22027,1.22031,-0.000507939,0.000518587,0.002592936
12/29/2020 2:38,UP,1.2203,1.2238,1.22029,1.22358,0.000670389,0.000452845,0.002264227
12/29/2020 12:44,UP,1.22356,1.22619,1.22316,1.22587,0.000750769,0.000428859,0.002144294
12/30/2020 0:54,UP,1.22584,1.22778,1.2236,1.22775,0.001246959,0.000532916,0.00266458
12/30/2020 8:19,DOWN,1.22773,1.22949,1.22554,1.2259,-0.000464856,0.000527167,0.002635836
12/30/2020 13:23,UP,1.22587,1.22936,1.22527,1.2288,0.000219751,0.00044351,0.002217551
12/31/2020 2:21,UP,1.22877,1.231,1.22713,1.23082,0.000520114,0.000481221,0.002406103
12/31/2020 11:52,DOWN,1.23082,1.23093,1.22668,1.22683,-0.001010225,0.000523598,0.002617991
12/31/2020 15:35,DOWN,1.22686,1.22872,1.22481,1.22485,-0.000677405,0.000591525,0.002957627
12/31/2020 18:48,DOWN,1.22488,1.22508,1.22155,1.2216,-0.000441946,0.000519559,0.002597797
1/4/2021 1:17,UP,1.22162,1.2253,1.22092,1.22475,0.000490016,0.00052734,0.0026367
1/4/2021 8:37,UP,1.22475,1.22816,1.22415,1.22805,0.000985788,0.000507185,0.002535927
1/4/2021 15:35,DOWN,1.22804,1.23094,1.22654,1.2272,-0.000260722,0.000463867,0.002319333
1/4/2021 18:10,DOWN,1.22721,1.22775,1.22454,1.22459,-0.000636745,0.000421044,0.002105221
1/5/2021 2:36,UP,1.2246,1.22667,1.22415,1.22661,0.000701365,0.000348712,0.001743562
1/5/2021 10:24,UP,1.2266,1.22842,1.22553,1.22824,0.000407169,0.000372031,0.001860157
1/5/2021 14:59,DOWN,1.22823,1.22907,1.22592,1.22642,-0.000163063,0.000389045,0.001945227
1/5/2021 16:32,UP,1.22647,1.22829,1.22539,1.22822,0.000504923,0.000392905,0.001964527
1/6/2021 2:22,DOWN,1.2282,1.23254,1.2281,1.22838,-0.000480192,0.000451385,0.002256923
1/6/2021 6:55,UP,1.22837,1.23215,1.22757,1.2318,0.000755278,0.000458929,0.002294643
1/6/2021 11:30,UP,1.23181,1.23492,1.23126,1.23468,0.000858891,0.000442565,0.002212827
1/6/2021 14:05,DOWN,1.23467,1.23494,1.23075,1.23108,-0.000738915,0.000487266,0.002436328
1/6/2021 15:58,DOWN,1.23107,1.23208,1.22753,1.22813,-0.000765099,0.000520992,0.002604959
1/6/2021 18:34,UP,1.22814,1.23105,1.22658,1.23076,0.000422592,0.000463063,0.002315315
1/6/2021 23:50,UP,1.23077,1.23401,1.22977,1.234,0.000510665,0.000550042,0.002750209
1/7/2021 6:14,DOWN,1.23393,1.23445,1.23073,1.23122,0,0.000488522,0.002442612
1/7/2021 9:31,DOWN,1.2312,1.23258,1.22809,1.22852,-0.000366227,0.000570955,0.002854773
1/7/2021 10:57,DOWN,1.2285,1.22879,1.22451,1.22492,-0.000530506,0.000573383,0.002866914
1/8/2021 1:22,DOWN,1.22495,1.22827,1.22348,1.22382,-0.001216759,0.000610055,0.003050276
1/8/2021 8:07,DOWN,1.22378,1.22691,1.22172,1.22172,-0.001782779,0.000704094,0.003520471
1/8/2021 12:39,UP,1.22175,1.22538,1.22133,1.22515,0.000359204,0.000543503,0.002717515
1/8/2021 15:21,DOWN,1.22514,1.22847,1.22293,1.22295,-0.001225791,0.000698357,0.003491784
1/8/2021 18:25,DOWN,1.22297,1.22635,1.22056,1.22064,-0.000835278,0.000774155,0.003870774
1/11/2021 1:16,DOWN,1.22064,1.22423,1.2176,1.21777,-0.001132577,0.000678136,0.003390682
1/11/2021 10:10,DOWN,1.21776,1.21998,1.21553,1.21588,-0.00041114,0.00056847,0.00284235
1/11/2021 16:51,UP,1.2159,1.21721,1.21323,1.21674,0.000616591,0.00047126,0.0023563
1/12/2021 1:41,DOWN,1.21676,1.21745,1.21404,1.21429,-0.000337589,0.000424293,0.002121464
1/12/2021 17:29,UP,1.2143,1.21792,1.21372,1.2171,0.000353361,0.000433468,0.002167341
1/12/2021 19:36,UP,1.21709,1.22064,1.21698,1.22045,0.000836107,0.000503579,0.002517896
1/13/2021 8:56,DOWN,1.22046,1.22229,1.21856,1.21906,-0.000352669,0.000449098,0.002245492
1/13/2021 13:11,DOWN,1.21903,1.21932,1.21607,1.21653,-0.000443787,0.000412466,0.002062331
1/14/2021 7:12,DOWN,1.21654,1.21808,1.21359,1.21429,-0.000839644,0.000540021,0.002700107
1/14/2021 13:06,DOWN,1.21432,1.21674,1.21162,1.21217,-0.001343793,0.000587589,0.002937947
1/14/2021 16:26,UP,1.21216,1.21474,1.21112,1.21458,0.000419986,0.000523574,0.002617869
1/15/2021 5:46,DOWN,1.21456,1.21785,1.21366,1.21369,-0.000667164,0.000455268,0.00227634
1/15/2021 14:11,DOWN,1.2137,1.21469,1.2106,1.21118,-0.00015686,0.000494736,0.002473678
1/15/2021 18:23,DOWN,1.21114,1.2118,1.20818,1.2085,-0.000463277,0.000473776,0.002368881
1/18/2021 10:43,DOWN,1.20851,1.20869,1.20562,1.20618,-0.000389584,0.000383373,0.001916864
1/18/2021 20:26,UP,1.20617,1.20817,1.20535,1.20805,0.000182128,0.000317698,0.001588489
1/19/2021 7:58,UP,1.208,1.21079,1.2074,1.21032,0.000371872,0.000420282,0.002101409
1/19/2021 10:50,UP,1.21033,1.21343,1.21023,1.21339,0.000791485,0.000449789,0.002248945
1/20/2021 2:40,UP,1.21344,1.21497,1.21156,1.21488,0.000675192,0.000445382,0.002226911
1/20/2021 9:25,DOWN,1.21491,1.21584,1.21221,1.21244,-0.000404062,0.000426068,0.002130342
1/20/2021 13:00,DOWN,1.21242,1.213,1.20962,1.20974,-0.000520638,0.000413691,0.002068456
1/20/2021 23:40,UP,1.20973,1.21188,1.20769,1.21164,0.000643963,0.000451213,0.002256064
1/21/2021 9:39,UP,1.21165,1.21448,1.21092,1.21448,0.000766053,0.000465464,0.002327321
1/21/2021 15:31,UP,1.21448,1.21731,1.21325,1.21696,0.000443827,0.000478359,0.002391797
1/21/2021 21:03,UP,1.21692,1.217,1.21358,1.21679,0.000369894,0.000455637,0.002278183
1/22/2021 8:59,UP,1.2168,1.21838,1.21516,1.21825,0.000566547,0.000470356,0.002351779
1/25/2021 6:22,UP,1.21826,1.21897,1.21542,1.21803,0.000164213,0.00033885,0.00169425
1/25/2021 9:29,DOWN,1.21804,1.21829,1.21484,1.21543,-0.000460636,0.00038652,0.001932598
1/25/2021 14:42,DOWN,1.21544,1.21627,1.2136,1.21364,-0.000675425,0.000389918,0.001949591
1/25/2021 23:52,UP,1.21365,1.21478,1.2116,1.21428,0.000395374,0.000360526,0.001802631
1/26/2021 7:32,DOWN,1.21427,1.21464,1.21179,1.21182,-0.000536239,0.000383086,0.00191543
1/26/2021 12:51,UP,1.21186,1.21485,1.21078,1.21475,0.000485815,0.000455607,0.002278036
1/26/2021 15:47,UP,1.21473,1.2176,1.21406,1.21714,0.000443761,0.00043242,0.002162098
1/27/2021 8:35,DOWN,1.21712,1.2175,1.21399,1.21468,-0.00029633,0.000369565,0.001847826
1/27/2021 11:46,DOWN,1.21467,1.21536,1.21161,1.21171,-0.000288806,0.000505322,0.002526608
1/27/2021 14:43,DOWN,1.21173,1.21199,1.20645,1.20653,-0.000571725,0.000828897,0.004144487
1/27/2021 16:48,UP,1.20658,1.21097,1.20586,1.21069,0.000636203,0.00069361,0.00346805
1/28/2021 14:04,UP,1.21072,1.2142,1.20807,1.21348,0.001360651,0.000639359,0.003196796
1/29/2021 1:08,DOWN,1.21353,1.21419,1.21038,1.21083,-0.000379833,0.000470012,0.002350058
1/29/2021 10:32,UP,1.21084,1.21289,1.20945,1.21261,0.00061044,0.000508505,0.002542526
1/29/2021 14:09,UP,1.21259,1.21561,1.21196,1.21529,0.000460902,0.00047581,0.002379051
1/31/2021 23:14,DOWN,1.21529,1.21553,1.21213,1.21226,-0.000577267,0.000475226,0.002376129
2/1/2021 8:54,DOWN,1.21226,1.21367,1.20976,1.21026,-0.000528672,0.000479626,0.002398129
2/1/2021 17:03,DOWN,1.21024,1.21044,1.20655,1.20661,-0.001101655,0.000482877,0.002414387
2/2/2021 2:08,UP,1.20659,1.20878,1.20561,1.20848,0.000413828,0.000422775,0.002113877
2/2/2021 10:21,DOWN,1.20847,1.20873,1.20367,1.20415,-0.001825348,0.000582608,0.002913042
2/2/2021 17:35,DOWN,1.20415,1.20496,1.20133,1.20151,-0.000532521,0.000479732,0.00239866
2/2/2021 22:19,UP,1.2015,1.20463,1.20116,1.20448,0.000406897,0.000493008,0.002465042
2/3/2021 12:02,DOWN,1.20434,1.20502,1.201,1.20134,-0.000873642,0.000536732,0.00268366
2/3/2021 20:59,UP,1.20133,1.20363,1.20042,1.20331,0.000324159,0.000414028,0.002070142
2/4/2021 5:20,DOWN,1.20332,1.20431,1.20133,1.20154,-8.32E-05,0.000364607,0.001823037
2/4/2021 9:03,DOWN,1.20156,1.20176,1.19851,1.19868,-0.00123393,0.000446765,0.002233825
2/4/2021 17:33,DOWN,1.19868,1.19979,1.19577,1.19635,-0.000543172,0.000431995,0.002159975
2/5/2021 8:45,UP,1.19634,1.19829,1.19523,1.19792,8.35E-06,0.000391907,0.001959533
2/5/2021 13:40,UP,1.19795,1.20051,1.19687,1.20015,0.000500063,0.000411918,0.002059591
2/5/2021 16:52,UP,1.20016,1.20403,1.19976,1.20391,0.001022193,0.000574826,0.002874129
2/8/2021 13:23,DOWN,1.20392,1.2056,1.20198,1.20237,-0.00017464,0.000411035,0.002055177
2/8/2021 14:38,UP,1.20238,1.20587,1.20202,1.20562,0.001029046,0.000506902,0.002534508
2/9/2021 2:14,UP,1.2056,1.20709,1.20332,1.20708,0.00088683,0.000467433,0.002337167
2/9/2021 9:16,UP,1.20709,1.21037,1.20673,1.2101,0.000165289,0.000482301,0.002411505
2/9/2021 20:25,UP,1.21009,1.21209,1.20886,1.21172,4.95E-05,0.000416054,0.002080268
2/10/2021 8:39,UP,1.21171,1.214,1.21087,1.214,0.000988957,0.000418973,0.002094863
2/10/2021 21:00,DOWN,1.21398,1.21441,1.21131,1.21205,-0.000527892,0.000366947,0.001834736
2/11/2021 13:15,UP,1.21204,1.21494,1.21135,1.2146,0.000873096,0.000383234,0.00191617
2/12/2021 2:09,DOWN,1.21461,1.21484,1.21218,1.21247,-0.000420541,0.000341762,0.001708809
2/12/2021 9:45,DOWN,1.21249,1.21318,1.21003,1.21057,-0.000256045,0.000353104,0.001765521
2/12/2021 16:13,UP,1.21056,1.21266,1.20816,1.21265,0.000816727,0.000598569,0.002992844
2/15/2021 9:46,UP,1.21267,1.21452,1.21132,1.21436,0.000354159,0.000406963,0.002034813
2/16/2021 3:11,UP,1.21434,1.2147,1.21208,1.21461,0.0002882,0.00034495,0.001724752
2/16/2021 10:05,UP,1.2146,1.21573,1.21284,1.21553,0.000263294,0.0003551,0.001775499
2/16/2021 13:20,DOWN,1.21551,1.21696,1.21357,1.2136,-0.001087082,0.000428605,0.002143024
2/16/2021 14:00,DOWN,1.21363,1.21373,1.21063,1.21076,-0.000594491,0.000457772,0.002288858
2/16/2021 23:55,DOWN,1.21079,1.2124,1.2086,1.20932,-0.000148833,0.000410895,0.002054473
2/17/2021 7:56,DOWN,1.20932,1.20983,1.20707,1.20728,-9.94E-05,0.000357412,0.001787058
2/17/2021 13:20,DOWN,1.20727,1.20832,1.20546,1.20569,-0.000679877,0.000383689,0.001918446
2/17/2021 15:32,DOWN,1.20571,1.20589,1.20273,1.20298,-0.000265971,0.000423288,0.002116438
2/18/2021 8:27,UP,1.20299,1.2056,1.20233,1.20547,0.000522754,0.000394927,0.001974634
2/18/2021 12:49,UP,1.20547,1.20805,1.20542,1.20801,0.000844721,0.000405712,0.002028562
2/18/2021 15:18,DOWN,1.20799,1.209,1.20622,1.20633,-0.000654665,0.000411971,0.002059857
2/18/2021 20:53,UP,1.20633,1.20931,1.2063,1.20915,0.000479791,0.000408755,0.002043776
2/19/2021 7:59,UP,1.20915,1.21137,1.20824,1.21113,0.000933448,0.000413435,0.002067175
2/19/2021 10:19,UP,1.21111,1.21412,1.21086,1.21385,0.000329584,0.000399564,0.00199782
2/19/2021 18:22,DOWN,1.21388,1.21446,1.2112,1.2112,-0.00120469,0.00049655,0.002482752
2/22/2021 7:31,DOWN,1.2112,1.21357,1.21053,1.21087,-0.000214699,0.000379069,0.001895344
2/22/2021 10:36,UP,1.21085,1.21272,1.20913,1.21256,0.000948857,0.000515115,0.002575573
2/22/2021 16:50,UP,1.21257,1.21543,1.21248,1.21515,0.000444488,0.000408222,0.002041112
2/23/2021 9:24,DOWN,1.21517,1.21802,1.21492,1.21516,-0.000205713,0.000356603,0.001783015
2/23/2021 15:45,UP,1.21513,1.21665,1.21353,1.21641,0.000254881,0.000463824,0.002319119
2/24/2021 8:32,UP,1.21643,1.21733,1.21412,1.21722,0.000879439,0.000403067,0.002015333
2/24/2021 13:17,DOWN,1.21718,1.21747,1.21371,1.21381,-0.000683564,0.000514112,0.002570562
2/24/2021 15:21,DOWN,1.21384,1.21481,1.21092,1.21163,4.95E-05,0.000460297,0.002301486
2/24/2021 17:34,UP,1.21162,1.21462,1.21133,1.21454,0.000181155,0.000439911,0.002199557
2/24/2021 21:40,UP,1.21454,1.21747,1.21392,1.21683,0.000172594,0.000443834,0.002219169
2/25/2021 8:07,UP,1.21686,1.21951,1.21561,1.21949,0.001263621,0.000514544,0.002572722
2/25/2021 10:19,UP,1.21946,1.22251,1.21915,1.22229,0.000270021,0.000463601,0.002318003
2/25/2021 14:59,UP,1.22228,1.22419,1.22089,1.22419,0.000506586,0.000451062,0.002255311
2/25/2021 18:04,DOWN,1.2242,1.22431,1.2197,1.21982,-0.001138864,0.000579092,0.002895459
2/25/2021 23:58,DOWN,1.21984,1.22001,1.21579,1.21599,-0.000748082,0.000567264,0.002836319
2/26/2021 2:32,UP,1.21599,1.21828,1.21374,1.21811,0.000903446,0.000604261,0.003021307
2/26/2021 7:06,DOWN,1.21806,1.21812,1.21441,1.21482,-0.000576051,0.000485231,0.002426155
2/26/2021 10:10,DOWN,1.21482,1.21595,1.21164,1.21173,-0.000651748,0.000531194,0.002655971
2/26/2021 14:06,UP,1.21175,1.21319,1.20926,1.21251,0.000214454,0.000512883,0.002564415
2/26/2021 16:44,DOWN,1.21255,1.21415,1.2091,1.20965,-0.000338884,0.000639043,0.003195213
3/1/2021 8:15,DOWN,1.20967,1.21013,1.20622,1.20709,-0.00018224,0.000441987,0.002209934
3/1/2021 9:31,DOWN,1.2071,1.20717,1.20337,1.20342,-0.001087972,0.000556556,0.002782782
3/2/2021 1:51,DOWN,1.20342,1.20688,1.20271,1.20278,-0.000274327,0.000464954,0.002324772
3/2/2021 8:04,DOWN,1.20276,1.2036,1.20027,1.20048,-0.000308163,0.00049465,0.002473249
3/2/2021 12:20,UP,1.20047,1.20371,1.19918,1.20286,0.000116396,0.000400429,0.002002144
3/2/2021 15:56,UP,1.20287,1.20585,1.20198,1.20567,0.001477448,0.000505251,0.002526255
3/2/2021 18:27,UP,1.20565,1.20873,1.20562,1.20861,0.000455172,0.000476352,0.002381759
3/3/2021 11:41,DOWN,1.2086,1.21133,1.20698,1.20701,-0.000828151,0.000592901,0.002964507
3/3/2021 18:19,UP,1.20702,1.20807,1.20426,1.20759,0.000463841,0.000476899,0.002384494
3/4/2021 4:13,DOWN,1.2076,1.20785,1.20435,1.20488,-0.000224064,0.000415428,0.002077139
3/4/2021 9:15,DOWN,1.20491,1.20627,1.20354,1.20362,-0.000431937,0.000355125,0.001775627
3/4/2021 16:50,UP,1.20364,1.20537,1.20225,1.20481,9.96E-05,0.000351164,0.001755821
3/4/2021 17:29,DOWN,1.20479,1.20501,1.20105,1.20174,-0.000648848,0.000499575,0.002497873
3/4/2021 18:08,DOWN,1.20174,1.20189,1.19763,1.19823,-0.000825878,0.000561551,0.002807757
3/5/2021 1:09,DOWN,1.19821,1.19888,1.19545,1.19553,-0.000861172,0.000512548,0.00256274
3/5/2021 8:20,DOWN,1.19555,1.19649,1.19281,1.19301,-0.000661971,0.000496019,0.002480096
3/5/2021 19:21,DOWN,1.19299,1.19465,1.18927,1.19094,-0.000402962,0.000581102,0.002905508
3/8/2021 6:57,DOWN,1.19091,1.19325,1.18912,1.18936,-0.00095804,0.00050439,0.002521948
3/8/2021 12:09,DOWN,1.18935,1.1898,1.18586,1.18608,-0.000674263,0.00048988,0.0024494
3/8/2021 16:50,DOWN,1.18609,1.18873,1.18493,1.18505,-0.000590518,0.000500961,0.002504804
3/9/2021 4:03,UP,1.18507,1.18671,1.18355,1.18654,0.000556394,0.000463097,0.002315487
3/9/2021 8:37,UP,1.18655,1.18894,1.18512,1.18882,0.000479582,0.000500373,0.002501863
3/10/2021 2:01,DOWN,1.18883,1.19159,1.18814,1.18835,-0.000328132,0.000437103,0.002185514
3/10/2021 10:10,UP,1.18835,1.19048,1.18688,1.19,0.000353003,0.000492343,0.002461713
3/10/2021 14:15,UP,1.18998,1.19248,1.18818,1.19217,0.000637696,0.000621001,0.003105004
3/10/2021 19:55,UP,1.19214,1.19241,1.1886,1.19213,0,0.000467057,0.002335287
3/11/2021 8:38,UP,1.19212,1.19613,1.19156,1.19608,0.001179546,0.000563994,0.002819968
3/11/2021 16:51,UP,1.19608,1.19792,1.1928,1.19773,0.001136126,0.000734597,0.003672985
3/12/2021 6:23,DOWN,1.19772,1.199,1.19514,1.19515,-0.000568804,0.000589009,0.002945045
3/12/2021 9:49,DOWN,1.19517,1.19534,1.19155,1.19168,-0.000310438,0.000554412,0.002772061
3/12/2021 16:30,UP,1.1917,1.19444,1.191,1.19432,0.000226096,0.000515217,0.002576086
3/15/2021 5:43,DOWN,1.19434,1.19677,1.193,1.19333,-0.00051942,0.000452577,0.002262885
3/16/2021 10:39,UP,1.19334,1.19449,1.19112,1.19443,0.000904606,0.000497075,0.002485373
3/16/2021 13:29,DOWN,1.19442,1.19519,1.19152,1.19181,-0.000620712,0.000501658,0.002508291
3/17/2021 8:12,DOWN,1.19185,1.19226,1.18822,1.18895,-0.000521333,0.000424434,0.002122169
3/17/2021 18:02,UP,1.18894,1.19609,1.18884,1.19453,0.003194636,0.000914478,0.004572391
3/18/2021 0:58,UP,1.19466,1.19879,1.1926,1.19855,4.17E-05,0.000654455,0.003272273
3/18/2021 9:12,DOWN,1.19856,1.1989,1.1935,1.19458,-4.19E-05,0.000646345,0.003231725
3/18/2021 13:20,DOWN,1.19457,1.19504,1.19102,1.19145,-0.000436348,0.000536279,0.002681393
3/19/2021 8:00,UP,1.19142,1.19388,1.19021,1.19348,0.000419031,0.000409988,0.002049938
3/19/2021 9:44,DOWN,1.19347,1.19372,1.19009,1.19026,-0.001007675,0.000476984,0.002384919
3/19/2021 13:41,DOWN,1.19029,1.19094,1.18751,1.18761,-0.000639736,0.000513811,0.002569057
3/19/2021 15:59,UP,1.18757,1.1912,1.18739,1.19092,0.000865252,0.000531496,0.00265748
3/22/2021 11:13,UP,1.19093,1.19206,1.18746,1.19199,0.001032421,0.000577113,0.002885563
3/23/2021 7:42,DOWN,1.19201,1.19468,1.19107,1.19145,-0.001182732,0.000457537,0.002287686
3/23/2021 10:50,DOWN,1.19149,1.19158,1.18826,1.18833,-0.000647758,0.000491744,0.00245872
3/23/2021 16:06,DOWN,1.18833,1.18951,1.18615,1.18655,-0.000202247,0.000449466,0.002247331
3/23/2021 20:07,DOWN,1.18658,1.18689,1.18422,1.18438,-0.000557098,0.000403744,0.002018722
3/24/2021 7:37,DOWN,1.18441,1.18544,1.18216,1.18237,-0.000228329,0.000425998,0.002129989
3/24/2021 20:33,DOWN,1.18239,1.18448,1.18101,1.1811,-0.000795552,0.000469446,0.00234723
3/25/2021 12:48,DOWN,1.18113,1.18278,1.17912,1.17985,-0.000398276,0.0003677,0.001838499
3/25/2021 15:27,DOWN,1.17982,1.18156,1.1786,1.17886,-0.000118752,0.000419469,0.002097343
3/26/2021 7:52,UP,1.17888,1.17915,1.17618,1.17871,0.000398821,0.000403738,0.002018691
3/26/2021 15:39,UP,1.17873,1.1798,1.17718,1.17978,0.000483258,0.000354826,0.001774132
3/29/2021 5:42,DOWN,1.1798,1.18051,1.17751,1.17761,-0.000178311,0.00036784,0.001839202
3/29/2021 18:40,DOWN,1.17764,1.17938,1.17608,1.17647,-0.000637297,0.000448242,0.00224121
3/30/2021 6:59,DOWN,1.17647,1.17752,1.17409,1.17477,-0.000289376,0.000353507,0.001767534
3/30/2021 13:42,DOWN,1.17479,1.1755,1.17145,1.17158,-0.000810542,0.000456875,0.002284376
3/31/2021 4:45,DOWN,1.17154,1.17332,1.1704,1.17071,-0.000187902,0.000359543,0.001797716
3/31/2021 7:14,UP,1.17068,1.1733,1.17046,1.17322,0.000579769,0.000391642,0.00195821
4/1/2021 2:39,DOWN,1.17325,1.176,1.17194,1.17225,-0.000665166,0.000458396,0.002291979
4/1/2021 8:37,UP,1.17225,1.17448,1.17126,1.17408,0.000110731,0.000411952,0.002059759
4/1/2021 13:27,UP,1.17406,1.17618,1.17242,1.17592,0.000399767,0.000479783,0.002398917
4/1/2021 16:39,UP,1.17589,1.17802,1.17387,1.17749,0.000254812,0.000533153,0.002665766
4/5/2021 6:14,DOWN,1.17746,1.17868,1.17466,1.17498,-0.000825205,0.000474726,0.00237363
4/5/2021 12:39,UP,1.17501,1.1777,1.17379,1.17769,0.001104466,0.000560079,0.002800397
4/5/2021 14:27,UP,1.17766,1.18115,1.17761,1.18106,0.000465792,0.000534959,0.002674794
4/6/2021 12:42,UP,1.18108,1.18319,1.17953,1.18265,0.000972866,0.000463363,0.002316813
4/6/2021 16:15,UP,1.18267,1.18536,1.18257,1.18525,0.000168755,0.000415881,0.002079403
4/7/2021 5:57,UP,1.18526,1.1878,1.18488,1.18743,0.000353768,0.000347299,0.001736493
4/7/2021 10:51,UP,1.18744,1.18973,1.18639,1.18962,0.000252213,0.000408552,0.00204276
4/7/2021 14:28,UP,1.1896,1.19094,1.18768,1.19089,0.001066998,0.00045126,0.002256302
4/7/2021 16:28,DOWN,1.19087,1.19149,1.18822,1.18831,-0.000235601,0.000401541,0.002007707
4/8/2021 7:20,UP,1.18834,1.18931,1.18608,1.18892,0.00055528,0.000406694,0.00203347
4/8/2021 10:16,DOWN,1.18891,1.18913,1.18624,1.18658,-8.43E-05,0.000382504,0.001912521
4/8/2021 12:53,UP,1.18659,1.18895,1.18616,1.18895,0.000555266,0.000430695,0.002153475
4/8/2021 16:27,UP,1.18891,1.19219,1.18834,1.19218,0.001149816,0.000557904,0.00278952
4/9/2021 5:54,DOWN,1.19219,1.19276,1.18928,1.18987,-0.000210085,0.000410297,0.002051483
4/9/2021 12:44,DOWN,1.18987,1.19004,1.18679,1.1869,-0.001010526,0.000495064,0.00247532
4/9/2021 16:13,UP,1.18689,1.18985,1.1867,1.18959,0.000184955,0.000438942,0.002194709
4/12/2021 2:43,DOWN,1.18959,1.19106,1.18854,1.18872,-0.000176645,0.000348956,0.00174478
4/12/2021 9:29,UP,1.18869,1.19016,1.1871,1.19016,0.000798531,0.000402764,0.00201382
4/13/2021 3:46,DOWN,1.19013,1.19192,1.18899,1.18907,-0.000580117,0.000382606,0.001913029
4/13/2021 12:41,UP,1.18909,1.19241,1.18772,1.1923,0.001494028,0.000542066,0.002710328
4/13/2021 19:59,UP,1.19232,1.1955,1.19202,1.19538,0.00074481,0.000406947,0.002034733
4/14/2021 7:18,UP,1.1954,1.19742,1.19462,1.19709,0.000559847,0.000313843,0.001569215
4/14/2021 15:48,UP,1.19706,1.19763,1.1951,1.19749,2.51E-05,0.000364894,0.001824468
4/15/2021 10:59,DOWN,1.19747,1.19934,1.1962,1.19625,-0.000342679,0.000362464,0.001812321
4/16/2021 2:59,DOWN,1.19624,1.19839,1.19504,1.19508,-0.000167339,0.000437512,0.002187558
4/16/2021 7:57,UP,1.19507,1.19821,1.19507,1.19818,0.001010375,0.000489197,0.002445987
4/19/2021 0:09,DOWN,1.19815,1.19948,1.19666,1.19675,-0.000108622,0.000434645,0.002173226
4/19/2021 6:26,UP,1.19678,1.19751,1.19425,1.1969,0.000317537,0.000389155,0.001945774
4/19/2021 7:48,UP,1.1969,1.20027,1.19672,1.1997,0.000875602,0.000427808,0.002139041
4/19/2021 8:48,UP,1.19966,1.20328,1.19966,1.20276,0.000191245,0.00048624,0.002431201
4/19/2021 14:04,DOWN,1.20279,1.2048,1.20203,1.20223,-0.00017466,0.000358612,0.001793062
4/19/2021 23:11,UP,1.20223,1.20413,1.20151,1.20392,0.000282451,0.000342655,0.001713277
4/20/2021 3:16,UP,1.20391,1.20705,1.2037,1.20705,0.001201998,0.000467581,0.002337904
4/20/2021 9:49,DOWN,1.20706,1.20799,1.20482,1.20536,-0.000190796,0.000378028,0.001890141
4/20/2021 12:49,DOWN,1.20538,1.20601,1.20263,1.20346,-0.000390464,0.00040129,0.00200645
4/20/2021 16:52,DOWN,1.20345,1.20569,1.20255,1.20289,-0.000274302,0.000339378,0.001696888
4/21/2021 7:23,DOWN,1.20292,1.20439,1.20182,1.20195,-0.000449169,0.000324812,0.001624059
4/21/2021 14:56,UP,1.20193,1.20322,1.19985,1.2029,0.000573778,0.000454994,0.002274972
4/22/2021 10:29,UP,1.20291,1.20558,1.20222,1.20506,7.47E-05,0.000393409,0.001967043
4/22/2021 13:33,DOWN,1.20506,1.20698,1.20228,1.20231,-0.000781523,0.000662308,0.003311539
4/22/2021 18:11,DOWN,1.20228,1.20338,1.19941,1.19997,-0.000758065,0.000491826,0.00245913
4/23/2021 1:48,UP,1.19995,1.20249,1.19936,1.20239,0.000149713,0.000414931,0.002074654
4/23/2021 7:21,UP,1.20239,1.205,1.20182,1.20485,0.000655898,0.000439617,0.002198083
4/23/2021 12:43,UP,1.20485,1.20749,1.20442,1.20725,0.000397677,0.000416899,0.002084493
4/23/2021 17:18,UP,1.20723,1.20804,1.20462,1.20791,0.000314642,0.000439586,0.002197928
4/26/2021 0:49,UP,1.20791,1.21055,1.20785,1.2105,0.000826446,0.000419286,0.002096431
4/26/2021 10:48,DOWN,1.21047,1.21171,1.20887,1.20947,-0.000173615,0.000298631,0.001493156
4/26/2021 13:28,DOWN,1.20948,1.20949,1.20737,1.20749,-0.000240139,0.000299562,0.00149781
4/26/2021 16:40,UP,1.20747,1.20879,1.2061,1.20872,0.000446853,0.000350457,0.001752286
4/27/2021 1:26,DOWN,1.2087,1.20937,1.20707,1.20718,-0.000405822,0.000324799,0.001623994
4/27/2021 8:59,DOWN,1.20721,1.20804,1.20572,1.20584,-0.000348244,0.000304455,0.001522274
4/27/2021 11:03,UP,1.20584,1.20852,1.20567,1.20789,0.000314648,0.000310117,0.001550587
4/27/2021 21:17,UP,1.20788,1.20932,1.20693,1.20928,0.000264655,0.000319955,0.001599775
4/28/2021 5:17,DOWN,1.20896,1.20942,1.20724,1.20737,-0.000306404,0.000298925,0.001494623
4/28/2021 14:17,UP,1.20735,1.20898,1.20561,1.2088,0.0010429,0.000413903,0.002069515
4/28/2021 18:38,UP,1.20874,1.21241,1.20657,1.2124,0.001973242,0.000683416,0.003417082
4/29/2021 8:35,DOWN,1.21235,1.215,1.21076,1.2113,-0.000569474,0.00052256,0.0026128
4/30/2021 6:59,DOWN,1.21129,1.21358,1.2102,1.21112,-7.43E-05,0.000356975,0.001784874
4/30/2021 10:07,DOWN,1.21112,1.21128,1.20908,1.20916,-0.000421691,0.000312235,0.001561175
4/30/2021 14:11,DOWN,1.20917,1.2098,1.20621,1.2065,-0.00077881,0.000437016,0.002185081
4/30/2021 15:11,DOWN,1.20648,1.20797,1.20309,1.20323,-0.000216062,0.000703173,0.003515866
5/3/2021 9:20,UP,1.20323,1.20559,1.20129,1.20551,0.00066384,0.000533825,0.002669126
5/3/2021 14:32,UP,1.20551,1.2073,1.20419,1.20722,0.000190539,0.000462261,0.002311305
5/4/2021 2:46,DOWN,1.20725,1.20761,1.20434,1.20444,-0.000431643,0.000413149,0.002065745
5/4/2021 7:33,DOWN,1.20443,1.20452,1.20132,1.20166,-0.000549089,0.000410761,0.002053806
5/4/2021 12:57,UP,1.20167,1.20305,1.19991,1.20274,9.98E-05,0.000366248,0.001831242
5/5/2021 6:55,DOWN,1.20271,1.20357,1.1993,1.19995,-0.000591516,0.000464628,0.002323142
5/5/2021 10:45,UP,1.19996,1.20184,1.19861,1.20146,0.00034131,0.000453253,0.002266266
5/6/2021 7:12,UP,1.20145,1.20282,1.19912,1.20238,0.000782089,0.000406402,0.002032008
5/6/2021 9:39,UP,1.20236,1.20507,1.20208,1.20489,0.00057283,0.000400702,0.002003511
5/6/2021 13:43,UP,1.20486,1.20667,1.20384,1.2065,0.000655001,0.000409396,0.00204698
5/7/2021 4:08,UP,1.20652,1.20718,1.20441,1.20684,0.000132586,0.000310718,0.001553592
5/7/2021 8:43,UP,1.20683,1.20894,1.20528,1.20879,0.001009783,0.000490359,0.002451796
5/7/2021 12:33,UP,1.20881,1.21356,1.20582,1.21273,0.002435492,0.001037306,0.005186528
5/7/2021 15:20,UP,1.2127,1.21507,1.21021,1.21478,0.000592876,0.000709274,0.00354637
5/10/2021 7:41,DOWN,1.21481,1.21771,1.21412,1.21423,-0.000452859,0.000483383,0.002416916
5/10/2021 12:42,UP,1.21422,1.21754,1.21367,1.21714,0.000460201,0.00045671,0.002283552
5/10/2021 19:43,DOWN,1.21716,1.21785,1.21425,1.21427,-0.000230565,0.000443942,0.002219709
5/11/2021 8:39,UP,1.21427,1.21551,1.2123,1.21542,0.000856038,0.00043745,0.002187248
5/11/2021 18:20,DOWN,1.2154,1.21818,1.21472,1.21477,-0.000863988,0.000456003,0.002280014
5/12/2021 3:15,DOWN,1.21475,1.21555,1.21235,1.21265,-0.000436964,0.000377661,0.001888304
5/12/2021 7:35,UP,1.21266,1.21431,1.21154,1.21431,0.000790885,0.000391466,0.001957331
5/12/2021 11:54,DOWN,1.21432,1.2144,1.21172,1.21193,-0.000470214,0.000380832,0.001904159
5/12/2021 12:54,UP,1.21194,1.21463,1.20717,1.21463,0.002811388,0.000962526,0.004812632
5/12/2021 14:02,DOWN,1.21457,1.21523,1.20861,1.20866,-0.000645135,0.000930708,0.004653538
5/13/2021 6:28,UP,1.20871,1.20964,1.20655,1.20919,0.000595617,0.000394582,0.00197291
5/13/2021 8:44,DOWN,1.20921,1.21063,1.20718,1.20726,-0.000852808,0.000440453,0.002202263
5/13/2021 12:33,UP,1.20724,1.20929,1.20514,1.20851,0.000397262,0.00045252,0.0022626
5/13/2021 15:31,DOWN,1.2085,1.21002,1.20691,1.20703,-0.000223665,0.000408677,0.002043385
5/14/2021 4:43,UP,1.20705,1.2091,1.20621,1.20876,0.000413733,0.000384962,0.001924809
5/14/2021 7:21,UP,1.20876,1.21113,1.20844,1.21112,0.000173408,0.000356666,0.001783332
5/14/2021 12:56,UP,1.21113,1.21378,1.2103,1.21283,0.000230892,0.000353703,0.001768514
5/17/2021 0:00,UP,1.21286,1.21513,1.21276,1.21492,0.000197563,0.000300432,0.001502159
5/17/2021 5:33,DOWN,1.2149,1.21493,1.21268,1.21281,-0.000420423,0.000327433,0.001637166
5/17/2021 9:24,UP,1.21283,1.21499,1.2126,1.2149,0.000115242,0.000331178,0.00165589
5/17/2021 12:21,DOWN,1.2149,1.21689,1.21391,1.21408,-0.000477614,0.000373113,0.001865567
5/17/2021 17:05,UP,1.21409,1.21578,1.21346,1.2157,7.40E-05,0.000288181,0.001440905
5/18/2021 6:18,UP,1.21571,1.21813,1.21481,1.21805,0.001108944,0.000364746,0.001823728
5/18/2021 7:57,UP,1.21806,1.22054,1.21787,1.22034,0.000319634,0.000353657,0.001768287
5/18/2021 12:07,UP,1.22037,1.22237,1.21998,1.22226,0.000482829,0.000359443,0.001797216
5/18/2021 14:19,DOWN,1.22225,1.2234,1.2205,1.22056,-0.000393185,0.000377818,0.001889089
5/18/2021 18:24,UP,1.22059,1.22292,1.21982,1.22275,0.000286281,0.000402543,0.002012716
5/19/2021 6:02,UP,1.22278,1.22428,1.22172,1.22409,0.000506627,0.000332141,0.001660705
5/19/2021 7:53,DOWN,1.22406,1.22452,1.22222,1.22232,-0.000384441,0.000338871,0.001694355
5/19/2021 11:24,DOWN,1.22229,1.22264,1.21889,1.21957,-0.000614782,0.00036804,0.001840201
5/19/2021 13:40,UP,1.21956,1.22277,1.21948,1.22271,0.000883674,0.000394831,0.001974153
5/19/2021 16:59,DOWN,1.22269,1.22388,1.22102,1.22109,-0.000212902,0.000355024,0.001775122
5/19/2021 18:48,DOWN,1.22106,1.22149,1.21715,1.21725,-0.000566691,0.000571476,0.002857381
5/20/2021 6:43,UP,1.21722,1.21982,1.21598,1.2191,3.28E-05,0.000443691,0.002218455
5/20/2021 13:18,UP,1.21913,1.22091,1.2181,1.22091,0.000704641,0.000385105,0.001925527
5/20/2021 21:58,UP,1.22099,1.22309,1.22065,1.22309,0.000384346,0.000366749,0.001833746
5/21/2021 7:51,DOWN,1.22282,1.22401,1.22097,1.22142,-0.000130986,0.000367454,0.001837271
5/21/2021 11:59,DOWN,1.22143,1.22379,1.21846,1.21861,-0.00238512,0.000678333,0.003391664
5/21/2021 14:41,DOWN,1.21862,1.221,1.21707,1.21713,-0.000640647,0.000570555,0.002852776
5/24/2021 5:46,UP,1.21713,1.2192,1.21607,1.21875,0.000221563,0.000391799,0.001958994
5/24/2021 9:54,UP,1.21872,1.22095,1.21752,1.22084,0.000548953,0.000500149,0.002500747
5/25/2021 1:23,UP,1.22086,1.223,1.22033,1.22253,6.54E-05,0.000315008,0.001575041
5/25/2021 6:45,UP,1.22251,1.22529,1.22205,1.22508,0.001094405,0.000399765,0.001998826
5/25/2021 13:36,DOWN,1.22508,1.22665,1.22408,1.2243,-0.000440971,0.000325297,0.001626485
5/25/2021 15:57,DOWN,1.2243,1.22561,1.22307,1.22334,-0.0001553,0.000329952,0.001649761
5/25/2021 18:51,UP,1.22329,1.22572,1.22265,1.22553,0.00040807,0.000331393,0.001656967
5/26/2021 7:19,DOWN,1.22556,1.22631,1.22327,1.22333,-0.000996781,0.000418296,0.002091478
5/26/2021 12:52,DOWN,1.22335,1.22486,1.22171,1.22195,-0.000556333,0.000359661,0.001798307
5/26/2021 15:35,DOWN,1.22192,1.22399,1.22012,1.22018,-0.000925664,0.000509337,0.002546683
5/27/2021 1:30,DOWN,1.22019,1.22098,1.21751,1.21781,-0.000533603,0.000414969,0.002074845
5/27/2021 7:23,UP,1.21782,1.22064,1.21778,1.22048,0.000557313,0.00043576,0.0021788
5/27/2021 13:17,DOWN,1.22047,1.22151,1.21801,1.21843,-0.000270804,0.000392589,0.001962947
5/28/2021 1:41,DOWN,1.21844,1.22117,1.21797,1.21838,-8.21E-06,0.000414365,0.002071826
5/28/2021 8:44,UP,1.21841,1.22001,1.21715,1.21978,0.000147578,0.000395406,0.001977032
5/28/2021 11:44,DOWN,1.21979,1.22005,1.21624,1.21631,-0.000772531,0.000478047,0.002390236
5/28/2021 14:09,UP,1.21629,1.21708,1.21326,1.21689,0.00027944,0.00049563,0.002478148
5/28/2021 16:25,UP,1.21691,1.22015,1.2163,1.21985,0.000368966,0.000472102,0.002360511
5/31/2021 14:56,UP,1.21983,1.22234,1.21834,1.22233,0.001703118,0.000531078,0.00265539
6/1/2021 14:01,UP,1.2223,1.22529,1.22133,1.22416,0.00027778,0.000416945,0.002084723
6/1/2021 17:09,DOWN,1.22419,1.22546,1.22268,1.22268,-0.000694953,0.000396858,0.001984292
6/2/2021 6:44,DOWN,1.22273,1.22329,1.22066,1.22089,-0.000614117,0.000361918,0.001809592
6/2/2021 8:41,DOWN,1.2209,1.22139,1.21835,1.21879,-0.000196897,0.000389805,0.001949023
6/2/2021 13:37,UP,1.2188,1.21953,1.21641,1.21951,0.000418288,0.00040424,0.002021201
6/3/2021 6:04,DOWN,1.21948,1.22184,1.21931,1.2194,-0.000377164,0.000315311,0.001576555
6/3/2021 10:08,UP,1.21942,1.22085,1.21788,1.22039,0.000344212,0.000373537,0.001867687
6/3/2021 12:23,DOWN,1.22038,1.22047,1.21693,1.217,-0.000936291,0.000479171,0.002395855
6/3/2021 13:50,DOWN,1.21697,1.21712,1.21374,1.21382,-0.000807043,0.000458595,0.002292975
6/3/2021 16:23,DOWN,1.21383,1.215,1.21202,1.21226,-4.95E-05,0.000425439,0.002127196
6/4/2021 5:57,DOWN,1.21225,1.21341,1.2107,1.21071,-0.000421152,0.000331636,0.001658182
6/4/2021 12:33,UP,1.21069,1.21587,1.21039,1.21526,0.001680064,0.000580555,0.002902777
6/4/2021 13:32,UP,1.21533,1.21775,1.21376,1.21769,0.00053394,0.000581736,0.002908679
6/7/2021 7:00,DOWN,1.21771,1.21857,1.21514,1.21517,-0.000189256,0.000425979,0.002129895
6/7/2021 13:57,UP,1.21517,1.21806,1.2145,1.21794,0.000451684,0.00050425,0.002521252
6/8/2021 7:18,DOWN,1.21796,1.22019,1.21713,1.21718,-0.000919737,0.000372805,0.001864024
6/9/2021 9:46,UP,1.2172,1.21931,1.21642,1.21877,0.000131289,0.000283128,0.001415641
6/9/2021 13:31,UP,1.21877,1.22168,1.21862,1.22165,0.000704214,0.000380265,0.001901324
6/9/2021 14:50,DOWN,1.22162,1.2218,1.21869,1.21873,-0.000639806,0.000421338,0.00210669
6/10/2021 3:34,DOWN,1.21871,1.21907,1.21663,1.2168,-0.000139701,0.000336142,0.00168071
6/10/2021 11:27,UP,1.21678,1.21789,1.21535,1.21768,0.000484645,0.00031711,0.001585549
6/10/2021 13:28,DOWN,1.21767,1.21951,1.21451,1.2146,-0.001941141,0.00068312,0.003415601
6/10/2021 14:25,UP,1.21456,1.21902,1.21433,1.21873,7.39E-05,0.000657191,0.003285957
6/11/2021 6:27,UP,1.2187,1.21931,1.2162,1.21902,0.000344598,0.000386496,0.001932479
6/11/2021 9:21,DOWN,1.21904,1.21919,1.21617,1.21632,-0.000254835,0.000409204,0.002046019
6/11/2021 11:32,DOWN,1.2163,1.21633,1.21349,1.21366,-0.000428364,0.000405946,0.002029731
6/11/2021 14:42,DOWN,1.21367,1.21382,1.21012,1.21058,-0.000528533,0.000507064,0.002535318
6/14/2021 9:32,UP,1.21061,1.21208,1.20926,1.21181,0.000288866,0.000369122,0.001845612
6/15/2021 6:31,UP,1.21178,1.2134,1.21115,1.21319,0.000445207,0.000269144,0.00134572
6/15/2021 9:04,DOWN,1.21317,1.21475,1.21223,1.21231,-0.00081629,0.000354471,0.001772354
6/15/2021 12:41,DOWN,1.21232,1.21282,1.21057,1.2108,-0.000132135,0.000277443,0.001387215
6/15/2021 15:17,UP,1.21078,1.21303,1.21014,1.21271,7.42E-05,0.000334907,0.001674536
6/16/2021 13:22,DOWN,1.21273,1.21348,1.21111,1.21116,-0.000594295,0.000315105,0.001575526
6/16/2021 18:03,DOWN,1.21118,1.21271,1.20562,1.20587,-0.001499866,0.000881189,0.004405944
6/16/2021 19:47,DOWN,1.20597,1.20659,1.20052,1.20077,-0.000299763,0.000776044,0.003880218
6/17/2021 7:16,DOWN,1.20074,1.20125,1.19551,1.19551,-0.001354153,0.000733522,0.003667611
6/17/2021 14:17,DOWN,1.19552,1.19646,1.19212,1.19217,-0.001014441,0.00052168,0.002608402
6/17/2021 15:56,DOWN,1.19219,1.19428,1.19059,1.19059,-0.000411476,0.000553512,0.002767561
6/18/2021 3:36,UP,1.19061,1.19252,1.18918,1.19248,0.00052845,0.000445212,0.00222606
6/18/2021 6:55,DOWN,1.19246,1.19249,1.18881,1.18888,-0.00102565,0.000498825,0.002494123
6/18/2021 8:34,UP,1.18891,1.19245,1.18853,1.19218,0.000201332,0.000515387,0.002576936
6/18/2021 12:22,DOWN,1.19217,1.19224,1.18858,1.18907,-0.000882653,0.000513309,0.002566547
6/18/2021 14:25,DOWN,1.18908,1.18945,1.18574,1.18578,-0.000817693,0.000527075,0.002635376
6/18/2021 17:11,UP,1.18575,1.18825,1.18473,1.18805,0.000538843,0.000468795,0.002343975
6/21/2021 3:33,DOWN,1.18809,1.18844,1.18513,1.18519,-0.000759084,0.000474478,0.002372389
6/21/2021 6:36,UP,1.18526,1.18813,1.18477,1.18799,0.000210462,0.000486403,0.002432016
6/21/2021 8:46,UP,1.18799,1.1892,1.18512,1.18896,0.00013458,0.000469707,0.002348533
6/21/2021 14:09,UP,1.18894,1.19188,1.18848,1.19182,0.00058751,0.000439449,0.002197247
6/22/2021 5:56,DOWN,1.19174,1.19214,1.18956,1.18968,-0.000184907,0.000352412,0.001762059
6/22/2021 14:24,UP,1.18966,1.19115,1.18809,1.19066,0.000134388,0.00035332,0.001766599
6/22/2021 16:36,UP,1.19064,1.19304,1.18962,1.19299,0.000100593,0.000489571,0.002447856
6/23/2021 2:32,DOWN,1.193,1.19528,1.19203,1.19224,-0.000285137,0.000403465,0.002017324
6/23/2021 10:23,UP,1.19221,1.19463,1.19115,1.19459,0.000502391,0.000411552,0.002057761
6/23/2021 13:53,UP,1.19466,1.19661,1.19389,1.19641,0.000342751,0.000411032,0.002055162
6/23/2021 16:06,DOWN,1.19643,1.19701,1.19429,1.19444,-0.00031809,0.000355354,0.001776768
6/24/2021 1:39,DOWN,1.1944,1.19479,1.19192,1.19208,-0.000754698,0.000392514,0.00196257
6/24/2021 10:50,UP,1.19206,1.19494,1.19176,1.19443,-2.51E-05,0.000425653,0.002128264
6/24/2021 14:50,DOWN,1.19445,1.19564,1.19214,1.19237,-0.000829935,0.000507195,0.002535974
6/25/2021 6:48,UP,1.19236,1.19495,1.19201,1.1947,0.000309749,0.000363595,0.001817975
6/25/2021 13:13,UP,1.19472,1.19658,1.19375,1.19636,0.000275875,0.00038437,0.001921848
6/25/2021 15:10,DOWN,1.19637,1.19754,1.19413,1.19445,-0.000535668,0.000449312,0.002246558
6/28/2021 3:24,DOWN,1.19445,1.19479,1.19201,1.19224,-0.000142579,0.000354799,0.001773993
6/28/2021 11:41,DOWN,1.19223,1.19446,1.19077,1.1909,-0.000805788,0.000499957,0.002499783
6/28/2021 16:05,UP,1.19092,1.19398,1.19024,1.19352,0.000142446,0.000480114,0.00240057
6/29/2021 3:19,DOWN,1.19353,1.19353,1.19108,1.19122,-0.00021824,0.000379991,0.001899953
6/29/2021 10:48,DOWN,1.19122,1.19233,1.18982,1.18982,-0.000134465,0.000378853,0.001894267
6/29/2021 12:58,DOWN,1.18986,1.19078,1.18798,1.1881,-0.000168322,0.000389356,0.001946778
6/30/2021 2:33,UP,1.18812,1.19116,1.18776,1.19059,0.000134396,0.00040402,0.002020101
6/30/2021 12:33,DOWN,1.19062,1.19081,1.18761,1.18784,-0.000631199,0.000422759,0.002113793
6/30/2021 15:42,DOWN,1.18781,1.18836,1.18459,1.1846,-0.000928153,0.000592192,0.002960959
7/1/2021 11:01,UP,1.18463,1.1869,1.18374,1.1869,0.001121194,0.000432589,0.002162944
7/1/2021 15:15,DOWN,1.18687,1.18843,1.18551,1.18557,-0.000876831,0.000462651,0.002313257
7/2/2021 7:10,DOWN,1.18556,1.18612,1.18264,1.18282,-0.000769052,0.000391967,0.001959833
7/2/2021 12:37,UP,1.18281,1.18576,1.18073,1.18513,0.001249589,0.000504011,0.002520056
7/2/2021 18:24,UP,1.18513,1.18743,1.18259,1.18721,0.00059822,0.000560369,0.002801843
7/5/2021 10:59,UP,1.18726,1.18804,1.18513,1.1878,0.000269442,0.00040006,0.0020003
7/5/2021 14:18,DOWN,1.18778,1.18806,1.18553,1.18561,-0.000556521,0.000364453,0.001822267
7/6/2021 5:36,UP,1.18561,1.18791,1.18558,1.18785,0.000547357,0.000321486,0.001607431
7/6/2021 8:13,DOWN,1.1878,1.18953,1.18612,1.18618,-0.000775298,0.000437282,0.00218641
7/6/2021 12:17,DOWN,1.1862,1.1863,1.18312,1.18372,-0.000574295,0.000411788,0.002058942
7/6/2021 15:16,DOWN,1.18373,1.18466,1.1817,1.18177,-0.0005837,0.000444224,0.002221119
7/7/2021 13:46,DOWN,1.18179,1.18363,1.17999,1.18045,-0.000457348,0.000434893,0.002174464
7/7/2021 18:04,UP,1.18043,1.18209,1.17816,1.18126,0.000779133,0.000416054,0.002080271
7/8/2021 0:22,DOWN,1.18126,1.18199,1.17894,1.1792,-0.000542594,0.000409756,0.002048782
7/8/2021 8:01,UP,1.17917,1.18209,1.17835,1.18177,0.000711051,0.000408347,0.002041736
7/8/2021 11:00,UP,1.18177,1.18419,1.181,1.18419,0.000734949,0.000406447,0.002032234
7/8/2021 14:03,UP,1.18419,1.18647,1.18328,1.18597,2.53E-05,0.000429477,0.002147383
7/9/2021 1:46,DOWN,1.186,1.18682,1.18351,1.18381,-0.000329391,0.000419038,0.002095191
7/9/2021 10:09,UP,1.18385,1.18594,1.1825,1.18572,0.000539902,0.000462207,0.002311035
7/12/2021 10:52,DOWN,1.18573,1.18823,1.1846,1.1846,-0.000624488,0.000519064,0.00259532
7/12/2021 14:30,UP,1.1846,1.18704,1.18362,1.18691,0.000227507,0.000478963,0.002394816
7/13/2021 8:10,DOWN,1.18695,1.18754,1.18411,1.18438,-0.000506466,0.000462211,0.002311056
7/13/2021 13:12,DOWN,1.18439,1.18515,1.17936,1.17971,-0.000559303,0.000837727,0.004188633
7/13/2021 17:56,DOWN,1.17968,1.18331,1.17888,1.17897,-0.000440966,0.00065257,0.003262848
7/14/2021 12:13,UP,1.17896,1.18141,1.17718,1.18096,0.000609859,0.000505548,0.002527738
7/14/2021 19:35,UP,1.18097,1.18371,1.18068,1.18367,0.000490122,0.000439653,0.002198265
7/15/2021 8:44,UP,1.18368,1.18507,1.18211,1.18486,0.000362978,0.000365594,0.001827972
7/15/2021 10:44,DOWN,1.18488,1.18505,1.18262,1.18267,-0.000262084,0.000344009,0.001720047
7/15/2021 16:05,DOWN,1.18267,1.18267,1.18024,1.18037,-0.000575925,0.000367666,0.001838331
7/16/2021 9:51,UP,1.18035,1.18223,1.17963,1.18216,0.000456895,0.000315556,0.00157778
7/16/2021 11:47,DOWN,1.18217,1.18217,1.17973,1.17983,-0.000474532,0.0003795,0.001897501
7/16/2021 17:36,UP,1.17982,1.18187,1.17922,1.18175,0.000431657,0.000374164,0.001870819
7/19/2021 7:07,DOWN,1.18176,1.18181,1.17888,1.1789,-0.000958062,0.000389787,0.001948936
7/19/2021 12:01,DOWN,1.17889,1.17906,1.17653,1.17695,-0.000288841,0.000297334,0.001486669
7/19/2021 13:03,UP,1.17696,1.17887,1.17637,1.17872,0.00016969,0.000357552,0.001787762
7/19/2021 13:35,UP,1.17869,1.18198,1.17838,1.18191,0.000473922,0.000459409,0.002297047
7/19/2021 17:40,DOWN,1.18194,1.18247,1.17935,1.17947,-0.000415355,0.000359326,0.001796631
7/20/2021 6:47,DOWN,1.17945,1.18063,1.17777,1.17816,-8.49E-06,0.000320816,0.001604079
7/20/2021 9:37,UP,1.17814,1.18024,1.17721,1.18013,0.000339003,0.00038212,0.001910602
7/20/2021 11:27,DOWN,1.18012,1.18026,1.17764,1.17771,-0.00051782,0.000355023,0.001775117
7/20/2021 13:33,DOWN,1.17773,1.1793,1.17562,1.17565,-0.00031467,0.000493747,0.002468736
7/21/2021 6:35,DOWN,1.17564,1.17862,1.17556,1.17619,-0.000229528,0.000371539,0.001857695
7/21/2021 8:57,UP,1.17622,1.17823,1.17518,1.17815,0.000636794,0.000410354,0.002051768
7/21/2021 14:28,UP,1.17817,1.17944,1.17597,1.17909,0.000347786,0.000407844,0.002039221
7/22/2021 13:16,UP,1.17907,1.18293,1.17708,1.18286,0.00156523,0.000862312,0.004311561
7/22/2021 15:22,DOWN,1.18282,1.18305,1.17794,1.17838,-0.000322425,0.000718995,0.003594977
7/23/2021 14:15,DOWN,1.17837,1.17866,1.17545,1.17583,-0.000280613,0.000414209,0.002071047
7/26/2021 4:58,UP,1.17582,1.17804,1.17549,1.17796,0.000161309,0.000348602,0.00174301
7/26/2021 13:44,UP,1.17799,1.18115,1.1767,1.18064,0.00024566,0.000541485,0.002707425
7/27/2021 6:37,DOWN,1.18066,1.18174,1.17924,1.17931,-0.000118706,0.000338249,0.001691246
7/27/2021 11:36,UP,1.17931,1.1795,1.177,1.17933,0.00014416,0.000335592,0.001677959
7/27/2021 13:09,UP,1.17931,1.182,1.17928,1.1816,0.000296252,0.000376049,0.001880244
7/27/2021 15:16,UP,1.18161,1.18372,1.18005,1.18339,0.00072699,0.000442042,0.00221021
7/28/2021 1:06,DOWN,1.1834,1.18412,1.18124,1.18174,-0.000236911,0.000369005,0.001845026
7/28/2021 12:37,DOWN,1.18176,1.18304,1.17916,1.17949,-0.000762751,0.000474663,0.002373313
7/28/2021 16:17,UP,1.17951,1.1815,1.17831,1.1814,0.000635042,0.00046652,0.002332599
7/28/2021 18:42,UP,1.18141,1.18369,1.17722,1.18335,0.001860859,0.000794064,0.003970321
7/29/2021 7:11,UP,1.18332,1.18657,1.18243,1.1865,0.000995017,0.000526287,0.002631436
7/29/2021 15:28,UP,1.18652,1.18912,1.1862,1.18885,0,0.000414597,0.002072984
7/30/2021 8:18,UP,1.18887,1.18995,1.18751,1.18975,0.000319446,0.000340663,0.001703313
7/30/2021 13:18,DOWN,1.18976,1.19087,1.1875,1.18793,-0.000151513,0.000398051,0.001990256
7/30/2021 14:55,DOWN,1.18788,1.18866,1.1858,1.18584,-0.000539556,0.000411859,0.002059297
8/2/2021 7:02,UP,1.18581,1.18855,1.18516,1.18848,0.00108601,0.000407795,0.002038975
8/2/2021 17:18,DOWN,1.18848,1.1897,1.18652,1.18691,-6.74E-05,0.000363319,0.001816597
8/3/2021 10:14,UP,1.18692,1.18868,1.18663,1.18852,0.000403945,0.000272147,0.001360734
8/3/2021 13:37,DOWN,1.18855,1.18934,1.18692,1.18705,-0.000656875,0.000296022,0.001480109
8/4/2021 3:31,UP,1.18702,1.18758,1.18535,1.18749,0.000564375,0.00030423,0.001521151
8/4/2021 8:40,DOWN,1.18749,1.188,1.1842,1.1843,-0.001029614,0.000467924,0.002339618
8/4/2021 12:16,UP,1.18431,1.18744,1.1843,1.18736,0.000960574,0.00047862,0.0023931
8/4/2021 14:14,DOWN,1.18733,1.18998,1.18549,1.18578,-0.000539584,0.000607811,0.003039056
8/5/2021 1:15,DOWN,1.18579,1.1861,1.18315,1.18331,-0.000169003,0.000413436,0.002067181
8/6/2021 0:19,DOWN,1.18326,1.18575,1.18281,1.18302,-0.000270458,0.000330354,0.00165177
8/6/2021 10:08,DOWN,1.18301,1.1831,1.18049,1.18089,-0.000186283,0.000351447,0.001757233
8/6/2021 13:00,DOWN,1.18092,1.1813,1.17763,1.17796,-0.000526195,0.000481893,0.002409466
8/6/2021 14:57,DOWN,1.17796,1.17884,1.17549,1.17567,-0.000425199,0.000451202,0.002256009
8/9/2021 6:39,UP,1.1757,1.17685,1.17424,1.17663,0.000306005,0.000337455,0.001687277
8/9/2021 15:07,DOWN,1.17659,1.1769,1.17405,1.17429,-0.000263954,0.000392728,0.001963641
8/10/2021 7:47,DOWN,1.17431,1.17536,1.17269,1.17279,-0.000758586,0.000353832,0.001769161
8/10/2021 13:21,DOWN,1.1728,1.17392,1.17129,1.17185,-9.39E-05,0.000325399,0.001626997
8/11/2021 12:35,UP,1.17183,1.17388,1.1706,1.17371,0.000553953,0.000393846,0.00196923
8/13/2021 9:43,UP,1.17379,1.17538,1.17236,1.17486,0.00060451,0.000329279,0.001646396
8/13/2021 13:21,UP,1.17484,1.17733,1.1746,1.1771,0.000509857,0.000334818,0.001674088
8/13/2021 14:50,UP,1.1771,1.17919,1.17646,1.17896,0.000262978,0.000372782,0.00186391
8/16/2021 6:53,DOWN,1.17897,1.18048,1.17842,1.1785,-0.000415696,0.000295062,0.001475308
8/16/2021 11:57,DOWN,1.1785,1.17929,1.17693,1.17697,-0.000390758,0.000323704,0.00161852
8/16/2021 14:59,UP,1.17699,1.17907,1.17674,1.17884,0.000152704,0.00028511,0.001425551
8/17/2021 1:36,DOWN,1.17883,1.17893,1.17695,1.17721,-0.000178372,0.000247875,0.001239373
8/17/2021 8:13,UP,1.17721,1.17828,1.17601,1.17817,0.000781177,0.000280401,0.001402006
8/17/2021 12:33,DOWN,1.17819,1.17848,1.17534,1.1754,-0.000960913,0.000438549,0.002192745
8/17/2021 14:21,DOWN,1.17542,1.17596,1.17238,1.17276,-0.000460346,0.000401102,0.002005509
8/17/2021 20:39,DOWN,1.17277,1.17301,1.17084,1.17085,-0.000290345,0.000302975,0.001514873
8/18/2021 7:19,UP,1.17084,1.17255,1.17018,1.17244,0.000639896,0.000319403,0.001597017
8/18/2021 15:23,DOWN,1.17244,1.17297,1.17033,1.17034,-0.000452757,0.000355141,0.001775703
8/18/2021 18:05,UP,1.17037,1.17429,1.16938,1.17308,0.001629519,0.000567031,0.002835156
8/19/2021 0:25,DOWN,1.17308,1.17333,1.16888,1.16892,-0.001214059,0.000571407,0.002857035
8/19/2021 8:35,UP,1.16893,1.16974,1.16658,1.16938,0.000598787,0.000374893,0.001874463
8/19/2021 15:01,DOWN,1.1694,1.17044,1.16797,1.16806,-0.000581992,0.000351159,0.001755796
8/20/2021 8:38,DOWN,1.16806,1.16974,1.1671,1.16722,-0.000599536,0.000279708,0.001398542
8/20/2021 15:59,UP,1.16724,1.16893,1.16639,1.1689,0.000804498,0.000342906,0.001714532
8/23/2021 1:57,UP,1.16889,1.17184,1.16889,1.17139,0.0007857,0.000381341,0.001906703
8/23/2021 13:02,UP,1.17139,1.1734,1.17061,1.17321,0.000264267,0.000370027,0.001850136
8/23/2021 18:45,UP,1.17322,1.1748,1.1724,1.17475,0.000289465,0.000357949,0.001789744
8/24/2021 8:53,DOWN,1.17472,1.17503,1.17297,1.17298,-9.38E-05,0.000294158,0.00147079
8/24/2021 12:48,UP,1.173,1.17508,1.17272,1.17484,0.00048529,0.000282967,0.001414835
8/24/2021 14:42,UP,1.17487,1.17626,1.17352,1.17619,0.000714425,0.000378339,0.001891697
8/24/2021 17:51,DOWN,1.17621,1.17654,1.17428,1.17441,-0.000102174,0.000342002,0.00171001
8/25/2021 6:57,DOWN,1.17442,1.17593,1.17327,1.17327,-0.000817891,0.000414705,0.002073527
8/25/2021 12:41,DOWN,1.17326,1.17596,1.1726,1.17296,-0.000375049,0.00036827,0.001841349
8/25/2021 15:49,UP,1.17295,1.17556,1.17275,1.17544,0.000382909,0.000412688,0.002063442
8/26/2021 10:49,UP,1.17546,1.17787,1.17534,1.17753,0.000101913,0.000343108,0.001715539
8/26/2021 13:07,DOWN,1.1775,1.1779,1.17486,1.17499,-0.000553043,0.000390361,0.001951806
8/27/2021 0:54,DOWN,1.17494,1.17676,1.17421,1.17439,-0.000629916,0.000322382,0.001611909
8/27/2021 5:24,UP,1.17437,1.17645,1.17431,1.17632,3.40E-05,0.000322085,0.001610427
8/27/2021 13:12,DOWN,1.17629,1.17715,1.17376,1.17387,-0.000979186,0.000415445,0.002077224
8/27/2021 13:58,UP,1.17387,1.1774,1.17349,1.17711,9.35E-05,0.00057718,0.002885898
8/27/2021 20:02,UP,1.17713,1.18024,1.17426,1.17979,0,0.000449987,0.002249936
8/30/2021 13:01,DOWN,1.17977,1.18099,1.17833,1.17845,-0.000687107,0.000377414,0.001887069
8/31/2021 1:25,UP,1.17843,1.18046,1.17828,1.18037,0.000203347,0.000303442,0.00151721
8/31/2021 5:20,UP,1.18036,1.18247,1.1802,1.18214,0.000253809,0.000303894,0.001519469
8/31/2021 11:11,UP,1.18214,1.18407,1.182,1.18401,0.000498431,0.000271521,0.001357605
8/31/2021 13:14,DOWN,1.18403,1.18451,1.18188,1.18209,-0.000177636,0.000372062,0.00186031
8/31/2021 14:58,DOWN,1.1821,1.1833,1.17993,1.18013,-0.00101632,0.000454925,0.002274626
9/1/2021 9:35,UP,1.1802,1.18187,1.17937,1.18187,0.000448542,0.000394446,0.001972232
9/1/2021 13:10,UP,1.18186,1.18415,1.18125,1.18378,2.53E-05,0.000350611,0.001753056
9/2/2021 3:51,DOWN,1.18378,1.18573,1.1833,1.18373,-0.000185836,0.000309241,0.001546205
9/2/2021 9:47,UP,1.18375,1.18534,1.18342,1.18534,0.000582281,0.000296487,0.001482436
9/2/2021 13:51,UP,1.1853,1.18625,1.18364,1.18593,0.000337345,0.000301203,0.001506015
9/2/2021 18:11,UP,1.18589,1.18732,1.18502,1.18732,0.000328525,0.000301101,0.001505506
9/6/2021 2:46,DOWN,1.1873,1.19094,1.18655,1.18735,-0.000252632,0.000422679,0.002113393
9/7/2021 0:16,UP,1.18738,1.18782,1.18557,1.1878,0.000572651,0.000281524,0.001407619
9/7/2021 6:37,DOWN,1.18779,1.18852,1.18629,1.18654,-0.000530815,0.000271597,0.001357983
9/7/2021 12:59,DOWN,1.18657,1.18825,1.18496,1.18513,-0.000624209,0.00037641,0.001882049
9/8/2021 5:57,DOWN,1.18517,1.18606,1.18352,1.18355,-0.000447705,0.000298049,0.001490244
9/8/2021 8:34,DOWN,1.18356,1.1845,1.18178,1.18192,-0.000169202,0.000314403,0.001572014
9/8/2021 13:48,DOWN,1.18189,1.18296,1.18089,1.18095,-0.000270932,0.000288597,0.001442985
9/8/2021 16:09,UP,1.18095,1.18218,1.18021,1.18218,0.000380725,0.000311925,0.001559624
9/9/2021 5:08,DOWN,1.18218,1.183,1.18113,1.18129,8.47E-06,0.000276659,0.001383294
9/9/2021 8:31,UP,1.18129,1.18304,1.18118,1.18297,0.000135262,0.000269812,0.00134906
9/9/2021 12:50,DOWN,1.18294,1.18414,1.18082,1.18163,-0.000169243,0.000362911,0.001814556
9/9/2021 17:01,UP,1.1816,1.18351,1.18052,1.1832,-2.54E-05,0.000419014,0.002095069
9/10/2021 7:32,UP,1.18318,1.18403,1.18187,1.18394,0.000202734,0.000309339,0.001546693
9/10/2021 10:32,DOWN,1.18392,1.18512,1.18306,1.18309,-0.000422533,0.000299253,0.001496264
9/10/2021 16:07,DOWN,1.18311,1.18423,1.18156,1.18174,-0.000329967,0.000326133,0.001630665
9/13/2021 2:11,DOWN,1.18171,1.18233,1.18022,1.18045,-8.47E-05,0.000241704,0.001208518
9/13/2021 5:28,DOWN,1.18046,1.18069,1.17882,1.17882,-0.000398624,0.000288659,0.001443294
9/13/2021 11:02,DOWN,1.17883,1.17955,1.17739,1.17744,-0.000271739,0.000302017,0.001510083
9/13/2021 13:29,UP,1.17745,1.17957,1.17701,1.17935,0.000525852,0.000307748,0.001538741
9/13/2021 15:35,UP,1.17937,1.18172,1.17912,1.18167,0.000567155,0.000378896,0.001894482
9/14/2021 4:35,UP,1.18165,1.18191,1.18014,1.18174,0.000245431,0.000255788,0.001278939
9/14/2021 7:22,UP,1.18172,1.18293,1.18065,1.18286,0.000625798,0.000301686,0.001508428
9/14/2021 10:22,DOWN,1.18286,1.18301,1.18061,1.18086,-0.000474118,0.000326344,0.001631719
9/14/2021 12:36,UP,1.18088,1.18413,1.18001,1.18382,0.000506962,0.000528792,0.002643958
9/14/2021 14:27,DOWN,1.18386,1.18459,1.18156,1.18183,-0.000448357,0.000422973,0.002114864
9/14/2021 19:37,DOWN,1.18182,1.18278,1.18002,1.18017,-0.000381228,0.000354753,0.001773764
9/15/2021 8:01,UP,1.18016,1.18186,1.17992,1.18175,0.000135402,0.000283493,0.001417467
9/15/2021 13:07,DOWN,1.18173,1.18319,1.18074,1.18127,8.47E-06,0.000310204,0.001551021
9/16/2021 2:57,UP,1.18124,1.18227,1.18033,1.18193,0.000228466,0.000221994,0.001109969
9/16/2021 6:19,DOWN,1.18195,1.18199,1.18015,1.18037,-0.000237186,0.000248947,0.001244734
9/16/2021 7:57,DOWN,1.18035,1.18072,1.17779,1.17827,-0.00016124,0.000353014,0.00176507
9/16/2021 10:44,DOWN,1.17831,1.17856,1.17621,1.17627,-0.000195514,0.000338287,0.001691434
9/16/2021 13:00,DOWN,1.17629,1.17743,1.1752,1.17534,-0.000170149,0.000305185,0.001525927
9/17/2021 4:57,UP,1.17535,1.17736,1.17503,1.17721,0.000178404,0.000325418,0.001627088
9/17/2021 13:25,DOWN,1.17719,1.17891,1.17607,1.17609,-0.00057802,0.000323079,0.001615396
9/17/2021 14:52,DOWN,1.17609,1.17636,1.1737,1.17372,-0.000672847,0.000370147,0.001850733
9/20/2021 2:19,DOWN,1.17371,1.17427,1.17147,1.17148,-0.000520573,0.000342382,0.001711911
9/20/2021 14:09,UP,1.17149,1.17232,1.17002,1.17217,0.000392512,0.000259019,0.001295097
9/20/2021 15:26,UP,1.17216,1.17369,1.17128,1.17353,0.000127828,0.000323575,0.001617874
9/21/2021 11:51,UP,1.17352,1.17459,1.17184,1.17446,0.000689917,0.000352801,0.001764004
9/21/2021 14:08,DOWN,1.17445,1.17487,1.17233,1.17235,-0.000511662,0.000302571,0.001512856
9/22/2021 7:32,UP,1.17236,1.17361,1.17149,1.17358,0.000332372,0.000299664,0.001498319
9/22/2021 18:00,DOWN,1.17361,1.1745,1.17048,1.17147,-0.000827677,0.000393063,0.001965317
9/22/2021 18:09,UP,1.17158,1.17535,1.17158,1.17476,0.000323523,0.000552348,0.00276174
9/22/2021 18:50,DOWN,1.17475,1.17558,1.1696,1.16968,-0.000982692,0.000776975,0.003884875
9/23/2021 7:06,UP,1.16972,1.1721,1.16835,1.17204,0.000366949,0.000475962,0.002379808
9/23/2021 13:43,UP,1.17202,1.17342,1.17059,1.17321,0.000127863,0.000349079,0.001745396
9/24/2021 10:07,DOWN,1.17323,1.17502,1.17305,1.1732,-0.000221592,0.000269845,0.001349227
9/24/2021 11:41,DOWN,1.17319,1.17375,1.17153,1.17153,-0.000597331,0.000351543,0.001757714
9/27/2021 1:53,UP,1.17155,1.17288,1.17007,1.17243,0.000136478,0.000315974,0.001579872
9/27/2021 7:59,DOWN,1.17242,1.17253,1.16943,1.16946,-0.000555658,0.000423278,0.002116389
9/27/2021 18:39,UP,1.16949,1.17107,1.16846,1.17047,-1.71E-05,0.000269737,0.001348684
9/28/2021 1:22,DOWN,1.17047,1.17053,1.16855,1.16864,-0.000128346,0.000301397,0.001506984
9/28/2021 6:55,DOWN,1.16861,1.17035,1.16753,1.16777,-0.000505109,0.000382137,0.001910684
9/28/2021 15:05,DOWN,1.16778,1.17013,1.16682,1.16708,-0.000325546,0.000349818,0.00174909
9/29/2021 7:06,DOWN,1.16709,1.16903,1.16672,1.16673,-0.000856729,0.000333582,0.001667911
9/29/2021 11:18,DOWN,1.16672,1.16729,1.16401,1.16413,-0.001493563,0.00049826,0.002491298
9/29/2021 14:11,DOWN,1.16415,1.16588,1.16289,1.16291,-0.000747844,0.000441495,0.002207475
9/29/2021 16:52,DOWN,1.16289,1.1629,1.16007,1.16015,-0.000413654,0.000399435,0.001997175
9/30/2021 10:31,DOWN,1.16013,1.16098,1.15783,1.15783,-0.001053141,0.000417553,0.002087767
9/30/2021 16:14,DOWN,1.15784,1.15983,1.15647,1.1566,-0.000976525,0.000502196,0.002510981
10/1/2021 6:59,UP,1.15658,1.15891,1.15625,1.15876,0.000552467,0.000388108,0.00194054
10/1/2021 11:36,UP,1.15879,1.15989,1.15728,1.15983,0.000517451,0.000379558,0.001897788
10/4/2021 9:02,UP,1.15983,1.16161,1.15837,1.16161,0.000499432,0.000403522,0.002017612
10/4/2021 12:01,UP,1.16162,1.16338,1.16079,1.16334,0.000498689,0.000406284,0.002031422
10/5/2021 0:02,DOWN,1.16335,1.16402,1.1615,1.16171,-8.61E-05,0.000360037,0.001800183
10/5/2021 5:50,DOWN,1.1617,1.16202,1.159,1.15913,-0.000474381,0.000363596,0.001817982
10/5/2021 15:33,UP,1.15913,1.16132,1.15805,1.16092,0.000155061,0.000395285,0.001976426
10/6/2021 2:05,DOWN,1.16095,1.16124,1.15879,1.15895,-0.000163928,0.000306903,0.001534515
10/6/2021 7:10,DOWN,1.15895,1.15948,1.15721,1.15724,-0.00057016,0.000327688,0.001638439
10/6/2021 9:03,DOWN,1.15727,1.15767,1.15506,1.1551,-5.19E-05,0.000413909,0.002069545
10/6/2021 14:53,UP,1.15511,1.15556,1.15291,1.15527,0.000216423,0.000363654,0.00181827
10/6/2021 20:16,UP,1.1553,1.15594,1.15323,1.15573,8.65E-06,0.000409472,0.002047361
10/7/2021 11:36,UP,1.1557,1.15713,1.15489,1.157,0.00026797,0.000315554,0.001577769
10/8/2021 3:46,DOWN,1.15698,1.15722,1.15477,1.15502,-0.000216423,0.000329109,0.001645543
10/8/2021 9:51,UP,1.15506,1.1568,1.15414,1.1568,0.000709103,0.000367867,0.001839334
10/8/2021 12:39,UP,1.15678,1.15864,1.15558,1.15822,0.000561364,0.000400997,0.002004983
10/11/2021 6:41,UP,1.15822,1.15852,1.15556,1.15834,0.000319474,0.000330246,0.00165123
10/11/2021 9:16,DOWN,1.15834,1.15868,1.15566,1.1558,-0.001037703,0.000388949,0.001944743
10/11/2021 13:53,UP,1.15578,1.15801,1.15523,1.1576,0.000207347,0.000370107,0.001850533
10/11/2021 17:46,DOWN,1.15757,1.15838,1.15596,1.15603,-0.000190288,0.000356924,0.001784621
10/12/2021 6:42,UP,1.15605,1.1568,1.15472,1.15677,0.000259376,0.000284334,0.00142167
10/12/2021 12:28,DOWN,1.15677,1.15704,1.1544,1.15447,-0.000978325,0.000387408,0.001937041
10/12/2021 17:37,DOWN,1.15448,1.15502,1.15241,1.15254,-0.000199539,0.000393281,0.001966405
10/13/2021 2:00,UP,1.15253,1.15523,1.15244,1.15509,0.000502251,0.000368114,0.001840571
10/13/2021 12:40,DOWN,1.1551,1.15669,1.15362,1.1538,-0.000606507,0.000420637,0.002103183
10/13/2021 14:03,UP,1.15381,1.15707,1.15364,1.15641,4.32E-05,0.0004433,0.002216502
10/13/2021 17:41,UP,1.15639,1.15933,1.1557,1.15901,0.000474656,0.000471335,0.002356674
10/14/2021 7:15,UP,1.15907,1.16089,1.15808,1.16088,0.00069799,0.000422071,0.002110354
10/14/2021 13:44,DOWN,1.16089,1.16245,1.15918,1.15938,-0.000388063,0.000418448,0.00209224
10/15/2021 3:23,UP,1.15935,1.16121,1.1584,1.161,0.000422139,0.000384755,0.001923777
10/15/2021 12:33,DOWN,1.16099,1.16188,1.15888,1.15918,-0.000439869,0.000364677,0.001823383
10/18/2021 3:24,DOWN,1.15917,1.16103,1.1583,1.1586,-0.000483225,0.000340475,0.001702376
10/18/2021 12:00,UP,1.15862,1.15979,1.15717,1.15944,7.76E-05,0.000325438,0.001627192
10/18/2021 16:39,UP,1.15943,1.16216,1.15924,1.16216,0.000843613,0.000448363,0.002241814
10/19/2021 1:48,UP,1.16214,1.16352,1.16083,1.16341,0.000498659,0.000393268,0.001966341
10/19/2021 6:33,UP,1.16341,1.16573,1.16304,1.16567,0.000600693,0.000413234,0.002066168
10/19/2021 13:22,DOWN,1.16564,1.16695,1.16437,1.16458,-0.00025757,0.000331038,0.001655188
10/19/2021 23:31,DOWN,1.16461,1.16587,1.16296,1.16317,-0.000309451,0.000404568,0.002022842
10/20/2021 7:30,DOWN,1.16319,1.16523,1.16241,1.16247,-0.000558998,0.000408648,0.002043242
10/20/2021 13:37,UP,1.16249,1.16449,1.16168,1.16447,0.000481021,0.000385295,0.001926477
10/21/2021 1:45,UP,1.16449,1.16633,1.16393,1.16622,0.00047172,0.000311058,0.00155529
10/21/2021 7:02,DOWN,1.1662,1.16674,1.16424,1.16429,-0.000867105,0.000364824,0.001824119
10/21/2021 18:14,DOWN,1.16428,1.16518,1.1625,1.16273,-0.000412736,0.00032122,0.001606101
10/22/2021 7:22,UP,1.16271,1.16426,1.16195,1.16403,0.000309318,0.000257465,0.001287327
10/22/2021 14:34,UP,1.16406,1.16513,1.16246,1.16468,0.000197499,0.000294645,0.001473226
10/25/2021 3:20,UP,1.1647,1.16613,1.16219,1.16607,0.001055382,0.000449602,0.002248008
10/25/2021 9:22,DOWN,1.16606,1.16652,1.16327,1.16333,-0.001331495,0.000519642,0.002598212
10/25/2021 12:29,DOWN,1.16332,1.16339,1.16016,1.16034,-5.17E-05,0.000501064,0.002505319
10/26/2021 9:49,UP,1.16034,1.1618,1.15907,1.16177,0.000473528,0.000366816,0.001834082
10/26/2021 14:41,DOWN,1.16179,1.16259,1.16008,1.16016,-0.000275786,0.000371249,0.001856247
10/27/2021 7:05,UP,1.16017,1.1611,1.15849,1.16093,0.000499724,0.000338336,0.001691679
10/27/2021 9:29,DOWN,1.16095,1.16133,1.15884,1.15892,-0.000388217,0.000334373,0.001671866
10/27/2021 12:10,UP,1.1589,1.16145,1.15849,1.16137,0.000697695,0.00037709,0.00188545
10/27/2021 15:22,DOWN,1.16142,1.16262,1.15906,1.15918,-0.000810589,0.000478761,0.002393803
10/28/2021 8:53,DOWN,1.15918,1.16163,1.1583,1.15853,-0.000724794,0.000456196,0.002280981
10/28/2021 11:48,UP,1.15855,1.16179,1.15823,1.16151,0.000792386,0.000439901,0.002199507
10/28/2021 12:47,UP,1.16151,1.16362,1.15823,1.16349,0.001686007,0.000798621,0.003993105
10/28/2021 14:05,UP,1.16348,1.16622,1.16161,1.16619,0.000343056,0.000713307,0.003566534
10/29/2021 6:43,DOWN,1.16619,1.16922,1.16619,1.16627,-0.000462907,0.000418927,0.002094637
10/29/2021 9:10,DOWN,1.16629,1.16759,1.16471,1.16483,-0.000145933,0.000406504,0.002032521
10/29/2021 12:44,DOWN,1.16482,1.16568,1.16331,1.1634,-0.000455458,0.000329537,0.001647687
10/29/2021 14:16,DOWN,1.1634,1.16359,1.16029,1.16035,-0.000379124,0.000459585,0.002297924
10/29/2021 15:13,DOWN,1.16034,1.16038,1.15648,1.15712,-0.00019875,0.000525705,0.002628525
10/29/2021 16:24,DOWN,1.15709,1.15722,1.15383,1.15417,-0.000199258,0.000483198,0.002415992
10/31/2021 22:28,UP,1.15419,1.15679,1.15351,1.15608,-2.59E-05,0.000440308,0.00220154
11/1/2021 12:23,UP,1.1561,1.15781,1.15459,1.15772,0.000267804,0.000442547,0.002212734
11/1/2021 15:42,UP,1.15771,1.15922,1.15654,1.15919,0.000474582,0.000404361,0.002021804
11/2/2021 6:02,UP,1.1592,1.16093,1.15858,1.16053,0.000103406,0.000259635,0.001298174
11/2/2021 9:02,DOWN,1.16058,1.16136,1.1586,1.15879,-0.000690137,0.000375914,0.001879572
11/2/2021 14:18,DOWN,1.1588,1.16079,1.15821,1.15842,-9.50E-05,0.000327808,0.001639041
11/3/2021 7:00,DOWN,1.15843,1.15995,1.15749,1.15807,-0.000172686,0.00028112,0.001405602
11/3/2021 13:25,DOWN,1.15807,1.15981,1.15686,1.15688,-0.000665362,0.000365988,0.001829939
11/3/2021 17:01,UP,1.15687,1.15861,1.15623,1.15837,0.000215844,0.000320079,0.001600394
11/3/2021 19:44,UP,1.15838,1.16167,1.15719,1.16151,0.001266395,0.000586373,0.002931864
11/4/2021 6:17,DOWN,1.16149,1.1617,1.15809,1.1582,-0.000371197,0.000504089,0.002520445
11/4/2021 9:12,DOWN,1.15821,1.15861,1.1549,1.15513,-8.66E-05,0.00050265,0.002513249
11/4/2021 13:14,UP,1.15512,1.15732,1.15425,1.15687,0.00044959,0.000415407,0.002077035
11/4/2021 14:42,DOWN,1.15686,1.15712,1.15444,1.15444,-0.000355087,0.000375772,0.001878861
11/4/2021 18:19,UP,1.15448,1.15534,1.15283,1.15532,0.000380919,0.000370055,0.001850277
11/5/2021 9:34,DOWN,1.15533,1.15632,1.15393,1.15418,-0.000199256,0.000315901,0.001579503
11/5/2021 15:35,UP,1.15424,1.15484,1.15133,1.15473,0.000788374,0.000488806,0.002444029
11/8/2021 12:41,UP,1.15475,1.158,1.15456,1.15797,0.000630612,0.000472155,0.002360775
11/9/2021 4:10,UP,1.15796,1.1595,1.15641,1.1592,0.000578152,0.000390091,0.001950453
11/9/2021 11:47,DOWN,1.15922,1.16066,1.15802,1.15847,-0.000388368,0.000325068,0.001625339
11/9/2021 14:00,UP,1.15846,1.15966,1.15699,1.15964,0.001000811,0.000414645,0.002073224
11/9/2021 15:47,DOWN,1.1597,1.1609,1.15755,1.15777,-0.000518103,0.000442632,0.002213161
11/9/2021 21:00,UP,1.15778,1.15987,1.15712,1.15967,0.000181102,0.00036821,0.001841052
11/10/2021 6:30,DOWN,1.15968,1.15975,1.15769,1.15785,-8.64E-05,0.000296852,0.001484259
11/10/2021 11:53,DOWN,1.15785,1.15823,1.15457,1.15501,-0.000363567,0.000450559,0.002252795
11/10/2021 14:35,UP,1.15504,1.15744,1.15333,1.15738,0.001132508,0.000622741,0.003113704
11/10/2021 15:23,DOWN,1.15741,1.15742,1.15362,1.15368,-0.000675869,0.000624722,0.003123611
11/10/2021 18:09,DOWN,1.15363,1.1538,1.14818,1.14886,-0.001504708,0.000706024,0.003530119
11/11/2021 7:49,DOWN,1.14889,1.15001,1.14646,1.14669,-0.000862982,0.000519256,0.002596279
11/11/2021 19:40,DOWN,1.14669,1.14772,1.14456,1.14467,-0.000366851,0.000472805,0.002364023
11/15/2021 2:07,UP,1.14461,1.14641,1.1433,1.14579,0.000357896,0.000405674,0.002028372
11/15/2021 15:12,DOWN,1.14576,1.14632,1.14311,1.14394,-5.24E-05,0.000389257,0.001946287
11/15/2021 17:18,DOWN,1.14391,1.14452,1.14059,1.14075,-0.001016358,0.000457489,0.002287443
11/15/2021 20:39,DOWN,1.14072,1.14108,1.13618,1.1365,-0.001283821,0.000637986,0.003189928
11/16/2021 10:20,DOWN,1.13652,1.13859,1.13563,1.13592,-0.000290471,0.000442193,0.002210967
11/16/2021 14:11,DOWN,1.13593,1.1375,1.13317,1.13361,-0.000881749,0.000639455,0.003197273
11/16/2021 17:33,DOWN,1.13361,1.13558,1.13195,1.13214,-0.000556314,0.000532955,0.002664777
11/17/2021 3:41,DOWN,1.13214,1.13345,1.12751,1.12757,-0.003408606,0.00097166,0.004858298
11/17/2021 10:26,UP,1.12758,1.1321,1.12634,1.13156,0.000654178,0.000682892,0.003414459
11/18/2021 1:46,UP,1.13155,1.13324,1.12932,1.13254,0.000494586,0.000427758,0.002138789
11/18/2021 11:21,UP,1.13254,1.13458,1.13137,1.13434,0.000582005,0.000428487,0.002142437
11/18/2021 17:03,UP,1.13432,1.13647,1.13269,1.13641,0.000880351,0.000516484,0.002582418
11/19/2021 8:00,DOWN,1.13642,1.13743,1.13438,1.1345,-0.001092396,0.000443563,0.002217814
11/19/2021 9:26,DOWN,1.13451,1.13453,1.131,1.13103,-0.000848424,0.000501569,0.002507846
11/19/2021 12:55,DOWN,1.13104,1.13134,1.12682,1.12686,-0.001480897,0.000668974,0.003344869
11/19/2021 14:17,UP,1.12688,1.13158,1.12498,1.13032,0.00055752,0.000655132,0.003275661
11/19/2021 20:03,DOWN,1.13035,1.13222,1.12855,1.12874,-0.000150599,0.00053882,0.002694101
11/22/2021 14:04,DOWN,1.12878,1.12934,1.12588,1.12647,-0.000443766,0.000446646,0.00223323
11/22/2021 19:27,DOWN,1.12649,1.12666,1.1236,1.12376,-3.56E-05,0.000478966,0.00239483
11/23/2021 7:33,UP,1.12376,1.12645,1.12259,1.12592,0.000799666,0.00048721,0.002436049
11/23/2021 12:00,DOWN,1.12593,1.12751,1.12392,1.12436,-0.000302349,0.000437684,0.002188422
11/23/2021 16:16,UP,1.12434,1.1266,1.12343,1.12642,0.000124295,0.000404375,0.002021876
11/23/2021 22:36,DOWN,1.1264,1.12716,1.1246,1.12476,-0.000337793,0.000362094,0.001810472
11/24/2021 9:01,DOWN,1.12476,1.12553,1.12199,1.12223,-0.001371327,0.000440056,0.002200282
11/24/2021 13:14,DOWN,1.12219,1.12359,1.12005,1.12039,-9.82E-05,0.000501955,0.002509774
11/25/2021 3:30,UP,1.1204,1.12184,1.11862,1.12167,0.00056182,0.000450553,0.002252764
11/26/2021 6:08,UP,1.12168,1.12301,1.12047,1.12262,0.000249448,0.000294357,0.001471784
11/26/2021 8:23,UP,1.1226,1.12665,1.12208,1.12654,0.002061527,0.000627823,0.003139115
11/26/2021 11:03,UP,1.12653,1.129,1.12421,1.12882,0.000593716,0.000680106,0.003400532
11/26/2021 15:43,UP,1.12875,1.13098,1.12739,1.13095,0.000866904,0.000520937,0.002604687
11/28/2021 23:23,DOWN,1.13092,1.13331,1.12804,1.12835,-0.001293088,0.000665843,0.003329217
11/29/2021 8:04,DOWN,1.12838,1.12972,1.12601,1.12618,-0.00072786,0.000509703,0.002548516
11/29/2021 10:31,UP,1.12619,1.12911,1.12609,1.12897,0.000327786,0.000432729,0.002163643
11/29/2021 13:59,DOWN,1.12895,1.1295,1.1263,1.1263,-0.001525959,0.00052252,0.002612599
11/29/2021 21:52,UP,1.1263,1.12919,1.12584,1.12914,0.000965803,0.000482167,0.002410835
11/30/2021 6:40,UP,1.12911,1.13209,1.12834,1.13203,0.001007548,0.000501648,0.002508239
11/30/2021 8:49,UP,1.13203,1.13507,1.13121,1.13456,0.000440797,0.000471855,0.002359273
11/30/2021 14:43,UP,1.13456,1.13747,1.13412,1.13722,0.000360593,0.00045039,0.002251949
11/30/2021 15:41,DOWN,1.13722,1.1383,1.13244,1.13329,-0.000679207,0.000701897,0.003509485
11/30/2021 15:57,DOWN,1.1333,1.1336,1.12643,1.12653,-0.000301766,0.00110851,0.00554255
11/30/2021 17:41,UP,1.12642,1.13097,1.12354,1.1306,0.000884878,0.000884182,0.00442091
12/1/2021 7:00,UP,1.13061,1.13454,1.13048,1.13373,0.000132315,0.000521797,0.002608987
12/1/2021 8:45,DOWN,1.13372,1.13599,1.13041,1.13087,-0.000662986,0.00075455,0.003772749
12/1/2021 14:27,UP,1.13084,1.13463,1.13025,1.13433,0.000626116,0.000579305,0.002896524
12/1/2021 16:52,DOWN,1.1343,1.13581,1.13193,1.13197,-0.000565226,0.0005333,0.002666498
12/2/2021 11:36,UP,1.13199,1.13393,1.13071,1.13388,8.82E-06,0.000457049,0.002285247
12/2/2021 15:47,DOWN,1.13392,1.13478,1.13194,1.13212,-0.0002208,0.000438394,0.002191971
12/3/2021 3:55,DOWN,1.1321,1.13243,1.12906,1.12932,-0.000203642,0.000473428,0.002367139
12/3/2021 11:11,UP,1.12931,1.13146,1.12816,1.13135,0.0005747,0.000445545,0.002227723
12/3/2021 15:36,DOWN,1.13138,1.13341,1.12666,1.12726,-0.000345912,0.000690156,0.003450781
12/3/2021 17:26,UP,1.12727,1.1311,1.12684,1.13058,0.000212303,0.000586841,0.002934207
12/6/2021 0:45,DOWN,1.13058,1.13274,1.12945,1.12955,-0.000531044,0.000523952,0.002619761
12/6/2021 10:30,UP,1.12958,1.13103,1.12746,1.13086,0.000566101,0.000398822,0.001994108
12/6/2021 15:31,DOWN,1.13085,1.13087,1.12833,1.1286,-0.000221489,0.000367224,0.001836121
12/7/2021 6:27,UP,1.12863,1.12952,1.12664,1.12949,0.000495922,0.000384097,0.001920483
12/7/2021 9:17,DOWN,1.12952,1.12987,1.12534,1.1263,-0.0002752,0.000553079,0.002765396
12/7/2021 13:24,DOWN,1.12631,1.12786,1.12489,1.12496,-0.000586515,0.000483457,0.002417286
12/7/2021 20:27,UP,1.12498,1.12652,1.12273,1.12642,0.000657164,0.000508765,0.002543825
12/8/2021 3:18,UP,1.12642,1.12939,1.1261,1.12931,0.000478282,0.000487193,0.002435967
12/8/2021 14:02,UP,1.12932,1.13179,1.12665,1.13138,0.000804651,0.0005965,0.002982502
12/8/2021 16:06,UP,1.13139,1.13365,1.13001,1.13364,0.000441154,0.000554749,0.002773745
12/9/2021 7:30,DOWN,1.13367,1.1355,1.13221,1.13277,-8.83E-06,0.00039171,0.001958549
12/9/2021 14:45,DOWN,1.13273,1.13277,1.13049,1.13052,-0.000565951,0.000370977,0.001854885
12/9/2021 16:24,DOWN,1.13053,1.1308,1.12787,1.12839,-7.09E-05,0.000364654,0.001823269
12/10/2021 5:57,UP,1.12836,1.13031,1.12784,1.13002,0.000185855,0.000325567,0.001627834
12/10/2021 10:11,DOWN,1.13005,1.13013,1.12801,1.12805,-0.000195008,0.000348457,0.001742285
12/10/2021 16:26,UP,1.12802,1.1315,1.12652,1.13139,0.000583523,0.000779578,0.003897891
12/13/2021 8:40,DOWN,1.1314,1.13242,1.12808,1.12812,-0.000770897,0.000602501,0.003012503
12/13/2021 17:05,UP,1.12811,1.12985,1.12601,1.12981,0.00034525,0.000605867,0.003029337
12/14/2021 3:44,DOWN,1.12983,1.13073,1.12737,1.12764,-0.000221677,0.000443855,0.002219273
12/14/2021 9:43,UP,1.12764,1.12987,1.12663,1.12952,0.000460479,0.000487449,0.002437243
12/14/2021 15:19,DOWN,1.12952,1.13239,1.12947,1.12955,-0.00032751,0.000423296,0.002116482
12/14/2021 18:19,DOWN,1.12954,1.12959,1.1265,1.12692,-0.000416979,0.000426967,0.002134833
12/15/2021 19:01,DOWN,1.12694,1.12774,1.12258,1.12258,-0.002802107,0.000834136,0.00417068
12/15/2021 20:06,UP,1.12267,1.12757,1.12216,1.12752,0.000576653,0.000872763,0.004363816
12/16/2021 8:53,UP,1.12754,1.13153,1.12732,1.13152,0.000804552,0.000589886,0.002949429
12/16/2021 13:16,UP,1.13154,1.1344,1.12904,1.13384,0.000670513,0.000695871,0.003479354
12/16/2021 15:34,DOWN,1.13386,1.13605,1.12986,1.13071,-0.001104889,0.00065286,0.003264298
12/17/2021 4:58,UP,1.13078,1.134,1.12984,1.13349,0.000644236,0.000492805,0.002464023
12/17/2021 13:58,DOWN,1.13349,1.13491,1.13071,1.13071,-0.000981203,0.000589631,0.002948157
12/17/2021 16:00,DOWN,1.1307,1.1316,1.12722,1.12723,-0.000975368,0.000636685,0.003183423
12/17/2021 21:11,DOWN,1.12721,1.12794,1.12359,1.12408,-0.000586975,0.000548545,0.002742723
12/20/2021 8:35,UP,1.12408,1.12636,1.12348,1.12636,0.000461771,0.000426896,0.002134478
12/20/2021 13:41,UP,1.12638,1.1289,1.12495,1.12866,0.001099252,0.000438903,0.002194517
12/20/2021 20:15,DOWN,1.12865,1.13039,1.12729,1.12732,-0.000913254,0.000447442,0.002237209
12/21/2021 9:01,UP,1.1273,1.1303,1.12719,1.13007,0.000230101,0.000459174,0.002295871
12/21/2021 14:49,DOWN,1.13009,1.13014,1.12722,1.12738,-0.000239465,0.000466409,0.002332043
12/22/2021 1:38,UP,1.12737,1.12929,1.12608,1.1292,0.000682131,0.000512483,0.002562416
12/22/2021 10:40,UP,1.12924,1.13001,1.12644,1.12978,0.000531218,0.000524618,0.002623092
12/22/2021 15:54,UP,1.12976,1.13243,1.12918,1.13228,0.000512372,0.000507422,0.002537108
12/23/2021 12:38,DOWN,1.13228,1.13424,1.1303,1.13082,-0.000309462,0.000517936,0.002589682
12/23/2021 17:27,UP,1.13084,1.13305,1.12901,1.13297,0.000821188,0.000587017,0.002935087
12/24/2021 16:23,DOWN,1.13298,1.13437,1.13058,1.13111,-0.000654011,0.000463729,0.002318644
12/28/2021 5:58,UP,1.13101,1.13353,1.12986,1.13285,0.000264854,0.000430178,0.002150889
12/28/2021 14:29,DOWN,1.13284,1.13334,1.13105,1.13111,-0.00063634,0.000364542,0.001822709
12/29/2021 8:22,DOWN,1.13107,1.1321,1.1285,1.1285,-0.001062793,0.000513807,0.002569034
12/29/2021 13:19,UP,1.12852,1.13108,1.12737,1.13104,0.001061534,0.000544331,0.002721654
12/29/2021 14:53,UP,1.13103,1.13493,1.13074,1.13466,0.000916994,0.000594643,0.002973216
12/30/2021 4:32,DOWN,1.13466,1.13689,1.13332,1.13337,-0.001022973,0.000479358,0.002396789
12/30/2021 8:55,DOWN,1.13337,1.13342,1.13038,1.13042,-0.000424531,0.000458827,0.002294137
12/30/2021 12:31,UP,1.13044,1.13295,1.12998,1.13292,0.000538577,0.000432951,0.002164756
12/30/2021 14:04,DOWN,1.13296,1.13445,1.12985,1.13011,-0.000521937,0.000633552,0.003167759
12/31/2021 13:59,UP,1.13012,1.13536,1.12994,1.13535,0.001533743,0.000737548,0.003687742
12/31/2021 17:32,UP,1.13533,1.13861,1.13381,1.13838,0.000430529,0.000765312,0.003826559
1/3/2022 3:38,DOWN,1.13838,1.13866,1.13412,1.13429,-0.000537637,0.000622462,0.003112308
1/3/2022 14:24,DOWN,1.1343,1.13663,1.1327,1.13302,-0.000864571,0.000596182,0.002980908
1/3/2022 15:57,DOWN,1.13309,1.1331,1.12907,1.12914,-0.000425012,0.000607819,0.003039095
1/4/2022 0:23,UP,1.12912,1.13069,1.12796,1.13069,0.000707783,0.000430383,0.002151913
1/4/2022 12:04,DOWN,1.13064,1.13096,1.1275,1.12799,-0.000425445,0.000482878,0.002414392
1/4/2022 15:22,UP,1.12798,1.13039,1.12722,1.13036,0.000955905,0.000470277,0.002351384
1/4/2022 18:53,DOWN,1.13038,1.13226,1.1283,1.12833,-0.000806177,0.000550199,0.002750996
1/5/2022 8:07,UP,1.12833,1.13044,1.1277,1.13037,0.000530941,0.000430083,0.002150413
1/5/2022 13:50,UP,1.13038,1.13288,1.12968,1.13287,0.000918444,0.00046531,0.002326548
1/5/2022 19:13,DOWN,1.13284,1.13464,1.1308,1.13085,-0.001078253,0.000607741,0.003038707
1/6/2022 7:03,DOWN,1.13083,1.13222,1.12928,1.12932,-0.000902791,0.000477207,0.002386035
1/6/2022 10:18,UP,1.12929,1.1322,1.12847,1.1322,0.001113497,0.000538144,0.002690722
1/6/2022 16:00,DOWN,1.13212,1.1332,1.12928,1.1295,-0.000327525,0.000636994,0.003184972
1/7/2022 8:45,UP,1.12946,1.13121,1.12862,1.1311,0.000291794,0.000408422,0.002042111
1/7/2022 13:14,DOWN,1.13109,1.13192,1.12947,1.12974,-5.31E-05,0.000342628,0.00171314
1/7/2022 14:26,UP,1.12975,1.13248,1.12922,1.13228,0.000150151,0.000419423,0.002097117
1/7/2022 15:21,UP,1.1323,1.13481,1.13188,1.13477,0.000678782,0.000421736,0.00210868
1/7/2022 19:54,UP,1.13475,1.13649,1.13348,1.13612,6.16E-05,0.000385525,0.001927626
1/10/2022 3:56,DOWN,1.13614,1.13642,1.13338,1.13364,-0.000229323,0.000423161,0.002115803
1/10/2022 12:44,DOWN,1.13361,1.13447,1.1314,1.13145,-0.000662647,0.000426044,0.002130218
1/10/2022 13:57,DOWN,1.13145,1.13243,1.12949,1.12968,-0.000460201,0.000435816,0.00217908
1/10/2022 15:41,UP,1.12969,1.1319,1.12851,1.13187,0.000760093,0.000418553,0.002092765
1/11/2022 1:28,UP,1.13188,1.13415,1.13131,1.13409,0.000696836,0.000338472,0.001692362
1/11/2022 10:32,DOWN,1.13406,1.1352,1.13263,1.13284,-0.000600081,0.000373575,0.001867873
1/11/2022 14:44,DOWN,1.13285,1.13437,1.13207,1.13214,-0.000556314,0.000337166,0.00168583
1/11/2022 16:04,UP,1.13214,1.13492,1.1313,1.13481,0.000696394,0.000403817,0.002019083
1/12/2022 0:50,UP,1.13486,1.13752,1.13479,1.13723,0.000483748,0.000374468,0.00187234
1/12/2022 13:32,UP,1.13726,1.13787,1.13547,1.13787,0.000580199,0.000341562,0.001707809
1/12/2022 13:55,UP,1.13789,1.14155,1.13732,1.14098,0.000920685,0.000539572,0.002697862
1/12/2022 16:06,UP,1.14097,1.14269,1.13944,1.1426,0.000534013,0.000477389,0.002386946
1/12/2022 19:41,UP,1.14259,1.14493,1.14188,1.14482,0.000436845,0.000431633,0.002158165
1/13/2022 7:57,UP,1.14483,1.14665,1.14359,1.14646,6.98E-05,0.000417149,0.002085745
1/13/2022 15:53,DOWN,1.14649,1.14817,1.14472,1.14525,-0.000209539,0.000405339,0.002026697
1/14/2022 4:34,UP,1.14524,1.14762,1.1449,1.14734,0,0.00035655,0.001782748
1/14/2022 11:04,DOWN,1.14736,1.1483,1.14541,1.14558,-0.000226934,0.000381084,0.001905418
1/14/2022 15:04,DOWN,1.14557,1.14594,1.14244,1.14258,-0.001294476,0.000525862,0.00262931
1/14/2022 17:35,DOWN,1.14259,1.14385,1.1403,1.14048,-0.000359433,0.000459579,0.002297894
1/17/2022 7:32,UP,1.14048,1.14276,1.13985,1.1426,0.000700403,0.000404445,0.002022226
1/17/2022 12:25,DOWN,1.14261,1.14345,1.14061,1.14091,-0.000543278,0.000387706,0.001938531
1/18/2022 1:40,UP,1.14093,1.14208,1.13919,1.14177,7.01E-05,0.000428677,0.002143385
1/18/2022 8:47,DOWN,1.14177,1.14214,1.1385,1.13908,-0.000491504,0.000429368,0.002146839
1/18/2022 13:12,DOWN,1.13909,1.14012,1.1372,1.1373,-0.000694386,0.000361293,0.001806463
1/18/2022 15:44,DOWN,1.13729,1.13805,1.13499,1.13531,-0.000140921,0.00038349,0.001917448
1/18/2022 17:19,DOWN,1.1353,1.13544,1.13264,1.1331,-0.000141196,0.000381301,0.001906507
1/19/2022 7:37,UP,1.13311,1.13409,1.13147,1.13391,7.94E-05,0.000322453,0.001612266
1/19/2022 20:12,UP,1.13389,1.13573,1.13289,1.13516,0.000123338,0.000324545,0.001622727
1/20/2022 10:25,DOWN,1.13517,1.13691,1.13402,1.13439,-0.000519968,0.000377307,0.001886537
1/20/2022 15:22,DOWN,1.13437,1.13579,1.13285,1.13314,-0.000961466,0.000427748,0.002138741
1/20/2022 18:26,DOWN,1.13314,1.13534,1.1321,1.13211,-0.00059164,0.000495184,0.002475921
1/21/2022 3:02,UP,1.1321,1.13353,1.13009,1.13296,0.000706364,0.000454175,0.002270873
1/21/2022 13:16,UP,1.13298,1.13505,1.13225,1.13502,0.000705082,0.000399662,0.001998308
1/23/2022 23:33,DOWN,1.13503,1.13598,1.13366,1.13405,-0.000396729,0.00028047,0.001402351
1/24/2022 5:59,DOWN,1.13407,1.13424,1.13217,1.13217,-0.000485675,0.000296534,0.001482668
1/24/2022 11:42,DOWN,1.13219,1.13365,1.131,1.13119,-0.000194467,0.000339773,0.001698865
1/24/2022 14:43,DOWN,1.13121,1.13123,1.12905,1.12932,-8.85E-05,0.000319904,0.001599522
1/24/2022 15:36,UP,1.12931,1.13182,1.12913,1.13182,0.00087508,0.000419304,0.002096521
1/24/2022 18:28,UP,1.13185,1.1334,1.13045,1.13323,4.41E-05,0.000406828,0.002034142
1/25/2022 3:24,DOWN,1.13317,1.13352,1.13089,1.13117,-0.000229824,0.000329526,0.001647629
1/25/2022 10:32,DOWN,1.13116,1.13167,1.12812,1.12829,-0.00051392,0.000512576,0.00256288
1/25/2022 18:06,UP,1.12827,1.12906,1.12632,1.12894,0.000363238,0.000387145,0.001935723
1/26/2022 9:33,DOWN,1.12893,1.13109,1.12838,1.12847,-0.000372116,0.000335403,0.001677013
1/26/2022 19:01,UP,1.12849,1.13008,1.12717,1.12958,0.000168218,0.000332456,0.00166228
1/26/2022 19:43,DOWN,1.1296,1.12996,1.1255,1.12556,-0.001553574,0.000642663,0.003213316
1/27/2022 1:24,DOWN,1.12553,1.12672,1.12304,1.12307,-0.000284893,0.000448696,0.00224348
1/27/2022 7:52,DOWN,1.12304,1.12335,1.12049,1.12063,-0.000704712,0.000398645,0.001993224
1/27/2022 11:40,DOWN,1.12064,1.12071,1.11626,1.11657,-0.001843236,0.000597207,0.002986037
1/27/2022 15:40,DOWN,1.11656,1.1169,1.11314,1.11339,-0.000745193,0.000565164,0.002825818
1/28/2022 7:26,DOWN,1.11337,1.11619,1.1126,1.11282,-0.000880258,0.000522046,0.002610231
1/28/2022 13:41,UP,1.11285,1.11622,1.11214,1.11616,0.001129508,0.000586226,0.002931131
1/31/2022 8:17,UP,1.11618,1.11761,1.11382,1.11748,0.000984842,0.000461626,0.002308131
1/31/2022 12:21,DOWN,1.11747,1.11826,1.11478,1.11492,-0.000977171,0.000483826,0.00241913
1/31/2022 13:46,UP,1.11493,1.11869,1.11463,1.11865,0.000599116,0.000593363,0.002966816
1/31/2022 18:11,UP,1.11867,1.1227,1.11828,1.12249,0.000811026,0.000567081,0.002835403
2/1/2022 7:56,UP,1.12248,1.12678,1.12209,1.12654,0.001785818,0.000642995,0.003214977
2/1/2022 15:43,DOWN,1.12656,1.12788,1.12465,1.12484,-0.00081756,0.000494467,0.002472333
2/1/2022 21:28,UP,1.12486,1.1272,1.12345,1.1272,0.00028393,0.000532663,0.002663314
2/2/2022 10:45,UP,1.12721,1.13143,1.12666,1.131,0.000681045,0.000645822,0.003229108
2/2/2022 15:17,DOWN,1.131,1.13305,1.12957,1.12959,-0.000787586,0.000508576,0.002542879
2/3/2022 7:31,DOWN,1.12959,1.13144,1.1288,1.12887,-0.000593338,0.000429927,0.002149633
2/3/2022 13:44,UP,1.12885,1.13412,1.12674,1.13385,0.002746636,0.000936346,0.004681728
2/3/2022 14:40,UP,1.1338,1.13979,1.13337,1.13924,0.000324831,0.000909883,0.004549417
2/3/2022 16:29,UP,1.13924,1.14441,1.13852,1.14434,0.001530436,0.000858559,0.004292793
2/4/2022 4:58,UP,1.14434,1.1472,1.14197,1.14663,0.000270394,0.000660138,0.003300692
2/4/2022 13:36,DOWN,1.14662,1.1484,1.14287,1.14387,-0.00073408,0.000669346,0.00334673
2/4/2022 15:19,DOWN,1.14384,1.14581,1.14116,1.14158,-0.000560469,0.000648712,0.003243561
2/4/2022 17:04,UP,1.14156,1.14565,1.1414,1.14562,0.000410342,0.000649711,0.003248553
2/7/2022 2:39,DOWN,1.14565,1.14664,1.14277,1.14277,-0.000813481,0.000531892,0.002659461
2/7/2022 9:38,DOWN,1.14279,1.14494,1.1415,1.14172,-0.000394065,0.000494864,0.002474322
2/7/2022 12:53,UP,1.14169,1.14589,1.1416,1.14585,0.001126436,0.000562843,0.002814216
2/7/2022 14:19,DOWN,1.14586,1.14587,1.14243,1.14243,-0.00037632,0.00056489,0.002824451
2/8/2022 6:05,DOWN,1.14245,1.14511,1.14137,1.14152,-0.000516721,0.000561031,0.002805155
2/8/2022 11:16,UP,1.1415,1.1431,1.13962,1.14292,3.50E-05,0.000522959,0.002614795
2/9/2022 10:37,UP,1.14291,1.14362,1.14005,1.1434,0.000437388,0.000481265,0.002406327
2/10/2022 1:13,DOWN,1.14339,1.14479,1.14131,1.14178,-0.000236445,0.000423545,0.002117726
2/10/2022 9:39,UP,1.14179,1.14464,1.1417,1.14419,7.87E-05,0.000407075,0.002035375
2/10/2022 13:34,DOWN,1.14421,1.14461,1.139,1.13926,-0.002944942,0.000836277,0.004181385
2/10/2022 15:18,UP,1.13928,1.145,1.13748,1.14433,0.000874256,0.000967596,0.004837981
2/10/2022 20:38,DOWN,1.14435,1.14951,1.14337,1.1444,-0.000759935,0.000773183,0.003865915
2/11/2022 0:25,DOWN,1.14438,1.14438,1.13877,1.13886,-0.001666945,0.00091062,0.0045531
2/11/2022 13:15,UP,1.13887,1.14172,1.13699,1.14149,0.000666018,0.000612806,0.003064029
2/11/2022 18:40,DOWN,1.14149,1.14181,1.13574,1.13574,-0.002760902,0.000866577,0.004332886
2/14/2022 8:11,DOWN,1.13573,1.13693,1.13288,1.13307,-0.000741074,0.000544419,0.002722097
2/14/2022 11:25,DOWN,1.13306,1.1343,1.13006,1.1304,-0.000548328,0.000601264,0.003006322
2/14/2022 15:17,DOWN,1.13038,1.13426,1.13009,1.13025,-0.00114069,0.000605875,0.003029375
2/15/2022 2:54,UP,1.13027,1.13226,1.128,1.13203,0.000830712,0.000540829,0.002704144
2/15/2022 9:00,UP,1.13201,1.13492,1.13093,1.1346,7.93E-05,0.0006291,0.003145501
2/15/2022 14:58,DOWN,1.13457,1.13601,1.13221,1.13234,-0.000970968,0.000534609,0.002673043
2/15/2022 16:03,UP,1.13237,1.13588,1.13203,1.13577,0.000519606,0.000545699,0.002728493
2/16/2022 7:51,UP,1.13578,1.13788,1.13449,1.13743,0.000721183,0.000477603,0.002388015
2/16/2022 13:57,DOWN,1.13744,1.13954,1.13547,1.13609,-0.000958971,0.000458358,0.002291788
2/16/2022 19:07,UP,1.1361,1.139,1.13532,1.139,0.000913499,0.000507019,0.002535093
2/17/2022 4:03,DOWN,1.13901,1.13962,1.13263,1.13349,-0.000476291,0.00094349,0.004717452
2/17/2022 8:07,UP,1.13353,1.13843,1.13232,1.13789,0.000668126,0.00074545,0.00372725
2/18/2022 6:59,UP,1.13792,1.13862,1.13429,1.13709,0.000439816,0.000449273,0.002246363
2/18/2022 14:10,DOWN,1.13707,1.13769,1.13392,1.13403,-0.00099595,0.00045975,0.00229875
2/18/2022 17:32,DOWN,1.13402,1.13541,1.13141,1.13177,-0.000618309,0.000509841,0.002549206
2/21/2022 1:48,UP,1.13178,1.13567,1.1313,1.13559,0.001771573,0.000624865,0.003124326
2/21/2022 11:40,DOWN,1.1356,1.1391,1.13457,1.13496,-0.000554932,0.000498338,0.002491688
2/21/2022 20:35,DOWN,1.13495,1.13517,1.13065,1.13077,-0.000212222,0.000704657,0.003523286
2/22/2022 9:06,UP,1.13076,1.13302,1.1288,1.13269,0.000123607,0.000590722,0.00295361
2/22/2022 10:54,UP,1.13267,1.13671,1.13146,1.13565,0.000916195,0.000643968,0.00321984
2/22/2022 18:55,DOWN,1.13566,1.13595,1.13249,1.13263,-0.000573721,0.00051457,0.002572852
2/23/2022 10:07,UP,1.13264,1.13591,1.1316,1.13556,0.000933896,0.000570392,0.00285196
2/23/2022 15:15,DOWN,1.13555,1.13584,1.13263,1.13275,-0.000758926,0.000465211,0.002326054
2/23/2022 20:35,DOWN,1.13273,1.13312,1.13038,1.13057,-0.000176886,0.00039025,0.001951252
2/24/2022 2:57,DOWN,1.13059,1.13143,1.1265,1.12669,-0.001543155,0.000591555,0.002957773
2/24/2022 4:09,DOWN,1.1267,1.1279,1.12345,1.12369,-0.000222457,0.00060583,0.003029151
2/24/2022 8:13,UP,1.12371,1.12623,1.12084,1.12573,0.000924272,0.000794955,0.003974777
2/24/2022 10:00,DOWN,1.12575,1.12595,1.12071,1.12073,-0.001346429,0.000752491,0.003762454
2/24/2022 11:18,DOWN,1.12076,1.12125,1.11633,1.11649,-0.000761025,0.000695902,0.003479512
2/24/2022 15:08,DOWN,1.11648,1.11853,1.1143,1.11438,-0.000556208,0.000635466,0.003177329
2/24/2022 17:31,UP,1.1144,1.11736,1.11065,1.11701,0.00228549,0.000884273,0.004421366
2/25/2022 2:31,UP,1.117,1.12213,1.11599,1.12083,0.000348017,0.000840962,0.004204811
2/25/2022 8:29,DOWN,1.12078,1.12289,1.11763,1.11792,-0.000178888,0.000781384,0.00390692
2/25/2022 12:25,UP,1.11791,1.12187,1.1166,1.12093,0.00070502,0.000687846,0.003439231
2/25/2022 15:56,UP,1.1209,1.12512,1.12028,1.12487,0.000506854,0.000699813,0.003499064
2/28/2022 2:15,DOWN,1.12489,1.12744,1.11356,1.11625,-0.00119078,0.001814195,0.009070977
2/28/2022 10:57,UP,1.11625,1.12192,1.11422,1.12189,0.00292792,0.001193075,0.005965374
3/1/2022 6:19,DOWN,1.1219,1.12465,1.1179,1.11959,-0.00041078,0.000700159,0.003500795
3/1/2022 10:13,DOWN,1.11959,1.12331,1.11789,1.11802,-0.001403283,0.000735785,0.003678926
3/1/2022 15:07,DOWN,1.11803,1.11868,1.11361,1.11407,-0.000968949,0.000674244,0.00337122
3/1/2022 17:05,DOWN,1.11411,1.11471,1.10992,1.11033,-0.00019812,0.000699572,0.00349786
3/2/2022 7:07,DOWN,1.11032,1.11384,1.10896,1.11,-0.000207186,0.000623973,0.003119864
3/2/2022 9:27,DOWN,1.10996,1.11126,1.1059,1.1062,-0.000406715,0.000764863,0.003824313
3/2/2022 12:31,UP,1.10617,1.11133,1.10604,1.11086,0.000261093,0.000769814,0.003849068
3/2/2022 15:45,DOWN,1.11088,1.11196,1.10612,1.10642,-0.000442772,0.000763595,0.003817976
3/2/2022 16:35,UP,1.10645,1.11438,1.10574,1.11212,0.002710212,0.000994972,0.004974861
3/3/2022 8:15,DOWN,1.11214,1.11346,1.10788,1.10935,-0.000378528,0.000653404,0.00326702
3/3/2022 15:57,DOWN,1.10932,1.11003,1.10576,1.10618,-0.000198863,0.000572726,0.00286363
3/4/2022 0:46,DOWN,1.10621,1.10681,1.10108,1.10162,-0.001070576,0.000826919,0.004134596
3/4/2022 10:10,DOWN,1.10161,1.10521,1.10011,1.1006,-0.001234927,0.000697794,0.003488969
3/4/2022 12:23,DOWN,1.10061,1.102,1.09631,1.09633,-0.001431026,0.0007565,0.003782499
3/4/2022 13:48,DOWN,1.09632,1.0968,1.09003,1.09044,-0.001109029,0.000963203,0.004816016
3/4/2022 19:08,UP,1.09041,1.09349,1.08852,1.09317,0.000549013,0.000627631,0.003138154
3/7/2022 0:53,DOWN,1.09317,1.09426,1.08636,1.08736,-0.000331022,0.001016651,0.005083253
3/7/2022 5:22,UP,1.08737,1.08876,1.08215,1.0884,0.000615772,0.000933015,0.004665074
3/7/2022 10:17,DOWN,1.08841,1.08981,1.08326,1.08361,-0.001576815,0.000817364,0.004086819
3/7/2022 12:04,UP,1.08361,1.08772,1.08059,1.08755,0.002301391,0.001026926,0.005134631
3/7/2022 14:31,UP,1.08753,1.09328,1.08596,1.09217,0.000439589,0.001058157,0.005290785
3/7/2022 16:20,DOWN,1.09218,1.09231,1.0858,1.08591,-0.001389573,0.000956901,0.004784503
3/8/2022 8:28,UP,1.0859,1.0922,1.08456,1.09162,0.00043981,0.001133622,0.005668111
3/8/2022 17:32,UP,1.09167,1.09397,1.08654,1.09382,0.002324837,0.001154396,0.005771978
3/8/2022 20:33,DOWN,1.0938,1.09586,1.09002,1.09043,-3.67E-05,0.000861952,0.004309762
3/9/2022 8:20,UP,1.09045,1.09379,1.08901,1.09357,0.001354282,0.000745424,0.003727122
3/9/2022 10:32,UP,1.09358,1.09929,1.09322,1.09877,0.000682814,0.000914827,0.004574136
3/9/2022 14:09,UP,1.09877,1.105,1.09416,1.10336,0.002540928,0.001070433,0.005352165
3/9/2022 16:34,UP,1.1033,1.10882,1.10113,1.10849,0.001218615,0.001058063,0.005290316
3/10/2022 8:10,DOWN,1.10851,1.10952,1.10416,1.10444,-0.001818273,0.000827378,0.004136889
3/10/2022 12:51,UP,1.10445,1.11124,1.10255,1.10938,0.003168945,0.001026153,0.005130764
3/10/2022 14:29,DOWN,1.1094,1.11214,1.10282,1.10292,-0.001431536,0.00114929,0.005746449
3/10/2022 20:55,DOWN,1.10291,1.10312,1.09801,1.09831,-0.00043694,0.000835194,0.00417597
3/11/2022 8:39,DOWN,1.09829,1.10191,1.09656,1.09672,-0.000829403,0.000822212,0.004111061
3/11/2022 11:46,UP,1.09675,1.10439,1.09602,1.10305,0.001832965,0.001151642,0.005758211
3/11/2022 15:04,DOWN,1.10306,1.1038,1.0967,1.09689,-0.001475813,0.001123589,0.005617945
3/11/2022 18:13,DOWN,1.09683,1.09754,1.09127,1.09132,-0.000806038,0.000940476,0.004702378
3/14/2022 8:28,UP,1.09132,1.09448,1.09007,1.09442,0.000210179,0.000697396,0.003486982
3/14/2022 13:58,DOWN,1.09441,1.09897,1.09349,1.09405,-0.000255897,0.00061755,0.003087752
3/14/2022 15:39,UP,1.09406,1.09793,1.09395,1.0977,0.000674364,0.000634826,0.003174132
3/14/2022 20:00,DOWN,1.09768,1.0994,1.09457,1.09467,-0.001332847,0.000734827,0.003674134
3/15/2022 3:30,UP,1.09464,1.09806,1.09294,1.09753,0.00030072,0.000694336,0.003471681
3/15/2022 15:30,DOWN,1.09751,1.10199,1.09665,1.09719,-0.000510265,0.000722108,0.003610541
3/15/2022 18:22,DOWN,1.09716,1.09857,1.09291,1.09304,-0.000722494,0.00076148,0.003807398
3/16/2022 2:10,UP,1.09306,1.09743,1.0926,1.09703,0.00100321,0.000718648,0.003593242
3/16/2022 10:35,UP,1.09702,1.10149,1.09557,1.10033,4.54E-05,0.000745068,0.003725339
3/16/2022 18:05,DOWN,1.10034,1.10403,1.09573,1.09595,-0.002669912,0.001101827,0.005509134
3/16/2022 19:32,UP,1.09593,1.10278,1.09498,1.10185,9.98E-05,0.001027604,0.005138018
3/17/2022 13:40,UP,1.10184,1.10672,1.10077,1.10663,0.001302095,0.000835823,0.004179114
3/17/2022 16:30,UP,1.10662,1.11155,1.10562,1.11136,0.00058504,0.000811836,0.004059181
3/18/2022 2:10,DOWN,1.11134,1.11377,1.10854,1.10854,-0.000577169,0.000873948,0.004369742
3/18/2022 10:23,DOWN,1.10852,1.10945,1.10523,1.10543,-0.00037987,0.000693379,0.003466895
3/18/2022 13:22,DOWN,1.10544,1.10565,1.10043,1.10069,-0.001225752,0.000781764,0.003908819
3/18/2022 16:11,UP,1.10068,1.10597,1.10031,1.10594,0.000732677,0.000805818,0.004029088
3/21/2022 16:37,DOWN,1.10591,1.10723,1.10256,1.10289,-0.000942533,0.000580312,0.00290156
3/22/2022 0:26,DOWN,1.10294,1.10498,1.10058,1.10073,-0.000681134,0.000650238,0.00325119
3/22/2022 9:12,UP,1.10072,1.10146,1.09609,1.10111,0.000754069,0.000748692,0.003743459
3/22/2022 14:02,UP,1.10112,1.10461,1.09871,1.10399,0.001114762,0.000800948,0.004004741
3/23/2022 9:43,DOWN,1.10397,1.10439,1.09931,1.09959,-0.001463111,0.000654176,0.003270882
3/23/2022 18:28,UP,1.09959,1.10096,1.0964,1.10094,0.000327047,0.000784736,0.003923678
3/24/2022 8:10,DOWN,1.10092,1.10141,1.09725,1.09727,-0.000555771,0.000571707,0.002858535
3/24/2022 23:49,UP,1.09726,1.10136,1.09659,1.1006,0.000318059,0.000598879,0.002994394
3/25/2022 9:16,DOWN,1.10063,1.1038,1.10007,1.10026,-0.00086306,0.000538833,0.002694166
3/25/2022 16:43,DOWN,1.10022,1.10246,1.09819,1.09831,-0.000473343,0.000584593,0.002922965
3/28/2022 1:28,DOWN,1.09834,1.09968,1.09569,1.09577,-0.001249481,0.000604065,0.003020323
3/28/2022 8:50,UP,1.09577,1.09993,1.09447,1.09913,0.002158579,0.000764879,0.003824393
3/28/2022 13:14,DOWN,1.09915,1.09987,1.09465,1.09481,-0.000630048,0.000745025,0.003725125
3/28/2022 16:22,UP,1.09477,1.09885,1.09473,1.09874,0.001129203,0.00071143,0.003557151
3/29/2022 7:26,UP,1.09875,1.10128,1.09688,1.10109,0.000735905,0.000589626,0.00294813
3/29/2022 9:51,UP,1.10105,1.10461,1.09751,1.10384,0.000960745,0.000882989,0.004414945
3/29/2022 12:33,UP,1.10389,1.11169,1.10318,1.11048,0.000567483,0.001139133,0.005695665
3/29/2022 17:02,DOWN,1.1105,1.11373,1.10779,1.1079,-0.000974342,0.000934474,0.004672372
3/30/2022 3:21,UP,1.1079,1.11209,1.10716,1.11176,0.000638831,0.000643516,0.003217578
3/30/2022 9:05,UP,1.11174,1.11569,1.11056,1.11495,0.000188367,0.000689921,0.003449604
3/30/2022 14:32,UP,1.11494,1.11659,1.11118,1.1164,0.000779594,0.000727379,0.003636896
3/31/2022 8:14,DOWN,1.11638,1.1185,1.11331,1.11383,-0.00088843,0.000644781,0.003223906
3/31/2022 10:38,DOWN,1.11381,1.11396,1.10927,1.1096,-0.000846793,0.000635154,0.003175771
3/31/2022 19:41,DOWN,1.1096,1.11328,1.10636,1.10675,-0.000361353,0.000855677,0.004278386
4/1/2022 14:24,DOWN,1.10677,1.10765,1.10341,1.10341,-0.001023574,0.000660609,0.003303047
4/4/2022 8:02,DOWN,1.10344,1.10546,1.10246,1.10269,-0.000543976,0.000458809,0.002294044
4/4/2022 10:53,DOWN,1.10267,1.10387,1.10008,1.10051,-0.000472397,0.000534917,0.002674583
4/4/2022 17:23,DOWN,1.1005,1.1009,1.09669,1.09713,-0.000410077,0.000607193,0.003035964
4/5/2022 14:21,DOWN,1.09714,1.09887,1.09371,1.09383,-0.002136987,0.000764491,0.003822457
4/5/2022 18:56,DOWN,1.09387,1.09457,1.09029,1.09086,-0.000320796,0.000598156,0.002990781
4/6/2022 6:13,DOWN,1.09088,1.09088,1.08746,1.0877,-0.00078116,0.000534132,0.00267066
4/6/2022 8:37,UP,1.08768,1.09169,1.08752,1.0912,0.001201234,0.000623595,0.003117975
4/6/2022 13:02,UP,1.09123,1.09381,1.08993,1.09364,0.000274351,0.000578772,0.002893861
4/6/2022 18:00,DOWN,1.09365,1.09375,1.08985,1.09017,-0.000201783,0.000586804,0.002934021
4/7/2022 1:08,UP,1.09011,1.09291,1.08788,1.09121,0.000568338,0.000509705,0.002548527
4/7/2022 8:11,DOWN,1.09119,1.09343,1.08911,1.08921,-0.000495649,0.000533588,0.002667938
4/7/2022 11:42,UP,1.08918,1.0921,1.08648,1.0919,0.002062754,0.000826677,0.004133384
4/7/2022 16:18,DOWN,1.09193,1.09387,1.08835,1.08851,-0.001166052,0.000771955,0.003859777
4/8/2022 7:20,DOWN,1.08854,1.08923,1.08481,1.08526,-0.000331663,0.000603888,0.003019442
4/8/2022 13:27,DOWN,1.08526,1.0892,1.08389,1.08431,-0.001004743,0.000730361,0.003651807
4/8/2022 15:19,UP,1.08436,1.08818,1.08363,1.08793,0.000248209,0.000737433,0.003687164
4/11/2022 8:05,UP,1.08794,1.09182,1.08649,1.09069,0.000220068,0.000706986,0.00353493
4/11/2022 13:40,DOWN,1.0907,1.09334,1.08792,1.0881,-0.001148132,0.000785267,0.003926337
4/12/2022 6:28,DOWN,1.08808,1.08996,1.08603,1.08635,-0.000230102,0.0005814,0.002906999
4/12/2022 13:06,UP,1.08634,1.09038,1.08504,1.0895,0.000137687,0.000692386,0.003461932
4/12/2022 15:40,DOWN,1.08947,1.09034,1.08535,1.08579,-0.000395947,0.000649843,0.003249215
4/12/2022 18:28,DOWN,1.0858,1.08652,1.08213,1.08261,-0.000258601,0.000631876,0.003159382
4/13/2022 13:33,DOWN,1.08264,1.0848,1.08088,1.08091,-0.000656638,0.000602093,0.003010463
4/13/2022 15:11,UP,1.08092,1.08562,1.08089,1.08504,0.000276526,0.000728,0.003640002
4/13/2022 19:33,UP,1.08501,1.08943,1.0848,1.08871,0.000174534,0.000636765,0.003183826
4/14/2022 5:30,UP,1.08869,1.09182,1.08794,1.09157,0.00062315,0.000548446,0.002742228
4/14/2022 12:53,DOWN,1.09161,1.09235,1.0855,1.08583,-0.001426462,0.000955961,0.004779803
4/14/2022 13:44,DOWN,1.08579,1.08593,1.07849,1.07889,-0.00304479,0.00123614,0.006180701
4/14/2022 19:01,UP,1.07885,1.08332,1.07574,1.08332,0.000969713,0.001039165,0.005195825
4/17/2022 22:27,DOWN,1.08333,1.08351,1.07962,1.08089,-0.000175766,0.000445141,0.002225706
4/18/2022 4:35,DOWN,1.08086,1.08218,1.07895,1.07898,-0.000342858,0.000476261,0.002381307
4/18/2022 16:17,DOWN,1.07897,1.08147,1.07713,1.07738,-0.001335683,0.000528599,0.002642997
4/19/2022 7:53,UP,1.07737,1.07978,1.07611,1.07963,0.000639312,0.000480782,0.002403909
4/20/2022 3:44,UP,1.07965,1.08223,1.07818,1.08213,0.000702565,0.000567724,0.002838618
4/20/2022 9:29,UP,1.08215,1.08433,1.08057,1.08403,7.38E-05,0.000615898,0.003079492
4/21/2022 2:05,DOWN,1.08406,1.08672,1.08206,1.08323,-0.000692134,0.00057219,0.002860949
4/21/2022 6:32,UP,1.0832,1.08788,1.08236,1.08765,0.00231961,0.000768149,0.003840746
4/21/2022 7:56,UP,1.08767,1.09364,1.0874,1.09271,0.000109825,0.000881106,0.004405528
4/21/2022 11:36,DOWN,1.09276,1.09325,1.08769,1.08835,-0.000376646,0.000755384,0.003776921
4/21/2022 14:56,DOWN,1.08833,1.08962,1.08412,1.08428,-0.002257015,0.000871814,0.004359071
4/22/2022 7:04,DOWN,1.08429,1.08598,1.08161,1.08228,-0.000738907,0.000582039,0.002910195
4/22/2022 13:12,UP,1.08232,1.08452,1.07903,1.08334,0.001200713,0.000550875,0.002754374
4/22/2022 14:30,DOWN,1.08337,1.08348,1.07985,1.07986,-0.000444403,0.00060693,0.003034652
4/24/2022 21:22,UP,1.07984,1.08163,1.07708,1.08137,0.001471439,0.000630221,0.003151106
4/25/2022 2:37,DOWN,1.08142,1.08169,1.07797,1.07801,-0.000352439,0.000591398,0.002956989
4/25/2022 6:17,DOWN,1.07803,1.07886,1.07325,1.07412,-0.00245481,0.000779047,0.003895235
4/25/2022 11:57,UP,1.07409,1.07545,1.07067,1.07502,0.000772377,0.000713485,0.003567424
4/25/2022 14:02,DOWN,1.07502,1.07586,1.07154,1.07225,-0.000195831,0.000568161,0.002840806
4/26/2022 1:01,UP,1.07222,1.07315,1.06967,1.07303,0.000475403,0.000494801,0.002474003
4/26/2022 6:59,DOWN,1.07303,1.07389,1.07005,1.0704,-0.000607065,0.000502788,0.002513938
4/26/2022 8:03,DOWN,1.07044,1.07114,1.06755,1.06787,-0.000664654,0.000560313,0.002801566
4/26/2022 14:46,DOWN,1.06787,1.06974,1.06419,1.06552,-0.000956821,0.000603943,0.003019713
4/27/2022 1:16,DOWN,1.06558,1.06651,1.06348,1.06408,4.70E-05,0.000417442,0.002087211
4/27/2022 7:22,DOWN,1.06406,1.06549,1.06032,1.06035,-0.002147925,0.000854273,0.004271365
4/27/2022 12:29,DOWN,1.06031,1.06251,1.05715,1.05734,-0.001077596,0.00079939,0.003996948
4/27/2022 14:31,DOWN,1.05734,1.05743,1.05254,1.05273,-0.001158221,0.000761278,0.00380639
4/27/2022 16:41,UP,1.05273,1.05662,1.05145,1.05621,0.000520865,0.000720232,0.003601159
4/28/2022 0:55,DOWN,1.0562,1.05724,1.05391,1.05394,-0.000749288,0.000575985,0.002879926
4/28/2022 4:10,DOWN,1.05393,1.05535,1.05089,1.0514,-0.000494456,0.000631744,0.003158721
4/28/2022 7:31,UP,1.0514,1.05452,1.0481,1.05446,0.000853882,0.000926137,0.004630685
4/28/2022 10:38,DOWN,1.05446,1.05649,1.05023,1.05042,-0.001046652,0.000895968,0.004479838
4/29/2022 5:27,UP,1.05042,1.0534,1.04713,1.05314,0.000864456,0.000789925,0.003949626
4/29/2022 7:42,UP,1.05312,1.0579,1.05289,1.05782,0.001759881,0.000847169,0.004235843
4/29/2022 12:19,DOWN,1.05778,1.05932,1.05293,1.05331,-0.001271372,0.000908116,0.004540581
4/29/2022 17:14,UP,1.05329,1.05669,1.05096,1.05668,0.001837626,0.000830682,0.004153411
5/2/2022 1:01,DOWN,1.0567,1.05789,1.05266,1.05299,-0.000484218,0.000765495,0.003827474
5/2/2022 11:07,DOWN,1.05302,1.05686,1.051,1.0519,-0.000522727,0.000784056,0.00392028
5/2/2022 18:17,DOWN,1.05191,1.05419,1.04902,1.04917,-0.000314485,0.000770769,0.003853845
5/3/2022 12:04,UP,1.0492,1.05526,1.04913,1.05478,0.000749252,0.000908578,0.004542892
5/3/2022 16:17,DOWN,1.05483,1.05778,1.05131,1.0515,-0.001662906,0.000858416,0.00429208
5/4/2022 12:40,UP,1.05152,1.05483,1.05061,1.05468,0.001337793,0.000596263,0.002981317
5/4/2022 18:51,UP,1.05469,1.06142,1.05106,1.06113,0.003067473,0.001453126,0.007265632
5/5/2022 11:17,DOWN,1.0612,1.06422,1.05797,1.05872,-0.000538241,0.000794853,0.003974263
5/5/2022 14:17,DOWN,1.05875,1.05875,1.05414,1.05423,-0.000265561,0.000813459,0.004067295
5/5/2022 15:27,DOWN,1.05427,1.05549,1.0505,1.05064,-0.000704085,0.000800357,0.004001785
5/5/2022 19:38,UP,1.05062,1.05485,1.04926,1.05456,0.000701961,0.000836608,0.004183038
5/6/2022 6:16,DOWN,1.05451,1.05511,1.0515,1.05161,-0.000570391,0.000612444,0.003062219
5/6/2022 8:08,UP,1.05158,1.05554,1.04826,1.05499,0.002343999,0.001098755,0.005493777
5/6/2022 15:29,UP,1.05495,1.0599,1.0532,1.05922,0.001029589,0.000911432,0.004557159
5/6/2022 18:35,DOWN,1.0592,1.05931,1.05457,1.05481,-0.000928646,0.000774239,0.003871197
5/9/2022 2:20,DOWN,1.05478,1.05566,1.05137,1.05155,-0.000893519,0.000697591,0.003487954
5/9/2022 11:36,UP,1.05152,1.055,1.04951,1.05423,0.000379496,0.000730521,0.003652606
5/9/2022 14:07,DOWN,1.0542,1.05735,1.05282,1.05296,-0.000427275,0.00070519,0.00352595
5/9/2022 16:13,UP,1.05299,1.0578,1.05171,1.05758,0.001788698,0.000831587,0.004157935
5/10/2022 9:56,DOWN,1.0576,1.05926,1.05373,1.05397,-0.001630595,0.000773275,0.003866373
5/10/2022 15:04,DOWN,1.05396,1.0575,1.05273,1.05316,-0.000579042,0.000726368,0.003631841
5/11/2022 7:11,UP,1.05311,1.05561,1.05253,1.05547,0.001194494,0.000519509,0.002597546
5/11/2022 12:31,DOWN,1.0555,1.05759,1.05104,1.05116,-0.00352322,0.001015531,0.005077657
5/11/2022 13:50,UP,1.05118,1.05773,1.0502,1.05695,0.000728777,0.001118194,0.00559097
5/11/2022 17:33,DOWN,1.05695,1.05713,1.05211,1.0526,-0.000607833,0.000780756,0.003903778
5/12/2022 6:13,DOWN,1.05262,1.05358,1.04924,1.04929,-0.000724037,0.000599927,0.002999635
5/12/2022 7:19,DOWN,1.04929,1.05152,1.04428,1.04592,-0.003102495,0.001025612,0.005128059
5/12/2022 11:26,DOWN,1.04596,1.048,1.0422,1.04229,-0.00175421,0.000934649,0.004673244
5/12/2022 16:59,DOWN,1.04233,1.04383,1.03544,1.03582,-0.002006057,0.001083464,0.005417322
5/13/2022 3:17,UP,1.03581,1.03953,1.03539,1.03945,0.000384893,0.000691848,0.003459239
5/13/2022 12:35,DOWN,1.03948,1.042,1.03709,1.0379,-0.000491256,0.00063498,0.003174899
5/13/2022 15:21,UP,1.03793,1.04105,1.03495,1.04099,0.001518939,0.000769847,0.003849233
5/16/2022 13:13,UP,1.04095,1.04385,1.0389,1.04312,0.000201339,0.000687075,0.003435375
5/17/2022 0:23,UP,1.04314,1.04486,1.03899,1.04479,0.001043816,0.000764737,0.003823684
5/17/2022 8:32,UP,1.04476,1.04841,1.04319,1.048,0.000267211,0.000818177,0.004090887
5/17/2022 11:42,UP,1.04797,1.05494,1.04689,1.05487,0.002011749,0.00116047,0.005802352
5/18/2022 6:59,DOWN,1.05486,1.05643,1.05169,1.05222,-0.000484572,0.000695811,0.003479054
5/18/2022 16:08,DOWN,1.05219,1.05421,1.04849,1.04866,-0.0015722,0.000895656,0.004478279
5/19/2022 3:12,UP,1.04866,1.05068,1.046,1.05005,0.000114287,0.000735516,0.003677582
5/19/2022 10:42,UP,1.05005,1.05135,1.04651,1.05128,0.001218305,0.000745559,0.003727795
5/19/2022 13:50,UP,1.05128,1.05713,1.05126,1.05583,0.000577911,0.000808413,0.004042066
5/19/2022 19:03,UP,1.05581,1.06073,1.05523,1.06007,0.000169815,0.000787253,0.003936265
5/20/2022 2:33,DOWN,1.06008,1.06018,1.05546,1.05589,-0.001381765,0.000693936,0.003469682
5/20/2022 13:57,DOWN,1.05594,1.05991,1.05545,1.05637,-5.68E-05,0.000619866,0.003099329
5/23/2022 0:46,UP,1.05636,1.05902,1.05327,1.05901,0.001455247,0.000876536,0.004382682
5/23/2022 8:28,UP,1.05897,1.06358,1.05796,1.06265,0.000480047,0.000773978,0.003869889
5/23/2022 15:16,UP,1.06268,1.0689,1.06159,1.06883,0.002163581,0.001008788,0.005043938
5/24/2022 7:22,UP,1.06883,1.07288,1.06607,1.07281,0.000876588,0.000986907,0.004934533
5/25/2022 2:59,DOWN,1.07279,1.07487,1.06958,1.07071,-0.000513546,0.000691544,0.003457718
5/25/2022 8:16,DOWN,1.07068,1.07154,1.06665,1.06743,-0.000430849,0.000666744,0.00333372
5/25/2022 19:00,UP,1.06747,1.06905,1.06422,1.069,0.001282393,0.000662292,0.003311461
5/26/2022 10:05,UP,1.06906,1.07182,1.06624,1.07171,0.001914663,0.000868478,0.004342392
5/26/2022 20:39,UP,1.0717,1.07318,1.0689,1.07311,0.0007551,0.000681816,0.003409081
5/27/2022 9:38,DOWN,1.07308,1.07652,1.07198,1.07215,-0.000596753,0.000684583,0.003422916
5/27/2022 14:06,UP,1.07215,1.07494,1.06969,1.0745,0.000111686,0.000785184,0.003925921
5/30/2022 2:01,UP,1.07449,1.07531,1.07011,1.07482,0.001014638,0.000765848,0.003829242
5/30/2022 15:27,UP,1.07483,1.07838,1.07374,1.07834,0.000482339,0.000694982,0.003474912
5/31/2022 1:07,DOWN,1.07838,1.07871,1.07348,1.07351,-0.001247463,0.000713669,0.003568343
5/31/2022 10:51,DOWN,1.07355,1.07581,1.07184,1.07206,-0.000652735,0.000605423,0.003027116
5/31/2022 17:32,UP,1.07207,1.07382,1.0679,1.07326,0.000111815,0.000813528,0.004067641
6/1/2022 13:59,DOWN,1.07327,1.07468,1.07018,1.07073,-0.000756207,0.000548282,0.002741412
6/1/2022 14:28,DOWN,1.07078,1.07095,1.06525,1.06566,-0.000891069,0.000890326,0.004451631
6/2/2022 6:31,UP,1.06564,1.06772,1.06273,1.06691,0.000684453,0.000623715,0.003118577
6/2/2022 12:38,UP,1.0669,1.06993,1.06669,1.06952,7.48E-05,0.000464032,0.002320158
6/2/2022 16:00,UP,1.06954,1.07384,1.06923,1.07316,0.000783042,0.000662596,0.003312979
6/3/2022 8:37,UP,1.07315,1.07644,1.07304,1.07603,3.72E-05,0.000526414,0.002632071
6/3/2022 12:23,DOWN,1.07603,1.07607,1.07258,1.07305,-8.39E-05,0.000554336,0.002771681
6/6/2022 7:53,UP,1.07305,1.07522,1.07041,1.07363,0.00070813,0.000547958,0.00273979
6/6/2022 12:46,DOWN,1.07361,1.07521,1.07154,1.07186,-0.000354461,0.000514438,0.00257219
6/7/2022 1:11,DOWN,1.07188,1.07242,1.068,1.06818,-0.000533476,0.000617527,0.003087633
6/7/2022 12:00,DOWN,1.06817,1.07051,1.06579,1.06621,-0.001003051,0.000604385,0.003021923
6/7/2022 14:42,UP,1.06618,1.0707,1.0652,1.07041,0.001402315,0.000813889,0.004069443
6/8/2022 5:04,DOWN,1.07039,1.07145,1.06776,1.06824,-9.36E-06,0.000499154,0.002495769
6/8/2022 10:12,UP,1.06821,1.07233,1.06714,1.072,0.001334846,0.0007682,0.003841001
6/8/2022 20:38,DOWN,1.07196,1.07485,1.07055,1.0715,-0.000149312,0.000573675,0.002868373
6/9/2022 8:06,DOWN,1.07151,1.07339,1.0694,1.07016,-0.001176701,0.000532581,0.002662903
6/9/2022 12:40,UP,1.07015,1.07742,1.06881,1.07706,0.000612967,0.001207637,0.006038185
6/9/2022 13:25,DOWN,1.07702,1.07702,1.06811,1.06816,-0.003103328,0.001493252,0.007466262
6/9/2022 17:21,DOWN,1.06817,1.07061,1.06211,1.06219,-0.002848536,0.001267807,0.006339037
6/10/2022 9:25,DOWN,1.06217,1.06438,1.05947,1.0596,-0.001518288,0.000761022,0.003805112
6/10/2022 12:55,DOWN,1.05961,1.06067,1.05304,1.0533,-0.001821183,0.001212021,0.006060103
6/12/2022 23:40,DOWN,1.05326,1.05447,1.05009,1.05015,-0.000561667,0.000709094,0.003545472
6/13/2022 7:58,DOWN,1.05008,1.0506,1.04611,1.04648,-0.000936035,0.000597535,0.002987677
6/13/2022 14:18,DOWN,1.04647,1.0486,1.04256,1.04256,-0.001571815,0.000876041,0.004380207
6/13/2022 19:54,DOWN,1.04255,1.04585,1.04036,1.04093,-0.000172907,0.000898305,0.004491526
6/14/2022 6:22,UP,1.04098,1.04419,1.03967,1.04341,0,0.000635145,0.003175724
6/14/2022 7:56,UP,1.04337,1.04754,1.04335,1.0471,0.000487178,0.000650455,0.003252275
6/14/2022 10:00,DOWN,1.04713,1.0485,1.04331,1.04349,-0.001091891,0.000653664,0.003268319
6/14/2022 12:32,UP,1.0435,1.04632,1.04252,1.04588,0.001014015,0.000581718,0.002908589
6/14/2022 14:23,DOWN,1.04582,1.04687,1.0416,1.04189,-0.000767541,0.000737971,0.003689853
6/15/2022 1:26,UP,1.04192,1.04494,1.03998,1.04475,0.001005531,0.000620701,0.003103505
6/15/2022 6:27,UP,1.0448,1.04941,1.04242,1.04898,0.002835338,0.001064268,0.00532134
6/15/2022 12:06,DOWN,1.04891,1.05081,1.04461,1.04484,-0.001491938,0.000851483,0.004257415
6/15/2022 14:58,DOWN,1.04481,1.04498,1.04032,1.04114,-0.000576125,0.000674506,0.003372529
6/15/2022 19:24,UP,1.04114,1.0465,1.0359,1.04627,0.001405979,0.001513829,0.007569146
6/16/2022 7:01,DOWN,1.04621,1.04699,1.0407,1.04152,-0.000182409,0.000896501,0.004482506
6/16/2022 13:08,UP,1.04154,1.04595,1.03808,1.04553,0.002815932,0.001100971,0.005504856
6/16/2022 15:16,UP,1.04554,1.0515,1.04352,1.05136,0.001799289,0.001073555,0.005367773
6/16/2022 16:52,UP,1.05135,1.0573,1.05008,1.05622,0.000644013,0.000974101,0.004870507
6/16/2022 23:46,DOWN,1.05618,1.06016,1.05434,1.05497,-4.74E-05,0.000787518,0.003937592
6/17/2022 5:56,DOWN,1.05499,1.05525,1.05174,1.05229,-0.000494038,0.000508473,0.002542365
6/17/2022 12:07,DOWN,1.05228,1.05361,1.048,1.0486,-0.001210406,0.000665138,0.00332569
6/17/2022 14:22,DOWN,1.04862,1.05084,1.04522,1.04546,-0.001175824,0.00073648,0.003682399
6/17/2022 17:42,UP,1.04546,1.04903,1.04443,1.04897,0.00124008,0.0006604,0.003302
6/20/2022 2:59,UP,1.04899,1.0524,1.04747,1.0519,0.000389847,0.000608138,0.003040688
6/20/2022 18:32,DOWN,1.05187,1.05461,1.04988,1.05055,-0.00093241,0.000672171,0.003360854
6/21/2022 7:14,UP,1.05051,1.05427,1.04981,1.05377,0.000740474,0.000578128,0.00289064
6/21/2022 8:44,UP,1.05377,1.05739,1.05368,1.05736,0.000927266,0.000617869,0.003089346
6/21/2022 16:05,DOWN,1.05734,1.05828,1.05371,1.05395,-0.001156881,0.000648025,0.003240127
6/22/2022 1:36,DOWN,1.05394,1.0544,1.0503,1.05074,-0.000504279,0.000608425,0.003042125
6/22/2022 7:13,DOWN,1.05074,1.05155,1.04689,1.04735,-0.001192777,0.000729345,0.003646726
6/22/2022 9:15,UP,1.04739,1.05164,1.04716,1.05155,0.000979986,0.000723604,0.003618019
6/22/2022 13:44,UP,1.05154,1.05696,1.05049,1.05637,0.001639026,0.000886824,0.004434118
6/23/2022 2:14,DOWN,1.0564,1.06057,1.05524,1.05606,-0.00017043,0.000704734,0.00352367
6/23/2022 7:31,DOWN,1.0561,1.05795,1.05115,1.05128,-0.002194911,0.001177868,0.005889338
6/23/2022 14:04,UP,1.05132,1.05542,1.04827,1.05469,0.001195378,0.001021829,0.005109145
6/24/2022 5:14,UP,1.05468,1.05472,1.04942,1.0541,0.000445977,0.000611354,0.003056771
6/24/2022 14:04,UP,1.05411,1.05699,1.05141,1.05623,0.00185738,0.000867509,0.004337545
6/27/2022 7:09,UP,1.05631,1.05775,1.05343,1.05734,0.001040888,0.000636295,0.003181476
6/27/2022 15:20,UP,1.05739,1.06148,1.05535,1.06076,0.00100922,0.000740587,0.003702936
6/28/2022 0:52,DOWN,1.06075,1.06142,1.0574,1.05748,-0.000680632,0.000609837,0.003049186
6/28/2022 12:17,DOWN,1.0575,1.06063,1.0551,1.05533,-0.001514965,0.000792711,0.003963553
6/28/2022 14:41,DOWN,1.05532,1.05576,1.0506,1.05091,-0.00078948,0.000734928,0.003674638
6/29/2022 6:10,DOWN,1.05089,1.05414,1.04958,1.0497,-0.000980752,0.000677545,0.003387725
6/29/2022 10:46,UP,1.0497,1.05287,1.04859,1.05232,0.000218589,0.000579714,0.002898568
6/29/2022 13:42,DOWN,1.05234,1.05353,1.04848,1.04873,-0.000219289,0.000826919,0.004134596
6/29/2022 16:57,DOWN,1.04873,1.04924,1.04472,1.04473,-0.000975853,0.000726224,0.003631118
6/30/2022 10:21,DOWN,1.04468,1.04689,1.04153,1.04157,-0.001141854,0.000840663,0.004203314
6/30/2022 14:54,UP,1.04154,1.04405,1.03825,1.04404,0.000862408,0.000871249,0.004356243
6/30/2022 20:30,UP,1.04402,1.04887,1.04402,1.04847,0.000734673,0.000841721,0.004208605
7/1/2022 4:28,DOWN,1.04844,1.04869,1.04473,1.04492,-0.000516652,0.000658663,0.003293313
7/1/2022 10:35,UP,1.04489,1.04742,1.04327,1.04711,0.000706957,0.000661628,0.003308139
7/1/2022 12:25,DOWN,1.0471,1.04716,1.0417,1.04181,-0.001802925,0.000857944,0.004289721
7/1/2022 14:33,DOWN,1.04183,1.04223,1.03656,1.03712,-0.00114675,0.000888918,0.00444459
7/1/2022 18:49,UP,1.03711,1.04325,1.03692,1.04294,0.001352862,0.000977345,0.004886724
7/4/2022 11:19,UP,1.04293,1.0463,1.04165,1.04579,0.000382559,0.00063692,0.003184599
7/4/2022 15:34,DOWN,1.04576,1.04618,1.04223,1.04246,-0.000834216,0.000630279,0.003151394
7/5/2022 7:40,DOWN,1.04246,1.04491,1.03752,1.03782,-0.001780996,0.001067185,0.005335927
7/5/2022 8:56,DOWN,1.03783,1.03856,1.03057,1.03097,-0.001812183,0.001132751,0.005663756
7/5/2022 13:23,DOWN,1.03096,1.0325,1.0266,1.02689,-0.001333236,0.00096707,0.004835351
7/6/2022 9:16,DOWN,1.02686,1.02766,1.02259,1.02259,-0.001553668,0.000827695,0.004138476
7/6/2022 12:19,DOWN,1.02263,1.02369,1.01746,1.01782,-0.0010409,0.000859617,0.004298084
7/7/2022 2:53,UP,1.01782,1.02022,1.01617,1.01977,0.000510049,0.000690895,0.003454477
7/7/2022 15:01,DOWN,1.01976,1.02214,1.01649,1.01683,-0.00114015,0.000855518,0.004277589
7/8/2022 4:14,DOWN,1.01679,1.01918,1.01395,1.01407,-0.001566711,0.000843708,0.004218542
7/8/2022 7:33,DOWN,1.01407,1.01703,1.01081,1.01101,-0.001996009,0.00112999,0.005649948
7/8/2022 11:19,UP,1.011,1.01511,1.0072,1.01405,6.90E-05,0.001169101,0.005845506
7/11/2022 2:00,DOWN,1.01409,1.01901,1.01158,1.01403,-8.88E-05,0.000900797,0.004503985
7/11/2022 7:59,DOWN,1.01399,1.01565,1.01055,1.01113,-0.001037903,0.000762146,0.003810728
7/11/2022 12:53,DOWN,1.01116,1.01325,1.00748,1.00786,2.98E-05,0.000938858,0.004694289
7/11/2022 19:42,DOWN,1.00786,1.00931,1.00419,1.00422,-0.00120419,0.000793343,0.003966715
7/12/2022 5:27,DOWN,1.00419,1.00557,1.00048,1.00138,3.00E-05,0.000763663,0.003818313
7/12/2022 11:25,UP,1.00142,1.00697,0.99999,1.00577,0.002468818,0.000975313,0.004876565
7/12/2022 23:26,DOWN,1.00574,1.0074,1.00253,1.00327,-0.000189363,0.000678715,0.003393577
7/13/2022 10:38,UP,1.00326,1.00644,1.00063,1.00636,0.001621012,0.000875338,0.004376688
7/13/2022 14:49,UP,1.00636,1.01077,0.9998,1.01019,0.004225945,0.001683297,0.008416487
7/13/2022 23:11,DOWN,1.01016,1.01224,1.00489,1.00496,-0.000765906,0.00106973,0.005348648
7/14/2022 11:45,DOWN,1.00496,1.00506,1.0005,1.00072,-0.000868996,0.000799267,0.003996337
7/14/2022 13:49,DOWN,1.00072,1.00174,0.99522,0.99594,-7.03E-05,0.001053248,0.005266238
7/14/2022 15:39,UP,0.99591,1.00349,0.99568,1.00231,0.001417732,0.001186977,0.005934886
7/15/2022 2:54,UP,1.00227,1.0048,0.99837,1.00386,0.000378611,0.000896762,0.004483812
7/15/2022 10:59,UP,1.0039,1.00582,1.00068,1.00561,0.00139316,0.000842894,0.00421447
7/17/2022 23:43,UP,1.00561,1.00981,1.00408,1.00944,0.001496999,0.000829359,0.004146793
7/18/2022 7:30,UP,1.00951,1.01494,1.00812,1.01413,0.00048329,0.001024757,0.005123786
7/18/2022 14:29,UP,1.01417,1.01816,1.01193,1.01759,0.000825821,0.000968246,0.004841232
7/18/2022 19:36,DOWN,1.01759,1.02015,1.01441,1.01461,-0.000758624,0.000959319,0.004796595
7/19/2022 7:16,UP,1.01462,1.01825,1.01195,1.01781,0.001179698,0.000893325,0.004466624
7/19/2022 8:07,UP,1.0178,1.02499,1.01751,1.02482,0.001337714,0.001216649,0.006083243
7/20/2022 10:50,DOWN,1.0248,1.02734,1.01734,1.01862,-0.001432286,0.001263709,0.006318547
7/20/2022 17:45,DOWN,1.01858,1.0238,1.01599,1.01636,-0.000776982,0.001110542,0.005552709
7/21/2022 4:25,UP,1.01633,1.02137,1.01554,1.02112,0.00031343,0.000933261,0.004666306
7/21/2022 12:26,UP,1.02112,1.02608,1.01658,1.02474,0.002002511,0.001272711,0.006363555
7/21/2022 13:27,DOWN,1.02473,1.02781,1.01533,1.01622,-0.003506863,0.001781296,0.00890648
7/22/2022 7:41,DOWN,1.0163,1.02341,1.01297,1.01382,-0.004635037,0.001596448,0.007982239
7/22/2022 13:51,UP,1.0138,1.02384,1.01325,1.02359,0.004464861,0.001551092,0.007755459
7/25/2022 0:51,DOWN,1.02366,1.02556,1.01853,1.01863,-0.00088315,0.001112503,0.005562517
7/25/2022 9:16,UP,1.01859,1.02545,1.01792,1.02443,0.002267242,0.001028429,0.005142147
7/26/2022 8:14,DOWN,1.0244,1.02581,1.02021,1.02043,-0.000989289,0.000860223,0.004301113
7/26/2022 10:18,DOWN,1.02039,1.02207,1.01359,1.01372,-0.003368034,0.001218979,0.006094897
7/27/2022 9:36,UP,1.01368,1.01591,1.01076,1.01488,0.000315358,0.000665777,0.003328885
7/27/2022 14:27,DOWN,1.01491,1.0172,1.01137,1.01155,-0.002024542,0.00079097,0.00395485
7/27/2022 18:47,UP,1.01152,1.01953,1.00965,1.0186,0.002624686,0.001428564,0.007142819
7/28/2022 10:33,DOWN,1.01852,1.02345,1.01496,1.01586,-5.91E-05,0.001319178,0.006595891
7/28/2022 18:58,UP,1.01586,1.01753,1.01141,1.0175,0.000884912,0.001046522,0.005232609
7/29/2022 4:19,UP,1.01746,1.02253,1.01744,1.02198,0.000518736,0.000869797,0.004348983
7/29/2022 9:41,DOWN,1.02202,1.02548,1.01909,1.01974,-0.00074501,0.001001162,0.005005808
7/29/2022 13:08,DOWN,1.01975,1.02459,1.01569,1.01602,-0.002712799,0.001224882,0.006124412
7/29/2022 15:22,UP,1.01603,1.02132,1.01461,1.02087,0.001313468,0.001065147,0.005325735
8/1/2022 1:35,UP,1.02086,1.02394,1.01776,1.02355,0.000410421,0.000894138,0.004470689
8/1/2022 8:38,UP,1.02359,1.02639,1.02132,1.02609,0.002087765,0.000882183,0.004410916
8/2/2022 0:29,UP,1.02614,1.02752,1.02249,1.02723,0.001480803,0.000740574,0.00370287
8/2/2022 6:48,DOWN,1.02725,1.02942,1.0236,1.02472,-0.00060486,0.000682066,0.003410328
8/2/2022 12:36,DOWN,1.02473,1.02491,1.02071,1.02096,-0.00070497,0.000727703,0.003638513
8/2/2022 17:31,DOWN,1.02097,1.02361,1.01728,1.0174,-0.001679344,0.00096316,0.004815801
8/3/2022 10:16,UP,1.01744,1.02008,1.015,1.01945,0.000696697,0.000752829,0.003764146
8/3/2022 14:02,DOWN,1.01945,1.021,1.01398,1.01415,-0.003130725,0.001009638,0.005048192
8/3/2022 19:41,UP,1.01411,1.0171,1.01225,1.01705,0.000934511,0.000799628,0.00399814
8/4/2022 14:11,UP,1.01707,1.02024,1.01541,1.01967,0.000529723,0.000704677,0.003523383
8/4/2022 16:59,UP,1.01966,1.02396,1.01901,1.02378,0.000371242,0.000814134,0.004070669
8/5/2022 12:34,DOWN,1.02378,1.0254,1.0167,1.01818,-0.004693441,0.00124553,0.006227648
8/8/2022 6:02,UP,1.01824,1.0193,1.01415,1.01848,0.000147289,0.0006098,0.003049002
8/8/2022 15:04,UP,1.01849,1.02196,1.01712,1.0219,0.001125988,0.000812429,0.004062145
8/9/2022 8:16,UP,1.02187,1.02245,1.01853,1.02213,0.000655709,0.000591755,0.002958776
8/9/2022 18:43,DOWN,1.02208,1.02476,1.02041,1.02074,-0.00085196,0.00064553,0.003227651
8/10/2022 10:56,UP,1.02073,1.02407,1.0202,1.02405,0.001192058,0.000594794,0.002973972
8/10/2022 12:45,UP,1.02405,1.0346,1.02342,1.03335,0.001549562,0.00176739,0.008836948
8/10/2022 18:30,DOWN,1.03338,1.03689,1.03021,1.03038,-0.000921565,0.001112336,0.00556168
8/11/2022 7:47,UP,1.03044,1.03325,1.02753,1.03272,0.000804026,0.000802385,0.004011923
8/11/2022 18:11,DOWN,1.03275,1.03645,1.03157,1.03183,-0.000668491,0.00072041,0.00360205
8/12/2022 11:38,DOWN,1.03182,1.03312,1.02808,1.02883,-0.000563588,0.000690776,0.003453879
8/12/2022 14:54,DOWN,1.02881,1.02911,1.02395,1.02398,-0.001454049,0.000876128,0.00438064
8/15/2022 8:17,DOWN,1.02397,1.02684,1.023,1.02318,-0.000254077,0.00063329,0.003166448
8/15/2022 14:18,DOWN,1.0232,1.02327,1.01859,1.01936,-0.00060804,0.000743689,0.003718443
8/15/2022 22:28,DOWN,1.01933,1.02004,1.01546,1.01551,-0.0004135,0.00069793,0.003489652
8/16/2022 9:14,DOWN,1.01556,1.01699,1.01248,1.01316,-0.000177646,0.000680749,0.003403746
8/16/2022 13:37,UP,1.01315,1.0166,1.01225,1.0166,0.001447043,0.000697235,0.003486176
8/17/2022 7:28,DOWN,1.0166,1.0195,1.01493,1.01576,-0.000521641,0.000579209,0.002896046
8/17/2022 18:15,UP,1.01573,1.01987,1.01454,1.01954,0.001089319,0.000751735,0.003758676
8/18/2022 6:33,DOWN,1.01958,1.0203,1.01586,1.01628,-6.89E-05,0.00068218,0.003410898
8/18/2022 11:36,UP,1.01625,1.01885,1.01459,1.01873,0.000972271,0.000653463,0.003267315
8/18/2022 13:37,DOWN,1.01873,1.01884,1.01405,1.01461,-0.000729078,0.000688892,0.003444461
8/18/2022 16:51,DOWN,1.01458,1.0146,1.00958,1.00978,-0.000811729,0.000823835,0.004119173
8/19/2022 10:07,DOWN,1.00978,1.00996,1.00547,1.00558,-0.00221517,0.000768985,0.003844926
8/21/2022 23:27,DOWN,1.00556,1.00687,1.00307,1.0034,-0.000567907,0.000612862,0.003064312
8/22/2022 7:37,DOWN,1.00344,1.00469,1.00124,1.00137,-0.000579039,0.000590819,0.002954093
8/22/2022 13:55,DOWN,1.00139,1.00184,0.99747,0.99769,-0.001672467,0.000718885,0.003594426
8/22/2022 15:39,DOWN,0.9977,0.99775,0.99333,0.99373,-0.000332027,0.000787931,0.003939654
8/23/2022 6:36,DOWN,0.99374,0.99504,0.9906,0.99063,-0.001039202,0.000670697,0.003353487
8/23/2022 13:38,UP,0.99061,0.99713,0.99001,0.99669,0.002923935,0.000970971,0.004854853
8/23/2022 18:41,DOWN,0.99671,1.00182,0.99602,0.99612,-0.000401477,0.000884573,0.004422863
8/24/2022 10:27,DOWN,0.99612,0.99737,0.99346,0.99353,-0.000985896,0.000678087,0.003390436
8/24/2022 14:55,UP,0.99352,0.9987,0.99099,0.99822,0.003462138,0.001155629,0.005778144
8/25/2022 4:43,UP,0.99833,0.99991,0.99445,0.99907,0.000430493,0.000779805,0.003899027
8/25/2022 10:56,DOWN,0.99902,1.00338,0.99738,0.99815,-0.000350587,0.000946425,0.004732126
8/25/2022 16:03,DOWN,0.99814,1.00007,0.9949,0.99532,-0.00151595,0.00085974,0.0042987
8/26/2022 8:53,UP,0.99534,0.99878,0.99465,0.9985,0.001212553,0.000594521,0.002972604
8/26/2022 12:40,UP,0.99847,1.00302,0.99847,1.00248,0.000498887,0.000742417,0.003712084
8/26/2022 15:18,DOWN,1.00244,1.00904,0.99874,0.99941,-0.001090049,0.001551756,0.007758782
8/28/2022 22:08,DOWN,0.99952,1.00198,0.99515,0.99545,-0.001375316,0.001187827,0.005939136
8/29/2022 9:41,UP,0.99548,0.99634,0.99141,0.99569,0.000110482,0.000828988,0.004144941
8/29/2022 12:28,UP,0.99569,1.00147,0.99514,1.00116,0.0024802,0.00104338,0.0052169
8/30/2022 2:03,DOWN,1.00118,1.00293,0.9981,0.99868,-0.001170861,0.000770291,0.003851455
8/30/2022 8:07,UP,0.99867,1.0034,0.9982,1.00266,2.99E-05,0.000806651,0.004033255
8/30/2022 14:20,DOWN,1.00274,1.00552,0.99979,1.00028,-0.000899344,0.00084566,0.004228301
8/30/2022 18:31,UP,1.00027,1.00354,0.99822,1.00288,0.001157338,0.000771305,0.003856527
8/31/2022 7:57,DOWN,1.00289,1.00462,0.99991,1.00017,-0.000799544,0.000679483,0.003397417
8/31/2022 10:31,DOWN,1.0002,1.00271,0.99741,0.99786,-0.000881499,0.00075578,0.0037789
8/31/2022 14:18,UP,0.99778,1.00279,0.99712,1.00279,0.001756645,0.001015438,0.005077189
9/1/2022 0:09,DOWN,1.00275,1.00792,1.00195,1.00329,-0.000926521,0.00072746,0.003637298
9/1/2022 10:39,DOWN,1.00325,1.00489,1.00021,1.00069,-0.000948895,0.000655743,0.003278713
9/1/2022 13:35,DOWN,1.00071,1.00228,0.99756,0.99789,-0.000911509,0.000771413,0.003857064
9/1/2022 14:45,DOWN,0.99787,0.99853,0.9928,0.99282,-0.001147586,0.00096359,0.004817952
9/2/2022 4:45,UP,0.99285,0.99662,0.99108,0.99625,1.00E-05,0.000676378,0.003381891
9/2/2022 9:57,UP,0.99622,1.00042,0.99598,1.00031,0.001700919,0.000809663,0.004048317
9/2/2022 16:44,DOWN,1.00032,1.00337,0.99648,0.99665,-0.000872544,0.001092638,0.005463188
9/4/2022 22:16,DOWN,0.99662,0.99741,0.99098,0.991,-0.001744189,0.001174324,0.005871618
9/5/2022 10:17,UP,0.99103,0.99374,0.98778,0.99336,0.000795597,0.000924167,0.004620833
9/6/2022 0:18,UP,0.99335,0.9969,0.99124,0.99563,0.000954625,0.000725871,0.003629355
9/6/2022 10:27,DOWN,0.99562,0.99864,0.99337,0.99375,-0.001528391,0.000834521,0.004172605
9/6/2022 13:05,DOWN,0.99372,0.99396,0.98899,0.989,-0.002171554,0.000931802,0.004659008
9/7/2022 0:36,DOWN,0.98893,0.99293,0.98639,0.98863,-0.000869513,0.000637815,0.003189077
9/7/2022 7:56,UP,0.98863,0.99132,0.9877,0.99115,0.001211448,0.000620187,0.003100934
9/7/2022 11:59,DOWN,0.99117,0.99302,0.9877,0.98809,-0.00098121,0.000747615,0.003738074
9/7/2022 14:26,UP,0.98802,0.99395,0.98757,0.99357,0.001732631,0.000920034,0.004600171
9/7/2022 17:05,UP,0.99357,0.99856,0.99321,0.99848,0.001112308,0.000977472,0.004887358
9/8/2022 11:46,UP,0.99849,1.00279,0.9976,1.00275,0.001307261,0.000761792,0.003808959
9/8/2022 13:06,DOWN,1.0028,1.00311,0.99577,0.99702,-0.002464314,0.000980971,0.004904853
9/8/2022 17:43,UP,0.99701,1.00003,0.99306,0.99955,0.000960894,0.001169388,0.00584694
9/9/2022 1:12,UP,0.99959,1.00512,0.99907,1.00496,0.000109463,0.001099563,0.005497817
9/9/2022 8:29,UP,1.00499,1.01105,1.00463,1.01036,0.000465289,0.001056241,0.005281205
9/9/2022 11:57,DOWN,1.01032,1.01136,1.00396,1.00403,-0.001254156,0.001041634,0.005208171
9/12/2022 6:29,UP,1.00399,1.00976,1.00322,1.0095,0.000515239,0.001030449,0.005152247
9/12/2022 7:19,UP,1.00948,1.01759,1.00943,1.01757,0.002440154,0.001381339,0.006906694
9/12/2022 11:27,DOWN,1.01761,1.01981,1.01292,1.01319,-0.000493369,0.001201767,0.006008833
9/13/2022 8:49,UP,1.01318,1.0163,1.01046,1.01535,0.001448826,0.000794756,0.003973778
9/13/2022 12:59,DOWN,1.01532,1.01873,1.00302,1.00367,-0.002179615,0.002638704,0.013193518
9/13/2022 21:28,DOWN,1.00369,1.0043,0.99639,0.99669,-0.000692052,0.001340419,0.006702093
9/14/2022 10:17,UP,0.99658,1.00177,0.99554,1.00164,0.000469341,0.000935677,0.004678386
9/14/2022 14:25,DOWN,1.00165,1.00237,0.99725,0.99764,-0.000891708,0.000772376,0.003861881
9/15/2022 5:31,DOWN,0.99763,1.00086,0.99619,0.99629,-0.000933028,0.000618971,0.003094853
9/15/2022 9:52,UP,0.99633,1.00005,0.99558,0.99925,0.000280249,0.000574903,0.002874515
9/15/2022 12:53,UP,0.99925,1.00179,0.99689,1.00124,0.001739357,0.000731396,0.00365698
9/16/2022 7:54,DOWN,1.00123,1.00157,0.99451,0.99515,-0.002198255,0.000949178,0.00474589
9/16/2022 14:13,UP,0.99512,1.00018,0.9949,1.00013,0.002442664,0.000988114,0.004940572
9/19/2022 5:00,DOWN,1.00006,1.00367,0.99856,0.99918,-0.00064032,0.000850893,0.004254463
9/19/2022 14:59,UP,0.99918,1.00136,0.99659,1.00116,0.000989342,0.000724663,0.003623313
9/20/2022 0:08,UP,1.00116,1.00481,1.00008,1.00475,0.001823009,0.000765359,0.003826795
9/20/2022 10:19,DOWN,1.00473,1.00507,1.00001,1.00066,-0.000129906,0.000768216,0.003841081
9/20/2022 12:52,DOWN,1.00067,1.00138,0.99551,0.99661,-0.000150499,0.000787754,0.003938768
9/21/2022 1:29,DOWN,0.99661,0.99997,0.99573,0.9961,-0.000200763,0.000604112,0.003020559
9/21/2022 6:36,DOWN,0.99606,0.99711,0.99071,0.99135,-0.002377763,0.001009996,0.00504998
9/21/2022 15:00,DOWN,0.99134,0.99374,0.98759,0.98768,-0.001547886,0.000922525,0.004612625
9/21/2022 23:31,DOWN,0.98767,0.99105,0.98126,0.98299,-0.001118409,0.001330943,0.006654716
9/22/2022 8:10,UP,0.98301,0.98723,0.98072,0.98656,0.002313735,0.000987342,0.004936711
9/22/2022 13:43,DOWN,0.98655,0.99076,0.98429,0.9844,-0.002283048,0.001031081,0.005155407
9/23/2022 7:00,DOWN,0.98445,0.98556,0.98082,0.98124,-0.000784414,0.000731174,0.00365587
9/23/2022 8:18,DOWN,0.98123,0.98139,0.97547,0.97643,-0.001586157,0.000950689,0.004753446
9/23/2022 14:41,DOWN,0.97646,0.9775,0.9712,0.97132,-0.003042766,0.001047598,0.005237989
9/26/2022 0:58,DOWN,0.97131,0.97335,0.96097,0.96097,-0.006296669,0.001911764,0.009558822
9/26/2022 7:10,UP,0.96107,0.96859,0.95523,0.96813,0.002647775,0.001325978,0.006629888
9/26/2022 10:13,DOWN,0.96807,0.97018,0.96336,0.9641,-0.000663611,0.001069931,0.005349653
9/26/2022 12:54,UP,0.96411,0.96896,0.96191,0.96797,0.000651059,0.001013496,0.005067481
9/26/2022 15:39,DOWN,0.96794,0.96822,0.96167,0.96235,-0.001204657,0.001033876,0.005169381
9/27/2022 3:31,UP,0.96229,0.96416,0.95844,0.96366,0.00041517,0.000715256,0.003576281
9/27/2022 9:09,DOWN,0.96364,0.9671,0.96173,0.96196,-0.001475064,0.000833665,0.004168327
9/27/2022 16:39,DOWN,0.96195,0.96528,0.95821,0.95846,-0.000563245,0.001193163,0.005965813
9/28/2022 2:25,DOWN,0.9585,0.96012,0.95423,0.95522,-0.000607006,0.000839435,0.004197176
9/28/2022 13:47,UP,0.95527,0.96174,0.95359,0.96079,0.002751521,0.001183409,0.005917043
9/28/2022 15:50,UP,0.96078,0.96697,0.95935,0.96691,0.002785935,0.001375754,0.006878771
9/28/2022 17:24,UP,0.96691,0.97433,0.96687,0.97433,0.002219369,0.001508146,0.00754073
9/29/2022 1:56,DOWN,0.97436,0.97511,0.96838,0.96853,-0.001320718,0.001134176,0.00567088
9/29/2022 7:51,DOWN,0.96852,0.96901,0.96357,0.96411,-3.11E-05,0.000991925,0.004959624
9/29/2022 9:51,UP,0.96402,0.97071,0.96402,0.96971,0.001300202,0.001095,0.005474998
9/29/2022 11:49,UP,0.96968,0.97447,0.96826,0.97378,0.000986335,0.00106414,0.005320698
9/29/2022 14:46,UP,0.97375,0.976,0.96836,0.97391,0.000595715,0.001035728,0.005178638
9/29/2022 18:39,UP,0.97394,0.97979,0.97392,0.97944,0.00167583,0.001128641,0.005643204
9/30/2022 10:26,DOWN,0.97952,0.98542,0.97725,0.97739,-0.002238155,0.001249436,0.006247182
9/30/2022 14:56,UP,0.9774,0.98096,0.97348,0.97971,-0.000153095,0.00118836,0.005941799
10/3/2022 1:48,UP,0.97969,0.98248,0.97705,0.98231,0.00114082,0.000936433,0.004682165
10/3/2022 9:59,DOWN,0.98227,0.98349,0.97527,0.97625,-0.001044269,0.001087626,0.00543813
10/3/2022 15:10,UP,0.97628,0.98319,0.97541,0.9828,0.001018019,0.001349479,0.006747393
10/4/2022 3:43,UP,0.98282,0.98447,0.9788,0.98433,0.001382606,0.00097148,0.004857402
10/4/2022 7:14,UP,0.98438,0.98879,0.9826,0.988,0.001306521,0.000981756,0.00490878
10/4/2022 12:25,UP,0.988,0.99163,0.98526,0.99103,0.002232493,0.000931456,0.004657282
10/4/2022 15:03,UP,0.99101,0.99646,0.99065,0.99646,0.002220314,0.001013491,0.005067455
10/5/2022 8:01,DOWN,0.99642,0.99996,0.99363,0.99427,-0.000422331,0.000976992,0.004884962
10/5/2022 12:05,DOWN,0.99429,0.99524,0.98987,0.99053,-0.000403743,0.000816106,0.004080531
10/5/2022 14:04,DOWN,0.99054,0.99232,0.9846,0.98471,-0.002484952,0.001200796,0.00600398
10/5/2022 19:09,UP,0.98475,0.98961,0.98347,0.98911,0.000525863,0.00094121,0.004706052
10/6/2022 5:49,UP,0.98914,0.99267,0.98782,0.9923,0.001008268,0.000741122,0.003705612
10/6/2022 8:50,DOWN,0.99233,0.99255,0.98751,0.98814,-0.000424951,0.000829814,0.004149072
10/6/2022 13:29,DOWN,0.98809,0.9903,0.98314,0.98333,-0.001798388,0.001022966,0.005114832
10/6/2022 19:01,DOWN,0.98332,0.98501,0.97882,0.97925,-0.001296071,0.000947089,0.004735444
10/7/2022 8:26,UP,0.97925,0.98149,0.97656,0.98122,0.001315555,0.000790707,0.003953535
10/7/2022 12:47,DOWN,0.98117,0.9817,0.97391,0.97407,-0.00169249,0.00117649,0.00588245
10/7/2022 18:59,DOWN,0.97401,0.97914,0.97262,0.97358,-0.001036871,0.001025496,0.005127479
10/10/2022 8:04,DOWN,0.97355,0.97535,0.96993,0.97005,-0.000659542,0.000917062,0.004585311
10/11/2022 2:14,DOWN,0.97009,0.9746,0.96816,0.96887,-0.000959421,0.001033495,0.005167473
10/11/2022 7:36,UP,0.96887,0.97252,0.96701,0.97228,0.001039335,0.000839715,0.004198573
10/11/2022 16:01,UP,0.97231,0.9763,0.96908,0.97542,0.002278537,0.000952562,0.004762812
10/11/2022 19:03,DOWN,0.97544,0.97747,0.97015,0.97026,-0.002665831,0.001166052,0.00583026
10/12/2022 6:25,UP,0.9702,0.97353,0.96828,0.97297,0.000462608,0.000831817,0.004159086
10/12/2022 12:35,DOWN,0.97296,0.97334,0.96874,0.96916,-0.001165279,0.000742896,0.003714478
10/13/2022 9:06,UP,0.96918,0.97222,0.96679,0.97186,0.001379751,0.000770224,0.003851121
10/13/2022 15:21,UP,0.97187,0.97836,0.96321,0.97747,0.003802734,0.002043676,0.010218382
10/14/2022 8:35,DOWN,0.97745,0.9809,0.97448,0.97503,-0.000492171,0.000934589,0.004672946
10/14/2022 13:14,UP,0.97499,0.98,0.97092,0.97923,0.002372019,0.00131162,0.0065581
10/14/2022 16:09,DOWN,0.97926,0.97942,0.9707,0.97287,-0.000729533,0.001254858,0.00627429
10/17/2022 12:53,UP,0.97283,0.9782,0.97133,0.97797,0.002549337,0.001100701,0.005503507
10/17/2022 15:52,UP,0.978,0.98422,0.97725,0.98401,0.003022826,0.001170193,0.005850963
10/18/2022 6:49,UP,0.98404,0.98728,0.98232,0.987,0.001612241,0.000862378,0.00431189
10/18/2022 10:52,DOWN,0.98702,0.98737,0.98158,0.98166,-0.001404795,0.000918516,0.004592581
10/18/2022 13:29,UP,0.98164,0.98662,0.98127,0.98644,0.000131796,0.000950784,0.004753922
10/18/2022 23:14,UP,0.98647,0.9876,0.98212,0.98681,0.00051695,0.000830919,0.004154595
10/19/2022 6:06,DOWN,0.98682,0.98686,0.98304,0.98313,-0.000752415,0.000659479,0.003297395
10/19/2022 10:39,DOWN,0.98312,0.98411,0.97883,0.97927,-0.001907765,0.000755634,0.003778172
10/20/2022 1:32,DOWN,0.97929,0.98027,0.9755,0.97565,-0.000891316,0.000745028,0.00372514
10/20/2022 6:13,UP,0.9756,0.97933,0.97548,0.97919,0.001103561,0.000689909,0.003449545
10/20/2022 11:16,UP,0.97922,0.98288,0.97715,0.98264,0.002455589,0.000978427,0.004892137
10/20/2022 17:30,DOWN,0.98265,0.98455,0.97799,0.97866,-0.000480133,0.001027143,0.005135713
10/21/2022 9:19,DOWN,0.97868,0.98024,0.97498,0.97501,-0.000645939,0.000946845,0.004734227
10/21/2022 13:45,UP,0.97502,0.97923,0.97048,0.97804,0.001186749,0.001283943,0.006419713
10/21/2022 19:13,UP,0.97806,0.9868,0.97654,0.986,0.001177163,0.001464225,0.007321124
10/24/2022 6:40,DOWN,0.98605,0.98997,0.98254,0.9833,-0.001575084,0.001157951,0.005789757
10/24/2022 14:01,UP,0.98334,0.98913,0.98068,0.98728,0.000243122,0.001181175,0.005905877
10/25/2022 7:04,DOWN,0.98734,0.98988,0.9854,0.98604,-0.00050695,0.000662854,0.00331427
10/25/2022 13:17,UP,0.986,0.99132,0.98489,0.99097,0.003325503,0.001011346,0.005056728
10/25/2022 14:02,UP,0.99098,0.99745,0.99081,0.99735,0.002298725,0.001206765,0.006033826
10/26/2022 6:16,UP,0.99733,0.9982,0.99352,0.99785,0.00162481,0.000791881,0.003959405
10/26/2022 8:00,UP,0.99785,1.0035,0.99685,1.00333,0.001556032,0.001007712,0.005038561
10/26/2022 12:50,DOWN,1.00329,1.0048,0.99956,1.00017,-0.000689645,0.000781403,0.003907014
10/26/2022 15:04,UP,1.00014,1.00521,0.9997,1.00464,0.000248876,0.000891274,0.004456372
10/26/2022 23:59,UP,1.00467,1.0094,1.0043,1.00914,0.000713733,0.00077179,0.003858949
10/27/2022 9:21,DOWN,1.00916,1.0094,1.00474,1.00515,-0.000954626,0.000691481,0.003457404
10/27/2022 13:07,DOWN,1.00512,1.00519,0.99859,0.9989,-0.001660449,0.001159662,0.005798308
10/27/2022 17:59,DOWN,0.99893,1.00438,0.99703,0.99724,-0.001753305,0.001265312,0.006326559
10/28/2022 7:42,DOWN,0.99722,0.99983,0.99376,0.9945,-0.000542839,0.00085137,0.004256851
10/28/2022 15:15,DOWN,0.99453,0.999,0.99266,0.99357,-0.001398018,0.001018063,0.005090314
10/31/2022 12:32,DOWN,0.99354,0.99678,0.99144,0.99253,-0.000392858,0.000723966,0.003619832
10/31/2022 15:15,DOWN,0.99255,0.99292,0.98799,0.98806,-0.001274414,0.00086011,0.004300552
11/1/2022 4:48,UP,0.98805,0.99085,0.98728,0.99077,0.000646171,0.000635489,0.003177445
11/1/2022 14:48,DOWN,0.99076,0.99543,0.98783,0.98821,-0.002395404,0.001119638,0.005598192
11/2/2022 8:32,UP,0.98814,0.99098,0.98528,0.9905,0.002081923,0.000851627,0.004258133
11/2/2022 16:32,DOWN,0.99047,0.9915,0.98617,0.9865,-0.000608026,0.000869851,0.004349257
11/2/2022 18:32,UP,0.98654,0.99619,0.98588,0.99562,0.001336744,0.001884704,0.009423522
11/2/2022 19:23,DOWN,0.99563,0.99759,0.98324,0.98391,-0.005099233,0.002335371,0.011676854
11/3/2022 9:05,DOWN,0.98385,0.98453,0.9761,0.97665,-0.000542524,0.001436947,0.007184733
11/4/2022 4:20,UP,0.9766,0.97951,0.97301,0.97798,0.000971862,0.000828351,0.004141756
11/4/2022 13:03,UP,0.97795,0.9862,0.9751,0.98567,0.003404492,0.001614878,0.008074388
11/4/2022 17:13,UP,0.9857,0.99403,0.98395,0.99217,0.000947867,0.001449346,0.007246732
11/7/2022 9:04,UP,0.99217,0.99983,0.99085,0.99962,0.002263419,0.001375021,0.006875104
11/7/2022 18:35,UP,0.99964,1.00298,0.99657,1.00284,0.000718219,0.001052254,0.005261269
11/8/2022 8:55,DOWN,1.00286,1.00344,0.99786,0.99824,-0.001091326,0.00079199,0.00395995
11/8/2022 15:19,UP,0.99823,1.00587,0.99725,1.00584,0.004314152,0.001256542,0.006282712
11/9/2022 10:06,DOWN,1.00586,1.00965,1.00384,1.00407,-0.001791099,0.000824076,0.004120381
11/9/2022 19:40,DOWN,1.00404,1.00866,0.99929,0.99934,-0.001679698,0.001543736,0.007718679
11/10/2022 9:21,DOWN,0.99934,1.00432,0.99757,0.99805,-0.000911363,0.001080691,0.005403457
11/10/2022 13:45,UP,0.99808,1.01211,0.99355,1.01202,0.002047509,0.003544797,0.017723987
11/10/2022 21:15,UP,1.01208,1.0222,1.01055,1.02097,0.001715527,0.001804146,0.009020732
11/11/2022 7:44,UP,1.02094,1.02401,1.01631,1.02359,0.000508145,0.001227735,0.006138674
11/11/2022 12:48,UP,1.02357,1.03052,1.02261,1.02978,0.000456512,0.001147783,0.005738917
11/11/2022 17:15,UP,1.0298,1.03388,1.02657,1.03362,0.000377386,0.001108111,0.005540556
11/14/2022 4:37,DOWN,1.0336,1.03643,1.03052,1.03068,-0.001153912,0.000945827,0.004729137
11/14/2022 11:25,DOWN,1.03072,1.03508,1.02811,1.02871,-0.000495644,0.000925881,0.004629404
11/14/2022 15:50,UP,1.02869,1.03362,1.02714,1.03348,0.001016501,0.001040955,0.005204774
11/15/2022 7:35,UP,1.0335,1.0396,1.03121,1.03835,0.002690572,0.001015869,0.005079344
11/15/2022 13:40,UP,1.03839,1.0482,1.0378,1.04653,0.003081578,0.001415592,0.007077958
11/15/2022 14:50,DOWN,1.04656,1.04657,1.03806,1.03923,-0.001144423,0.001314647,0.006573234
11/15/2022 18:42,DOWN,1.03924,1.0409,1.02931,1.03184,0.000164768,0.001686478,0.008432391
11/16/2022 2:17,UP,1.03184,1.03777,1.028,1.03698,0.001254427,0.001184331,0.005921654
11/16/2022 8:09,UP,1.03697,1.04208,1.03376,1.04192,0.00150797,0.00112019,0.005600952
11/16/2022 18:21,DOWN,1.04192,1.04386,1.03673,1.03678,-0.001638349,0.000927462,0.004637309
11/17/2022 10:14,DOWN,1.03682,1.04069,1.03525,1.03574,-0.000424727,0.000744216,0.003721079
11/17/2022 14:02,DOWN,1.03574,1.03703,1.03098,1.03135,-0.001065995,0.000913449,0.004567245
11/17/2022 18:33,UP,1.03132,1.03657,1.03051,1.03639,0.001158536,0.000841622,0.004208112
11/18/2022 14:49,DOWN,1.03635,1.03961,1.03321,1.03363,-0.001082973,0.001029716,0.005148579
11/21/2022 1:06,DOWN,1.03368,1.03719,1.03109,1.0314,-0.000174505,0.000919848,0.004599239
11/21/2022 7:03,DOWN,1.03141,1.03191,1.02528,1.02536,-0.001432616,0.001035093,0.005175463
11/22/2022 2:58,UP,1.02536,1.02738,1.02226,1.02648,0.000263069,0.000639345,0.003196726
11/22/2022 18:24,UP,1.02642,1.02965,1.02457,1.02924,0.00061229,0.000803763,0.004018817
11/23/2022 6:05,UP,1.02924,1.03313,1.02904,1.03287,0.000668265,0.000696853,0.003484265
11/23/2022 10:28,DOWN,1.03289,1.03489,1.02969,1.03016,-0.001115709,0.000730944,0.003654718
11/23/2022 14:47,UP,1.03013,1.03584,1.02965,1.03539,0.001981893,0.000823989,0.004119946
11/23/2022 19:55,UP,1.0353,1.04054,1.03439,1.03967,0.000404056,0.000797212,0.003986061
11/24/2022 3:26,UP,1.03967,1.04424,1.03911,1.04397,0.000766599,0.000739723,0.003698616
11/24/2022 8:27,DOWN,1.044,1.04488,1.04,1.04038,-0.000288315,0.000740512,0.00370256
11/25/2022 4:38,UP,1.04037,1.04297,1.03819,1.04223,0.000268691,0.000723867,0.003619333
11/25/2022 13:08,DOWN,1.04223,1.04285,1.03758,1.03776,-0.000818737,0.000858485,0.004292425
11/25/2022 16:04,UP,1.03773,1.04101,1.03547,1.04066,0.000615184,0.000822523,0.004112614
11/28/2022 1:44,DOWN,1.04069,1.04151,1.03427,1.03429,-0.002288806,0.001138769,0.005693845
11/28/2022 8:28,UP,1.03435,1.04089,1.03412,1.04065,0.001259622,0.001013378,0.005066892
11/28/2022 10:29,UP,1.04064,1.04791,1.04037,1.04746,0.002169499,0.001102373,0.005511865
11/28/2022 14:49,DOWN,1.04746,1.0497,1.04315,1.0433,-0.00136014,0.00097459,0.004872951
11/28/2022 16:29,DOWN,1.04327,1.04349,1.03792,1.03825,-0.000943451,0.000934452,0.00467226
11/28/2022 20:36,DOWN,1.03822,1.03886,1.03302,1.03346,-0.00052238,0.000882675,0.004413376
11/29/2022 3:56,UP,1.03343,1.03834,1.0332,1.03825,0.000597337,0.000848809,0.004244044
11/29/2022 18:22,DOWN,1.03824,1.03946,1.03248,1.03338,-0.00075452,0.001007689,0.005038445
11/30/2022 9:20,UP,1.03345,1.03815,1.03191,1.03766,0.000877358,0.00094304,0.0047152
11/30/2022 15:36,DOWN,1.03763,1.03999,1.0318,1.03208,-0.002438695,0.001296686,0.006483432
11/30/2022 19:02,UP,1.03208,1.03816,1.02902,1.03789,0.001793705,0.001237023,0.006185116
12/1/2022 0:35,UP,1.03787,1.04329,1.03631,1.04302,0.000460308,0.001057703,0.005288516
12/1/2022 13:15,UP,1.04302,1.04642,1.03934,1.0453,0.000258332,0.000911336,0.004556679
12/1/2022 14:59,UP,1.04527,1.05291,1.04507,1.0524,0.001150414,0.001166643,0.005833214
12/1/2022 23:16,UP,1.0523,1.05397,1.04693,1.05371,0.001034976,0.001050828,0.005254139
12/2/2022 13:38,DOWN,1.05375,1.05452,1.0437,1.04476,-0.0036306,0.001644028,0.008220139
12/2/2022 16:40,UP,1.0447,1.05167,1.04283,1.05166,0.002999759,0.001500484,0.007502422
12/5/2022 3:00,UP,1.05159,1.05745,1.051,1.05714,0.000984271,0.001016986,0.005084932
12/5/2022 15:06,DOWN,1.05715,1.0595,1.05036,1.05242,-0.00256223,0.001197825,0.005989124
12/5/2022 20:30,DOWN,1.05241,1.05398,1.04816,1.04829,-0.001144067,0.000982021,0.004910105
12/6/2022 12:30,UP,1.0483,1.05298,1.04756,1.05288,0.001254491,0.00085162,0.004258101
12/6/2022 15:31,DOWN,1.05288,1.0533,1.04889,1.04894,-0.000362205,0.000729571,0.003647857
12/6/2022 18:24,DOWN,1.04897,1.05291,1.04678,1.04684,-0.001307845,0.000827405,0.004137024
12/7/2022 10:19,UP,1.04683,1.04989,1.04431,1.0498,0.001801965,0.000753004,0.003765021
12/7/2022 14:01,UP,1.04984,1.05501,1.04839,1.0546,0.001470833,0.000831892,0.004159462
12/7/2022 15:12,DOWN,1.05459,1.05461,1.04951,1.04995,-0.001437131,0.000873107,0.004365535
12/8/2022 14:57,UP,1.05004,1.05403,1.04881,1.05386,0.001405348,0.000839026,0.004195131
12/9/2022 1:24,UP,1.05386,1.05828,1.05341,1.058,0.001513432,0.000725918,0.003629592
12/9/2022 13:31,DOWN,1.05802,1.05886,1.05024,1.05144,-0.004251772,0.001238399,0.006191994
12/12/2022 1:01,DOWN,1.05154,1.05631,1.05098,1.05113,-0.000104644,0.000832987,0.004164934
12/12/2022 9:06,UP,1.05112,1.05516,1.0506,1.05464,0.000142239,0.000647772,0.003238862
12/12/2022 15:59,DOWN,1.05457,1.05803,1.05206,1.05216,-0.002240493,0.000914301,0.004571507
12/13/2022 6:18,UP,1.05214,1.05545,1.05106,1.05522,0.000786875,0.000675019,0.003375094
12/13/2022 13:33,UP,1.05523,1.06497,1.05278,1.06455,0.008253401,0.002151174,0.010755868
12/14/2022 8:05,DOWN,1.06441,1.06736,1.06067,1.06212,-0.000169458,0.000795609,0.003978047
12/14/2022 11:00,UP,1.06211,1.0672,1.06189,1.06705,0.001059556,0.00076328,0.003816399
12/14/2022 18:40,UP,1.06709,1.06814,1.06317,1.06814,0.00185541,0.000802755,0.004013775
12/15/2022 8:07,DOWN,1.0681,1.06954,1.06207,1.06406,-0.000582504,0.000757932,0.003789662
12/15/2022 13:35,UP,1.0641,1.06569,1.06056,1.06536,0.001493568,0.000826024,0.004130122
12/15/2022 15:24,DOWN,1.0654,1.07365,1.06405,1.06427,-0.001914972,0.001390391,0.006951953
12/16/2022 2:18,UP,1.0643,1.0657,1.05921,1.06499,0.000629312,0.00092162,0.004608099
12/16/2022 15:47,DOWN,1.06496,1.06633,1.06087,1.06118,-0.000527575,0.000903908,0.004519542
12/19/2022 6:55,UP,1.06116,1.06343,1.0582,1.06318,0.001298836,0.000678532,0.003392659
12/19/2022 13:14,DOWN,1.06313,1.06582,1.05991,1.06004,-0.000886366,0.000916099,0.004580496
12/20/2022 3:03,UP,1.06001,1.06375,1.05759,1.06362,0.002626564,0.000936244,0.004681222
12/20/2022 5:39,DOWN,1.06354,1.06524,1.05805,1.05829,-0.001793739,0.000889328,0.004446642
12/20/2022 8:58,UP,1.05828,1.06348,1.05788,1.06305,0.0004234,0.000826604,0.004133021
12/20/2022 15:14,UP,1.06308,1.06587,1.0594,1.06561,0.001568407,0.0009802,0.004901002
12/20/2022 18:14,DOWN,1.06563,1.06575,1.06068,1.06114,-0.000650033,0.000804512,0.004022559
12/21/2022 17:13,DOWN,1.06113,1.06458,1.05915,1.05926,-0.000622882,0.000789347,0.003946737
12/22/2022 2:27,UP,1.05929,1.06337,1.05903,1.063,1.88E-05,0.000688586,0.003442932
12/22/2022 14:37,DOWN,1.06299,1.06596,1.05864,1.05969,-0.001018647,0.000886813,0.004434067
12/23/2022 6:46,UP,1.0597,1.06126,1.05732,1.06098,0.000518523,0.000610833,0.003054165
12/26/2022 23:32,UP,1.06097,1.06404,1.05922,1.06401,0.002220488,0.000835273,0.004176364
12/27/2022 13:55,DOWN,1.06406,1.06694,1.06196,1.06274,-0.00031047,0.000717753,0.003588763
12/27/2022 16:59,UP,1.06273,1.06607,1.06114,1.06534,6.57E-05,0.00069137,0.003456852
12/28/2022 16:00,DOWN,1.06533,1.06747,1.06115,1.0619,-0.000922449,0.000835922,0.004179611
12/29/2022 9:58,UP,1.0619,1.06581,1.06066,1.06553,0.001756537,0.000723263,0.003616316
12/29/2022 17:56,UP,1.06552,1.06906,1.06316,1.06871,0.001770053,0.00081653,0.004082649
12/30/2022 5:56,DOWN,1.06868,1.06874,1.06519,1.06527,-0.000272194,0.000628965,0.003144823
12/30/2022 11:22,UP,1.06524,1.06851,1.06384,1.06843,0.001470527,0.00070072,0.003503602
12/30/2022 17:08,UP,1.06848,1.07054,1.06453,1.07048,0.001813915,0.000961876,0.004809382
1/2/2023 16:46,DOWN,1.07051,1.07134,1.06523,1.06541,-0.000563005,0.000964693,0.004823464
1/3/2023 7:53,DOWN,1.0653,1.06837,1.06223,1.0629,-0.00258392,0.000926838,0.004634188
1/3/2023 8:31,DOWN,1.06285,1.06299,1.05598,1.05603,-0.001513962,0.001120904,0.005604519
1/3/2023 12:12,DOWN,1.056,1.05802,1.05195,1.05273,-3.80E-05,0.000880863,0.004404317
1/3/2023 14:35,UP,1.05273,1.05772,1.05252,1.05758,0.001021721,0.000804325,0.004021624
1/3/2023 16:17,DOWN,1.05759,1.05972,1.05373,1.0543,-0.000957523,0.000850526,0.00425263
1/4/2023 5:00,UP,1.05427,1.05746,1.05398,1.05732,0.00049193,0.000566492,0.002832458
1/4/2023 8:12,UP,1.05732,1.0617,1.05596,1.06155,0.001404594,0.000719923,0.003599616
1/4/2023 15:24,DOWN,1.06161,1.06354,1.05819,1.05829,-0.00034956,0.000847273,0.004236365
1/5/2023 0:22,UP,1.05833,1.06208,1.05812,1.06175,0.000650082,0.000551851,0.002759253
1/5/2023 13:27,DOWN,1.06176,1.06317,1.05779,1.05836,-0.000122824,0.000805711,0.004028554
1/5/2023 14:54,DOWN,1.05835,1.05868,1.05408,1.05415,-0.00073018,0.000797111,0.003985554
1/6/2023 5:50,DOWN,1.05417,1.0568,1.05108,1.0513,-0.0003709,0.000529172,0.002645858
1/6/2023 12:28,DOWN,1.05129,1.0531,1.04833,1.04911,-0.000409787,0.000606567,0.003032834
1/6/2023 13:48,UP,1.04912,1.0536,1.04839,1.05317,0.001824731,0.00072916,0.003645798
1/6/2023 15:21,UP,1.05315,1.05992,1.05009,1.05896,0.001493144,0.001326576,0.006632881
1/6/2023 18:55,UP,1.05889,1.06435,1.05802,1.064,0.000470035,0.001009882,0.005049409
1/9/2023 5:35,UP,1.06399,1.06811,1.06372,1.06799,0.000252843,0.000745904,0.003729519
1/9/2023 13:28,UP,1.06799,1.07228,1.06601,1.07192,0.002082546,0.000818739,0.004093694
1/9/2023 16:53,UP,1.07191,1.07607,1.07116,1.07576,0.000883487,0.000733385,0.003666926
1/10/2023 0:30,DOWN,1.07578,1.076,1.07206,1.07238,-0.001006599,0.000597589,0.002987946
1/10/2023 13:43,DOWN,1.07242,1.07519,1.07121,1.07161,-0.000494461,0.000589578,0.002947891
1/11/2023 5:37,UP,1.07159,1.07595,1.07146,1.07506,0.001126152,0.000549754,0.002748769
1/11/2023 14:32,UP,1.07509,1.0769,1.07254,1.07652,0.000929351,0.000621873,0.003109367
1/12/2023 0:12,UP,1.07654,1.07765,1.07352,1.07697,0.000390059,0.000573469,0.002867346
1/12/2023 9:01,DOWN,1.07693,1.07752,1.07454,1.07465,-0.000641863,0.000515018,0.002575091
1/12/2023 13:34,UP,1.07464,1.0814,1.07302,1.07911,0.001817963,0.000705733,0.003528664
1/12/2023 16:58,UP,1.07904,1.08389,1.07518,1.08239,0.000776362,0.001027004,0.00513502
1/13/2023 0:26,UP,1.08239,1.08679,1.08213,1.08677,0.000773232,0.000755667,0.003778336
1/13/2023 11:22,DOWN,1.0868,1.08682,1.08276,1.08288,-0.000932263,0.000669108,0.00334554
1/13/2023 14:04,DOWN,1.08282,1.08287,1.07852,1.0786,-0.000908173,0.000741044,0.003705221
1/13/2023 15:21,UP,1.07858,1.08327,1.07805,1.08287,0.000240132,0.000764412,0.003822058
1/16/2023 1:01,UP,1.08286,1.08446,1.0801,1.0843,0.000387422,0.000683546,0.003417728
1/16/2023 7:19,DOWN,1.08433,1.08743,1.08355,1.08384,-0.000166062,0.000642934,0.003214669
1/16/2023 9:12,DOWN,1.08382,1.08406,1.08013,1.08048,-0.000277616,0.000598304,0.002991518
1/17/2023 1:07,UP,1.08043,1.08367,1.08042,1.08295,0.000129285,0.000431173,0.002155865
1/17/2023 12:55,UP,1.08292,1.08466,1.08061,1.0845,2.77E-05,0.000656413,0.003282064
1/17/2023 15:37,DOWN,1.08447,1.08696,1.08111,1.08138,-0.000693318,0.000842067,0.004210334
1/18/2023 3:45,DOWN,1.08139,1.08198,1.07659,1.07724,-0.000148517,0.000729666,0.003648329
1/18/2023 7:24,UP,1.07721,1.08158,1.07674,1.08097,0.000953302,0.000665722,0.003328611
1/18/2023 9:22,UP,1.08094,1.08567,1.08081,1.0851,0.001254127,0.000736216,0.00368108
1/18/2023 12:04,DOWN,1.08505,1.08718,1.08119,1.08241,-0.000452591,0.000701737,0.003508686
1/18/2023 13:50,UP,1.08237,1.08653,1.08189,1.08603,0.001280711,0.000689115,0.003445574
1/18/2023 15:46,DOWN,1.086,1.08876,1.08361,1.08419,-0.000746823,0.000635965,0.003179824
1/18/2023 17:18,DOWN,1.08418,1.08496,1.07933,1.07981,-0.002201666,0.000800617,0.004003085
1/19/2023 8:24,UP,1.07983,1.08245,1.07822,1.08189,0.000785971,0.000597062,0.002985309
1/19/2023 19:42,UP,1.08187,1.08386,1.07838,1.08347,0.000886435,0.000705805,0.003529026
1/20/2023 12:22,DOWN,1.08347,1.08591,1.08144,1.08175,-0.000526785,0.000600987,0.003004935
1/20/2023 17:45,UP,1.08177,1.08481,1.08023,1.08437,0.000175232,0.000689195,0.003445973
1/23/2023 0:55,UP,1.08434,1.08874,1.08337,1.08829,0.001259649,0.000675132,0.003375661
1/23/2023 12:06,DOWN,1.08833,1.09271,1.0875,1.08754,-0.000413692,0.000684336,0.003421678
1/24/2023 1:48,UP,1.0875,1.08833,1.08463,1.08794,0.000606835,0.000490224,0.00245112
1/24/2023 9:39,DOWN,1.08797,1.08982,1.08638,1.08653,-0.00062565,0.000478059,0.002390295
1/24/2023 17:29,UP,1.08652,1.08838,1.08351,1.08808,0.00039527,0.000656623,0.003283115
1/25/2023 6:24,UP,1.08805,1.09114,1.0874,1.0911,0.001605174,0.000602808,0.003014039
1/25/2023 11:02,DOWN,1.09107,1.09114,1.08629,1.08648,-0.000469296,0.000788268,0.003941342
1/25/2023 15:10,UP,1.08647,1.09237,1.08572,1.09204,0.00206249,0.000873385,0.004366925
1/25/2023 23:22,UP,1.09205,1.09228,1.08742,1.09221,0.000522014,0.000760124,0.003800622
1/26/2023 13:33,DOWN,1.09215,1.09297,1.0873,1.0883,-0.000909262,0.000675826,0.003379129
1/26/2023 16:00,DOWN,1.08825,1.09178,1.0851,1.08551,-0.001344086,0.000814459,0.004072295
1/27/2023 0:45,UP,1.0855,1.09001,1.08505,1.08988,0.000284475,0.000744627,0.003723133
1/27/2023 13:30,DOWN,1.08993,1.09006,1.08594,1.08636,-0.000119659,0.000621101,0.003105504
1/30/2023 4:16,UP,1.08663,1.08798,1.08379,1.08778,0.000634521,0.000676163,0.003380814
1/30/2023 9:33,UP,1.08774,1.0898,1.0853,1.08973,0.001138544,0.000729639,0.003648196
1/30/2023 15:56,DOWN,1.08973,1.09138,1.08703,1.08731,-0.000652775,0.00062436,0.0031218
1/30/2023 19:22,DOWN,1.08729,1.08756,1.08393,1.08424,-0.001050875,0.000559459,0.002797294
1/31/2023 8:22,DOWN,1.08422,1.08603,1.08119,1.08176,-0.000757737,0.000652072,0.003260361
1/31/2023 13:32,UP,1.08171,1.08622,1.0802,1.0856,0.001622539,0.000711813,0.003559067
2/1/2023 6:11,UP,1.08556,1.08758,1.08333,1.08732,0.000459952,0.000551727,0.002758636
2/1/2023 12:43,UP,1.08728,1.08981,1.08658,1.08956,0.000339644,0.000490389,0.002451946
2/1/2023 16:46,UP,1.08956,1.09246,1.08881,1.09211,0.0002381,0.000555881,0.002779407
2/1/2023 19:51,UP,1.0921,1.0986,1.08888,1.09727,0.000619912,0.001244964,0.006224822
2/2/2023 5:20,UP,1.09727,1.10333,1.09694,1.1021,0.000363009,0.000873673,0.004368365
2/2/2023 13:19,DOWN,1.1021,1.1025,1.09651,1.09674,-0.002122224,0.000844954,0.004224772
2/2/2023 14:57,DOWN,1.09674,1.09886,1.09062,1.09078,-0.001511536,0.00127145,0.00635725
2/3/2023 0:16,DOWN,1.09079,1.09492,1.08855,1.08969,-0.000779734,0.000829774,0.00414887
2/3/2023 9:56,UP,1.08969,1.09291,1.08818,1.09284,0.001071179,0.000718462,0.003592308
2/3/2023 13:39,DOWN,1.0928,1.09402,1.08434,1.08589,-0.001573507,0.001314022,0.006570112
2/3/2023 18:32,DOWN,1.08596,1.08764,1.08092,1.08108,-7.40E-05,0.00109898,0.0054949
2/6/2023 8:27,DOWN,1.08107,1.08148,1.07751,1.07786,-0.000649224,0.000589532,0.00294766
2/6/2023 14:19,DOWN,1.07789,1.07953,1.07493,1.07534,-0.000390498,0.000601034,0.00300517
2/6/2023 15:48,DOWN,1.07537,1.07664,1.07262,1.07271,-0.000344861,0.000645572,0.003227858
2/7/2023 3:05,UP,1.07275,1.07427,1.07096,1.07395,0.000111743,0.0004988,0.002494001
2/7/2023 11:31,DOWN,1.07396,1.07439,1.06968,1.07054,-0.000616321,0.000657926,0.003289631
2/7/2023 15:18,DOWN,1.07058,1.07124,1.0669,1.06715,-0.000814923,0.00062459,0.003122952
2/7/2023 17:46,UP,1.06716,1.07371,1.06691,1.07309,0.003584869,0.00108619,0.005430952
2/7/2023 18:50,DOWN,1.07315,1.0767,1.0688,1.0688,-0.001589305,0.001201524,0.006007619
2/8/2023 3:40,UP,1.06879,1.07353,1.06873,1.07323,0.000223649,0.000815902,0.004079509
2/8/2023 14:54,DOWN,1.07322,1.07611,1.07178,1.07203,-0.000857817,0.000671126,0.003355629
2/9/2023 6:29,UP,1.07207,1.07439,1.07088,1.07436,0.000763537,0.000507759,0.002538793
2/9/2023 9:12,UP,1.07441,1.0768,1.07241,1.07652,0.001180424,0.000664135,0.003320676
2/9/2023 15:10,UP,1.07657,1.07908,1.07524,1.07871,0.00011125,0.000550177,0.002750886
2/9/2023 16:30,DOWN,1.07874,1.07896,1.0748,1.07484,-0.001022885,0.000628738,0.003143691
2/10/2023 0:47,DOWN,1.07486,1.07617,1.07257,1.07274,-0.000652322,0.000481786,0.002408929
2/10/2023 10:06,DOWN,1.07276,1.0753,1.07005,1.07011,-0.001176756,0.000748207,0.003741036
2/10/2023 17:28,DOWN,1.07008,1.07115,1.06663,1.06695,-0.00015932,0.000629887,0.003149434
2/13/2023 13:03,UP,1.06698,1.06966,1.06554,1.06949,0.000439558,0.000581863,0.002909316
2/13/2023 15:26,UP,1.06953,1.07171,1.06761,1.07145,0.000681552,0.000596121,0.002980605
2/14/2023 6:26,UP,1.07145,1.07401,1.07088,1.07386,6.52E-05,0.000478612,0.002393059
2/14/2023 10:01,UP,1.07387,1.0767,1.07288,1.07649,0.000306599,0.000618132,0.003090661
2/14/2023 14:28,DOWN,1.07651,1.08046,1.0719,1.0723,-0.001723777,0.001209234,0.006046172
2/15/2023 2:47,DOWN,1.07222,1.07719,1.07068,1.07253,-0.000643132,0.000633844,0.00316922
2/15/2023 13:24,DOWN,1.0725,1.07331,1.06969,1.06974,-0.000336474,0.000499847,0.002499237
2/16/2023 1:32,UP,1.06971,1.07061,1.06604,1.07046,0.001280643,0.000651978,0.003259889
2/16/2023 13:47,DOWN,1.07049,1.07225,1.06714,1.06759,-0.001544344,0.000704875,0.003524373
2/16/2023 19:10,UP,1.06761,1.06966,1.06544,1.06952,0.000505027,0.000615868,0.003079339
2/17/2023 0:33,DOWN,1.06951,1.06977,1.06549,1.06585,-0.000637785,0.000589969,0.002949844
2/17/2023 11:36,DOWN,1.06587,1.06657,1.06286,1.06309,-0.000479619,0.000554019,0.002770093
2/17/2023 14:24,UP,1.06312,1.06558,1.06127,1.06479,9.39E-06,0.000539432,0.002697162
2/17/2023 16:50,UP,1.0648,1.06823,1.06366,1.06771,0.001434001,0.000681341,0.003406706
2/21/2023 1:11,DOWN,1.06769,1.07048,1.06702,1.06715,-0.001198738,0.000486637,0.002433183
2/21/2023 15:42,UP,1.06718,1.06983,1.06427,1.06933,0.001637879,0.00077554,0.003877698
2/21/2023 18:28,DOWN,1.06931,1.06946,1.06442,1.06469,-0.001342213,0.000749909,0.003749546
2/22/2023 9:58,DOWN,1.06465,1.0664,1.06355,1.0637,-0.000366578,0.000471342,0.00235671
2/22/2023 14:58,UP,1.06373,1.06604,1.06246,1.06553,0.000215878,0.000535304,0.00267652
2/22/2023 16:55,DOWN,1.06551,1.06575,1.0617,1.06197,-0.000602472,0.00056064,0.002803201
2/23/2023 6:30,UP,1.06192,1.06362,1.05991,1.06265,0.00055537,0.000484992,0.002424962
2/23/2023 9:34,DOWN,1.06265,1.06279,1.05903,1.05922,-0.000802155,0.00052837,0.00264185
2/23/2023 13:20,UP,1.0592,1.06212,1.05857,1.06189,0.00040502,0.000505943,0.002529715
2/23/2023 16:58,DOWN,1.06191,1.06207,1.05792,1.05797,-0.000906987,0.000617926,0.00308963
2/24/2023 1:09,UP,1.058,1.06145,1.05769,1.06104,0.000725967,0.000510998,0.002554988
2/24/2023 8:14,DOWN,1.06109,1.06118,1.05797,1.0582,-0.000595173,0.000465393,0.002326967
2/24/2023 13:34,DOWN,1.05821,1.05962,1.05429,1.05613,-0.000946405,0.000542518,0.00271259
2/27/2023 10:55,UP,1.05619,1.0566,1.05329,1.0566,0.00118374,0.000534976,0.00267488
2/27/2023 14:25,UP,1.05657,1.05885,1.05504,1.05856,0.000377943,0.000543449,0.002717243
2/28/2023 5:36,DOWN,1.05853,1.06199,1.05797,1.05837,-0.00068006,0.000559562,0.00279781
2/28/2023 9:04,UP,1.05834,1.0626,1.05819,1.06219,0.000753445,0.000614043,0.003070216
2/28/2023 15:21,UP,1.06221,1.06454,1.06038,1.06407,0.000470004,0.000638457,0.003192283
2/28/2023 17:00,DOWN,1.0641,1.06423,1.06001,1.06003,-0.001178517,0.000711322,0.003556609
3/1/2023 0:23,DOWN,1.06007,1.061,1.05674,1.05685,-0.000955214,0.000572472,0.00286236
3/1/2023 6:30,UP,1.05686,1.06031,1.05652,1.06024,0.001047481,0.000564843,0.002824213
3/1/2023 7:58,UP,1.0603,1.06433,1.06006,1.06424,0.001824561,0.000729492,0.003647461
3/1/2023 12:33,UP,1.06428,1.06833,1.06257,1.06797,0.001386768,0.0008214,0.004107002
3/2/2023 1:42,DOWN,1.068,1.06916,1.06434,1.06498,-0.000797819,0.000664617,0.003323087
3/2/2023 10:21,DOWN,1.06502,1.0657,1.0619,1.06216,-0.000310639,0.000559321,0.002796606
3/2/2023 13:31,DOWN,1.06211,1.06312,1.05885,1.05888,-0.00143445,0.000664939,0.003324695
3/2/2023 18:15,DOWN,1.05892,1.06148,1.05765,1.05777,-0.000378083,0.000567786,0.002838929
3/3/2023 0:56,UP,1.05779,1.06091,1.05768,1.0609,0.001065701,0.000584332,0.002921658
3/3/2023 19:57,UP,1.06085,1.06332,1.05884,1.0633,0.000526801,0.000657491,0.003287456
3/6/2023 7:45,UP,1.06331,1.06571,1.06231,1.06538,0.000488208,0.000520826,0.002604132
3/6/2023 11:05,DOWN,1.06536,1.06575,1.06253,1.06273,-0.000150544,0.000495857,0.002479287
3/6/2023 14:15,UP,1.06272,1.06597,1.06221,1.06588,0.000638174,0.000522644,0.002613219
3/6/2023 16:11,UP,1.06588,1.069,1.06555,1.06885,0.000833017,0.000509686,0.002548432
3/7/2023 9:13,DOWN,1.06888,1.06947,1.06641,1.06642,-0.001096527,0.000517384,0.002586918
3/7/2023 15:04,DOWN,1.06644,1.06721,1.06043,1.06051,-0.004234264,0.0011468,0.005734002
3/7/2023 18:22,DOWN,1.06054,1.06158,1.05604,1.05607,-0.000795086,0.000856769,0.004283844
3/8/2023 15:38,UP,1.05604,1.05741,1.05244,1.05652,0.000785907,0.000572087,0.002860437
3/9/2023 11:03,UP,1.05651,1.05717,1.05374,1.05696,0.000813985,0.000521493,0.002607465
3/9/2023 19:08,UP,1.057,1.05904,1.05524,1.05867,0.000444052,0.000540777,0.002703883
3/10/2023 13:44,UP,1.05869,1.06443,1.05725,1.06401,0.001533115,0.001085682,0.00542841
3/10/2023 15:05,UP,1.06378,1.06822,1.0612,1.06798,0.001733744,0.001058796,0.005293982
3/10/2023 18:33,DOWN,1.06802,1.07008,1.06498,1.06518,-0.000281603,0.000788764,0.003943819
3/12/2023 23:12,UP,1.06516,1.0706,1.0636,1.06995,0.000757331,0.001023431,0.005117156
3/13/2023 2:56,UP,1.06985,1.0724,1.0664,1.07237,0.000876948,0.000981669,0.004908345
3/13/2023 9:16,DOWN,1.07233,1.07373,1.06702,1.06729,-0.001816038,0.000954845,0.004774227
3/13/2023 13:20,UP,1.06726,1.07198,1.06502,1.07132,0.001382428,0.000822242,0.004111211
3/13/2023 16:45,UP,1.07132,1.07426,1.06932,1.07379,0.000214218,0.000672605,0.003363026
3/14/2023 0:09,DOWN,1.07379,1.07486,1.07115,1.07124,-0.001399267,0.000563013,0.002815064
3/14/2023 7:28,DOWN,1.07128,1.07228,1.06867,1.06868,-0.001206369,0.000494729,0.002473643
3/14/2023 11:10,UP,1.06874,1.07232,1.06788,1.07175,0.000326622,0.000551937,0.002759686
3/14/2023 13:53,DOWN,1.07177,1.07496,1.0698,1.06999,-0.000130834,0.000804895,0.004024474
3/14/2023 17:41,UP,1.06998,1.07391,1.06982,1.07384,0.000829145,0.000716078,0.003580392
3/15/2023 9:02,DOWN,1.07381,1.076,1.07251,1.07265,-0.001006346,0.000568118,0.002840592
3/15/2023 9:42,DOWN,1.07268,1.07317,1.06718,1.06759,-0.002105333,0.000887468,0.004437339
3/15/2023 11:13,DOWN,1.06761,1.06846,1.06121,1.06177,-0.000753175,0.000944272,0.00472136
3/15/2023 13:00,DOWN,1.06174,1.06177,1.05525,1.05572,-0.00113602,0.001052991,0.005264953
3/15/2023 18:30,UP,1.05572,1.059,1.0516,1.0581,0.003009912,0.001046202,0.005231009
3/16/2023 5:38,UP,1.05816,1.06158,1.05719,1.06111,0.000980586,0.000609976,0.003049881
3/16/2023 13:23,DOWN,1.06107,1.06357,1.05549,1.05629,-0.003345749,0.001211298,0.006056492
3/16/2023 19:06,UP,1.05637,1.06266,1.05507,1.06144,9.42E-06,0.000972479,0.004862393
3/17/2023 5:03,UP,1.06141,1.06496,1.06062,1.06482,0.00030996,0.000653802,0.003269008
3/17/2023 10:14,DOWN,1.06485,1.06702,1.06346,1.06346,-0.000714393,0.000569065,0.002845325
3/17/2023 16:11,UP,1.06346,1.06514,1.0612,1.06502,0.000413223,0.000562215,0.002811075
3/20/2023 7:06,DOWN,1.06503,1.06904,1.06418,1.06493,-0.001285643,0.000738875,0.003694377
3/20/2023 10:30,UP,1.06494,1.06909,1.06314,1.06864,0.000664617,0.000819084,0.004095421
3/20/2023 13:47,UP,1.06869,1.07311,1.06868,1.07285,0.000233051,0.000768154,0.003840768
3/21/2023 9:30,UP,1.07284,1.07389,1.07039,1.07354,0.000726832,0.000537363,0.002686816
3/21/2023 11:25,UP,1.07352,1.07759,1.07352,1.07732,0.000668549,0.000613993,0.003069966
3/22/2023 7:48,DOWN,1.07733,1.07885,1.07563,1.07637,-0.0002601,0.000373558,0.001867789
3/22/2023 9:12,UP,1.07638,1.07901,1.07626,1.07884,0.000593406,0.000435152,0.002175758
3/22/2023 18:04,UP,1.07892,1.08471,1.07755,1.08459,0.004629959,0.001226275,0.006131375
3/23/2023 3:09,UP,1.08465,1.09128,1.08337,1.0901,0.000816772,0.000923104,0.004615522
3/23/2023 10:10,DOWN,1.0901,1.09299,1.08772,1.08779,-0.000937242,0.000756355,0.003781775
3/23/2023 15:39,UP,1.08781,1.09082,1.08667,1.09057,0.000357675,0.000607734,0.003038669
3/23/2023 18:42,DOWN,1.09058,1.09066,1.08583,1.08587,-0.001545951,0.000856506,0.004282529
3/24/2023 8:04,DOWN,1.08582,1.086,1.08172,1.08256,-0.000397128,0.000609461,0.003047304
3/24/2023 8:50,DOWN,1.08256,1.08263,1.07681,1.07742,-0.000695865,0.000862821,0.004314106
3/24/2023 10:13,DOWN,1.07739,1.07909,1.07214,1.07318,-5.59E-05,0.001084895,0.005424473
3/24/2023 17:28,UP,1.07314,1.07676,1.07132,1.07617,0.000464719,0.00078098,0.003904901
3/27/2023 13:31,UP,1.07621,1.07947,1.07449,1.07942,0.001501933,0.000733547,0.003667733
3/28/2023 0:35,UP,1.0794,1.08112,1.07756,1.08089,0.000249825,0.000564998,0.002824988
3/28/2023 12:26,UP,1.08096,1.0845,1.08061,1.08416,0.00072894,0.000537468,0.002687342
3/29/2023 1:01,UP,1.08414,1.0849,1.08163,1.08487,0.000313451,0.00048454,0.002422701
3/29/2023 7:11,DOWN,1.08484,1.08496,1.08179,1.08212,-0.000932918,0.000499221,0.002496106
3/29/2023 9:53,UP,1.08207,1.08559,1.08206,1.0854,0.001004743,0.000556111,0.002780554
3/30/2023 8:29,UP,1.08538,1.08714,1.08235,1.08639,0.000478764,0.000697566,0.003487832
3/30/2023 12:52,UP,1.08643,1.09105,1.08588,1.09067,0.00016505,0.000783202,0.003916011
3/31/2023 7:55,DOWN,1.09065,1.09264,1.088,1.0886,-0.000330645,0.000615947,0.003079736
3/31/2023 18:02,DOWN,1.08857,1.09021,1.08481,1.0854,-0.000939304,0.000680172,0.003400858
4/2/2023 23:01,DOWN,1.08542,1.08624,1.08048,1.08226,-0.000674287,0.000712782,0.003563908
4/3/2023 7:35,UP,1.08229,1.08345,1.07882,1.0833,0.000821901,0.000685249,0.003426247
4/3/2023 11:57,UP,1.08328,1.08757,1.08299,1.08697,0.000404877,0.000611838,0.003059188
4/3/2023 14:22,UP,1.08696,1.0917,1.08617,1.09102,0.001788917,0.000789221,0.003946105
4/4/2023 7:44,UP,1.091,1.09202,1.08784,1.09152,0.000687351,0.000597007,0.002985034
4/4/2023 12:04,DOWN,1.0915,1.09383,1.08949,1.08986,-0.000788781,0.000625608,0.003128039
4/4/2023 14:10,UP,1.08989,1.09416,1.08867,1.09383,0.00128988,0.000762229,0.003811144
4/5/2023 7:34,UP,1.09379,1.09734,1.09341,1.09663,0.000519909,0.000481338,0.002406689
4/5/2023 14:41,DOWN,1.0966,1.0967,1.09214,1.09251,-0.001033781,0.000630773,0.003153864
4/6/2023 2:59,DOWN,1.09248,1.09254,1.08847,1.08866,-0.000440812,0.000676907,0.003384535
4/6/2023 15:04,UP,1.08867,1.09284,1.08859,1.09284,0.001144463,0.000684815,0.003424074
4/7/2023 12:32,DOWN,1.09281,1.09377,1.08875,1.09046,-0.000999079,0.000574673,0.002873363
4/10/2023 12:22,DOWN,1.09042,1.09175,1.08574,1.08623,-0.000616622,0.000859205,0.004296027
4/10/2023 23:54,UP,1.08626,1.08722,1.08313,1.08691,0.000552176,0.000554936,0.002774678
4/11/2023 7:54,UP,1.08691,1.09046,1.0867,1.0899,0.000321182,0.0005353,0.0026765
4/12/2023 1:29,UP,1.08992,1.09281,1.08944,1.09242,0.000412014,0.000444481,0.002222407
4/12/2023 13:37,UP,1.09245,1.09901,1.09159,1.09851,0.000482588,0.001120925,0.005604625
4/13/2023 7:39,UP,1.09849,1.10051,1.09645,1.1,0.000100005,0.000588281,0.002941405
4/13/2023 13:00,UP,1.10001,1.10537,1.09954,1.10468,0.001014383,0.000700022,0.003500109
4/14/2023 4:21,UP,1.10467,1.10752,1.10433,1.10715,-2.71E-05,0.00048677,0.002433852
4/14/2023 12:49,DOWN,1.10719,1.10761,1.10184,1.10231,-0.000816134,0.000729515,0.003647576
4/14/2023 15:28,DOWN,1.10228,1.10366,1.09858,1.09887,-0.001527676,0.000696396,0.003481979
4/17/2023 7:12,UP,1.09884,1.09997,1.09616,1.09964,0.000818785,0.000545963,0.002729815
4/17/2023 12:46,DOWN,1.09965,1.1,1.09589,1.09594,-0.000875577,0.000594654,0.002973268
4/17/2023 14:14,DOWN,1.0959,1.09612,1.09193,1.09212,-0.000210577,0.000650663,0.003253317
4/18/2023 3:15,UP,1.09213,1.09389,1.09091,1.09377,0.000438945,0.000393952,0.001969761
4/18/2023 7:30,UP,1.09378,1.09609,1.09337,1.09597,0.00077587,0.000448345,0.002241727
4/18/2023 13:28,DOWN,1.09597,1.09831,1.09465,1.09492,-0.000556963,0.000503501,0.002517506
4/18/2023 19:37,UP,1.09489,1.0975,1.09429,1.09723,9.11E-06,0.000415662,0.00207831
4/19/2023 6:20,DOWN,1.09722,1.09842,1.09538,1.09558,-0.000957937,0.000486625,0.002433126
4/19/2023 9:50,DOWN,1.09555,1.09726,1.09262,1.09289,-0.000466544,0.000635365,0.003176823
4/19/2023 13:36,UP,1.09289,1.09593,1.09172,1.09577,0.000520317,0.000575005,0.002875026
4/20/2023 14:10,UP,1.09578,1.09898,1.09335,1.0988,0.000983374,0.000790171,0.003950854
4/21/2023 6:00,DOWN,1.09883,1.09889,1.09558,1.09579,-0.000118629,0.000522454,0.002612271
4/21/2023 11:32,UP,1.09578,1.09812,1.0938,1.09758,0.000601504,0.000544741,0.002723707
4/21/2023 14:09,DOWN,1.09762,1.09938,1.09425,1.09469,-0.000474908,0.000667769,0.003338845
4/21/2023 18:17,UP,1.09465,1.0988,1.09442,1.09871,0.00111101,0.000636037,0.003180187
4/24/2023 9:14,UP,1.09874,1.10173,1.09658,1.10166,0.000962648,0.0006369,0.003184498
4/24/2023 16:49,UP,1.10168,1.10372,1.09991,1.10326,0.00013597,0.000518921,0.002594603
4/25/2023 0:40,UP,1.10325,1.1065,1.1031,1.10643,0.000650953,0.00049313,0.002465649
4/25/2023 7:08,DOWN,1.10643,1.10672,1.10302,1.10332,-0.001376712,0.000498998,0.002494991
4/25/2023 11:39,DOWN,1.10333,1.10442,1.10142,1.10155,-0.000481025,0.000441373,0.002206863
4/25/2023 13:48,DOWN,1.10153,1.10296,1.09943,1.10004,-0.000627053,0.000428971,0.002144857
4/25/2023 16:05,DOWN,1.10006,1.1004,1.09653,1.09703,-0.000610553,0.000488756,0.002443782
4/26/2023 6:22,UP,1.097,1.0992,1.09641,1.09911,0.000509633,0.000375665,0.001878327
4/26/2023 7:23,UP,1.09911,1.10243,1.09901,1.10222,0.001443585,0.000535408,0.002677039
4/26/2023 9:14,UP,1.10222,1.1054,1.10121,1.10482,0.000244414,0.000545618,0.00272809
4/26/2023 13:28,UP,1.10486,1.10956,1.10313,1.10926,0.002527397,0.000892514,0.004462571
4/26/2023 14:58,DOWN,1.10928,1.10933,1.10418,1.10435,-0.000606508,0.000804873,0.004024363
4/27/2023 6:56,UP,1.10432,1.10637,1.10324,1.10589,0.000307492,0.000433381,0.002166904
4/27/2023 12:38,DOWN,1.10585,1.10597,1.10111,1.10139,-0.00181424,0.000704381,0.003521905
4/27/2023 20:46,UP,1.10139,1.103,1.0992,1.10276,0.000154171,0.000570906,0.002854531
4/28/2023 6:00,DOWN,1.10281,1.10394,1.10057,1.10105,-0.00067186,0.000429848,0.002149242
4/28/2023 8:17,DOWN,1.10102,1.10366,1.09812,1.09837,-0.000236686,0.000795889,0.003979447
4/28/2023 14:25,UP,1.09833,1.10157,1.09626,1.10136,0.00028151,0.00072202,0.003610098
4/30/2023 22:39,DOWN,1.10133,1.10453,1.10059,1.10114,-0.000463049,0.000517424,0.00258712
5/1/2023 12:35,UP,1.10107,1.102,1.09884,1.10174,0.000299571,0.000435091,0.002175453
5/1/2023 14:20,DOWN,1.10172,1.10359,1.0995,1.09953,-0.000409182,0.000592802,0.002964012
5/1/2023 17:12,DOWN,1.09952,1.09961,1.09643,1.0968,-5.47E-05,0.000494297,0.002471483
5/2/2023 1:36,UP,1.09676,1.09944,1.09653,1.09917,0.00044589,0.000426217,0.002131085
5/2/2023 9:16,DOWN,1.09912,1.10069,1.096,1.09699,-0.000437465,0.000538387,0.002691936
5/2/2023 15:52,UP,1.09704,1.09946,1.0942,1.09945,0.000900856,0.000697388,0.003486939
5/3/2023 2:04,UP,1.09943,1.10243,1.0994,1.10222,0.000372046,0.00048142,0.002407099
5/3/2023 8:47,UP,1.10219,1.10471,1.10142,1.10432,0.000389456,0.00040497,0.002024849
5/3/2023 18:04,UP,1.10433,1.10918,1.10221,1.10702,0.001573024,0.000580223,0.002901117
5/4/2023 0:21,UP,1.10708,1.10875,1.10373,1.10875,0.001688008,0.000685239,0.003426193
5/4/2023 7:53,DOWN,1.1087,1.10916,1.10521,1.10549,-0.000660123,0.000563165,0.002815824
5/4/2023 11:16,UP,1.10546,1.10722,1.10365,1.10682,0.000723053,0.00053988,0.002699402
5/4/2023 12:34,DOWN,1.1068,1.10847,1.10126,1.10209,-0.001595692,0.000867833,0.004339163
5/5/2023 1:05,UP,1.10204,1.10551,1.09861,1.10289,0.000816371,0.000700271,0.003501356
5/5/2023 12:01,DOWN,1.1029,1.1048,1.10074,1.101,-0.000871555,0.000517617,0.002588084
5/5/2023 12:44,DOWN,1.10101,1.10187,1.0969,1.09722,-0.000373602,0.000797671,0.003988353
5/5/2023 15:03,UP,1.09722,1.10104,1.09667,1.10091,0.000772387,0.000670799,0.003353994
5/8/2023 5:03,UP,1.10094,1.10446,1.10085,1.10436,0.000335092,0.000550465,0.002752326
5/8/2023 14:38,DOWN,1.10434,1.10538,1.10214,1.10218,-0.000662105,0.000526132,0.002630659
5/9/2023 0:06,DOWN,1.10218,1.10295,1.09902,1.09902,-0.001000391,0.000514536,0.002572681
5/9/2023 11:33,DOWN,1.09905,1.10009,1.09681,1.09681,-0.001302932,0.000496243,0.002481217
5/10/2023 0:51,UP,1.09673,1.09727,1.09411,1.09704,0.000118508,0.000463293,0.002316466
5/10/2023 11:08,DOWN,1.09705,1.09826,1.09477,1.09481,-0.000639176,0.000591943,0.002959714
5/10/2023 12:49,UP,1.09478,1.09971,1.09416,1.09941,0.000655111,0.00071477,0.003573848
5/10/2023 17:31,DOWN,1.09936,1.10071,1.0964,1.09661,-0.000392041,0.000584461,0.002922303
5/11/2023 1:28,UP,1.0966,1.09984,1.09616,1.09932,0.000181947,0.000463483,0.002317417
5/11/2023 6:37,DOWN,1.09929,1.09938,1.09429,1.09475,-0.002381268,0.000781205,0.003906025
5/11/2023 13:46,DOWN,1.09471,1.09545,1.09063,1.09084,-0.000934622,0.00064452,0.003222598
5/12/2023 6:44,UP,1.09083,1.09318,1.09001,1.09306,0.000567376,0.0004672,0.002335998
5/12/2023 11:16,DOWN,1.09309,1.09356,1.08989,1.09021,-0.000531866,0.000487568,0.00243784
5/12/2023 14:55,DOWN,1.09021,1.09021,1.0866,1.08678,-0.000754238,0.000542513,0.002712566
5/15/2023 6:12,UP,1.08678,1.08712,1.08452,1.08701,0.000266822,0.000347942,0.001739708
5/15/2023 12:30,UP,1.08698,1.08874,1.08554,1.08862,0.000937405,0.000465363,0.002326816
5/16/2023 8:03,UP,1.08854,1.08947,1.08627,1.08881,6.43E-05,0.000440822,0.002204111
5/16/2023 15:02,DOWN,1.08883,1.09047,1.08597,1.08667,-0.000239234,0.000532928,0.00266464
5/17/2023 7:59,DOWN,1.08669,1.08737,1.08313,1.08319,-0.000655257,0.000649546,0.003247732
5/18/2023 0:54,UP,1.08317,1.08493,1.08102,1.08428,0.000479696,0.000486657,0.002433286
5/18/2023 8:00,DOWN,1.0843,1.08481,1.08091,1.08161,-0.000850222,0.000470596,0.002352981
5/18/2023 13:34,DOWN,1.08163,1.08223,1.07839,1.07862,-0.000324436,0.000513702,0.002568511
5/19/2023 9:47,UP,1.07862,1.08044,1.07599,1.07976,0.000843135,0.000593961,0.002969804
5/19/2023 14:59,DOWN,1.07978,1.08239,1.07843,1.07862,-0.000407845,0.000512413,0.002562064
5/19/2023 17:45,UP,1.07863,1.08289,1.07821,1.08285,0.000914672,0.000666845,0.003334227
5/22/2023 14:56,DOWN,1.08286,1.08314,1.07954,1.08011,-0.001036394,0.000465674,0.002328368
5/23/2023 7:30,DOWN,1.08011,1.08217,1.07852,1.07919,-0.000111188,0.000477572,0.002387858
5/23/2023 10:16,DOWN,1.07924,1.08083,1.07728,1.07739,-0.000797907,0.000553482,0.002767408
5/23/2023 14:25,UP,1.07739,1.07957,1.0763,1.07928,0.000315074,0.000537156,0.002685781
5/23/2023 16:25,DOWN,1.07929,1.07953,1.07602,1.07623,-0.000919455,0.000534766,0.002673829
5/24/2023 5:53,UP,1.07624,1.07852,1.07608,1.07847,0.000389516,0.000370248,0.001851239
5/24/2023 10:14,DOWN,1.07848,1.07948,1.07565,1.07588,-0.001374673,0.000502854,0.002514271
5/24/2023 12:01,UP,1.07587,1.07821,1.07481,1.07816,0.000788691,0.000552491,0.002762456
5/24/2023 14:51,DOWN,1.07813,1.08014,1.07608,1.07613,-0.000789556,0.000517227,0.002586133
5/25/2023 2:55,DOWN,1.07613,1.07661,1.07401,1.07432,9.31E-06,0.000359227,0.001796134
5/25/2023 13:00,DOWN,1.07433,1.07442,1.07141,1.07161,-0.000242596,0.000467864,0.002339321
5/26/2023 3:29,UP,1.07158,1.07388,1.07073,1.07375,0.000391229,0.000437147,0.002185733
5/26/2023 11:46,UP,1.07378,1.07588,1.07253,1.0751,0.000372128,0.000378399,0.001891996
5/26/2023 13:54,DOWN,1.07513,1.07579,1.07205,1.07211,-0.001072076,0.000625063,0.003125313
5/29/2023 1:51,UP,1.07208,1.0741,1.07017,1.07295,0.000270319,0.000505389,0.002526947
5/29/2023 10:38,DOWN,1.07293,1.07437,1.07132,1.07141,-0.00034528,0.00045628,0.0022814
5/30/2023 5:25,DOWN,1.07141,1.07265,1.0684,1.06884,-0.001897454,0.000593665,0.002968323
5/30/2023 9:23,UP,1.06879,1.07111,1.06724,1.07107,0.000934082,0.000561316,0.002806579
5/30/2023 11:39,UP,1.07104,1.074,1.07103,1.07395,0.000745191,0.000519021,0.002595106
5/30/2023 17:07,DOWN,1.07394,1.07467,1.0716,1.07167,-0.000634322,0.000498797,0.002493986
5/31/2023 2:31,DOWN,1.07169,1.07372,1.07066,1.07068,-0.000345515,0.000465625,0.002328126
5/31/2023 7:10,DOWN,1.07072,1.07082,1.06768,1.0677,-0.000552437,0.000461614,0.002308071
5/31/2023 13:20,UP,1.06768,1.06876,1.06586,1.0685,0.000571057,0.000388178,0.001940888
5/31/2023 14:16,DOWN,1.06847,1.07053,1.06629,1.06646,-0.000515592,0.000569314,0.00284657
5/31/2023 16:42,DOWN,1.06646,1.0685,1.0637,1.06376,-0.000723586,0.0006633,0.003316501
5/31/2023 18:25,UP,1.06374,1.06758,1.06351,1.06747,0.000431018,0.000694602,0.003473009
6/1/2023 7:50,DOWN,1.0675,1.06974,1.06617,1.06666,-0.000374932,0.000511252,0.002556261
6/1/2023 9:47,UP,1.06667,1.06979,1.06635,1.06975,0.000607803,0.000528106,0.002640529
6/1/2023 13:55,UP,1.06975,1.07303,1.06845,1.0729,0.000671304,0.000655027,0.003275133
6/1/2023 16:42,UP,1.07288,1.07591,1.07211,1.07566,0.00047424,0.000560395,0.002801973
6/2/2023 8:58,UP,1.07569,1.07791,1.07556,1.07767,0.000538343,0.000368834,0.001844169
6/2/2023 12:33,DOWN,1.07767,1.07771,1.07347,1.07428,-0.001859981,0.000584576,0.00292288
6/2/2023 14:55,DOWN,1.0743,1.07711,1.07233,1.07243,-0.000782961,0.000795683,0.003978416
6/5/2023 0:04,DOWN,1.07247,1.07298,1.06922,1.0693,-0.000458139,0.000592127,0.002960637
6/5/2023 14:25,UP,1.06934,1.07225,1.06745,1.07172,0.000149304,0.0007407,0.003703501
6/6/2023 8:15,DOWN,1.07174,1.0733,1.07026,1.07028,-0.000233556,0.000470976,0.002354878
6/6/2023 12:24,DOWN,1.07028,1.0706,1.06727,1.06749,-0.000664891,0.00049262,0.0024631
6/6/2023 16:06,UP,1.06752,1.06977,1.0667,1.06976,0.000607798,0.000499182,0.002495912
6/7/2023 6:26,DOWN,1.06972,1.07045,1.0675,1.06769,-0.000514998,0.000410343,0.002051713
6/7/2023 10:06,UP,1.06772,1.07021,1.06683,1.07,0.000439349,0.000425963,0.002129817
6/7/2023 13:41,UP,1.07004,1.07279,1.06991,1.07258,0.000708823,0.000440502,0.002202509
6/7/2023 14:45,DOWN,1.07257,1.07398,1.0708,1.07102,-0.000317404,0.000507661,0.002538306
6/8/2023 5:35,UP,1.07102,1.07167,1.06909,1.07158,0.000438701,0.00036864,0.0018432
6/8/2023 9:02,UP,1.07156,1.07302,1.07009,1.07279,0.000745997,0.000454042,0.002270211
6/8/2023 12:38,UP,1.0728,1.07591,1.07207,1.07553,0.000390581,0.000533498,0.002667488
6/8/2023 15:15,UP,1.07557,1.07771,1.07413,1.07768,0.000686896,0.000474734,0.002373672
6/9/2023 9:12,DOWN,1.07769,1.07872,1.07593,1.07621,-0.00021369,0.000402322,0.002011608
6/9/2023 12:19,UP,1.07622,1.07818,1.07565,1.07812,0.000259745,0.000420388,0.00210194
6/9/2023 15:35,DOWN,1.07815,1.07843,1.07483,1.07527,-0.000511369,0.000502618,0.00251309
6/12/2023 7:52,UP,1.07527,1.0767,1.07331,1.0767,0.001496429,0.000505744,0.002528722
6/12/2023 13:41,DOWN,1.07671,1.07903,1.07526,1.07567,-0.000938509,0.000497092,0.002485462
6/13/2023 3:02,UP,1.07568,1.07758,1.07431,1.07754,0.000519837,0.000464412,0.00232206
6/13/2023 7:32,UP,1.07752,1.08041,1.0775,1.08006,0.000527888,0.000423911,0.002119557
6/13/2023 14:14,DOWN,1.08006,1.08237,1.07783,1.07783,-0.001298063,0.000762175,0.003810877
6/14/2023 6:06,DOWN,1.07783,1.08091,1.0774,1.07792,-0.000677001,0.000462391,0.002311953
6/14/2023 9:30,UP,1.07794,1.08049,1.07793,1.08048,0.000148093,0.000452521,0.002262607
6/14/2023 12:59,UP,1.08049,1.08331,1.08018,1.08328,0.000415491,0.000456174,0.002280872
6/14/2023 15:55,UP,1.08325,1.08582,1.08272,1.08557,0.000433046,0.000402611,0.002013053
6/14/2023 18:04,DOWN,1.08559,1.08642,1.08073,1.08158,-0.001718229,0.000718379,0.003591894
6/15/2023 2:01,DOWN,1.08155,1.08453,1.08012,1.08089,-0.000813813,0.000636479,0.003182396
6/15/2023 9:22,UP,1.08093,1.0845,1.08038,1.08438,0.001042613,0.000558578,0.00279289
6/15/2023 12:36,UP,1.08435,1.08782,1.08145,1.08732,0.00170288,0.0008132,0.004066001
6/15/2023 14:08,UP,1.08735,1.09117,1.08519,1.09112,0.001054519,0.000859197,0.004295983
6/15/2023 19:00,UP,1.0911,1.09512,1.09028,1.09501,0.000566365,0.000653107,0.003265535
6/16/2023 12:15,UP,1.09504,1.09687,1.09339,1.0968,0.000629301,0.000457705,0.002288526
6/16/2023 14:35,DOWN,1.09681,1.09708,1.09314,1.09366,-0.000137145,0.00053151,0.002657548
6/19/2023 0:08,UP,1.09369,1.09464,1.0918,1.09453,0.000566614,0.000445077,0.002225385
6/19/2023 9:46,DOWN,1.09458,1.09463,1.09171,1.09202,-0.000622505,0.000365727,0.001828634
6/20/2023 6:39,UP,1.09206,1.09325,1.09071,1.09319,0.000256164,0.000371266,0.001856328
6/20/2023 12:50,DOWN,1.09319,1.09463,1.09129,1.09148,-0.000503776,0.000464388,0.002321939
6/20/2023 22:23,UP,1.09153,1.09247,1.08921,1.09193,0.000238139,0.000433424,0.002167119
6/21/2023 8:16,UP,1.09189,1.09287,1.09056,1.09273,0.000769012,0.000354909,0.001774546
6/21/2023 12:36,DOWN,1.09273,1.09339,1.09081,1.09092,-0.000366596,0.000387539,0.001937693
6/21/2023 14:29,UP,1.09096,1.09439,1.09085,1.09429,0.000895959,0.000580689,0.002903445
6/21/2023 17:27,UP,1.09432,1.09754,1.09426,1.09733,0.000209622,0.00054484,0.002724199
6/22/2023 8:16,UP,1.09735,1.10009,1.09726,1.09999,0.000381895,0.000415552,0.002077759
6/22/2023 13:03,DOWN,1.10001,1.1012,1.09802,1.09816,-0.000418795,0.000438174,0.002190872
6/22/2023 15:55,DOWN,1.09813,1.09893,1.09521,1.09559,-0.000365033,0.000459428,0.002297141
6/23/2023 2:21,DOWN,1.09556,1.09629,1.09378,1.09384,-0.000648879,0.000402862,0.002014309
6/23/2023 7:15,DOWN,1.09383,1.09409,1.09037,1.09058,-0.001429409,0.000487501,0.002437506
6/23/2023 7:35,DOWN,1.09056,1.09061,1.08536,1.08665,-0.001158855,0.000667277,0.003336384
6/23/2023 12:00,UP,1.0867,1.08793,1.08445,1.08772,0.000321826,0.000512848,0.00256424
6/25/2023 22:44,UP,1.08775,1.09078,1.0877,1.09042,0.000165088,0.000456468,0.002282339
6/26/2023 8:46,DOWN,1.0904,1.09113,1.08873,1.08887,-0.000394827,0.000362879,0.001814395
6/26/2023 11:44,UP,1.08886,1.09148,1.08877,1.09133,0.000513267,0.000367568,0.001837842
6/27/2023 3:12,UP,1.09133,1.09352,1.08999,1.09251,0.000375353,0.000411639,0.002058197
6/27/2023 10:43,UP,1.09249,1.09458,1.09163,1.09436,0.000173633,0.000374665,0.001873325
6/27/2023 13:32,UP,1.09436,1.09739,1.09428,1.09735,0.00060163,0.000505146,0.002525732
6/28/2023 1:25,DOWN,1.09735,1.09768,1.09424,1.09521,-0.000337778,0.000377826,0.001889129
6/28/2023 12:27,DOWN,1.09524,1.09626,1.09307,1.09312,-0.000320133,0.000426478,0.002132392
6/28/2023 14:50,DOWN,1.09312,1.09446,1.09037,1.09049,-0.001108978,0.00058194,0.002909699
6/29/2023 4:32,DOWN,1.09045,1.0924,1.08899,1.08901,-0.00023872,0.000528664,0.002643318
6/29/2023 7:27,UP,1.08903,1.09208,1.08806,1.09174,0.00076971,0.000566056,0.00283028
6/29/2023 12:55,DOWN,1.09171,1.09415,1.08788,1.08798,-0.00227686,0.000924048,0.004620242
6/30/2023 1:53,DOWN,1.08802,1.08965,1.08602,1.08618,-0.000616651,0.000521565,0.002607823
6/30/2023 8:28,DOWN,1.08617,1.08757,1.0842,1.08421,-0.000811322,0.00054091,0.002704549
6/30/2023 12:17,UP,1.08424,1.08729,1.08353,1.08685,0.001242894,0.000524581,0.002622905
6/30/2023 13:07,UP,1.08683,1.09035,1.0868,1.09018,0.000587231,0.000567562,0.002837808
7/3/2023 0:43,DOWN,1.09021,1.09319,1.08965,1.09068,-0.000192522,0.000408996,0.002044981
7/3/2023 7:12,DOWN,1.09066,1.09183,1.08836,1.08852,-0.000642868,0.000492896,0.00246448
7/3/2023 12:43,UP,1.08853,1.09069,1.08703,1.09063,0.000761318,0.000567112,0.002835561
7/4/2023 5:09,DOWN,1.09067,1.09341,1.08985,1.08988,-0.000366946,0.00049061,0.002453052
7/4/2023 19:07,DOWN,1.08985,1.09149,1.08848,1.08848,-0.00109267,0.000421193,0.002105965
7/5/2023 14:49,DOWN,1.08851,1.09081,1.08665,1.08673,-0.000938155,0.000582271,0.002911356
7/6/2023 1:11,DOWN,1.08671,1.08774,1.0846,1.08461,-0.000580685,0.000441272,0.002206359
7/6/2023 6:31,UP,1.0846,1.08679,1.08337,1.08663,0.000616775,0.000502113,0.002510564
7/6/2023 10:31,UP,1.08662,1.08894,1.08454,1.08891,0.001323299,0.000610573,0.003052866
7/6/2023 14:07,DOWN,1.0889,1.09007,1.08548,1.0855,-0.001344099,0.000723494,0.003617472
7/6/2023 16:12,UP,1.08555,1.08861,1.08337,1.0879,0.000376944,0.000700117,0.003500583
7/7/2023 12:51,UP,1.08789,1.09317,1.0867,1.09185,0.000696309,0.000804714,0.004023568
7/7/2023 14:43,UP,1.09183,1.0948,1.08952,1.0947,0.00091391,0.000723555,0.003617776
7/10/2023 5:38,DOWN,1.09473,1.09734,1.09428,1.09508,-0.00031956,0.000398933,0.001994665
7/10/2023 9:31,UP,1.09508,1.09732,1.0945,1.09693,0.000209698,0.000381714,0.001908571
7/10/2023 12:31,DOWN,1.09692,1.09717,1.09467,1.0948,-0.000721333,0.000379597,0.001897987
7/10/2023 13:56,UP,1.09481,1.09703,1.09435,1.09696,0.000610965,0.000389674,0.00194837
7/10/2023 17:42,UP,1.09694,1.09953,1.09663,1.09948,0.000336579,0.00040007,0.00200035
7/11/2023 1:32,UP,1.09945,1.10131,1.09913,1.10125,0.000345122,0.000335231,0.001676155
7/11/2023 9:13,DOWN,1.10128,1.10272,1.0998,1.09999,-0.000463533,0.000367614,0.001838068
7/11/2023 12:39,DOWN,1.09996,1.10128,1.09801,1.09803,-0.000309598,0.000472189,0.002360945
7/11/2023 17:08,UP,1.09806,1.10068,1.0977,1.10051,0.000736293,0.000403053,0.002015264
7/12/2023 1:10,UP,1.10053,1.1024,1.09975,1.10239,0.000489965,0.000382066,0.001910328
7/12/2023 12:03,DOWN,1.10239,1.1037,1.10136,1.10177,-0.000381132,0.000301563,0.001507813
7/12/2023 12:36,UP,1.10176,1.10678,1.1017,1.1066,0.000714153,0.00082306,0.004115299
7/12/2023 13:51,UP,1.10655,1.10933,1.10445,1.10917,0.000532071,0.000742243,0.003711216
7/12/2023 16:29,UP,1.10917,1.11308,1.10888,1.11305,0.000242606,0.000648586,0.003242928
7/13/2023 7:13,UP,1.11303,1.11565,1.11245,1.11565,0.000968514,0.000442185,0.002210925
7/13/2023 9:48,UP,1.11564,1.11746,1.11362,1.11687,0.000331338,0.000526396,0.002631982
7/13/2023 13:37,UP,1.11688,1.1191,1.11595,1.1188,0.000545376,0.000443128,0.002215638
7/13/2023 17:36,UP,1.11886,1.12093,1.11806,1.12082,0.000223076,0.000423481,0.002117404
7/14/2023 1:40,UP,1.12081,1.12338,1.12081,1.12298,0.000409708,0.000372481,0.001862405
7/14/2023 6:28,DOWN,1.123,1.12431,1.12154,1.12155,-0.000704134,0.000394956,0.001974778
7/14/2023 9:18,UP,1.12157,1.12452,1.12041,1.12423,0.001076872,0.000492184,0.002460922
7/17/2023 7:17,UP,1.12425,1.12445,1.12102,1.12394,0.000623003,0.000414414,0.00207207
7/17/2023 13:33,DOWN,1.12392,1.12489,1.12137,1.12147,-0.001398969,0.00050778,0.002538898
7/17/2023 16:02,UP,1.12151,1.12381,1.12033,1.12365,6.23E-05,0.000480087,0.002400433
7/18/2023 4:26,UP,1.12364,1.12563,1.12301,1.12551,5.33E-05,0.00040853,0.002042652
7/18/2023 8:45,DOWN,1.12554,1.12758,1.12349,1.12404,-0.000542538,0.000529439,0.002647196
7/18/2023 13:44,DOWN,1.12402,1.12701,1.12216,1.12258,-0.000516534,0.000526098,0.002630489
7/19/2023 6:46,DOWN,1.1226,1.12457,1.1196,1.12017,-0.001026103,0.000545339,0.002726696
7/19/2023 9:22,UP,1.12013,1.124,1.12012,1.12381,0.000934758,0.000566226,0.00283113
7/19/2023 12:48,DOWN,1.12383,1.12403,1.12088,1.12095,-0.000472701,0.000501614,0.00250807
7/19/2023 14:40,DOWN,1.12096,1.12247,1.11828,1.11875,-0.000250248,0.000561283,0.002806413
7/20/2023 0:07,UP,1.11872,1.12069,1.11743,1.12064,0.00031237,0.000417601,0.002088005
7/20/2023 7:51,DOWN,1.12062,1.12292,1.11982,1.11993,-0.001302804,0.000488269,0.002441343
7/20/2023 12:44,DOWN,1.11991,1.12168,1.11771,1.1178,-0.000742254,0.000536331,0.002681655
7/20/2023 14:36,DOWN,1.11776,1.11888,1.1144,1.11462,-0.000681614,0.000595831,0.002979153
7/21/2023 7:34,DOWN,1.11464,1.11526,1.11184,1.11302,-0.000565867,0.000350433,0.001752163
7/24/2023 6:55,UP,1.11306,1.11404,1.11078,1.11392,0.001005964,0.000454325,0.002271627
7/24/2023 7:35,DOWN,1.11397,1.11472,1.10802,1.10811,-0.004007805,0.001111338,0.005556688
7/24/2023 17:36,DOWN,1.10806,1.11092,1.10658,1.10695,-0.001254915,0.000662103,0.003310517
7/25/2023 7:32,UP,1.10696,1.10872,1.10597,1.10842,0.000279716,0.000406807,0.002034034
7/25/2023 9:44,DOWN,1.10843,1.10846,1.10433,1.10446,-0.000986421,0.000634693,0.003173465
7/26/2023 5:33,UP,1.10448,1.10588,1.10207,1.10525,0.000506801,0.000448708,0.002243542
7/26/2023 10:02,UP,1.10526,1.10779,1.10521,1.10761,0.000388299,0.00041028,0.0020514
7/26/2023 18:46,UP,1.10762,1.1103,1.10566,1.1094,0.000387672,0.000595287,0.002976435
7/27/2023 2:17,UP,1.10929,1.11181,1.10774,1.11112,0.000585166,0.000536953,0.002684764
7/27/2023 7:39,UP,1.1111,1.11225,1.1088,1.11214,0.000413703,0.000540631,0.002703156
7/27/2023 12:28,DOWN,1.11223,1.11498,1.10931,1.10971,-0.000792686,0.000733672,0.003668359
7/27/2023 13:14,DOWN,1.1097,1.10972,1.10339,1.10343,-0.001023555,0.001014209,0.005071045
7/27/2023 17:38,DOWN,1.10343,1.10396,1.0984,1.09947,-0.000227356,0.000700441,0.003502206
7/28/2023 4:18,DOWN,1.09944,1.1,1.09646,1.09649,-0.001011809,0.000516743,0.002583715
7/28/2023 8:15,DOWN,1.09647,1.09914,1.09436,1.09503,-0.00042912,0.000529415,0.002647074
7/28/2023 10:39,UP,1.09506,1.09886,1.09503,1.09853,0.000801392,0.000539329,0.002696647
7/28/2023 12:32,UP,1.09852,1.10338,1.09849,1.10235,0.001279904,0.000654983,0.003274915
7/28/2023 14:31,UP,1.10219,1.10477,1.09931,1.1041,0.000153983,0.000774313,0.003871564
7/31/2023 2:30,DOWN,1.10407,1.10439,1.10091,1.10114,-0.000208853,0.00051821,0.002591051
7/31/2023 10:50,UP,1.10111,1.10403,1.10053,1.10392,0.000289918,0.000533606,0.002668032
7/31/2023 16:50,DOWN,1.10394,1.10459,1.10045,1.10056,-0.000708479,0.00060359,0.003017948
8/1/2023 2:25,DOWN,1.10057,1.10114,1.09804,1.09812,-0.000482527,0.000482982,0.00241491
8/1/2023 9:20,DOWN,1.0981,1.10005,1.09658,1.09666,-0.000510511,0.000496013,0.002480063
8/1/2023 21:42,UP,1.09669,1.09982,1.09523,1.09947,0.001046506,0.000637601,0.003188007
8/2/2023 8:09,DOWN,1.09947,1.10207,1.0976,1.0978,-0.000828587,0.000639758,0.00319879
8/2/2023 14:04,DOWN,1.09779,1.09906,1.09457,1.09461,-0.001132182,0.000597042,0.002985208
8/3/2023 4:51,DOWN,1.0946,1.09577,1.0918,1.09243,-0.001043001,0.000504048,0.00252024
8/3/2023 23:52,UP,1.0924,1.0963,1.09122,1.09522,9.13E-05,0.000641299,0.003206495
8/4/2023 12:46,UP,1.09525,1.09842,1.09351,1.09828,0.002050759,0.00074244,0.003712199
8/4/2023 13:36,UP,1.09826,1.1028,1.0981,1.10274,0.000644058,0.000779433,0.003897164
8/4/2023 20:02,DOWN,1.10273,1.1042,1.10024,1.10056,-0.000190794,0.000620661,0.003103307
8/7/2023 5:49,DOWN,1.10058,1.10239,1.0984,1.09853,-0.000527839,0.000538162,0.002690808
8/7/2023 13:14,UP,1.09854,1.09995,1.09653,1.09984,0.00075494,0.000488156,0.002440779
8/8/2023 2:12,DOWN,1.09985,1.10118,1.09768,1.0983,-9.10E-06,0.000436948,0.002184741
8/8/2023 6:46,UP,1.09828,1.10114,1.098,1.10055,0.00037261,0.000450358,0.00225179
8/8/2023 9:23,DOWN,1.10054,1.10067,1.0971,1.09731,-0.001056572,0.000580874,0.002904372
8/8/2023 11:37,DOWN,1.09732,1.09782,1.0938,1.0938,-0.001607776,0.000667648,0.003338239
8/9/2023 0:22,UP,1.09379,1.09629,1.0929,1.09618,0.000629657,0.00042618,0.0021309
8/9/2023 8:02,UP,1.09619,1.09849,1.09552,1.09841,0.000437091,0.000381721,0.001908607
8/10/2023 6:57,UP,1.09843,1.09991,1.09621,1.09955,0.000382047,0.000457608,0.002288041
8/10/2023 10:39,UP,1.09956,1.1027,1.09931,1.10246,0.00025401,0.000501789,0.002508944
8/10/2023 17:25,DOWN,1.10245,1.10651,1.10007,1.10016,-0.000881301,0.000663667,0.003318336
8/11/2023 12:50,DOWN,1.10018,1.10052,1.09659,1.09659,-0.000975276,0.000617722,0.00308861
8/11/2023 19:47,DOWN,1.09662,1.0984,1.09429,1.09477,-0.000100473,0.000592084,0.002960421
8/14/2023 8:40,UP,1.09478,1.09573,1.09261,1.09572,0.000301217,0.00043099,0.002154952
8/14/2023 12:18,DOWN,1.09577,1.09603,1.09255,1.09267,-0.000814187,0.000464914,0.00232457
8/14/2023 13:16,DOWN,1.09266,1.09299,1.08982,1.08982,-0.000770473,0.000490839,0.002454197
8/14/2023 15:40,UP,1.08986,1.09227,1.08747,1.09214,0.000769428,0.000604362,0.003021811
8/15/2023 5:52,DOWN,1.09214,1.09361,1.09003,1.09098,-2.75E-05,0.000372372,0.00186186
8/15/2023 9:48,UP,1.09099,1.09431,1.09095,1.09408,0.001033365,0.000459474,0.002297371
8/15/2023 12:34,DOWN,1.09405,1.0945,1.08968,1.0906,-0.001594181,0.000550664,0.002753319
8/15/2023 14:50,UP,1.09067,1.09525,1.09066,1.09471,0.000749338,0.00069034,0.003451702
8/15/2023 18:28,DOWN,1.09471,1.09475,1.09134,1.09144,-0.00052211,0.000591313,0.002956565
8/16/2023 8:01,UP,1.09142,1.09273,1.0899,1.09226,3.66E-05,0.000380006,0.00190003
8/16/2023 11:42,DOWN,1.09228,1.09347,1.09096,1.09097,-0.000549818,0.000373325,0.001866623
8/16/2023 16:45,DOWN,1.091,1.09236,1.08873,1.08904,-0.000266254,0.00049764,0.002488198
8/17/2023 1:08,DOWN,1.08903,1.09004,1.08663,1.0868,-0.000220807,0.000519346,0.002596731
8/17/2023 11:00,UP,1.08679,1.08877,1.08618,1.08842,0.00017458,0.000375741,0.001878703
8/17/2023 13:13,UP,1.08844,1.09185,1.08812,1.09116,0.000449164,0.000486779,0.002433894
8/17/2023 14:39,DOWN,1.09121,1.0918,1.08842,1.08859,-0.000275548,0.000469372,0.002346858
8/17/2023 17:44,DOWN,1.08859,1.08962,1.08572,1.08584,-0.001095326,0.000551471,0.002757353
8/18/2023 0:57,UP,1.08581,1.08902,1.08563,1.08871,0.001158003,0.00052423,0.002621152
8/18/2023 8:53,DOWN,1.08871,1.0894,1.08637,1.08656,-0.000763587,0.00047209,0.002360448
8/18/2023 17:02,UP,1.08658,1.08816,1.08449,1.08775,0.00055175,0.000567528,0.002837642
8/21/2023 9:37,UP,1.08778,1.08979,1.08684,1.08957,0.000266195,0.000416393,0.002081963
8/21/2023 14:20,DOWN,1.08959,1.09137,1.08797,1.088,-0.000670731,0.000533592,0.00266796
8/22/2023 1:36,UP,1.08803,1.091,1.08752,1.09068,0.000642007,0.000421094,0.002105471
8/22/2023 7:52,UP,1.09071,1.09304,1.0902,1.09288,0.00038438,0.000400747,0.002003735
8/22/2023 9:40,DOWN,1.09286,1.09287,1.08983,1.09008,-0.000339367,0.000444951,0.002224755
8/22/2023 12:45,DOWN,1.09011,1.09103,1.0875,1.0876,-0.001240495,0.000554883,0.002774416
8/22/2023 14:30,DOWN,1.08761,1.08763,1.084,1.08431,-0.000488671,0.000519794,0.002598971
8/23/2023 4:51,UP,1.08432,1.08599,1.08329,1.08583,5.53E-05,0.000389123,0.001945613
8/23/2023 9:27,DOWN,1.08586,1.08715,1.08101,1.08131,-0.000545486,0.001019381,0.005096905
8/23/2023 14:18,UP,1.08128,1.08471,1.08025,1.08463,0.000544112,0.000740506,0.003702532
8/24/2023 5:28,UP,1.0846,1.08755,1.0841,1.08748,0.000643897,0.000522489,0.002612443
8/24/2023 12:00,DOWN,1.0875,1.08767,1.08415,1.08425,-0.001041652,0.000474689,0.002373444
8/24/2023 18:24,DOWN,1.08427,1.08489,1.08111,1.08152,-0.000221885,0.000516624,0.002583121
8/25/2023 2:04,DOWN,1.08155,1.08172,1.07868,1.07869,-0.000250272,0.000518895,0.002594477
8/25/2023 10:33,UP,1.07872,1.07985,1.07661,1.07983,0.000722597,0.00050833,0.002541649
8/25/2023 14:47,DOWN,1.07985,1.08419,1.07743,1.07747,-0.001020389,0.000875925,0.004379626
8/25/2023 18:25,UP,1.07751,1.08104,1.07658,1.08092,0.000777418,0.000670139,0.003350695
8/28/2023 7:07,UP,1.08096,1.08194,1.07913,1.08181,9.24E-05,0.000473719,0.002368593
8/28/2023 22:20,UP,1.08181,1.0824,1.07989,1.08233,0.000499048,0.000402781,0.002013905
8/29/2023 7:05,DOWN,1.08234,1.08384,1.08083,1.08102,-0.000471665,0.000396806,0.001984032
8/29/2023 12:00,DOWN,1.08102,1.08298,1.08028,1.08038,-0.000601459,0.000434986,0.002174932
8/29/2023 14:01,UP,1.08036,1.08323,1.0782,1.08323,0.002625231,0.000836623,0.004183114
8/29/2023 17:26,UP,1.08324,1.08743,1.08227,1.08708,0.000432444,0.000758031,0.003790157
8/30/2023 12:33,UP,1.0871,1.09167,1.08551,1.09129,0.002174103,0.000923617,0.004618083
8/31/2023 6:06,DOWN,1.09126,1.09455,1.09058,1.0915,-0.000274813,0.00048157,0.002407852
8/31/2023 9:02,DOWN,1.09147,1.09249,1.08735,1.08738,-0.001148892,0.000598243,0.002991213
8/31/2023 13:48,DOWN,1.08738,1.08853,1.08403,1.08434,-0.001308696,0.000602709,0.003013543
9/1/2023 12:36,UP,1.08437,1.08819,1.08284,1.08768,0.001453689,0.000728081,0.003640403
9/1/2023 14:01,DOWN,1.08766,1.08814,1.0824,1.08277,-0.001642582,0.000788468,0.003942341
9/1/2023 15:21,DOWN,1.08279,1.08466,1.07904,1.0792,-0.00116685,0.000817358,0.004086788
9/4/2023 7:37,UP,1.0792,1.0807,1.07716,1.0806,0.000796171,0.000566119,0.002830594
9/5/2023 6:26,DOWN,1.08062,1.0809,1.07729,1.07729,-0.000909277,0.00049605,0.002480251
9/5/2023 10:20,DOWN,1.07732,1.07732,1.07419,1.07468,-0.000204691,0.000448923,0.002244617
9/5/2023 12:39,DOWN,1.07469,1.07493,1.07165,1.07197,-0.000345099,0.000461032,0.002305162
9/5/2023 14:48,DOWN,1.07192,1.07488,1.07139,1.0715,-0.000494511,0.000527284,0.002636421
9/6/2023 4:01,UP,1.07149,1.07345,1.07064,1.07342,0.000214291,0.000425484,0.002127418
9/7/2023 7:02,DOWN,1.07339,1.0749,1.07024,1.07169,-0.000419809,0.000498786,0.002493929
9/7/2023 13:58,DOWN,1.07167,1.07199,1.0686,1.06913,-0.000635829,0.000438989,0.002194944
9/8/2023 2:00,UP,1.06914,1.07212,1.06864,1.07172,0.000644032,0.000455783,0.002278914
9/8/2023 9:40,DOWN,1.07171,1.07281,1.06993,1.07019,-0.000130809,0.000442347,0.002211733
9/8/2023 13:52,UP,1.07019,1.07261,1.06941,1.07261,0.001063393,0.00050695,0.002534748
9/8/2023 15:59,DOWN,1.07255,1.0744,1.07067,1.0709,-0.000401451,0.000546461,0.002732306
9/11/2023 2:54,UP,1.07087,1.07282,1.0697,1.07247,0.000139874,0.000469606,0.002348031
9/11/2023 14:24,UP,1.07248,1.07594,1.07156,1.07567,0.001032448,0.000514873,0.002574364
9/12/2023 6:47,DOWN,1.07578,1.07692,1.0732,1.0732,-0.000419219,0.000398427,0.001992137
9/12/2023 12:26,DOWN,1.07323,1.07351,1.07061,1.0707,-0.000569559,0.000401816,0.002009078
9/12/2023 16:22,UP,1.07068,1.07376,1.07055,1.07344,0.0007269,0.000478861,0.002394307
9/12/2023 20:54,UP,1.07342,1.0765,1.07216,1.07584,0.001553481,0.000672311,0.003361557
9/13/2023 8:54,DOWN,1.07591,1.07649,1.0731,1.0732,-0.000931359,0.000502876,0.00251438
9/14/2023 9:31,DOWN,1.07324,1.07618,1.0711,1.07291,-0.000372748,0.000449241,0.002246206
9/14/2023 12:32,DOWN,1.0729,1.07485,1.0655,1.06697,-0.003237581,0.001057519,0.005287596
9/14/2023 16:34,DOWN,1.06692,1.06977,1.06451,1.06487,-0.000835434,0.000766903,0.003834515
9/15/2023 6:40,UP,1.06487,1.06662,1.06318,1.06632,0.00015944,0.000489737,0.002448684
9/18/2023 6:15,UP,1.06635,1.06881,1.06451,1.06753,0.000599695,0.00043423,0.00217115
9/18/2023 15:24,UP,1.06755,1.06822,1.06547,1.06799,0.000271575,0.000433101,0.002165503
9/19/2023 10:41,UP,1.068,1.07089,1.06751,1.07088,0.001448456,0.000548475,0.002742373
9/19/2023 14:22,DOWN,1.07086,1.0718,1.06824,1.06854,-0.000383628,0.000525979,0.002629893
9/20/2023 10:01,UP,1.06856,1.0702,1.0673,1.07001,0.000429995,0.000413751,0.002068753
9/20/2023 14:03,UP,1.07001,1.07273,1.06921,1.0727,0.001389984,0.000473876,0.002369381
9/20/2023 19:20,DOWN,1.07271,1.07368,1.06726,1.06735,-0.000814771,0.001002371,0.005011856
9/21/2023 1:09,DOWN,1.06732,1.06786,1.06276,1.0631,4.70E-05,0.000863363,0.004316813
9/21/2023 8:19,UP,1.0631,1.06634,1.06167,1.06626,0.000806883,0.000696816,0.003484081
9/21/2023 16:51,UP,1.06622,1.06736,1.06242,1.06657,0.000497044,0.000641348,0.003206742
9/22/2023 7:22,DOWN,1.06658,1.0671,1.06153,1.06188,-0.0005837,0.000833394,0.004166968
9/22/2023 14:03,UP,1.06183,1.06671,1.06149,1.06671,0.001285148,0.000754933,0.003774666
9/25/2023 7:26,DOWN,1.06671,1.06719,1.06392,1.06442,-0.000544749,0.000431598,0.002157989
9/25/2023 12:46,DOWN,1.0644,1.0646,1.06203,1.06204,-0.000658892,0.000384208,0.001921039
9/25/2023 14:15,DOWN,1.06202,1.06256,1.05918,1.05932,-0.000858673,0.000485406,0.002427029
9/26/2023 7:00,DOWN,1.0593,1.0599,1.05711,1.05718,-0.000680825,0.000441427,0.002207137
9/26/2023 8:21,UP,1.05715,1.05964,1.057,1.05957,0.000330377,0.0004604,0.002301999
9/26/2023 14:49,DOWN,1.05959,1.06091,1.05806,1.05817,-0.000812394,0.000430248,0.002151239
9/27/2023 0:56,DOWN,1.05811,1.05847,1.05559,1.05591,-0.00074789,0.000385548,0.001927741
9/27/2023 11:01,DOWN,1.05593,1.05742,1.0552,1.0552,-0.00039795,0.000348714,0.001743568
9/27/2023 13:50,DOWN,1.05518,1.0555,1.0516,1.05177,-0.000893332,0.000567352,0.00283676
9/27/2023 18:18,DOWN,1.0518,1.05261,1.049,1.04915,-0.000428827,0.000502048,0.002510242
9/28/2023 6:55,DOWN,1.04913,1.05189,1.04881,1.04928,-0.000504981,0.000409879,0.002049395
9/28/2023 9:30,UP,1.04922,1.05283,1.04922,1.05276,0.000940828,0.000621942,0.003109711
9/28/2023 14:51,UP,1.05278,1.05676,1.05177,1.05665,0.001183684,0.000714681,0.003573403
9/29/2023 5:06,UP,1.05667,1.0583,1.05498,1.05819,0.000595534,0.000552452,0.00276226
9/29/2023 8:25,UP,1.05817,1.06109,1.05741,1.06067,0.000471511,0.000542637,0.002713187
9/29/2023 13:45,DOWN,1.06066,1.06171,1.05821,1.05852,-0.000226706,0.000554096,0.002770482
10/1/2023 22:39,DOWN,1.05852,1.05929,1.05606,1.0561,-0.000918052,0.000485235,0.002426174
10/2/2023 7:03,UP,1.05613,1.05921,1.05577,1.05862,0.000718174,0.000481423,0.002407115
10/2/2023 9:12,DOWN,1.0587,1.05896,1.05526,1.05566,-0.000738601,0.000492006,0.002460031
10/2/2023 12:49,DOWN,1.05569,1.05593,1.05275,1.05291,-0.000522225,0.000464835,0.002324174
10/2/2023 14:46,DOWN,1.05292,1.05328,1.04924,1.04961,-0.000809497,0.000619483,0.003097415
10/2/2023 20:09,DOWN,1.04965,1.05128,1.04802,1.04826,-0.000438726,0.000466024,0.002330121
10/3/2023 8:18,UP,1.04827,1.04902,1.04599,1.04899,0.000457688,0.000464552,0.00232276
10/4/2023 4:00,DOWN,1.04896,1.04936,1.04483,1.04594,-0.000611703,0.000525143,0.002625714
10/4/2023 8:22,UP,1.04595,1.04889,1.04514,1.04837,0.00011447,0.000487873,0.002439366
10/4/2023 11:17,UP,1.04834,1.05165,1.04805,1.05156,0.001160855,0.00055197,0.002759852
10/4/2023 14:03,DOWN,1.05158,1.05323,1.04935,1.04959,-0.001237812,0.000672697,0.003363485
10/4/2023 15:56,UP,1.04967,1.05201,1.0483,1.05178,0.000370869,0.000590388,0.002951939
10/5/2023 3:42,UP,1.05182,1.0529,1.04978,1.05277,0.000522568,0.000551605,0.002758026
10/5/2023 16:29,UP,1.05279,1.05391,1.05,1.05374,0.000455624,0.00061787,0.003089352
10/6/2023 9:38,UP,1.05376,1.0554,1.05288,1.05532,0.000246401,0.000403012,0.002015061
10/6/2023 12:49,DOWN,1.05535,1.05685,1.04921,1.04981,-0.001304147,0.001099252,0.00549626
10/6/2023 14:32,UP,1.04974,1.05498,1.04825,1.05449,0.001575461,0.000932108,0.004660539
10/6/2023 15:41,UP,1.05451,1.05992,1.0536,1.05978,0.001076274,0.000994232,0.004971161
10/9/2023 3:36,DOWN,1.05978,1.06,1.05481,1.05534,-0.000757762,0.000784041,0.003920203
10/9/2023 8:02,DOWN,1.05536,1.05588,1.05195,1.05225,-8.55E-05,0.000658843,0.003294216
10/9/2023 17:59,UP,1.05226,1.05651,1.05201,1.05635,0.000776559,0.00067119,0.003355951
10/10/2023 6:38,DOWN,1.05635,1.05838,1.05547,1.05553,-0.000378885,0.000437461,0.002187306
10/10/2023 8:15,UP,1.05556,1.05862,1.05543,1.05845,0.001058711,0.000489995,0.002449973
10/10/2023 11:44,DOWN,1.05841,1.06113,1.05754,1.05781,-0.000236309,0.000515228,0.002576138
10/10/2023 14:10,UP,1.05781,1.06049,1.05719,1.06026,0.000462258,0.000494461,0.002472306
10/11/2023 7:46,UP,1.06022,1.06285,1.05894,1.0618,0.000847977,0.000454083,0.002270413
10/11/2023 13:56,UP,1.06182,1.06347,1.05797,1.06333,0.001665969,0.000702376,0.003511881
10/11/2023 17:19,DOWN,1.06334,1.06347,1.05995,1.0602,-0.000292355,0.000527892,0.002639458
10/11/2023 23:20,UP,1.06017,1.06256,1.0585,1.0624,0.000790975,0.000590279,0.002951397
10/12/2023 12:31,DOWN,1.06238,1.06399,1.05952,1.05964,-0.002337683,0.00068152,0.003407601
10/12/2023 13:51,DOWN,1.0596,1.05994,1.05508,1.05556,-0.000378874,0.000693238,0.00346619
10/12/2023 19:59,DOWN,1.05555,1.05628,1.05256,1.05305,-0.000208895,0.000553282,0.00276641
10/13/2023 7:54,UP,1.05302,1.05569,1.05269,1.05568,0.000928743,0.000473742,0.002368712
10/13/2023 10:00,DOWN,1.05565,1.05586,1.05278,1.05289,-0.000759525,0.000502252,0.00251126
10/13/2023 12:38,UP,1.05289,1.05476,1.0514,1.05456,0.00098668,0.00055663,0.002783152
10/13/2023 14:25,DOWN,1.05456,1.05462,1.05038,1.05044,-0.000903974,0.000637811,0.003189054
10/16/2023 4:27,UP,1.05043,1.05261,1.04954,1.05257,0.000484646,0.000469187,0.002345937
10/16/2023 14:48,UP,1.05257,1.05554,1.0523,1.05539,0.000900547,0.000536618,0.002683092
10/17/2023 6:22,DOWN,1.05534,1.05629,1.05377,1.05377,-0.00063561,0.000398628,0.00199314
10/17/2023 11:23,UP,1.05372,1.05704,1.05328,1.05692,0.001420226,0.000631262,0.003156311
10/17/2023 15:06,UP,1.05695,1.05871,1.05382,1.05824,0.000775172,0.000686252,0.003431261
10/18/2023 0:46,DOWN,1.05821,1.05949,1.05627,1.05634,-0.000766505,0.000534446,0.002672231
10/18/2023 6:28,UP,1.05634,1.05944,1.05605,1.05899,0.000236102,0.00048409,0.002420452
10/18/2023 10:17,DOWN,1.05897,1.05916,1.05554,1.05593,-0.001116874,0.000564004,0.002820018
10/18/2023 14:36,DOWN,1.05594,1.05745,1.05361,1.05372,-0.001261399,0.000585326,0.00292663
10/19/2023 11:00,UP,1.05368,1.05537,1.05232,1.05528,0.000540287,0.000368712,0.00184356
10/19/2023 12:46,UP,1.05529,1.05747,1.05517,1.05737,0.000264843,0.000361074,0.00180537
10/20/2023 1:27,DOWN,1.05737,1.06168,1.05555,1.05695,-0.000558054,0.000767802,0.003839012
10/20/2023 11:50,UP,1.05692,1.05991,1.05649,1.05985,0.000830651,0.000565636,0.002828181
10/23/2023 6:27,DOWN,1.05989,1.06038,1.05652,1.05759,-0.000113459,0.000405105,0.002025523
10/23/2023 8:10,UP,1.05759,1.06081,1.05753,1.06055,0.001198209,0.000549211,0.002746055
10/23/2023 14:28,UP,1.06056,1.0632,1.05906,1.06267,0.000291761,0.000617121,0.003085603
10/23/2023 16:33,UP,1.06271,1.06507,1.06176,1.06503,0.0004414,0.000577882,0.002889409
10/24/2023 2:22,UP,1.06506,1.0682,1.06473,1.06811,0.001021015,0.000499869,0.002499345
10/24/2023 8:03,DOWN,1.06813,1.06949,1.06564,1.06592,-0.000515853,0.000527887,0.002639433
10/24/2023 10:21,DOWN,1.06592,1.06594,1.063,1.06313,-0.000648816,0.000492844,0.002464219
10/24/2023 13:48,DOWN,1.06313,1.06416,1.05962,1.06017,-0.001498636,0.000666329,0.003331645
10/25/2023 7:19,DOWN,1.06016,1.06163,1.05831,1.05863,-0.00035889,0.000449057,0.002245286
10/25/2023 10:17,DOWN,1.05866,1.0597,1.05659,1.05683,-0.000227068,0.000479652,0.00239826
10/25/2023 15:47,UP,1.05681,1.05956,1.05669,1.05931,0.000434339,0.000422076,0.002110381
10/25/2023 17:45,DOWN,1.05931,1.05936,1.05658,1.05662,-0.000312268,0.000490687,0.002453435
10/26/2023 2:22,DOWN,1.05659,1.05739,1.05468,1.05478,-0.000701322,0.000412822,0.002064112
10/26/2023 15:38,DOWN,1.05475,1.05606,1.05216,1.05281,-0.000322893,0.00043597,0.002179849
10/26/2023 18:21,UP,1.05282,1.05568,1.05248,1.05551,0.000416947,0.00047217,0.002360851
10/27/2023 11:50,DOWN,1.05549,1.05702,1.05363,1.05397,-0.000910427,0.000484215,0.002421074
10/27/2023 13:06,UP,1.05396,1.05764,1.05357,1.05734,0.001239726,0.000620274,0.003101371
10/29/2023 22:20,DOWN,1.05735,1.05971,1.05573,1.05601,-0.000388179,0.000590315,0.002951577
10/30/2023 10:02,UP,1.05602,1.05862,1.0547,1.05844,0.000283476,0.000600466,0.003002329
10/30/2023 14:07,UP,1.05844,1.06182,1.05733,1.06087,-1.89E-05,0.00063499,0.003174951
10/31/2023 3:18,DOWN,1.06083,1.06251,1.05909,1.05962,-0.000660396,0.000460364,0.002301818
10/31/2023 7:52,UP,1.05964,1.06248,1.05906,1.06248,0.001214878,0.000537352,0.00268676
10/31/2023 9:55,UP,1.06248,1.06502,1.06153,1.06493,0.000582367,0.000565676,0.002828381
10/31/2023 12:40,DOWN,1.06495,1.0675,1.06273,1.06292,-0.001626269,0.000663989,0.003319946
10/31/2023 15:13,DOWN,1.0629,1.06344,1.05851,1.05891,-0.000887312,0.000616099,0.003080493
11/1/2023 7:57,DOWN,1.05891,1.05949,1.05575,1.0561,-0.000785602,0.000447148,0.002235742
11/1/2023 13:02,DOWN,1.05609,1.05681,1.05335,1.0535,-0.001176337,0.000493391,0.002466956
11/1/2023 14:23,UP,1.0535,1.05626,1.05215,1.05582,0.001307896,0.000597305,0.002986526
11/1/2023 16:55,DOWN,1.0558,1.0571,1.05327,1.05344,-0.00031321,0.000509922,0.002549612
11/1/2023 19:36,UP,1.05343,1.05669,1.0517,1.05666,0.000662684,0.000550494,0.002752469
11/2/2023 0:45,UP,1.05665,1.06013,1.05621,1.05984,0.000386926,0.00054898,0.002744901
11/2/2023 10:06,UP,1.05982,1.06284,1.05911,1.06276,0.000790707,0.000577419,0.002887094
11/2/2023 12:56,UP,1.06276,1.06678,1.06247,1.06628,0.000431499,0.000584071,0.002920353
11/2/2023 14:28,DOWN,1.06626,1.06669,1.06306,1.06315,-0.000451387,0.000536314,0.002681571
11/2/2023 23:34,DOWN,1.06314,1.06434,1.06105,1.06169,-0.000461422,0.00046248,0.002312401
11/3/2023 9:46,UP,1.06168,1.06422,1.06146,1.06422,0.000676781,0.000477368,0.002386842
11/3/2023 12:35,UP,1.06424,1.06971,1.06408,1.06904,0.002997829,0.000877719,0.004388597
11/3/2023 15:59,UP,1.06907,1.07356,1.06879,1.07311,0.000671172,0.000738683,0.003693416
11/6/2023 10:02,UP,1.07309,1.07564,1.07223,1.07509,0.000446574,0.000442719,0.002213595
11/6/2023 15:18,DOWN,1.07505,1.07559,1.0726,1.07295,-0.000493843,0.00038887,0.001944349
11/6/2023 20:17,DOWN,1.07292,1.07495,1.07206,1.0721,-0.00030776,0.000408179,0.002040893
11/7/2023 6:51,DOWN,1.07211,1.0723,1.07022,1.07024,-0.000392358,0.000315341,0.001576703
11/7/2023 10:00,DOWN,1.07022,1.07065,1.06829,1.06838,-0.000683044,0.00036283,0.001814149
11/7/2023 18:40,UP,1.06835,1.06977,1.06641,1.06888,0.000261991,0.00038674,0.001933701
11/8/2023 7:30,DOWN,1.06886,1.07051,1.06755,1.06776,-0.000599206,0.000393698,0.001968489
11/8/2023 13:47,DOWN,1.06772,1.06839,1.06593,1.0663,-0.000271932,0.000375048,0.001875241
11/8/2023 15:00,UP,1.06628,1.06924,1.06605,1.06902,0.000355529,0.00049714,0.002485701
11/9/2023 2:20,UP,1.069,1.07161,1.06826,1.07154,0.000392036,0.000502491,0.002512455
11/9/2023 10:58,DOWN,1.07151,1.07158,1.0685,1.06862,-0.000402307,0.000466231,0.002331157
11/9/2023 13:57,UP,1.06864,1.0707,1.06804,1.0707,0.000551193,0.000466338,0.002331692
11/9/2023 18:02,DOWN,1.0707,1.07257,1.06912,1.06941,-0.000766484,0.000494202,0.002471009
11/9/2023 23:57,DOWN,1.06941,1.07033,1.06602,1.06664,-0.000412425,0.000618524,0.003092621
11/13/2023 0:02,UP,1.06664,1.06929,1.06562,1.06897,0.00065505,0.000475973,0.002379863
11/13/2023 13:11,DOWN,1.06897,1.07015,1.06688,1.06708,9.37E-06,0.000436794,0.002183972
11/13/2023 16:44,UP,1.06707,1.07016,1.0665,1.06998,0.000280418,0.000566108,0.002830542
11/14/2023 10:08,UP,1.06995,1.0724,1.069,1.07207,0.000382511,0.000423768,0.002118842
11/14/2023 13:36,UP,1.07209,1.07922,1.0715,1.07908,0.001205456,0.001290528,0.006452638
11/14/2023 16:09,UP,1.07907,1.08468,1.07816,1.08459,0.000950119,0.000909554,0.004547771
11/14/2023 20:47,UP,1.08461,1.08876,1.08456,1.0885,0.000211322,0.000674002,0.003370009
11/15/2023 9:20,DOWN,1.08852,1.08856,1.08549,1.08554,-0.000773509,0.000537381,0.002686904
11/15/2023 13:30,UP,1.08553,1.08846,1.08439,1.08824,0.001103306,0.000601965,0.003009825
11/15/2023 14:59,DOWN,1.08833,1.08865,1.08315,1.08331,-0.001236185,0.000814349,0.004071744
11/16/2023 2:59,DOWN,1.08332,1.08688,1.08299,1.08339,-0.000332235,0.000520934,0.002604668
11/16/2023 9:34,UP,1.08338,1.0861,1.08316,1.08568,0.00023951,0.000433978,0.002169892
11/16/2023 13:51,UP,1.08565,1.08796,1.0839,1.08751,0.000239107,0.000570779,0.002853894
11/16/2023 16:53,DOWN,1.08749,1.08957,1.08482,1.0849,-0.000331773,0.000766475,0.003832375
11/17/2023 8:15,DOWN,1.08488,1.08657,1.08249,1.08305,-0.000332339,0.000498119,0.002490593
11/17/2023 9:50,UP,1.08301,1.08585,1.08299,1.08577,0.000506681,0.000495998,0.002479989
11/17/2023 17:59,UP,1.08579,1.08936,1.08516,1.08899,0.000744085,0.000542568,0.00271284
11/20/2023 2:43,UP,1.08897,1.09239,1.08884,1.09215,0.000448757,0.000501279,0.002506393
11/20/2023 14:53,UP,1.09219,1.0946,1.09131,1.09406,0.000731489,0.000450841,0.002254206
11/21/2023 1:27,UP,1.09402,1.0956,1.09263,1.09554,0.000958891,0.000490356,0.002451779
11/21/2023 15:56,DOWN,1.09553,1.09654,1.09317,1.09318,-0.000822947,0.00056038,0.002801898
11/21/2023 18:26,DOWN,1.09318,1.09439,1.09055,1.09063,-0.000962283,0.00061914,0.003095698
11/22/2023 14:25,DOWN,1.09064,1.09232,1.08713,1.08793,-0.000275715,0.0006732,0.003366
11/22/2023 21:10,UP,1.08788,1.08884,1.08523,1.08881,0.000293942,0.000512809,0.002564044
11/23/2023 6:19,UP,1.08881,1.0918,1.08816,1.09154,0.000907387,0.000517687,0.002588433
11/24/2023 3:21,DOWN,1.09151,1.09309,1.08872,1.08965,-0.000128473,0.000507808,0.002539042
11/24/2023 12:23,UP,1.08964,1.09256,1.08963,1.09251,0.001034851,0.000464445,0.002322225
11/24/2023 15:10,UP,1.09254,1.09455,1.09067,1.09419,0.000365634,0.00048292,0.002414601
11/27/2023 7:05,UP,1.09418,1.09571,1.09267,1.09567,0.000556892,0.000404173,0.002020864
11/27/2023 14:18,DOWN,1.0957,1.09594,1.09291,1.0931,-0.000886991,0.000389108,0.001945541
11/27/2023 19:57,UP,1.09312,1.09563,1.09251,1.09539,0.000401764,0.000426085,0.002130427
11/28/2023 7:52,DOWN,1.09538,1.09631,1.09361,1.09374,-0.000813391,0.000391763,0.001958817
11/28/2023 13:53,UP,1.09375,1.09691,1.09345,1.09655,0.000474327,0.000473124,0.002365618
11/28/2023 16:54,UP,1.09657,1.10028,1.09642,1.10018,0.000672844,0.00058948,0.002947399
11/29/2023 1:03,UP,1.1002,1.10174,1.09732,1.10128,0.000744865,0.00059436,0.002971802
11/29/2023 9:19,DOWN,1.10131,1.10168,1.0977,1.09874,-9.10E-06,0.00047255,0.00236275
11/30/2023 7:55,DOWN,1.09869,1.0995,1.09403,1.0947,-0.001141214,0.000607232,0.003036159
11/30/2023 10:20,DOWN,1.09465,1.09595,1.0911,1.09117,-0.001382879,0.000740988,0.003704942
11/30/2023 14:48,DOWN,1.09117,1.095,1.08924,1.08958,-0.000660587,0.000669645,0.003348223
11/30/2023 20:33,DOWN,1.08957,1.09184,1.08794,1.08807,-0.000496168,0.000611895,0.003059476
12/1/2023 5:45,UP,1.08807,1.0913,1.08794,1.09099,0.000311692,0.000487293,0.002436467
12/1/2023 13:04,DOWN,1.09102,1.09124,1.08737,1.0879,-0.00031248,0.000546661,0.002733306
12/1/2023 14:52,DOWN,1.08788,1.08847,1.08427,1.08449,-0.000995364,0.000582412,0.002912061
12/1/2023 16:49,UP,1.08443,1.08838,1.08287,1.08837,0.001149167,0.000689891,0.003449454
12/4/2023 7:37,DOWN,1.08835,1.08951,1.08596,1.08601,-0.000717968,0.000510098,0.00255049
12/4/2023 14:14,DOWN,1.08604,1.0881,1.08313,1.08316,-0.001319341,0.000653094,0.003265469
12/4/2023 23:10,UP,1.08317,1.08438,1.08041,1.08358,7.38E-05,0.000500873,0.002504363
12/5/2023 7:33,DOWN,1.08357,1.08476,1.0806,1.08108,-0.000721241,0.000508178,0.002540892
12/5/2023 9:07,UP,1.08106,1.08388,1.08041,1.0834,0.00050779,0.000491276,0.002456382
12/5/2023 14:41,DOWN,1.08338,1.08428,1.08115,1.08125,-0.000471565,0.000464416,0.00232208
12/5/2023 16:19,DOWN,1.08124,1.0839,1.07945,1.07945,-0.001407134,0.000689163,0.003445815
12/6/2023 19:23,DOWN,1.07951,1.08046,1.07676,1.07683,-0.000965332,0.000517043,0.002585216
12/7/2023 8:38,UP,1.07682,1.0783,1.07552,1.07801,0.000463925,0.00039391,0.001969548
12/7/2023 13:46,UP,1.07799,1.07935,1.07593,1.07926,0.000778614,0.00052339,0.002616951
12/7/2023 17:39,UP,1.07928,1.08095,1.07672,1.08094,0.0011015,0.000532406,0.002662032
12/8/2023 1:23,DOWN,1.08093,1.08177,1.07857,1.07867,-0.001047038,0.000486618,0.002433092
12/8/2023 13:35,DOWN,1.0787,1.07958,1.07237,1.07393,-0.002928859,0.000818916,0.004094579
12/8/2023 15:30,UP,1.0739,1.07859,1.07304,1.07803,0.000259767,0.000769036,0.00384518
12/11/2023 1:34,UP,1.07801,1.0783,1.07402,1.07721,0.000204252,0.000495577,0.002477886
12/11/2023 15:43,DOWN,1.0772,1.07791,1.07418,1.07448,-0.000316382,0.000528538,0.00264269
12/12/2023 0:46,UP,1.07449,1.07698,1.07415,1.07659,0.000111469,0.000400047,0.002000236
12/12/2023 8:35,UP,1.0766,1.07923,1.07611,1.07896,0.000667532,0.000395767,0.001978836
12/12/2023 10:50,UP,1.07895,1.08074,1.07805,1.08065,0.000370216,0.000414464,0.002072321
12/12/2023 13:58,DOWN,1.08064,1.08277,1.07777,1.07793,-0.001260882,0.00081641,0.004082052
12/13/2023 13:36,UP,1.07791,1.08028,1.07671,1.07924,0.000407777,0.00036874,0.001843702
12/13/2023 19:18,UP,1.07925,1.08591,1.07794,1.08585,0.001742088,0.001254792,0.006273961
12/14/2023 2:28,UP,1.08583,1.09035,1.08533,1.09018,0.000688197,0.000721971,0.003609856
12/14/2023 7:57,DOWN,1.09023,1.09155,1.0881,1.08821,-0.000367509,0.000540375,0.002701873
12/14/2023 10:48,UP,1.08819,1.09131,1.08798,1.09083,1.83E-05,0.000468067,0.002340333
12/14/2023 14:13,UP,1.09082,1.09687,1.09056,1.09678,0.002318556,0.000891115,0.004455576
12/14/2023 17:30,UP,1.09675,1.10078,1.09491,1.10057,0.000663513,0.000874166,0.004370829
12/15/2023 8:26,DOWN,1.1006,1.10094,1.09687,1.097,-0.000565018,0.00063611,0.003180551
12/15/2023 13:39,DOWN,1.0969,1.09704,1.09108,1.09127,-0.002599092,0.000878623,0.004393117
12/15/2023 19:25,DOWN,1.09126,1.09284,1.08887,1.08901,-0.000247901,0.000615734,0.003078669
12/18/2023 7:05,UP,1.08903,1.09204,1.08898,1.09176,1.83E-05,0.000490816,0.002454079
12/18/2023 14:34,UP,1.09173,1.0931,1.09072,1.09281,7.32E-05,0.000320241,0.001601206
12/19/2023 7:28,UP,1.0928,1.09414,1.09109,1.09395,0.000557768,0.000378456,0.001892278
12/19/2023 12:57,UP,1.09392,1.09615,1.09273,1.09609,0.000940146,0.000469235,0.002346174
12/20/2023 5:38,DOWN,1.09608,1.09894,1.09536,1.09655,-0.000401178,0.000357787,0.001788935
12/20/2023 11:33,DOWN,1.09656,1.09715,1.09393,1.09405,-0.001032327,0.000476645,0.002383223
12/20/2023 14:29,UP,1.09406,1.0968,1.09341,1.09635,-3.65E-05,0.000475843,0.002379213
12/20/2023 20:04,DOWN,1.09636,1.09757,1.09426,1.0943,-0.000219294,0.000515848,0.002579242
12/21/2023 11:36,UP,1.09428,1.09747,1.09299,1.09737,0.001267468,0.00056469,0.002823448
12/21/2023 20:48,UP,1.09736,1.1003,1.09725,1.0999,0.000245507,0.000435373,0.002176863
12/22/2023 11:23,UP,1.09989,1.10243,1.09937,1.10237,0.000408295,0.000441087,0.002205436
12/22/2023 17:14,DOWN,1.10238,1.10402,1.10001,1.10058,-0.000172621,0.000555105,0.002775523
12/26/2023 15:20,UP,1.10061,1.10328,1.10023,1.10319,0.000471471,0.000426945,0.002134727
12/27/2023 7:21,UP,1.10319,1.10491,1.10234,1.10486,0.000353048,0.000358586,0.001792928
12/27/2023 12:34,UP,1.10484,1.10641,1.10366,1.1064,0.000379682,0.000381152,0.00190576
12/27/2023 14:57,UP,1.10639,1.10938,1.10486,1.10929,0.001253839,0.000526753,0.002633765
12/28/2023 3:35,UP,1.10927,1.11228,1.10925,1.11193,0.000512754,0.000458526,0.002292631
12/28/2023 13:58,DOWN,1.11194,1.11396,1.10788,1.10793,-0.002650083,0.000851009,0.004255045
12/28/2023 18:20,DOWN,1.10791,1.11135,1.10556,1.10607,-0.001183673,0.00079548,0.003977402
12/29/2023 19:37,DOWN,1.10606,1.10845,1.10391,1.10421,-0.00056133,0.00063523,0.003176151
1/2/2024 10:03,DOWN,1.10419,1.1051,1.10107,1.1012,-0.000145285,0.000666484,0.003332418
1/2/2024 11:54,DOWN,1.10119,1.10121,1.09666,1.09686,-0.000428404,0.000704329,0.003521643
1/2/2024 21:08,DOWN,1.09686,1.09721,1.09407,1.0941,-0.000584785,0.000521642,0.002608212
1/3/2024 10:18,DOWN,1.09408,1.09655,1.0932,1.09329,-0.000356658,0.000481632,0.002408159
1/3/2024 15:49,DOWN,1.09329,1.09389,1.08988,1.09001,-0.00068783,0.000579324,0.002896618
1/4/2024 3:37,UP,1.09003,1.09309,1.08929,1.09281,0.00068654,0.000468784,0.00234392
1/4/2024 9:00,UP,1.09284,1.09579,1.09209,1.09566,0.001306002,0.000537722,0.002688609
1/4/2024 13:33,DOWN,1.09565,1.09724,1.09327,1.09377,-0.001050857,0.000495816,0.002479079
1/5/2024 4:30,DOWN,1.09381,1.09655,1.09372,1.09401,-0.00014624,0.000382784,0.001913919
1/5/2024 8:39,DOWN,1.09403,1.09413,1.09115,1.09124,-0.000970901,0.000441778,0.002208888
1/5/2024 14:20,UP,1.09124,1.09447,1.08766,1.09392,0.000576076,0.00086905,0.004345248
1/5/2024 17:59,DOWN,1.09389,1.09986,1.09359,1.09462,-0.000283163,0.000900568,0.004502839
1/8/2024 9:24,DOWN,1.09462,1.09599,1.09249,1.09253,-0.000393504,0.000573347,0.002866736
1/8/2024 14:17,UP,1.09256,1.09587,1.09226,1.09567,0.000301231,0.000547712,0.00273856
1/8/2024 21:33,DOWN,1.09565,1.0979,1.09489,1.09503,-0.000356091,0.000474784,0.002373919
1/9/2024 11:38,DOWN,1.09504,1.09664,1.09287,1.09296,-0.000329327,0.000546989,0.002734947
1/9/2024 16:07,DOWN,1.09295,1.09514,1.09137,1.09142,-0.000558749,0.000593187,0.002965933
1/10/2024 7:35,UP,1.09138,1.094,1.09103,1.09384,0.000859727,0.000426399,0.002131996
1/10/2024 13:16,UP,1.09381,1.09555,1.09228,1.0951,0.000803903,0.000423904,0.002119519
1/10/2024 15:53,UP,1.09508,1.09693,1.09319,1.09669,0.000592868,0.000504092,0.002520461
1/11/2024 0:58,UP,1.09671,1.0979,1.09524,1.09784,0.000309747,0.000413057,0.002065286
1/11/2024 9:39,DOWN,1.09783,1.09888,1.09598,1.09617,-0.000556328,0.00037587,0.00187935
1/11/2024 12:57,UP,1.09615,1.09905,1.09587,1.09865,0.000263995,0.000418197,0.002090984
1/11/2024 15:15,DOWN,1.09868,1.09995,1.09302,1.09313,-0.000475585,0.000941484,0.004707418
1/11/2024 19:13,UP,1.09311,1.09733,1.09305,1.0973,0.00068373,0.000708299,0.003541496
1/12/2024 11:30,DOWN,1.09732,1.09854,1.09514,1.09539,-0.000456354,0.000492066,0.002460332
1/12/2024 14:51,UP,1.09541,1.0985,1.0936,1.09805,0.000245921,0.000645206,0.003226032
1/12/2024 17:41,DOWN,1.09809,1.09871,1.09483,1.09509,-0.000374328,0.000600883,0.003004417
1/15/2024 10:16,DOWN,1.09508,1.09676,1.09347,1.09362,-0.000959654,0.000507669,0.002538345
1/16/2024 0:50,DOWN,1.09361,1.09592,1.09289,1.09295,-0.00114304,0.000451209,0.002256047
1/16/2024 9:06,DOWN,1.09291,1.09318,1.08909,1.0892,-0.000825953,0.000597676,0.002988382
1/17/2024 3:36,DOWN,1.08918,1.08982,1.08621,1.08669,-0.000680735,0.000471032,0.002355162
1/17/2024 14:45,DOWN,1.08668,1.0884,1.08513,1.08561,-0.000359181,0.000469817,0.002349085
1/17/2024 19:49,UP,1.08561,1.08791,1.08446,1.08752,0.00034948,0.0005323,0.002661499
1/18/2024 5:00,UP,1.08751,1.0903,1.08702,1.08952,0,0.000420023,0.002100115
1/18/2024 9:05,DOWN,1.08954,1.0907,1.08766,1.08781,-0.000395212,0.000423801,0.002119006
1/18/2024 13:21,DOWN,1.08784,1.08997,1.08687,1.08687,-0.000763369,0.000474751,0.002373757
1/18/2024 23:26,UP,1.08689,1.08796,1.08467,1.08784,0.000294204,0.000446146,0.002230731
1/19/2024 18:23,UP,1.08785,1.08965,1.08656,1.08956,0.000798806,0.000387155,0.001935774
1/22/2024 7:19,UP,1.08954,1.09098,1.08856,1.09066,0.000174222,0.000332979,0.001664894
1/22/2024 10:56,DOWN,1.09064,1.09082,1.08868,1.0887,-0.000266337,0.000358829,0.001794145
1/22/2024 23:52,DOWN,1.08869,1.09001,1.08772,1.08773,-0.000477946,0.000393659,0.001968293
1/23/2024 6:00,UP,1.08772,1.0908,1.08757,1.09071,0.000898901,0.000442397,0.002211987
1/23/2024 9:03,DOWN,1.09067,1.09163,1.08923,1.08928,-0.000422208,0.000400933,0.002004663
1/23/2024 11:04,DOWN,1.08925,1.08951,1.08672,1.08679,-0.000745037,0.000425062,0.002125309
1/23/2024 15:15,DOWN,1.08682,1.0876,1.08447,1.0848,-0.000663497,0.000444518,0.002222592
1/23/2024 21:48,UP,1.08478,1.08561,1.08216,1.08534,0.000368616,0.000479065,0.002395323
1/24/2024 7:46,UP,1.08535,1.08795,1.08456,1.08781,0.000763292,0.000414758,0.00207379
1/24/2024 9:40,UP,1.08784,1.0908,1.08626,1.09051,0.001486648,0.000604129,0.003020644
1/24/2024 13:59,UP,1.09055,1.09274,1.08874,1.09249,0.000979894,0.000564636,0.002823181
1/24/2024 15:40,DOWN,1.09252,1.09324,1.08956,1.08972,-0.000798052,0.000575999,0.002879996
1/25/2024 0:42,DOWN,1.08965,1.0909,1.08727,1.08748,-0.000487247,0.000458215,0.002291074
1/25/2024 8:55,UP,1.08752,1.08988,1.08703,1.08986,0.000128465,0.000470274,0.00235137
1/25/2024 14:09,DOWN,1.0898,1.09028,1.08553,1.08583,-0.001168929,0.000601966,0.003009832
1/25/2024 15:43,DOWN,1.08587,1.08726,1.08334,1.08354,-0.00074727,0.000561192,0.002805962
1/26/2024 7:16,DOWN,1.08353,1.08523,1.08202,1.08206,-0.000923736,0.000496777,0.002483885
1/26/2024 9:08,UP,1.08202,1.08471,1.08127,1.08464,0.000848568,0.000522958,0.002614788
1/26/2024 11:19,UP,1.08461,1.0873,1.0834,1.08689,0.000119614,0.000613365,0.003066827
1/28/2024 23:00,DOWN,1.08685,1.08866,1.08411,1.08492,-0.00038705,0.000475778,0.002378889
1/29/2024 9:39,DOWN,1.08492,1.08502,1.08241,1.08244,-0.000406406,0.000441144,0.002205721
1/29/2024 14:35,DOWN,1.08243,1.0837,1.08047,1.08049,-0.000629146,0.000500923,0.002504613
1/29/2024 20:10,UP,1.08054,1.08318,1.07959,1.08289,0.000960854,0.000448334,0.002241669
1/30/2024 7:05,DOWN,1.08288,1.08424,1.0812,1.0813,-0.000850466,0.000431985,0.002159923
1/30/2024 11:06,UP,1.08133,1.08406,1.08119,1.08391,0.000332186,0.0004607,0.0023035
1/31/2024 2:03,DOWN,1.08393,1.08577,1.08259,1.08261,-0.001375357,0.000494951,0.002474757
1/31/2024 9:30,UP,1.08267,1.08361,1.08059,1.08353,0.000572368,0.000458654,0.002293268
1/31/2024 13:31,UP,1.08354,1.08578,1.08212,1.08511,0.000626861,0.000472232,0.002361159
1/31/2024 14:54,UP,1.08512,1.08816,1.08467,1.08807,0.000395273,0.000535387,0.002676934
1/31/2024 16:20,DOWN,1.08807,1.08876,1.08504,1.08526,-0.000230333,0.000545167,0.002725834
1/31/2024 20:28,DOWN,1.08523,1.08644,1.07962,1.08057,-0.000370107,0.000936118,0.004680589
2/1/2024 7:33,DOWN,1.08057,1.08221,1.07839,1.07865,-0.000315159,0.000594398,0.002971989
2/1/2024 12:06,UP,1.07863,1.08142,1.07799,1.08086,9.25E-05,0.000505969,0.002529844
2/1/2024 16:10,UP,1.08086,1.08414,1.0803,1.08411,0.001135215,0.000523653,0.002618266
2/1/2024 17:10,UP,1.08413,1.08718,1.08386,1.08715,0.00073614,0.000520511,0.002602554
2/2/2024 9:17,UP,1.08721,1.08903,1.08606,1.0887,0.000753476,0.0004248,0.002123999
2/2/2024 13:37,DOWN,1.08869,1.08976,1.08109,1.08163,-0.001625851,0.001186301,0.005931507
2/2/2024 17:49,DOWN,1.08164,1.08288,1.07815,1.07842,-0.000333766,0.000761688,0.003808439
2/5/2024 8:42,DOWN,1.0784,1.07975,1.07673,1.07695,-0.000464166,0.000471814,0.002359069
2/5/2024 13:08,DOWN,1.07694,1.0773,1.07453,1.07456,-0.000651217,0.000403149,0.002015744
2/6/2024 1:12,UP,1.07455,1.07481,1.07231,1.07459,0.00025129,0.000355224,0.001776122
2/6/2024 9:33,DOWN,1.07458,1.07626,1.07384,1.07393,-0.000214144,0.000324955,0.001624775
2/6/2024 16:51,UP,1.07394,1.07536,1.07225,1.07519,0.000418618,0.000411002,0.002055012
2/7/2024 1:24,UP,1.07517,1.07627,1.07433,1.07625,0.000334551,0.000343323,0.001716617
2/7/2024 13:30,UP,1.07626,1.07827,1.07566,1.0782,0.000575198,0.000387844,0.001939219
2/8/2024 2:06,UP,1.0782,1.0784,1.07557,1.07816,0.000491699,0.000343685,0.001718424
2/8/2024 11:22,DOWN,1.07817,1.07891,1.07644,1.07648,-0.00065934,0.000384589,0.001922945
2/8/2024 13:44,DOWN,1.0765,1.07683,1.07428,1.07443,-0.000762904,0.000412718,0.002063588
2/8/2024 16:52,UP,1.07445,1.07684,1.07414,1.07684,0.000278632,0.000419285,0.002096426
2/9/2024 14:11,UP,1.07686,1.07951,1.07619,1.0792,0.000741565,0.000473317,0.002366587
2/12/2024 0:49,UP,1.07919,1.07999,1.0775,1.07993,0.000231523,0.000326703,0.001633516
2/12/2024 9:05,DOWN,1.07994,1.08057,1.07722,1.0775,-0.000510311,0.000461611,0.002308054
2/12/2024 18:09,UP,1.07752,1.07849,1.07559,1.07847,0.000528666,0.000371158,0.00185579
2/13/2024 2:22,DOWN,1.07848,1.07863,1.07622,1.07627,-0.000613041,0.000373376,0.001866878
2/13/2024 12:47,UP,1.07625,1.07864,1.07567,1.07847,0.000593609,0.000366908,0.00183454
2/13/2024 13:51,DOWN,1.0785,1.08013,1.07049,1.07137,4.67E-05,0.001454459,0.007272294
2/14/2024 16:15,UP,1.07137,1.07282,1.06947,1.07248,0.000438333,0.000415166,0.002075832
2/15/2024 12:24,UP,1.0725,1.07416,1.07247,1.07398,0.00040046,0.000279292,0.00139646
2/15/2024 13:43,UP,1.07399,1.07733,1.07395,1.07679,0.000808284,0.000440591,0.002202954
2/16/2024 3:06,DOWN,1.07675,1.07849,1.07552,1.07621,-0.000130078,0.000366323,0.001831614
2/16/2024 11:38,UP,1.0762,1.07773,1.07574,1.07769,0.000501197,0.000306419,0.001532094
2/16/2024 13:35,DOWN,1.0777,1.07803,1.07357,1.07361,-0.002660368,0.000713381,0.003566906
2/16/2024 15:45,UP,1.07365,1.07772,1.07321,1.07738,0.00063136,0.000607094,0.003035469
2/19/2024 7:13,UP,1.07741,1.0789,1.07625,1.07883,0.000658337,0.000456292,0.002281458
2/19/2024 13:59,DOWN,1.07882,1.07896,1.07676,1.07697,-0.000259955,0.000337408,0.001687041
2/20/2024 2:54,DOWN,1.07696,1.07838,1.07616,1.07633,-0.000195088,0.000303084,0.001515419
2/20/2024 9:23,UP,1.07632,1.07885,1.07627,1.07881,0.001047999,0.000366838,0.001834188
2/20/2024 13:37,UP,1.0788,1.0815,1.07873,1.08122,0.000555083,0.000399376,0.001996878
2/20/2024 17:08,DOWN,1.08124,1.08388,1.08098,1.08099,-0.000508663,0.000393491,0.001967453
2/21/2024 9:07,DOWN,1.08101,1.08192,1.07908,1.07927,-0.001314839,0.000426338,0.002131688
2/21/2024 14:13,UP,1.07928,1.08154,1.07898,1.08144,0.000295946,0.000370625,0.001853124
2/22/2024 0:39,UP,1.08142,1.08299,1.07998,1.08297,0.000840635,0.000403735,0.002018677
2/22/2024 7:11,UP,1.08298,1.08453,1.08189,1.08439,0.000433517,0.000393695,0.001968473
2/22/2024 8:15,UP,1.08439,1.08888,1.08429,1.08848,0.002603342,0.000742929,0.003714644
2/22/2024 11:17,DOWN,1.08843,1.08869,1.08448,1.08481,-0.000681915,0.000623182,0.003115909
2/22/2024 13:56,DOWN,1.08477,1.08588,1.08213,1.08213,-0.000683603,0.0005708,0.002854001
2/23/2024 7:18,UP,1.08213,1.08323,1.08026,1.08298,0.000332471,0.000365099,0.001825496
2/23/2024 12:39,UP,1.08301,1.08376,1.08139,1.08373,0.00072923,0.000357731,0.001788655
2/23/2024 15:15,DOWN,1.08374,1.084,1.08159,1.08195,-0.000323438,0.000323885,0.001619426
2/26/2024 7:20,UP,1.08195,1.08326,1.08117,1.0831,0.000480219,0.000259191,0.001295957
2/26/2024 10:50,UP,1.08311,1.08488,1.08271,1.08476,0.000129069,0.000280639,0.001403194
2/27/2024 4:23,UP,1.08476,1.086,1.08387,1.08539,0.00011978,0.000244931,0.001224655
2/27/2024 14:34,DOWN,1.08538,1.0866,1.084,1.0843,-0.000138329,0.000324331,0.001621656
2/27/2024 18:21,UP,1.08431,1.0858,1.0833,1.08564,0.000304014,0.000369222,0.001846111
2/28/2024 1:40,DOWN,1.08564,1.08564,1.08378,1.08399,-0.000138368,0.00029794,0.001489699
2/28/2024 7:26,DOWN,1.084,1.08417,1.08197,1.08199,-0.000397337,0.000304161,0.001520807
2/28/2024 9:19,DOWN,1.08203,1.08242,1.08009,1.08015,-0.000832871,0.000381456,0.001907282
2/28/2024 12:13,UP,1.08012,1.0821,1.07966,1.08203,0.000378989,0.000368439,0.001842195
2/28/2024 15:30,UP,1.08204,1.0838,1.08068,1.08363,0.000581548,0.000456749,0.002283743
2/29/2024 13:07,DOWN,1.08362,1.08544,1.08219,1.08244,-0.000406406,0.000481341,0.002406707
2/29/2024 15:07,UP,1.08243,1.08561,1.08234,1.0855,0.000617418,0.00055867,0.002793352
2/29/2024 15:59,DOWN,1.08547,1.08547,1.08191,1.08206,-0.000803699,0.00059013,0.002950651
3/1/2024 2:02,UP,1.08207,1.08252,1.07958,1.0821,0.000462171,0.000399579,0.001997893
3/1/2024 10:34,DOWN,1.08208,1.08229,1.07984,1.08006,-0.00028698,0.000367203,0.001836015
3/1/2024 12:20,UP,1.08008,1.08247,1.08004,1.0824,0.0004528,0.000384313,0.001921565
3/1/2024 14:56,DOWN,1.08239,1.08249,1.0798,1.07985,-0.001036644,0.00042755,0.002137752
3/1/2024 15:22,UP,1.07985,1.08355,1.07982,1.08328,0.001182295,0.000594592,0.002972959
3/4/2024 6:23,UP,1.08332,1.08483,1.08234,1.08447,0.000101437,0.000336974,0.001684869
3/4/2024 14:56,UP,1.08447,1.08619,1.08376,1.08612,0.000727624,0.000351528,0.001757639
3/5/2024 2:02,DOWN,1.08611,1.0867,1.08475,1.08497,-0.000175105,0.000243751,0.001218757
3/6/2024 0:57,DOWN,1.08498,1.08764,1.08399,1.085,-0.000211959,0.000440497,0.002202484
3/6/2024 7:18,UP,1.08496,1.08641,1.0842,1.08629,0.000276207,0.000340046,0.00170023
3/6/2024 13:53,UP,1.0863,1.08842,1.08591,1.08809,0.000211402,0.000340662,0.001703312
3/6/2024 15:53,UP,1.08809,1.09007,1.08805,1.09006,0.000614834,0.00033671,0.001683548
3/6/2024 19:16,DOWN,1.09005,1.09156,1.0895,1.08961,-0.000321164,0.00031938,0.001596899
3/7/2024 8:25,DOWN,1.08959,1.09077,1.08876,1.089,-0.000156094,0.000275258,0.001376291
3/7/2024 13:39,DOWN,1.08901,1.09029,1.08719,1.08743,-0.000597561,0.00043066,0.002153301
3/7/2024 14:51,UP,1.08743,1.09078,1.08677,1.09062,0.000504428,0.000524175,0.002620874
3/7/2024 16:53,UP,1.09062,1.09391,1.0905,1.09387,0.000502928,0.000534827,0.002674133
3/8/2024 8:00,DOWN,1.09388,1.09559,1.09311,1.09325,-0.000146342,0.000351817,0.001759084
3/8/2024 13:44,UP,1.09329,1.09815,1.09175,1.09745,0.001970138,0.000702006,0.00351003
3/8/2024 16:31,DOWN,1.09744,1.09749,1.09417,1.09427,-0.000584694,0.000571727,0.002858636
3/11/2024 13:24,DOWN,1.09425,1.09484,1.09238,1.09258,-0.000237941,0.000325392,0.00162696
3/12/2024 2:08,UP,1.09257,1.09346,1.09144,1.09329,0.000375085,0.000250799,0.001253994
3/12/2024 8:34,DOWN,1.0933,1.09395,1.09229,1.09237,-0.000503366,0.000265756,0.001328781
3/12/2024 12:22,UP,1.09237,1.09367,1.09211,1.09361,5.49E-05,0.000225298,0.00112649
3/12/2024 13:15,DOWN,1.09362,1.09441,1.09026,1.0915,-0.000210697,0.000404509,0.002022543
3/12/2024 18:53,UP,1.09152,1.09238,1.09023,1.09237,0.000137326,0.000320109,0.001600545
3/13/2024 11:44,UP,1.09233,1.09416,1.09201,1.09395,0.000384004,0.000274736,0.001373679
3/13/2024 17:09,UP,1.09393,1.09591,1.09314,1.09585,0.000849017,0.000381188,0.001905942
3/14/2024 3:54,DOWN,1.09581,1.09641,1.09413,1.09432,-0.000137062,0.000273139,0.001365695
3/14/2024 13:36,DOWN,1.09432,1.09454,1.09158,1.09158,-0.000686842,0.00043193,0.002159651
3/14/2024 15:14,DOWN,1.09163,1.09207,1.08881,1.08905,-0.000651732,0.000430818,0.002154089
3/15/2024 9:50,UP,1.08901,1.08945,1.08728,1.08942,0.000569272,0.000309895,0.001549474
3/15/2024 17:31,DOWN,1.08939,1.08997,1.08813,1.08843,-0.000202106,0.000242868,0.00121434
3/18/2024 8:26,UP,1.0884,1.08974,1.08805,1.08974,0.000119302,0.000265234,0.00132617
3/18/2024 13:37,DOWN,1.08975,1.09062,1.08862,1.08874,-0.000293875,0.000283012,0.001415058
3/18/2024 16:27,DOWN,1.08872,1.08934,1.08693,1.08703,-0.000689715,0.000342064,0.001710318
3/19/2024 7:55,DOWN,1.08703,1.08775,1.08538,1.08551,-0.000672269,0.000293758,0.001468788
3/19/2024 9:51,DOWN,1.08548,1.08564,1.08362,1.08363,-0.000811756,0.000336397,0.001681985
3/19/2024 13:07,UP,1.08365,1.08574,1.08347,1.08555,0.000359329,0.000316761,0.001583803
3/20/2024 3:06,UP,1.08552,1.08696,1.08493,1.08687,0.000432528,0.00024817,0.001240851
3/20/2024 8:40,DOWN,1.08688,1.08722,1.08524,1.08535,-0.000221102,0.000320006,0.001600031
3/20/2024 16:01,UP,1.0853,1.08563,1.08364,1.08552,0.000193474,0.000284099,0.001420497
3/20/2024 18:07,UP,1.08553,1.08944,1.08549,1.08884,0.000955601,0.000478861,0.002394307
3/20/2024 18:56,UP,1.08881,1.09178,1.08658,1.09163,0.000934819,0.000754138,0.003770689
3/21/2024 1:11,UP,1.09162,1.09381,1.09018,1.09377,0.000512122,0.000596773,0.002983864
3/21/2024 8:31,DOWN,1.09375,1.09427,1.08984,1.09026,-0.001182505,0.000568898,0.00284449
3/21/2024 14:01,DOWN,1.09034,1.09238,1.08819,1.08825,-0.000652211,0.000564254,0.002821271
3/21/2024 19:27,DOWN,1.08825,1.08827,1.08558,1.08566,-0.000524888,0.000449461,0.002247306
3/22/2024 2:58,DOWN,1.08567,1.08683,1.08389,1.08393,-0.000783876,0.000456626,0.002283128
3/22/2024 8:29,DOWN,1.08394,1.08421,1.08133,1.08152,-0.000286593,0.000433486,0.002167431
3/22/2024 17:08,DOWN,1.08151,1.08319,1.08057,1.08072,-0.000101779,0.00037361,0.00186805
3/25/2024 2:39,UP,1.0807,1.08214,1.08017,1.08213,0.000314245,0.000330612,0.001653062
3/25/2024 12:42,UP,1.08213,1.08325,1.0807,1.08316,0.000110793,0.000401606,0.002008032
3/26/2024 6:29,UP,1.08315,1.08498,1.08291,1.08494,0.000304211,0.000319921,0.001599605
3/26/2024 10:25,UP,1.08497,1.08598,1.08385,1.0858,0.000313182,0.000283492,0.001417461
3/26/2024 14:45,DOWN,1.08581,1.08643,1.08378,1.08406,-0.000129136,0.000347054,0.001735268
3/27/2024 1:44,DOWN,1.08409,1.08444,1.08204,1.0822,-0.000286413,0.000297821,0.001489103
3/27/2024 13:08,DOWN,1.08224,1.08392,1.0815,1.08152,-0.000277349,0.00034941,0.001747051
3/27/2024 20:41,UP,1.08151,1.08291,1.08108,1.08286,0.00032327,0.000288592,0.00144296
3/28/2024 7:27,DOWN,1.08285,1.0829,1.08028,1.08055,-0.000943518,0.000400017,0.002000085
3/28/2024 9:15,DOWN,1.08054,1.08055,1.07806,1.07806,-0.000880825,0.000444459,0.002222295
3/28/2024 13:01,UP,1.07806,1.08183,1.07751,1.08175,0.002230357,0.000666193,0.003330967
3/28/2024 19:08,DOWN,1.08181,1.08191,1.07857,1.07862,-0.00060244,0.000499293,0.002496465
3/29/2024 7:54,DOWN,1.07863,1.07955,1.07692,1.07703,-0.000529093,0.000375585,0.001877926
3/29/2024 12:40,UP,1.07693,1.07992,1.07675,1.07981,0.000917249,0.000422129,0.002110644
4/1/2024 12:23,DOWN,1.07981,1.0807,1.07785,1.0779,-0.000602843,0.000359653,0.001798265
4/1/2024 14:26,DOWN,1.07786,1.07832,1.07439,1.07441,-0.000548988,0.000592093,0.002960467
4/2/2024 6:49,DOWN,1.07441,1.0749,1.07244,1.07255,-0.000391513,0.000331214,0.001656071
4/2/2024 11:00,UP,1.0726,1.07468,1.07255,1.07468,0.00066088,0.000345817,0.001729084
4/2/2024 14:07,UP,1.07464,1.07766,1.07428,1.07717,0.001031009,0.00042509,0.002125452
4/3/2024 11:51,UP,1.07718,1.07848,1.07602,1.07811,8.35E-05,0.000317311,0.001586554
4/3/2024 14:03,UP,1.07815,1.08182,1.07729,1.08108,0.002018538,0.000607763,0.003038813
4/3/2024 17:22,UP,1.08109,1.08363,1.07979,1.08314,0.000397073,0.000508197,0.002540983
4/4/2024 7:27,UP,1.08311,1.08542,1.08292,1.08529,0.000700519,0.000384224,0.001921119
4/4/2024 13:17,UP,1.08527,1.0872,1.08504,1.08717,0.000340391,0.000345096,0.001725482
4/4/2024 18:07,DOWN,1.08716,1.08767,1.08557,1.0857,-0.000340736,0.000308297,0.001541486
4/4/2024 19:33,DOWN,1.08568,1.08577,1.08382,1.08386,-0.000544203,0.000318241,0.001591205
4/5/2024 2:24,DOWN,1.08384,1.08441,1.08237,1.0825,-0.000147795,0.00031866,0.0015933
4/5/2024 7:48,UP,1.08251,1.08412,1.08225,1.08393,0.000359867,0.000284665,0.001423326
4/5/2024 13:16,DOWN,1.0839,1.08481,1.07914,1.0794,-0.000203796,0.000930635,0.004653175
4/5/2024 15:48,UP,1.07941,1.08431,1.0794,1.0841,0.001098288,0.000739909,0.003699545
4/8/2024 9:01,DOWN,1.0841,1.08445,1.08219,1.08227,-0.000258682,0.000328697,0.001643483
4/8/2024 13:28,UP,1.08225,1.08417,1.08206,1.08404,0.000276781,0.000311507,0.001557537
4/8/2024 17:31,UP,1.08405,1.0859,1.08397,1.08577,0.000561971,0.000310281,0.001551407
4/9/2024 10:16,UP,1.08578,1.08679,1.0849,1.08674,0.000276093,0.000264353,0.001321766
4/9/2024 13:15,UP,1.08673,1.08841,1.08593,1.08807,0.00014706,0.000339758,0.001698791
4/9/2024 14:41,DOWN,1.0881,1.08852,1.086,1.08605,-0.000671935,0.000407244,0.002036222
4/10/2024 10:35,UP,1.08606,1.08659,1.08475,1.08643,0.000248551,0.000214538,0.001072691
4/10/2024 13:00,DOWN,1.08642,1.08666,1.07784,1.07809,-0.001140256,0.001460703,0.007303514
4/10/2024 16:45,DOWN,1.07806,1.07814,1.07287,1.07329,-8.39E-05,0.00087608,0.004380399
4/11/2024 12:01,DOWN,1.07332,1.07545,1.07254,1.07285,-0.000232997,0.000403059,0.002015293
4/11/2024 14:29,DOWN,1.07286,1.07567,1.07108,1.07109,-0.000923865,0.000618367,0.003091836
4/11/2024 17:54,UP,1.07111,1.07299,1.06992,1.07294,0.000540717,0.000513637,0.002568183
4/12/2024 6:20,DOWN,1.07289,1.07346,1.07049,1.07099,-0.00011204,0.000376974,0.001884872
4/12/2024 7:16,DOWN,1.07095,1.07098,1.06775,1.06783,-0.00075826,0.000569797,0.002848984
4/12/2024 10:31,DOWN,1.0678,1.06852,1.06507,1.06538,-0.00016894,0.000519647,0.002598233
4/12/2024 14:18,DOWN,1.06539,1.06594,1.06257,1.06284,-0.000432709,0.000459653,0.002298266
4/12/2024 18:08,UP,1.06282,1.0651,1.06226,1.06493,0.000216,0.0003734,0.001866998
4/15/2024 5:45,UP,1.06492,1.06551,1.06304,1.06548,0.000253439,0.0002953,0.001476501
4/15/2024 12:36,DOWN,1.06549,1.06654,1.06308,1.06385,-0.000770488,0.000393492,0.00196746
4/15/2024 14:09,DOWN,1.06385,1.06609,1.06277,1.06278,-0.000846477,0.000513087,0.002565434
4/15/2024 19:13,DOWN,1.06279,1.06477,1.06218,1.0623,-0.000216488,0.000354126,0.001770631
4/16/2024 2:44,DOWN,1.0623,1.06286,1.0606,1.06081,-0.000621973,0.000341081,0.001705404
4/16/2024 10:05,UP,1.06079,1.0635,1.06023,1.06297,0.000103489,0.000433343,0.002166714
4/16/2024 12:41,UP,1.06299,1.06539,1.06231,1.06492,0.00045084,0.000391158,0.001955788
4/16/2024 16:37,DOWN,1.06493,1.06495,1.06188,1.06197,-0.000564828,0.000515383,0.002576916
4/17/2024 11:19,UP,1.06201,1.06494,1.06011,1.0647,0.000450933,0.000687611,0.003438057
4/17/2024 18:02,UP,1.06473,1.06716,1.063,1.067,0.000975171,0.000581582,0.00290791
4/18/2024 13:23,DOWN,1.06697,1.06902,1.0657,1.06602,-0.000253246,0.000469687,0.002348434
4/19/2024 0:19,DOWN,1.06605,1.06655,1.06368,1.0638,-0.000366543,0.000404497,0.002022484
4/19/2024 6:56,UP,1.0638,1.06486,1.06105,1.06481,0.001136999,0.000588771,0.002943857
4/22/2024 11:28,DOWN,1.06484,1.06777,1.06351,1.06361,-0.001352964,0.000571266,0.002856331
4/22/2024 18:26,UP,1.06356,1.06594,1.06238,1.06583,0.000516163,0.000521384,0.002606918
4/23/2024 7:39,UP,1.06582,1.06954,1.06385,1.0683,0.00238044,0.000782543,0.003912713
4/23/2024 14:23,UP,1.06833,1.07101,1.06532,1.07048,0.000943947,0.00085659,0.004282948
4/24/2024 11:50,DOWN,1.07047,1.07143,1.06806,1.06842,-0.000393027,0.000456707,0.002283535
4/25/2024 5:02,UP,1.06841,1.071,1.06779,1.07096,0.000429613,0.000435021,0.002175105
4/25/2024 17:03,UP,1.07094,1.07407,1.06784,1.07324,0.000810958,0.000764807,0.003824034
4/26/2024 8:42,UP,1.07328,1.0753,1.07185,1.07529,0.00122833,0.000590853,0.002954266
4/26/2024 12:07,DOWN,1.07525,1.0753,1.07138,1.07146,-0.000998139,0.000625856,0.003129282
4/26/2024 14:45,DOWN,1.07145,1.07413,1.06863,1.06876,-0.000888486,0.00072269,0.003613452
4/29/2024 1:45,UP,1.06877,1.07143,1.0674,1.07134,0.000373434,0.00063544,0.003177202
4/29/2024 13:41,DOWN,1.07133,1.0734,1.06902,1.06929,-0.000831982,0.000596545,0.002982725
4/29/2024 16:46,UP,1.06931,1.0729,1.06903,1.07278,0.000428884,0.000590252,0.002951262
4/30/2024 3:14,DOWN,1.07279,1.07298,1.07029,1.07036,-0.000233539,0.000463647,0.002318233
4/30/2024 9:44,UP,1.07035,1.07347,1.06899,1.07315,0.000783049,0.000638621,0.003193104
4/30/2024 15:18,DOWN,1.07315,1.07355,1.06872,1.06912,-0.000224458,0.000724708,0.00362354
5/1/2024 0:54,DOWN,1.06914,1.0695,1.0658,1.06603,-0.000609553,0.000537366,0.002686831
5/1/2024 12:42,UP,1.06602,1.06838,1.06493,1.06819,0.000861641,0.000450018,0.002250088
5/1/2024 18:43,UP,1.06819,1.07238,1.06705,1.0723,0.00326935,0.000931469,0.004657343
5/2/2024 13:15,DOWN,1.0723,1.07327,1.06867,1.06954,-0.000317843,0.000553972,0.002769859
5/2/2024 16:42,UP,1.06954,1.0712,1.06743,1.07119,0.000719085,0.000599195,0.002995976
5/3/2024 1:55,UP,1.0712,1.07397,1.07116,1.07382,0.000381887,0.000476583,0.002382916
5/3/2024 12:38,UP,1.07385,1.08126,1.07244,1.08018,0.004676808,0.001216259,0.006081296
5/5/2024 23:38,DOWN,1.08016,1.08103,1.07516,1.07611,-0.000223001,0.000738539,0.003692694
5/6/2024 12:49,UP,1.07609,1.07895,1.07552,1.07891,0.000880906,0.000568378,0.002841889
5/6/2024 23:50,DOWN,1.07893,1.07909,1.0765,1.07681,-0.00012072,0.00038949,0.001947452
5/7/2024 13:36,UP,1.07678,1.07826,1.07543,1.07813,0.000361803,0.000387651,0.001938255
5/7/2024 17:56,DOWN,1.07816,1.07875,1.0756,1.07584,-0.000195177,0.000420621,0.002103107
5/8/2024 15:53,UP,1.07583,1.07584,1.07349,1.07562,0.000660302,0.000329414,0.00164707
5/9/2024 6:17,DOWN,1.07566,1.07577,1.07408,1.07414,-0.00026064,0.000271037,0.001355186
5/9/2024 12:48,UP,1.07414,1.07625,1.07239,1.07597,0.000613588,0.000590329,0.002951647
5/9/2024 19:21,UP,1.07594,1.07829,1.07505,1.0782,0.000222618,0.000458631,0.002293156
5/13/2024 2:21,DOWN,1.07821,1.07901,1.07604,1.07694,-3.71E-05,0.000344053,0.001720263
5/13/2024 11:50,UP,1.07693,1.07945,1.07658,1.07939,0.00077852,0.000372238,0.00186119
5/14/2024 1:42,DOWN,1.07937,1.08069,1.07843,1.0785,-0.000333741,0.000345798,0.001728989
5/14/2024 10:09,UP,1.0785,1.07942,1.07753,1.07938,0.000166776,0.000302669,0.001513344
5/14/2024 13:19,UP,1.07939,1.08224,1.07672,1.08213,0.000739556,0.000491882,0.002459411
5/15/2024 7:09,UP,1.08211,1.08324,1.08099,1.08287,0.000129294,0.000299443,0.001497215
5/15/2024 12:44,UP,1.08288,1.08696,1.08218,1.0863,0.001114494,0.00058602,0.0029301
5/15/2024 15:31,UP,1.08623,1.08734,1.08316,1.08724,0.000524401,0.000590472,0.002952358
5/15/2024 21:36,UP,1.08725,1.08885,1.08561,1.08876,0.000385834,0.000507628,0.002538141
5/16/2024 7:55,DOWN,1.08831,1.08952,1.08737,1.08752,-0.000147113,0.00033555,0.001677752
5/16/2024 16:16,UP,1.08751,1.08767,1.08543,1.08743,0,0.000305702,0.001528511
5/17/2024 1:23,DOWN,1.08743,1.08756,1.08585,1.08593,-0.000515554,0.000270008,0.001350042
5/17/2024 8:49,DOWN,1.08592,1.08685,1.08416,1.08448,-0.000359555,0.000382035,0.001910173
5/17/2024 14:26,UP,1.08447,1.08627,1.08356,1.08602,0.000174966,0.000361083,0.001805416
5/20/2024 3:58,UP,1.08601,1.08788,1.08595,1.08782,0.000468937,0.000316353,0.001581765
5/20/2024 11:19,DOWN,1.08781,1.08847,1.08645,1.08651,-0.000542876,0.000318986,0.001594932
5/21/2024 2:06,DOWN,1.08654,1.08708,1.08514,1.0852,-0.000644834,0.000252471,0.001262353
5/21/2024 7:43,UP,1.08517,1.08671,1.08509,1.08663,0.000138051,0.000261501,0.001307506
5/21/2024 12:33,DOWN,1.0866,1.08749,1.08564,1.08587,-0.000303858,0.000250239,0.001251196
5/21/2024 21:26,UP,1.08584,1.08619,1.08426,1.08564,0.000156602,0.000234412,0.001172062
5/22/2024 9:21,DOWN,1.0855,1.08637,1.08424,1.08429,-0.000571639,0.000269979,0.001349894
5/22/2024 11:41,DOWN,1.08431,1.08465,1.08266,1.08282,-0.000387801,0.000286035,0.001430177
5/22/2024 15:32,UP,1.08283,1.0841,1.08218,1.08393,0.000304494,0.000255871,0.001279356
5/22/2024 18:20,DOWN,1.08394,1.08471,1.0825,1.08261,-0.000535599,0.000313757,0.001568785
5/23/2024 7:26,DOWN,1.08264,1.08325,1.0814,1.08144,-0.000508452,0.000311334,0.001556668
5/23/2024 8:17,UP,1.08146,1.08435,1.08124,1.08415,0.000581269,0.000422965,0.002114824
5/23/2024 12:05,UP,1.08413,1.08539,1.08336,1.08535,0.000497659,0.000335482,0.001677409
5/23/2024 13:49,DOWN,1.08534,1.08611,1.08298,1.0835,-0.000959392,0.000426446,0.002132231
5/23/2024 17:09,DOWN,1.08353,1.08425,1.08152,1.08163,-0.000175645,0.000374505,0.001872524
5/24/2024 7:21,UP,1.08166,1.08203,1.08047,1.08174,0.000147921,0.000228913,0.001144565
5/24/2024 9:35,UP,1.08172,1.08311,1.08163,1.08309,0.000138502,0.000241457,0.001207286
5/24/2024 12:32,UP,1.08311,1.08453,1.08275,1.08442,0.000221341,0.000279532,0.001397658
5/27/2024 9:31,UP,1.08439,1.0858,1.08405,1.08541,0.000202709,0.000192563,0.000962813
5/27/2024 12:11,DOWN,1.08543,1.08676,1.08406,1.08425,-0.000461042,0.000399505,0.001997525
5/27/2024 16:44,UP,1.08426,1.0862,1.08417,1.08617,0.000202567,0.000319981,0.001599906
5/28/2024 1:56,UP,1.08617,1.08736,1.08528,1.08724,0.000358771,0.000281733,0.001408666
5/28/2024 11:05,UP,1.08725,1.08847,1.0867,1.08831,0.000422763,0.000247207,0.001236034
5/28/2024 13:35,DOWN,1.08834,1.08892,1.0872,1.08725,-0.000211521,0.00025747,0.001287349
5/28/2024 14:52,UP,1.08722,1.08771,1.08578,1.08769,0.000606975,0.000304438,0.001522189
5/28/2024 18:02,DOWN,1.08766,1.08798,1.08626,1.08628,-0.000450979,0.000270562,0.001352809
5/29/2024 0:09,DOWN,1.08626,1.08652,1.08482,1.08488,-0.000368636,0.000232335,0.001161675
5/29/2024 8:06,DOWN,1.08485,1.08589,1.08341,1.08341,-0.000931807,0.000406228,0.002031138
5/29/2024 9:55,UP,1.08347,1.08564,1.08291,1.08556,0.00067269,0.000394084,0.001970422
5/29/2024 14:24,DOWN,1.08556,1.08587,1.08227,1.08228,-0.001255818,0.00049743,0.00248715
5/29/2024 19:20,DOWN,1.0823,1.0826,1.08027,1.08039,-9.26E-05,0.000322042,0.001610208
5/30/2024 5:45,DOWN,1.0804,1.08111,1.07891,1.079,-0.000101941,0.000240909,0.001204545
5/30/2024 7:47,UP,1.07902,1.08057,1.07882,1.08057,0.000629496,0.000271165,0.001355827
5/30/2024 11:29,UP,1.08053,1.082,1.08032,1.08198,0.000369761,0.000255478,0.001277391
5/30/2024 13:02,UP,1.08198,1.08329,1.08129,1.08319,0.000230826,0.000275792,0.00137896
5/30/2024 15:28,UP,1.08316,1.08451,1.08254,1.08448,0.000424256,0.000279017,0.001395084
5/30/2024 19:49,DOWN,1.08451,1.08451,1.08275,1.08278,-0.000637046,0.00027815,0.00139075
5/31/2024 2:31,DOWN,1.08275,1.08356,1.08181,1.08181,-0.000388163,0.00026275,0.001313751
5/31/2024 8:22,UP,1.08183,1.08295,1.08111,1.08282,0.000193957,0.000255079,0.001275396
5/31/2024 10:09,UP,1.0828,1.08486,1.08275,1.08459,0.000202862,0.000285657,0.001428285
5/31/2024 12:37,UP,1.0846,1.08677,1.08455,1.08655,0.000174881,0.00034744,0.001737201
5/31/2024 14:42,DOWN,1.08652,1.08825,1.08561,1.08564,-0.000745825,0.000395477,0.001977386
6/3/2024 1:55,UP,1.08561,1.08603,1.08397,1.08575,0.000230282,0.000278672,0.001393358
6/3/2024 8:08,DOWN,1.08577,1.08588,1.08342,1.08354,-0.000452119,0.000363949,0.001819747
6/3/2024 12:31,UP,1.08354,1.08484,1.08277,1.08483,0.000304241,0.000275438,0.001377191
6/3/2024 14:07,UP,1.0848,1.08776,1.08421,1.08775,0.001011773,0.000495919,0.002479597
6/3/2024 18:27,UP,1.08776,1.08934,1.08664,1.0893,0.000459116,0.000363912,0.001819561
6/4/2024 0:12,UP,1.08933,1.09149,1.08922,1.09127,0.000467455,0.000346748,0.001733738
6/4/2024 6:32,DOWN,1.0913,1.09161,1.08991,1.09006,-0.000192631,0.00026952,0.001347601
6/4/2024 8:30,DOWN,1.09003,1.09015,1.08782,1.08786,-0.00104738,0.000371773,0.001858863
6/4/2024 15:33,UP,1.08784,1.08837,1.0859,1.08827,6.43E-05,0.000364206,0.001821028
6/5/2024 10:13,DOWN,1.08829,1.08877,1.08663,1.08683,-0.000662258,0.000312459,0.001562295
6/5/2024 12:55,UP,1.08682,1.08827,1.08597,1.08825,0.000533108,0.000333829,0.001669146
6/5/2024 14:15,DOWN,1.08822,1.0892,1.08618,1.08646,-0.000248483,0.000401993,0.002009963
6/6/2024 0:55,UP,1.08646,1.08822,1.08544,1.08813,0.000386058,0.000372882,0.001864411
6/6/2024 8:15,DOWN,1.08817,1.08959,1.08717,1.08729,-0.00045056,0.000320738,0.001603692
6/6/2024 12:30,UP,1.08728,1.09022,1.08618,1.09008,0.001340249,0.000534422,0.00267211
6/7/2024 2:12,UP,1.09002,1.0901,1.08719,1.08953,0.000174402,0.000356366,0.001781832
6/7/2024 12:35,DOWN,1.08955,1.09036,1.08342,1.08365,-0.002433248,0.000954752,0.004773761
6/7/2024 16:59,DOWN,1.08367,1.084,1.08032,1.08048,-0.000296121,0.000530602,0.002653011
6/10/2024 3:08,DOWN,1.08047,1.08073,1.07637,1.0767,-0.000492124,0.000670611,0.003353057
6/10/2024 10:13,DOWN,1.07671,1.07683,1.07379,1.07395,-0.000363079,0.000484717,0.002423583
6/10/2024 16:24,UP,1.07396,1.07606,1.07328,1.07578,0.000622998,0.000415068,0.002075338
6/11/2024 4:10,UP,1.07579,1.07695,1.07502,1.07694,0.000195016,0.000266861,0.001334304
6/11/2024 8:52,DOWN,1.07691,1.07737,1.07436,1.07436,-0.001497445,0.000454544,0.002272722
6/11/2024 12:03,DOWN,1.07434,1.07566,1.07237,1.07268,-0.000456695,0.000455867,0.002279333
6/11/2024 17:08,UP,1.07265,1.07433,1.07194,1.07417,0.000344511,0.000330519,0.001652597
6/12/2024 8:31,UP,1.07419,1.07533,1.07345,1.07528,0.000269734,0.000287609,0.001438043
6/12/2024 11:59,UP,1.07531,1.07657,1.0744,1.07653,0.000297296,0.000292634,0.001463168
6/12/2024 13:28,UP,1.07649,1.08317,1.0762,1.08308,0.000544891,0.001088927,0.005444634
6/12/2024 18:54,DOWN,1.0831,1.08523,1.08076,1.08112,-0.000517847,0.000655311,0.003276554
6/13/2024 10:57,DOWN,1.08112,1.08216,1.07944,1.07945,-0.000685299,0.00038965,0.00194825
6/13/2024 14:31,DOWN,1.07942,1.08166,1.07706,1.07726,-0.001224581,0.000695238,0.003476191
6/13/2024 16:44,DOWN,1.07725,1.07738,1.07359,1.07364,-0.000567999,0.000601662,0.003008311
6/14/2024 6:43,DOWN,1.07363,1.07451,1.07157,1.07164,-0.000820834,0.000409624,0.002048122
6/14/2024 8:48,DOWN,1.07162,1.07273,1.06908,1.0691,-0.000925584,0.000571104,0.00285552
6/14/2024 11:32,UP,1.06909,1.07042,1.06717,1.07025,0.000289694,0.000547321,0.002736604
6/14/2024 13:34,DOWN,1.07023,1.0706,1.06687,1.06724,-0.000412193,0.00052234,0.002611702
6/14/2024 16:30,UP,1.06727,1.07,1.06676,1.06983,0.000308508,0.0005173,0.0025865
6/17/2024 9:09,UP,1.06981,1.07132,1.06863,1.07124,0.000616298,0.000450604,0.00225302
6/17/2024 16:07,UP,1.07125,1.07249,1.0702,1.07219,0.000130582,0.000336679,0.001683397
6/17/2024 23:56,UP,1.07218,1.0741,1.07207,1.07407,0.00027935,0.00032342,0.001617101
6/18/2024 3:37,DOWN,1.07404,1.07413,1.07209,1.07213,-0.0003264,0.000316744,0.00158372
6/18/2024 10:46,DOWN,1.07216,1.07353,1.07148,1.07186,-3.73E-05,0.00024935,0.001246752
6/18/2024 13:40,UP,1.07183,1.07356,1.07099,1.07351,0.000214273,0.000387505,0.001937524
6/18/2024 17:52,DOWN,1.07353,1.07615,1.07336,1.0734,-0.000279447,0.000402292,0.002011461
6/19/2024 11:02,UP,1.07337,1.07524,1.07247,1.07521,0.000762933,0.000435206,0.002176029
6/20/2024 6:49,DOWN,1.07523,1.07534,1.07306,1.07314,-0.000531011,0.000312377,0.001561887
6/20/2024 15:22,DOWN,1.07315,1.07365,1.07118,1.0716,-0.000214609,0.000325595,0.001627977
6/21/2024 7:30,DOWN,1.07159,1.07207,1.06811,1.06823,-0.001468642,0.000532954,0.002664771
6/21/2024 19:00,UP,1.06821,1.06983,1.06709,1.06949,0.000102858,0.000402108,0.002010539
6/24/2024 7:03,UP,1.06947,1.07082,1.06835,1.07078,0.000411,0.000357284,0.001786421
6/24/2024 9:35,UP,1.07078,1.07291,1.07023,1.07267,0.000727422,0.000346224,0.00173112
6/24/2024 13:55,UP,1.07264,1.07431,1.07195,1.07412,0.000391094,0.000364523,0.001822616
6/24/2024 17:09,DOWN,1.07409,1.07464,1.07233,1.0724,-0.000382247,0.00032457,0.001622849
6/25/2024 3:25,UP,1.07237,1.07397,1.07219,1.07374,0.000176967,0.000268351,0.001341753
6/25/2024 7:15,DOWN,1.07373,1.07443,1.07268,1.07271,-0.000242347,0.000301367,0.001506833
6/25/2024 11:39,DOWN,1.07273,1.0736,1.07109,1.07114,-0.000615976,0.000347035,0.001735175
6/25/2024 18:22,UP,1.07116,1.07163,1.06906,1.07157,0.000186659,0.000370219,0.001851094
6/26/2024 6:53,DOWN,1.07155,1.07181,1.0695,1.0698,-0.00039252,0.000291158,0.001455788
6/26/2024 13:22,DOWN,1.06981,1.06999,1.06705,1.06721,-0.000683793,0.000419914,0.00209957
6/26/2024 14:49,UP,1.06721,1.0696,1.06659,1.06915,0.000439698,0.000420053,0.002100265
6/27/2024 5:00,UP,1.06916,1.0695,1.06745,1.06936,0.000215105,0.000303091,0.001515455
6/27/2024 12:37,UP,1.06933,1.0709,1.06805,1.07089,0.000672564,0.000361383,0.001806916
6/27/2024 16:48,DOWN,1.07089,1.07265,1.07002,1.07051,-0.000252184,0.000339672,0.00169836
6/28/2024 1:43,DOWN,1.07049,1.0711,1.06853,1.06901,-0.000159013,0.00035845,0.001792252
6/28/2024 9:42,UP,1.06899,1.07051,1.06856,1.07045,0.000691537,0.000333138,0.001665692
6/28/2024 17:19,UP,1.07044,1.07249,1.0692,1.07239,0.000615637,0.00052511,0.002625549
7/1/2024 0:50,UP,1.07241,1.07498,1.0706,1.07462,0.000307132,0.000652332,0.003261662
7/1/2024 11:51,DOWN,1.07462,1.07766,1.07421,1.07449,-0.000260555,0.000502568,0.002512842
7/1/2024 14:55,DOWN,1.07452,1.07703,1.07304,1.07306,-0.000633501,0.000447039,0.002235197
7/2/2024 6:56,DOWN,1.07304,1.07428,1.07195,1.07257,-0.000484699,0.000290425,0.001452124
7/2/2024 12:20,UP,1.0726,1.07334,1.07099,1.07312,0.000288919,0.000323241,0.001616204
7/2/2024 20:19,UP,1.07312,1.07473,1.07241,1.07467,0.000120975,0.000361268,0.001806341
7/3/2024 7:58,UP,1.07468,1.0762,1.07361,1.07612,0.000362479,0.000386155,0.001930773
7/3/2024 13:05,UP,1.0761,1.07785,1.07525,1.07763,0.000176328,0.000386071,0.001930357
7/3/2024 14:04,UP,1.07762,1.08078,1.07755,1.08038,0.001185471,0.000489126,0.00244563
7/3/2024 17:33,DOWN,1.08035,1.08169,1.07841,1.07849,-0.000936056,0.000459214,0.00229607
7/4/2024 8:27,UP,1.07847,1.08027,1.07781,1.08023,0.00064822,0.000348046,0.001740231
7/4/2024 16:31,UP,1.08021,1.08141,1.07939,1.08138,0.000249712,0.000296311,0.001481554
7/5/2024 7:32,UP,1.08134,1.0826,1.08092,1.08243,0.000230988,0.00022536,0.001126798
7/5/2024 19:26,UP,1.08244,1.08426,1.07978,1.08413,0.000415166,0.000458577,0.002292883
7/8/2024 6:27,DOWN,1.08411,1.08429,1.0804,1.08158,-0.00024036,0.000414736,0.002073678
7/8/2024 8:13,UP,1.08156,1.08425,1.08146,1.08407,0.000424417,0.000436123,0.002180614
7/8/2024 18:46,DOWN,1.08404,1.08452,1.08234,1.08241,-0.000535698,0.000297787,0.001488935
7/9/2024 11:26,DOWN,1.0824,1.08335,1.08151,1.08173,-0.000378951,0.000239856,0.001199278
7/9/2024 16:46,DOWN,1.08174,1.08285,1.08053,1.0808,-0.000259034,0.000301243,0.001506213
7/10/2024 6:58,UP,1.08077,1.08235,1.08058,1.08228,0.000554539,0.000245856,0.001229278
7/10/2024 14:31,UP,1.08227,1.08289,1.08118,1.08274,0.00024016,0.000234021,0.001170103
7/11/2024 0:30,UP,1.08273,1.08369,1.08173,1.08344,0.000175383,0.000225747,0.001128735
7/11/2024 9:03,UP,1.08346,1.08502,1.08321,1.08489,0.000331886,0.000245925,0.001229625
7/11/2024 12:50,UP,1.08488,1.0898,1.08431,1.08977,6.42E-05,0.000959758,0.00479879
7/11/2024 16:25,DOWN,1.08976,1.09,1.0864,1.08647,-0.0004693,0.000567072,0.002835358
7/12/2024 8:28,UP,1.08646,1.08824,1.08597,1.08807,0.000128676,0.000334891,0.001674457
7/12/2024 14:25,UP,1.08808,1.09015,1.08734,1.08961,0,0.00033295,0.001664749
7/14/2024 22:22,DOWN,1.08963,1.09115,1.08844,1.08874,-0.000505044,0.000391939,0.001959694
7/15/2024 8:18,UP,1.08873,1.09052,1.08832,1.09046,0.000522852,0.000359355,0.001796773
7/15/2024 17:33,DOWN,1.09042,1.09225,1.08944,1.08952,-0.000724827,0.00041314,0.002065702
7/16/2024 6:12,DOWN,1.0895,1.09019,1.08848,1.08849,-0.000330679,0.000269762,0.001348808
7/16/2024 8:26,UP,1.0885,1.09029,1.08836,1.09008,0.000256895,0.000291093,0.001455463
7/16/2024 12:50,DOWN,1.09006,1.09056,1.08783,1.08797,-0.000542147,0.000398667,0.001993336
7/16/2024 17:34,UP,1.08794,1.08912,1.08715,1.08908,0.000156107,0.000319256,0.001596282
7/17/2024 2:56,UP,1.0891,1.09071,1.08889,1.09051,0.000284311,0.000254146,0.001270732
7/17/2024 8:46,UP,1.09053,1.09336,1.08951,1.09311,0.000961024,0.000451001,0.002255007
7/18/2024 6:37,DOWN,1.09314,1.09483,1.09236,1.0928,-0.000475729,0.000265478,0.001327388
7/18/2024 13:29,DOWN,1.09281,1.09388,1.09149,1.09159,-0.000448786,0.000287414,0.001437069
7/18/2024 18:47,DOWN,1.09156,1.09188,1.08957,1.08969,-0.000339488,0.000319785,0.001598927
7/19/2024 5:00,DOWN,1.08969,1.09048,1.08861,1.08863,-0.000165332,0.000236098,0.001180488
7/19/2024 16:19,UP,1.08866,1.08943,1.08761,1.08902,0.000146932,0.000211207,0.001056036
7/19/2024 19:51,DOWN,1.08901,1.08902,1.08756,1.08781,-0.000183839,0.000216067,0.001080334
7/21/2024 23:22,UP,1.08782,1.09001,1.08768,1.08997,-1.83E-05,0.000391092,0.001955458
7/22/2024 12:18,DOWN,1.08999,1.0903,1.08787,1.08849,-0.000238834,0.000280159,0.001400793
7/22/2024 22:33,UP,1.08846,1.08926,1.08731,1.08919,0.00033976,0.000251531,0.001257656
7/23/2024 6:49,DOWN,1.08921,1.08969,1.08793,1.08824,-0.000211328,0.000208714,0.001043568
7/23/2024 8:13,DOWN,1.08822,1.08888,1.08679,1.08725,-0.000294277,0.000246413,0.001232064
7/23/2024 10:15,DOWN,1.08723,1.08825,1.08595,1.08599,-0.000671972,0.000330675,0.001653376
7/23/2024 13:35,DOWN,1.08598,1.08685,1.08476,1.0848,-0.000451594,0.000341554,0.001707769
7/24/2024 2:59,DOWN,1.08476,1.08581,1.08416,1.08431,-0.00016599,0.000226172,0.001130862
7/24/2024 8:07,DOWN,1.08431,1.08541,1.08256,1.08291,-0.000138506,0.000410796,0.002053982
7/24/2024 12:17,UP,1.0829,1.08498,1.08279,1.08484,0.000193596,0.000338011,0.001690054
7/24/2024 18:06,DOWN,1.08483,1.08667,1.08416,1.08439,-0.000626884,0.000337326,0.00168663
7/25/2024 7:59,UP,1.08438,1.08534,1.08282,1.08492,0.000802224,0.000308754,0.001543768
7/25/2024 13:39,DOWN,1.08493,1.08592,1.08303,1.08326,-0.00066444,0.000425228,0.002126142
7/25/2024 14:54,UP,1.0833,1.0857,1.08309,1.08563,0.000313231,0.000412371,0.002061857
7/25/2024 22:00,DOWN,1.08565,1.08701,1.08434,1.08441,-0.000101433,0.000354386,0.001771931
7/26/2024 13:55,UP,1.08439,1.08674,1.08421,1.08646,0.000331406,0.000338929,0.001694643
7/29/2024 2:31,UP,1.08646,1.08701,1.08508,1.08689,0.000184028,0.000260087,0.001300436
7/29/2024 7:19,DOWN,1.0869,1.0869,1.08501,1.0852,-0.000414584,0.000250384,0.001251921
7/29/2024 8:40,DOWN,1.08517,1.08562,1.08345,1.08361,-0.000350618,0.000277362,0.001386808
7/29/2024 12:01,DOWN,1.08362,1.08422,1.08167,1.08181,-0.000674567,0.00039265,0.001963249
7/29/2024 18:00,UP,1.0818,1.08261,1.08027,1.08249,0.000166297,0.000390433,0.001952166
7/30/2024 8:30,UP,1.08246,1.08309,1.08143,1.08309,0.000674225,0.000281576,0.001407881
7/30/2024 12:30,DOWN,1.0831,1.08358,1.08149,1.08156,-0.000647004,0.000299494,0.001497472
7/30/2024 22:30,UP,1.08156,1.08177,1.07982,1.08157,0.000147944,0.000298122,0.00149061
7/31/2024 7:03,DOWN,1.08158,1.08304,1.08123,1.08158,-0.000342034,0.000239956,0.001199782
7/31/2024 10:07,UP,1.08159,1.08326,1.08065,1.08307,0.000434046,0.000358096,0.001790482
7/31/2024 14:58,DOWN,1.08308,1.08496,1.08174,1.08177,-0.000720781,0.000516093,0.002580465
7/31/2024 19:06,UP,1.08176,1.08315,1.0802,1.08308,0.000637275,0.000468071,0.002340356
8/1/2024 7:21,DOWN,1.08309,1.08356,1.08074,1.08102,-0.000258981,0.0004,0.002
8/1/2024 8:16,DOWN,1.08099,1.08108,1.07835,1.07845,-0.000945355,0.000474295,0.002371475
8/1/2024 14:04,UP,1.07844,1.08185,1.07775,1.08156,0.001017567,0.000510348,0.002551738
8/1/2024 15:12,DOWN,1.08156,1.0818,1.07871,1.07888,-0.000259495,0.000481267,0.002406334
8/2/2024 5:59,UP,1.07887,1.08039,1.07802,1.08037,0.000666661,0.000328825,0.001644125
8/2/2024 9:07,UP,1.08034,1.08193,1.07861,1.08188,0.000684229,0.000404242,0.002021211
8/2/2024 12:37,UP,1.08191,1.08738,1.08156,1.08493,0.001374304,0.000489063,0.002445314
8/2/2024 13:21,UP,1.08494,1.09001,1.08455,1.08994,0.000578181,0.000822234,0.004111172
8/2/2024 15:41,UP,1.08994,1.09267,1.08854,1.0922,-2.75E-05,0.000627229,0.003136145
8/5/2024 3:26,UP,1.09221,1.09256,1.09028,1.09232,0.00019227,0.000331444,0.00165722
8/5/2024 6:03,DOWN,1.09233,1.094,1.0912,1.09134,-0.00063205,0.000420688,0.002103441
8/5/2024 7:18,UP,1.09135,1.09389,1.08925,1.09387,0.00116169,0.000597329,0.002986646
8/5/2024 12:14,UP,1.09388,1.0975,1.09314,1.09733,0.000665472,0.000679842,0.00339921
8/5/2024 14:32,DOWN,1.09735,1.1009,1.09591,1.09591,-0.0009303,0.000566766,0.00283383
8/5/2024 16:13,DOWN,1.09593,1.09865,1.09477,1.0952,-0.000410799,0.000579561,0.002897807
8/6/2024 5:55,DOWN,1.0952,1.09645,1.09438,1.09463,-0.000365354,0.000247541,0.001237707
8/6/2024 7:39,DOWN,1.09467,1.09487,1.09265,1.09278,-0.000686088,0.00029964,0.001498201
8/6/2024 9:38,DOWN,1.09279,1.09352,1.091,1.09127,-0.000302354,0.00034218,0.001710899
8/6/2024 14:21,UP,1.09129,1.0927,1.09037,1.09266,0.000411924,0.000370328,0.00185164
8/7/2024 2:18,DOWN,1.09264,1.0935,1.09109,1.09143,-0.00020155,0.000318386,0.001591928
8/7/2024 7:50,UP,1.09141,1.09277,1.09054,1.09277,0.000503435,0.000301174,0.001505872
8/7/2024 15:16,UP,1.09274,1.0936,1.09084,1.09341,0.000256112,0.000392374,0.001961868
8/8/2024 4:19,UP,1.09341,1.09378,1.09175,1.09368,0.000219467,0.000286338,0.00143169
8/8/2024 10:09,DOWN,1.0937,1.09452,1.09221,1.0923,-0.000485097,0.000326333,0.001631665
8/8/2024 12:47,DOWN,1.09227,1.09334,1.08976,1.08978,-0.001091368,0.000607923,0.003039613
8/8/2024 16:03,UP,1.08975,1.09149,1.08813,1.09142,0.000513225,0.000537202,0.00268601
8/9/2024 7:13,UP,1.09144,1.09292,1.09051,1.09281,0.000265406,0.000319394,0.001596971
8/11/2024 22:08,DOWN,1.0928,1.09314,1.0909,1.09129,-0.000403111,0.00026775,0.001338752
8/12/2024 15:23,UP,1.09129,1.09395,1.09101,1.0936,0.000374979,0.000360718,0.001803592
8/13/2024 5:43,UP,1.09358,1.09411,1.09219,1.09392,0.000109703,0.000277469,0.001387347
8/13/2024 8:36,DOWN,1.09389,1.09412,1.09208,1.09213,-0.000549234,0.000293065,0.001465325
8/13/2024 13:00,UP,1.09212,1.09467,1.09138,1.0941,0.000182815,0.000355014,0.001775072
8/13/2024 16:57,UP,1.09411,1.09723,1.09381,1.09721,0.001012169,0.000482075,0.002410374
8/13/2024 23:05,UP,1.09722,1.09997,1.09696,1.09975,0.000509336,0.000461848,0.002309241
8/14/2024 8:55,UP,1.09978,1.10181,1.09863,1.10171,0.000871753,0.000412333,0.002061666
8/14/2024 18:29,DOWN,1.10179,1.10476,1.10041,1.10138,-2.72E-05,0.000545393,0.002726964
8/15/2024 12:43,DOWN,1.10136,1.10172,1.09551,1.09584,-0.001340538,0.00097639,0.004881948
8/16/2024 4:51,UP,1.09582,1.09897,1.09495,1.09819,0.000273214,0.00047162,0.002358099
8/16/2024 13:57,UP,1.09817,1.10047,1.09767,1.1003,0.000263599,0.000354918,0.001774588
8/16/2024 17:49,UP,1.10029,1.10127,1.09826,1.10117,0.000508679,0.000386496,0.001932482
8/19/2024 3:07,UP,1.10117,1.10361,1.10092,1.10318,0.00013598,0.000394015,0.001970076
8/19/2024 14:31,UP,1.1032,1.10619,1.10302,1.10619,0.000813935,0.000503972,0.002519861
8/19/2024 20:57,UP,1.10616,1.10865,1.10597,1.10848,2.71E-05,0.00041098,0.0020549
8/20/2024 13:05,UP,1.10849,1.10987,1.10718,1.10956,6.31E-05,0.000368671,0.001843355
8/20/2024 18:28,UP,1.10958,1.11226,1.10925,1.11208,0.000377742,0.000383381,0.001916904
8/21/2024 16:19,UP,1.11209,1.1148,1.10989,1.11464,0.000358925,0.000521832,0.002609158
8/22/2024 2:32,DOWN,1.11462,1.11742,1.11404,1.11412,-0.000278208,0.000506199,0.002530993
8/22/2024 13:57,DOWN,1.11411,1.11652,1.11122,1.11127,-0.000971389,0.000677255,0.003386273
8/23/2024 2:05,UP,1.11126,1.11288,1.10981,1.11276,0.000341552,0.000494642,0.002473209
8/23/2024 13:48,DOWN,1.11278,1.11319,1.11054,1.11072,-0.000216053,0.000368588,0.001842942
8/23/2024 14:10,UP,1.11062,1.11653,1.11061,1.1164,0.002277762,0.000938514,0.004692568
8/26/2024 0:39,UP,1.11639,1.12009,1.1149,1.11948,0.000393117,0.000626066,0.003130332
8/26/2024 10:58,DOWN,1.11949,1.12017,1.11691,1.11719,-0.000223751,0.000415362,0.002076808
8/27/2024 9:15,UP,1.11718,1.1179,1.115,1.11764,0.000545942,0.000374559,0.001872796
8/27/2024 12:32,DOWN,1.11766,1.11789,1.11505,1.11514,-0.000681297,0.00038457,0.001922848
8/27/2024 17:24,UP,1.11519,1.11817,1.11512,1.11767,0.000868254,0.000418217,0.002091087
8/28/2024 3:36,DOWN,1.11768,1.11907,1.11624,1.11637,-0.000653691,0.000394703,0.001973514
8/28/2024 10:05,DOWN,1.11638,1.11681,1.11317,1.11317,-0.000826127,0.0005069,0.002534498
8/28/2024 14:49,UP,1.11316,1.11376,1.11049,1.11371,0.000880329,0.000494919,0.002474594
8/28/2024 17:51,DOWN,1.11368,1.11379,1.11065,1.11089,-0.000324012,0.000471159,0.002355797
8/29/2024 1:03,UP,1.11088,1.11337,1.11052,1.11334,0.000161689,0.000431631,0.002158157
8/29/2024 8:09,DOWN,1.11333,1.11402,1.10893,1.10937,-0.002529767,0.000733327,0.003666635
8/30/2024 2:11,DOWN,1.10936,1.11001,1.10556,1.10731,-0.000604887,0.000410208,0.00205104
8/30/2024 12:49,DOWN,1.10732,1.10952,1.10634,1.10645,-0.001074934,0.000482772,0.002413859
9/1/2024 22:42,DOWN,1.10643,1.10801,1.10438,1.10486,-0.000217199,0.000471713,0.002358565
9/2/2024 8:20,UP,1.10486,1.10774,1.10419,1.1077,0.000288929,0.000539662,0.00269831
9/3/2024 4:21,DOWN,1.10772,1.10775,1.10543,1.10572,-0.000226071,0.000348144,0.001740718
9/3/2024 9:09,DOWN,1.10572,1.10678,1.10361,1.10366,-0.00129485,0.000441811,0.002209054
9/3/2024 13:21,UP,1.10363,1.10603,1.10331,1.10593,0.000578866,0.000430809,0.002154045
9/3/2024 17:30,DOWN,1.10594,1.10697,1.1033,1.1035,-0.000144983,0.000468663,0.002343317
9/4/2024 1:40,UP,1.1035,1.10524,1.10263,1.10497,9.96E-05,0.000341202,0.00170601
9/4/2024 14:23,UP,1.10497,1.10864,1.10399,1.10833,0.001182658,0.000704694,0.003523471
9/5/2024 8:11,UP,1.10834,1.10953,1.10652,1.10923,0.00064931,0.000403806,0.002019032
9/5/2024 15:00,DOWN,1.10923,1.11198,1.10762,1.10791,-0.000433154,0.000635001,0.003175003
9/5/2024 18:27,UP,1.1079,1.11134,1.10782,1.11093,0.000243069,0.000533334,0.002666669
9/6/2024 13:21,DOWN,1.11091,1.11558,1.10781,1.10948,-0.001135023,0.001029994,0.005149969
9/9/2024 1:53,DOWN,1.1095,1.11352,1.10656,1.1082,-0.000433041,0.000518016,0.002590078
9/9/2024 8:18,DOWN,1.10819,1.10834,1.10516,1.10525,-0.000624098,0.000429985,0.002149924
9/9/2024 20:45,DOWN,1.10526,1.1059,1.10339,1.10371,-0.000108718,0.000363169,0.001815846
9/10/2024 13:50,DOWN,1.1037,1.10498,1.1022,1.1023,-0.000879591,0.000361281,0.001806407
9/11/2024 2:12,UP,1.10233,1.10446,1.10151,1.10409,0.000371416,0.000399612,0.00199806
9/11/2024 12:41,DOWN,1.1041,1.10549,1.10096,1.10125,-0.00154251,0.000567947,0.002839736
9/11/2024 19:16,UP,1.10124,1.10264,1.1002,1.10253,0.000317502,0.000360679,0.001803396
9/12/2024 8:03,DOWN,1.10254,1.10267,1.10054,1.10067,-0.000372431,0.000336994,0.001684968
9/12/2024 12:51,UP,1.10066,1.10326,1.10059,1.10289,0.00037182,0.000375169,0.001875847
9/12/2024 18:15,UP,1.10293,1.10595,1.10216,1.10594,0.000289388,0.000511323,0.002556616
9/13/2024 0:59,UP,1.10591,1.10871,1.10552,1.10871,0.000433029,0.000435662,0.002178312
9/13/2024 16:48,DOWN,1.10869,1.1102,1.1073,1.1079,-0.00030684,0.000310146,0.001550731
9/16/2024 3:30,UP,1.10793,1.10981,1.10728,1.10981,0.000928518,0.000387711,0.001938555
9/16/2024 8:17,UP,1.10978,1.11207,1.10957,1.11196,0.000404773,0.000355335,0.001776677
9/17/2024 8:48,UP,1.11195,1.11403,1.11157,1.11384,0.000323258,0.000392637,0.001963185
9/17/2024 13:42,DOWN,1.11386,1.11463,1.11149,1.1117,-5.40E-05,0.000414617,0.002073084
9/18/2024 9:21,UP,1.1117,1.11351,1.11111,1.11321,0.000224601,0.000325556,0.001627778
9/18/2024 14:39,DOWN,1.11326,1.114,1.11081,1.1112,-0.000737669,0.000430793,0.002153966
9/18/2024 18:22,UP,1.11117,1.11791,1.11116,1.11768,0.001817914,0.001008349,0.005041746
9/18/2024 19:45,DOWN,1.11761,1.11894,1.11119,1.11125,-0.000809571,0.001040614,0.005203071
9/19/2024 4:37,UP,1.11127,1.11241,1.10685,1.11199,0.000206858,0.000786917,0.003934586
9/19/2024 8:38,UP,1.11198,1.11642,1.11151,1.11621,0.000824558,0.000609416,0.003047081
9/19/2024 12:35,DOWN,1.11623,1.11789,1.11336,1.11338,-0.002036761,0.000719517,0.003597583
9/19/2024 16:26,UP,1.1134,1.11565,1.11164,1.11563,0.00037654,0.000612117,0.003060587
9/20/2024 6:40,UP,1.1156,1.11779,1.11501,1.11743,0.000286412,0.000346625,0.001733127
9/20/2024 8:17,DOWN,1.11746,1.1182,1.11541,1.1155,-0.000824402,0.00039459,0.00197295
9/20/2024 14:06,DOWN,1.11552,1.11771,1.11444,1.11481,-0.000806987,0.00045154,0.002257699
9/20/2024 16:23,UP,1.1148,1.11729,1.1136,1.11711,0.000331267,0.000494745,0.002473726
9/23/2024 7:06,DOWN,1.11713,1.11761,1.11478,1.11481,-0.00081595,0.000382822,0.00191411
9/23/2024 7:42,DOWN,1.11479,1.11489,1.1106,1.11084,-0.000288029,0.000669945,0.003349723
9/23/2024 11:22,UP,1.11083,1.11236,1.10831,1.11221,0.000629576,0.000629555,0.003147774
9/23/2024 21:09,DOWN,1.11221,1.11436,1.11084,1.11129,-5.40E-05,0.000433346,0.00216673
9/24/2024 7:46,UP,1.11132,1.113,1.11033,1.11299,0.000799968,0.000437788,0.002188939
9/24/2024 14:15,UP,1.11297,1.11593,1.11219,1.11553,0.000905809,0.000441878,0.002209388
9/24/2024 19:20,UP,1.11552,1.11734,1.11456,1.11726,0.000564039,0.000378559,0.001892797
9/25/2024 3:01,UP,1.11727,1.11962,1.11711,1.11931,0.000205505,0.000343956,0.001719781
9/25/2024 13:06,UP,1.1193,1.12112,1.11781,1.1211,0.001088809,0.000481825,0.002409125
9/25/2024 14:48,DOWN,1.12108,1.12141,1.11724,1.11729,-0.000867795,0.000598011,0.002990056
9/25/2024 16:22,DOWN,1.11731,1.11754,1.11383,1.11383,-0.000583402,0.000573394,0.002866969
9/26/2024 6:05,UP,1.11386,1.11521,1.11214,1.11497,0.000188364,0.000394141,0.001970707
9/26/2024 12:24,UP,1.11496,1.11628,1.11257,1.11603,0.000457081,0.00051826,0.002591298
9/26/2024 15:41,UP,1.11604,1.1183,1.11257,1.11821,0.000832032,0.000697702,0.003488512
9/27/2024 7:14,DOWN,1.11821,1.11894,1.11329,1.11371,-0.001283173,0.000682145,0.003410725
9/27/2024 10:50,UP,1.11367,1.1171,1.11249,1.11638,0.000170207,0.000626444,0.00313222
9/27/2024 13:18,UP,1.11639,1.1203,1.11541,1.11971,0.000366233,0.00064402,0.003220099
9/27/2024 15:50,DOWN,1.11968,1.11971,1.11572,1.11574,-0.000851091,0.000629363,0.003146814
9/30/2024 8:15,UP,1.11579,1.11856,1.11462,1.11841,0.001073528,0.000515492,0.002577461
9/30/2024 14:00,DOWN,1.11842,1.12091,1.11666,1.11683,-0.000581835,0.000568766,0.00284383
9/30/2024 18:20,DOWN,1.1168,1.11681,1.11138,1.11167,-0.002111705,0.000855858,0.004279288
10/1/2024 8:59,DOWN,1.11166,1.11442,1.10979,1.1102,-0.001170275,0.000717139,0.003585694
10/1/2024 12:59,DOWN,1.11021,1.11147,1.107,1.10716,-0.000243837,0.000700785,0.003503926
10/2/2024 8:19,UP,1.10717,1.10869,1.10458,1.10762,0.000939391,0.000475227,0.002376137
10/2/2024 13:34,DOWN,1.10765,1.10829,1.10495,1.10501,-0.000678497,0.000514084,0.002570422
10/3/2024 5:18,DOWN,1.10503,1.10583,1.10262,1.10271,-0.000616473,0.000422903,0.002114515
10/3/2024 14:43,DOWN,1.10271,1.10474,1.10097,1.10102,-0.00164258,0.000537625,0.002688127
10/3/2024 23:02,UP,1.10104,1.10364,1.10082,1.10351,0.000326285,0.000449576,0.002247882
10/4/2024 12:46,DOWN,1.1035,1.10397,1.09633,1.09663,-0.000601663,0.001243111,0.006215555
10/7/2024 12:04,UP,1.09661,1.09818,1.09513,1.09809,0.000236803,0.000453802,0.002269011
10/8/2024 6:49,UP,1.09806,1.0989,1.09657,1.09881,0.000436932,0.0003331,0.001665499
10/8/2024 14:38,DOWN,1.09883,1.09973,1.09669,1.09676,-0.001093534,0.0004283,0.002141501
10/9/2024 7:10,DOWN,1.09675,1.09813,1.09553,1.09553,-0.000921503,0.000397899,0.001989497
10/9/2024 14:56,DOWN,1.09554,1.09708,1.09394,1.09454,-0.000383649,0.000385511,0.001927555
10/10/2024 6:57,DOWN,1.09457,1.09563,1.09363,1.09377,-0.00021026,0.000288524,0.001442621
10/10/2024 14:35,DOWN,1.09375,1.09552,1.09083,1.09189,-0.00121733,0.000461076,0.002305379
10/10/2024 20:29,UP,1.0919,1.09377,1.09002,1.0937,0.000539599,0.000569328,0.00284664
10/14/2024 0:00,DOWN,1.0937,1.0954,1.09222,1.09233,-0.000466783,0.000461449,0.002307245
10/14/2024 12:04,DOWN,1.09234,1.09368,1.09092,1.09135,-0.000146597,0.000337127,0.001685635
10/15/2024 3:49,DOWN,1.09135,1.09274,1.08881,1.08986,-0.000330263,0.000378599,0.001892993
10/15/2024 8:49,UP,1.08988,1.09164,1.08849,1.09137,0.000724123,0.000401667,0.002008336
10/15/2024 16:27,DOWN,1.09135,1.0917,1.08932,1.08937,-0.000376294,0.000339788,0.001698939
10/16/2024 6:57,DOWN,1.08937,1.08957,1.08761,1.08765,-0.000183866,0.00030452,0.001522599
10/16/2024 11:58,UP,1.08767,1.08974,1.08751,1.08958,0.000238653,0.00034701,0.001735048
10/16/2024 14:34,DOWN,1.08957,1.09016,1.08722,1.08744,-0.000790536,0.000409269,0.002046344
10/16/2024 18:56,DOWN,1.08741,1.08818,1.08552,1.08555,-0.00049732,0.000385078,0.00192539
10/17/2024 11:36,UP,1.08559,1.08716,1.08489,1.08664,6.44E-05,0.000314539,0.001572694
10/17/2024 13:08,DOWN,1.08666,1.08741,1.08295,1.08301,-0.001098186,0.000629003,0.003145015
10/18/2024 2:45,UP,1.08301,1.08411,1.0811,1.0839,0.000461404,0.000414527,0.002072637
10/18/2024 13:03,UP,1.08391,1.08629,1.08341,1.08621,0.00074599,0.000450302,0.002251511
10/21/2024 6:28,DOWN,1.0862,1.08719,1.08512,1.08544,-0.000414493,0.000260235,0.001301177
10/21/2024 14:29,DOWN,1.08546,1.08592,1.08396,1.08407,-0.000479559,0.000313763,0.001568816
10/21/2024 15:54,DOWN,1.08409,1.0841,1.08208,1.0821,-0.000360345,0.000330371,0.001651856
10/22/2024 7:22,UP,1.08208,1.08289,1.0811,1.08281,0.000415672,0.000241722,0.001208609
10/22/2024 10:07,DOWN,1.08282,1.08382,1.08143,1.08155,-0.000582328,0.000366886,0.001834429
10/22/2024 14:13,DOWN,1.08157,1.08295,1.08013,1.08036,-0.000296154,0.000448574,0.002242872
10/23/2024 1:24,DOWN,1.08035,1.08154,1.07921,1.07947,-0.000296398,0.000352032,0.001760158
10/23/2024 7:23,DOWN,1.07946,1.08069,1.07826,1.07856,-0.000111253,0.000359413,0.001797067
10/23/2024 11:59,DOWN,1.07856,1.07917,1.07634,1.07639,-0.000798648,0.000393021,0.001965106
10/24/2024 0:43,UP,1.07638,1.07867,1.07613,1.07847,0.000435898,0.000363888,0.001819442
10/24/2024 8:45,UP,1.07847,1.0805,1.07706,1.08018,0.000203691,0.000426035,0.002130173
10/24/2024 17:33,UP,1.0802,1.08233,1.07885,1.08228,0.000711714,0.000431992,0.002159958
10/25/2024 12:57,UP,1.08227,1.08393,1.08137,1.08391,0.000507551,0.000385525,0.001927627
10/25/2024 15:42,DOWN,1.08389,1.08395,1.08112,1.08128,-0.000961361,0.000475825,0.002379125
10/28/2024 1:02,DOWN,1.08125,1.08152,1.07865,1.07928,-0.000546511,0.000359647,0.001798234
10/28/2024 7:57,UP,1.07924,1.08045,1.0782,1.08042,0.000555494,0.000318462,0.001592311
10/28/2024 12:17,UP,1.08046,1.0826,1.08009,1.0825,0.000591399,0.000355047,0.001775234
10/29/2024 3:43,DOWN,1.08251,1.08278,1.08061,1.08065,-0.000601309,0.000319008,0.00159504
10/29/2024 9:34,UP,1.08064,1.0825,1.08056,1.08244,0.000221746,0.000296298,0.001481492
10/29/2024 11:19,DOWN,1.08243,1.08264,1.07977,1.07988,-0.000361086,0.000408223,0.002041113
10/29/2024 13:05,DOWN,1.07986,1.0804,1.07715,1.07728,-0.000584635,0.000457605,0.002288024
10/29/2024 14:04,UP,1.07723,1.08093,1.07688,1.07997,0.000824437,0.000496849,0.002484246
10/29/2024 18:48,UP,1.08001,1.08161,1.07851,1.08154,0.000591924,0.000507572,0.002537862
10/30/2024 8:24,UP,1.08152,1.08446,1.08108,1.08423,0.000535085,0.000473594,0.002367971
10/30/2024 12:21,DOWN,1.0842,1.08594,1.08119,1.08136,-0.0013123,0.0006024,0.003012001
10/30/2024 14:06,UP,1.08134,1.0848,1.08079,1.08439,0.000239795,0.000573654,0.002868269
10/30/2024 19:00,UP,1.08443,1.08715,1.08416,1.08678,-9.20E-06,0.000435634,0.00217817
10/31/2024 4:28,DOWN,1.08677,1.08681,1.08441,1.08455,-0.000377966,0.000382962,0.00191481
10/31/2024 10:03,UP,1.08455,1.08687,1.0845,1.08678,0.000671935,0.000357997,0.001789985
10/31/2024 20:29,UP,1.0868,1.08883,1.08466,1.08829,0.000376809,0.000542681,0.002713404
11/1/2024 8:12,DOWN,1.08828,1.08888,1.08606,1.08608,-0.000975511,0.000427221,0.002136106
11/1/2024 12:39,UP,1.08606,1.0905,1.08524,1.0905,0.001633612,0.000718408,0.003592039
11/1/2024 14:04,DOWN,1.09047,1.09059,1.08579,1.08593,-0.001076838,0.000701546,0.003507729
11/1/2024 19:55,DOWN,1.08594,1.08666,1.08343,1.08363,0,0.000486119,0.002430596
11/4/2024 1:59,UP,1.08363,1.08915,1.08318,1.08879,0.000486897,0.00089861,0.004493051
11/4/2024 16:48,DOWN,1.08875,1.09149,1.08847,1.08878,-5.51E-05,0.000432739,0.002163693
11/5/2024 8:31,UP,1.08877,1.08941,1.08725,1.08909,0.00023876,0.000309759,0.001548797
11/5/2024 14:40,UP,1.08909,1.09113,1.08895,1.09091,8.25E-05,0.00033505,0.00167525
11/5/2024 16:54,UP,1.09093,1.09199,1.08896,1.09194,0.000247297,0.000390265,0.001951326
11/6/2024 0:24,DOWN,1.09195,1.09374,1.08809,1.08812,-0.001267439,0.000878596,0.004392979
11/6/2024 1:06,DOWN,1.08813,1.08899,1.08213,1.08256,-0.001882649,0.001022264,0.005111318
11/6/2024 2:33,DOWN,1.08257,1.08575,1.07764,1.07774,-0.002687202,0.001234354,0.006171771
11/6/2024 5:09,UP,1.0777,1.07946,1.07189,1.07872,0.000825392,0.001212827,0.006064137
11/6/2024 6:30,DOWN,1.07871,1.07931,1.07188,1.07202,-0.001584535,0.00119135,0.00595675
11/6/2024 8:41,UP,1.07207,1.0771,1.0703,1.07642,0.000985231,0.000961299,0.004806494
11/6/2024 11:23,DOWN,1.07643,1.07817,1.07137,1.07167,-0.001678213,0.000939359,0.004696794
11/6/2024 15:08,UP,1.07163,1.07346,1.06825,1.07346,0.001528938,0.000861651,0.004308255
11/7/2024 1:22,DOWN,1.0734,1.07583,1.07142,1.0717,-0.000662279,0.000617092,0.003085458
11/7/2024 5:49,UP,1.07169,1.07464,1.07129,1.07463,0.000465385,0.000527601,0.002638003
11/7/2024 13:03,UP,1.07459,1.07797,1.07412,1.07797,0.000863105,0.000641165,0.003205824
11/7/2024 15:35,UP,1.07798,1.08248,1.07775,1.08203,0.00028654,0.000696982,0.003484912
11/8/2024 1:44,DOWN,1.08205,1.08207,1.0767,1.07823,-0.000204017,0.000659543,0.003297714
11/8/2024 13:37,DOWN,1.07825,1.07973,1.07473,1.07524,-0.000920301,0.000640335,0.003201676
11/8/2024 16:26,DOWN,1.07521,1.07658,1.07259,1.07259,-0.001099536,0.000656752,0.003283761
11/11/2024 2:19,UP,1.07258,1.07303,1.06868,1.07237,0.00034509,0.000564111,0.002820553
11/11/2024 7:54,DOWN,1.07236,1.07272,1.06857,1.06899,-0.001383527,0.000623007,0.003115033
11/11/2024 12:36,DOWN,1.06896,1.06945,1.06536,1.06574,-0.000478426,0.000578885,0.002894424
11/12/2024 6:02,DOWN,1.06573,1.06632,1.06286,1.06353,-0.000573397,0.000434189,0.002170945
11/12/2024 12:33,DOWN,1.06355,1.06383,1.06063,1.0609,-0.00062192,0.000490409,0.002452045
11/12/2024 17:37,DOWN,1.06091,1.06274,1.0595,1.05982,-9.44E-06,0.000474018,0.002370089
11/12/2024 21:23,UP,1.05984,1.06268,1.05967,1.06237,0.000404837,0.000447588,0.002237939
11/13/2024 8:02,DOWN,1.06239,1.06295,1.06018,1.06021,-0.000688306,0.000387466,0.001937328
11/13/2024 10:00,UP,1.06026,1.063,1.05934,1.06277,0.000461166,0.000449425,0.002247126
11/13/2024 14:49,DOWN,1.06279,1.0655,1.06021,1.0605,-0.000593883,0.000682213,0.003411067
11/13/2024 23:24,DOWN,1.06051,1.06054,1.05558,1.05638,-0.000160914,0.00077493,0.003874648
11/14/2024 9:26,DOWN,1.0564,1.05688,1.05277,1.05282,-0.001186583,0.000590564,0.002952821
11/14/2024 12:58,UP,1.05283,1.05452,1.04964,1.05377,2.85E-05,0.000731817,0.003659083
11/14/2024 14:38,UP,1.05377,1.05647,1.05134,1.05647,0.001345003,0.000809257,0.004046287
11/14/2024 20:00,DOWN,1.0565,1.05826,1.05388,1.05388,-0.000957904,0.00075988,0.003799402
11/15/2024 7:02,UP,1.05388,1.05611,1.0512,1.05567,0.00078654,0.000674559,0.003372794
11/15/2024 14:42,DOWN,1.05562,1.05932,1.05258,1.05362,-0.000853833,0.000890564,0.004452822
11/15/2024 20:41,DOWN,1.05362,1.05601,1.05163,1.05212,-0.000617609,0.000651574,0.003257871
11/18/2024 6:48,UP,1.05212,1.05508,1.05184,1.05449,8.54E-05,0.000444817,0.002224083
11/18/2024 12:27,DOWN,1.05446,1.05714,1.05325,1.0537,-0.000341595,0.000570401,0.002852004
11/18/2024 14:45,UP,1.05371,1.05746,1.05365,1.05685,0.000577354,0.000551479,0.002757397
11/18/2024 19:19,UP,1.05688,1.06074,1.05606,1.05985,0.00011323,0.000544205,0.002721024
11/19/2024 8:55,DOWN,1.05986,1.06044,1.05625,1.05704,-0.000331058,0.000530449,0.002652245
11/19/2024 13:11,UP,1.05704,1.05796,1.05233,1.05774,0.000747154,0.000813718,0.004068588
11/19/2024 23:37,UP,1.05772,1.06067,1.05655,1.06067,0.001150878,0.000721437,0.003607184
11/20/2024 8:02,DOWN,1.06058,1.06099,1.05742,1.05745,-0.000538887,0.000582956,0.002914779
11/20/2024 11:22,DOWN,1.05742,1.0576,1.05422,1.05426,-0.000559478,0.00051272,0.002563602
11/20/2024 14:59,DOWN,1.05427,1.05679,1.05224,1.05244,-0.001718336,0.000732605,0.003663023
11/20/2024 23:56,UP,1.05242,1.05479,1.05068,1.05452,0.000104318,0.000619658,0.003098291
11/21/2024 9:47,DOWN,1.05453,1.05551,1.05139,1.05175,-0.00055131,0.000576315,0.002881575
11/21/2024 16:19,DOWN,1.05174,1.0545,1.04748,1.04836,-0.001705973,0.00084438,0.004221901
11/22/2024 8:59,DOWN,1.0483,1.04982,1.04427,1.04427,-0.002649059,0.000896151,0.004480757
11/22/2024 16:25,DOWN,1.04431,1.04449,1.03333,1.0394,-0.001057743,0.000910756,0.004553778
11/24/2024 22:44,UP,1.03939,1.04872,1.0392,1.04815,0.000677613,0.001525766,0.007628832
11/25/2024 13:10,UP,1.04815,1.05013,1.0449,1.0495,0.000324016,0.000758822,0.003794109
11/25/2024 16:54,DOWN,1.0495,1.05304,1.04668,1.04767,-0.00088729,0.000863353,0.004316766
11/26/2024 0:01,DOWN,1.04769,1.05108,1.04373,1.04441,-0.001741094,0.00112816,0.0056408
11/26/2024 7:54,UP,1.04442,1.04907,1.04251,1.04805,0.000324465,0.000735729,0.003678644
11/26/2024 12:17,UP,1.04806,1.05376,1.04699,1.05359,0.002375659,0.000875297,0.004376485
11/26/2024 15:35,DOWN,1.05363,1.05448,1.04852,1.04881,-0.001505336,0.000832154,0.004160769
11/27/2024 7:39,UP,1.04884,1.05018,1.04572,1.05013,0.001429416,0.000651621,0.003258103
11/27/2024 13:39,UP,1.05018,1.0551,1.04953,1.05489,0.001489415,0.000816084,0.00408042
11/27/2024 17:19,UP,1.05493,1.05869,1.05331,1.05864,0.001285493,0.000961111,0.004805553
11/28/2024 6:03,DOWN,1.05867,1.05879,1.05444,1.05465,-0.000966678,0.000683209,0.003416047
11/29/2024 0:36,UP,1.05465,1.05671,1.05274,1.05666,0.000605866,0.000522327,0.002611637
11/29/2024 7:34,UP,1.05668,1.05972,1.05565,1.0587,0.0001228,0.000480602,0.002403008
11/29/2024 11:19,DOWN,1.05869,1.05884,1.05519,1.05575,-0.000473485,0.000520645,0.002603227
11/29/2024 19:17,UP,1.05577,1.05785,1.05414,1.05751,0.000274267,0.000593493,0.002967467
12/1/2024 23:37,DOWN,1.05744,1.05847,1.05337,1.05438,-0.0004741,0.000701492,0.003507459
12/2/2024 7:39,DOWN,1.05439,1.05465,1.05069,1.05101,-0.000817926,0.000627487,0.003137433
12/2/2024 14:43,DOWN,1.05102,1.05382,1.04816,1.04835,-0.000972484,0.000666132,0.003330662
12/2/2024 20:20,UP,1.04837,1.05161,1.04606,1.0515,0.002227872,0.000769683,0.003848413
12/3/2024 8:30,UP,1.05151,1.05169,1.04808,1.05166,0.000960848,0.000584578,0.00292289
12/3/2024 15:28,DOWN,1.05166,1.05309,1.04924,1.04941,-0.000847736,0.000584972,0.002924859
12/4/2024 3:12,DOWN,1.04945,1.05351,1.0492,1.04949,-0.000619157,0.000618818,0.003094091
12/4/2024 9:03,DOWN,1.04949,1.05292,1.04871,1.04888,-0.00072432,0.00060891,0.003044549
12/4/2024 15:14,UP,1.04892,1.05219,1.04723,1.05217,0.001036491,0.000664915,0.003324576
12/5/2024 8:37,UP,1.05216,1.05466,1.05039,1.0541,0.000265665,0.000568311,0.002841553
12/5/2024 13:32,UP,1.0541,1.05669,1.05213,1.05667,0.00197987,0.000701912,0.003509558
12/6/2024 8:10,UP,1.05668,1.05943,1.05488,1.05923,0.001350949,0.000625985,0.003129926
12/6/2024 15:06,DOWN,1.05922,1.06302,1.05637,1.05687,-0.001588337,0.000904957,0.004524787
12/9/2024 5:27,DOWN,1.0569,1.05756,1.05321,1.05347,1.90E-05,0.000656848,0.003284238
12/9/2024 9:20,UP,1.05349,1.05745,1.05337,1.0571,0.000293298,0.000651492,0.003257461
12/9/2024 20:04,DOWN,1.05708,1.05945,1.05515,1.05548,-0.000596707,0.000614698,0.003073492
12/10/2024 9:12,DOWN,1.05547,1.05683,1.05299,1.05315,-0.000920622,0.000564022,0.00282011
12/10/2024 15:28,DOWN,1.05315,1.0538,1.05007,1.05027,-0.00054257,0.000594271,0.002971355
12/10/2024 23:46,UP,1.05031,1.05321,1.04986,1.05315,0.000588883,0.000517844,0.002589218
12/11/2024 7:37,DOWN,1.05312,1.05394,1.04956,1.0496,-0.001627866,0.00062321,0.003116051
12/11/2024 13:43,UP,1.04963,1.05353,1.04871,1.05289,0.001492247,0.000668685,0.003343426
12/11/2024 15:36,DOWN,1.0529,1.05375,1.04825,1.04893,-0.001524202,0.000723525,0.003617626
12/12/2024 6:31,UP,1.04892,1.0512,1.04802,1.0508,0.000123723,0.000525348,0.00262674
12/12/2024 12:56,DOWN,1.05078,1.0531,1.04899,1.04904,-0.000705158,0.000537862,0.002689309
12/12/2024 15:45,DOWN,1.04906,1.05212,1.04637,1.04663,-0.001594326,0.000859986,0.004299929
12/12/2024 20:08,DOWN,1.04661,1.05175,1.04645,1.04707,-0.000553773,0.000820819,0.004104093
12/13/2024 10:11,UP,1.04706,1.04944,1.0453,1.04929,0.001325583,0.000615578,0.00307789
12/13/2024 15:50,DOWN,1.04927,1.05244,1.0483,1.04855,-0.000343272,0.000616094,0.00308047
12/16/2024 0:53,UP,1.04858,1.05188,1.04822,1.05164,0.000532643,0.000498506,0.00249253
12/16/2024 10:54,DOWN,1.05166,1.0525,1.04902,1.04907,-0.000962294,0.000576834,0.002884168
12/16/2024 18:15,UP,1.04907,1.05208,1.04745,1.05124,0.000161727,0.000609619,0.003048093
12/17/2024 6:47,DOWN,1.05124,1.05344,1.04975,1.05006,0,0.00060616,0.003030798
12/17/2024 17:08,UP,1.05003,1.0516,1.04792,1.05147,0.00131331,0.000588489,0.002942446
12/18/2024 10:15,DOWN,1.0515,1.05152,1.04851,1.04923,-0.000181069,0.000420818,0.00210409
12/18/2024 19:14,DOWN,1.04921,1.05037,1.04125,1.04143,-0.001314634,0.001470089,0.007350445
12/18/2024 22:27,DOWN,1.04142,1.04273,1.0344,1.03512,-0.002113462,0.001322107,0.006610534
12/19/2024 7:15,UP,1.03509,1.04096,1.03475,1.04066,0.001461679,0.000888225,0.004441124
12/19/2024 16:01,DOWN,1.04067,1.04225,1.03769,1.03785,-0.000510541,0.000713807,0.003569033
12/20/2024 6:09,DOWN,1.03784,1.03846,1.03519,1.0358,-0.000115846,0.000491567,0.002457834
12/20/2024 8:11,UP,1.03581,1.03909,1.0343,1.03898,0.000876243,0.000581476,0.002907379
12/20/2024 13:33,UP,1.03898,1.04193,1.0376,1.04147,0.001845249,0.000686138,0.003430688
12/20/2024 16:49,UP,1.04142,1.0434,1.0386,1.04317,0.001198989,0.000720604,0.00360302
12/23/2024 9:51,DOWN,1.04318,1.04476,1.04073,1.04118,-0.000528107,0.000657047,0.003285234
12/24/2024 16:22,DOWN,1.04115,1.0418,1.03842,1.03886,-0.000356096,0.000444039,0.002220193
12/26/2024 15:41,UP,1.03891,1.04154,1.03835,1.0413,0.000557151,0.000456754,0.002283769
12/27/2024 12:15,UP,1.04132,1.04442,1.04051,1.04382,0.000498294,0.000571101,0.002855507
12/30/2024 11:21,UP,1.04382,1.045,1.04093,1.04497,0.001139438,0.000566684,0.002833421
12/30/2024 13:55,DOWN,1.04491,1.04585,1.0403,1.04064,-0.0023899,0.000858114,0.004290569
12/31/2024 3:00,UP,1.04066,1.04149,1.03717,1.04125,0.000240125,0.00060719,0.003035951
12/31/2024 13:02,DOWN,1.04124,1.04247,1.03913,1.0393,-0.000846365,0.000515889,0.002579446
12/31/2024 15:54,DOWN,1.03928,1.03974,1.03549,1.03553,-0.00081085,0.00063763,0.003188149
1/2/2025 3:00,UP,1.03555,1.03715,1.03439,1.0371,0.001003299,0.000462546,0.002312729
1/2/2025 10:38,DOWN,1.03709,1.03756,1.03398,1.03417,-0.001304543,0.000510443,0.002552217
1/2/2025 14:14,DOWN,1.03419,1.03429,1.03063,1.03095,-0.000271557,0.000616551,0.003082755
1/2/2025 15:56,DOWN,1.03093,1.0324,1.0281,1.02835,-0.000262522,0.000702506,0.003512532
1/3/2025 6:41,UP,1.02838,1.02848,1.02241,1.02733,0.000184963,0.000640514,0.003202569
1/3/2025 14:53,UP,1.02733,1.03031,1.02688,1.02982,0.00057308,0.000503346,0.002516731
1/5/2025 22:44,UP,1.02984,1.03101,1.02731,1.03078,8.73E-05,0.000575158,0.002875791
1/6/2025 7:34,UP,1.03078,1.03273,1.02954,1.03256,0.001104662,0.000501064,0.002505321
1/6/2025 9:04,UP,1.03257,1.03582,1.0321,1.0356,0.001352788,0.000593767,0.002968835
1/6/2025 11:20,UP,1.03563,1.04011,1.03286,1.03992,0.001000577,0.001211475,0.006057373
1/6/2025 14:21,DOWN,1.04002,1.0437,1.0353,1.03642,-0.002813429,0.00126622,0.006331102
1/7/2025 4:46,UP,1.03649,1.04029,1.03582,1.03929,0.000163587,0.00052365,0.00261825
1/7/2025 9:06,UP,1.03927,1.04346,1.0391,1.04335,0.001237167,0.000655471,0.003277353
1/7/2025 12:43,DOWN,1.04337,1.04344,1.03921,1.03928,-0.001307743,0.000672918,0.003364589
1/7/2025 15:47,DOWN,1.03925,1.04053,1.03556,1.03567,-0.001321941,0.000791914,0.00395957
1/7/2025 21:04,DOWN,1.03564,1.03816,1.03439,1.03441,-0.000106335,0.000625941,0.003129703
1/8/2025 8:06,DOWN,1.0344,1.03578,1.0325,1.03256,-0.000687375,0.000562583,0.002812916
1/8/2025 11:30,DOWN,1.03255,1.03398,1.02949,1.02964,-0.001116272,0.000603356,0.003016779
1/8/2025 16:52,UP,1.02964,1.03116,1.02731,1.03099,0.00021341,0.000548172,0.00274086
1/9/2025 7:33,DOWN,1.03098,1.03244,1.0297,1.03005,-0.000553218,0.000443566,0.002217832
1/9/2025 9:42,UP,1.03003,1.03178,1.02836,1.0315,0.00014543,0.00041182,0.002059101
1/9/2025 17:52,DOWN,1.03149,1.03192,1.0291,1.02942,-0.000165128,0.000375283,0.001876416
1/10/2025 7:01,DOWN,1.02944,1.03047,1.02811,1.0284,-0.000116679,0.000348982,0.00174491
1/10/2025 8:36,UP,1.02838,1.03079,1.02831,1.03056,0.000310559,0.000388735,0.001943675
1/10/2025 13:37,DOWN,1.03059,1.0312,1.0213,1.02382,-0.002234224,0.001286335,0.006431676
1/13/2025 1:58,DOWN,1.02377,1.02784,1.02276,1.02415,2.93E-05,0.000549553,0.002747765
1/13/2025 4:43,DOWN,1.02416,1.02453,1.02082,1.02082,-0.001076985,0.000649086,0.003245428
1/13/2025 9:30,DOWN,1.02081,1.02313,1.0178,1.01906,-0.001696204,0.00072501,0.003625051
1/13/2025 16:52,UP,1.01911,1.02209,1.01814,1.02175,0.000832252,0.000535508,0.002677541
1/13/2025 22:48,UP,1.02173,1.02636,1.0207,1.0263,0.000770052,0.001027059,0.005135296
1/14/2025 12:13,DOWN,1.02631,1.02779,1.02384,1.02434,-0.000995268,0.000551595,0.002757974
1/14/2025 15:42,UP,1.02434,1.0284,1.02395,1.0282,0.000885434,0.00064364,0.003218199
1/15/2025 7:54,UP,1.02821,1.03101,1.0279,1.03043,0.000203819,0.000416965,0.002084827
1/15/2025 16:17,DOWN,1.03037,1.03547,1.02891,1.02945,-0.000398192,0.000865903,0.004329514
1/16/2025 7:43,UP,1.02943,1.03015,1.02581,1.02963,9.71E-06,0.000486532,0.002432661
1/16/2025 12:44,DOWN,1.02962,1.02999,1.0264,1.02652,-0.000847165,0.000534988,0.00267494
1/16/2025 15:19,UP,1.0265,1.03043,1.02608,1.02973,0.00010683,0.000592868,0.00296434
1/17/2025 6:32,DOWN,1.02976,1.03152,1.02852,1.02871,-0.000515076,0.000459392,0.002296961
1/17/2025 10:25,UP,1.0287,1.03042,1.02776,1.03014,0.000524338,0.000404365,0.002021824
1/17/2025 14:04,DOWN,1.03016,1.03101,1.02842,1.02844,-0.000991302,0.000453995,0.002269973
1/17/2025 15:07,UP,1.02841,1.03267,1.02652,1.03213,0.002017283,0.000799296,0.00399648
1/17/2025 17:50,DOWN,1.03216,1.03307,1.02809,1.02826,-5.83E-05,0.000727189,0.003635946
1/20/2025 4:20,UP,1.02825,1.03071,1.02662,1.03052,0.000601819,0.000611627,0.003058135
1/20/2025 13:45,UP,1.03052,1.03988,1.02994,1.03815,0.001339817,0.001345693,0.006728465
1/21/2025 0:12,UP,1.03817,1.04346,1.03533,1.04334,0.001102837,0.001069652,0.00534826
1/21/2025 6:43,DOWN,1.04331,1.04335,1.03521,1.03746,-0.000510733,0.001016757,0.005083785
1/21/2025 14:18,UP,1.03745,1.03867,1.03418,1.03847,0.000867035,0.000740166,0.003700831
1/21/2025 17:12,UP,1.03849,1.0428,1.03786,1.04247,0.000940517,0.0007302,0.003651
1/22/2025 10:08,UP,1.04245,1.04526,1.03921,1.04492,0.001379046,0.000701637,0.003508186
1/22/2025 14:41,DOWN,1.04489,1.04574,1.04143,1.04211,-0.000239869,0.000605212,0.003026061
1/23/2025 2:06,DOWN,1.0421,1.04289,1.03979,1.03982,-0.001124562,0.000524234,0.002621172
1/23/2025 16:45,UP,1.03979,1.04294,1.0372,1.04238,0.001113458,0.000541601,0.002708005
1/24/2025 3:04,UP,1.04234,1.04532,1.04115,1.0453,0.000564591,0.000735875,0.003679377
1/24/2025 8:38,UP,1.04527,1.04939,1.04365,1.04883,0.001469382,0.00081306,0.0040653
1/24/2025 13:11,DOWN,1.04884,1.05152,1.04693,1.04722,-0.000171869,0.000761656,0.003808279
1/24/2025 15:09,UP,1.04722,1.05108,1.04637,1.05108,0.001713992,0.000796613,0.003983063
1/26/2025 23:01,DOWN,1.05109,1.05216,1.04777,1.04788,-0.001725807,0.000760854,0.003804269
1/27/2025 10:05,UP,1.04789,1.0499,1.04538,1.04943,0.000857976,0.000693163,0.003465814
1/27/2025 13:11,UP,1.04945,1.05332,1.04916,1.05272,0.000132998,0.000602943,0.003014713
1/27/2025 16:39,DOWN,1.05266,1.0529,1.04933,1.04933,-0.001190527,0.000588352,0.00294176
1/27/2025 23:27,DOWN,1.04932,1.0498,1.04417,1.04447,-0.002715392,0.00093558,0.0046779
1/28/2025 12:18,DOWN,1.04449,1.04568,1.04137,1.04151,-0.000892536,0.000631205,0.003156026
1/29/2025 3:53,UP,1.04149,1.04409,1.04145,1.0438,0.000392873,0.00041751,0.002087552
1/29/2025 9:13,DOWN,1.04381,1.04438,1.0409,1.04127,-0.001228513,0.000561058,0.002805292
1/29/2025 13:48,DOWN,1.04126,1.04188,1.03823,1.03866,-2.89E-05,0.000572802,0.002864011
1/29/2025 15:45,UP,1.03866,1.0427,1.03823,1.04253,0.001487874,0.000638302,0.003191508
1/30/2025 8:26,UP,1.04254,1.04291,1.03882,1.0422,0.000153533,0.000604999,0.003024997
1/30/2025 14:01,UP,1.04218,1.04676,1.03903,1.04643,0.003944967,0.001147101,0.005735504
1/30/2025 20:41,DOWN,1.04654,1.04668,1.03871,1.03938,-0.003534319,0.001203099,0.006015495
1/31/2025 9:22,DOWN,1.03935,1.04143,1.03654,1.03666,-0.000800328,0.000832203,0.004161015
1/31/2025 16:43,UP,1.03665,1.04078,1.03604,1.0405,0.001134714,0.000771338,0.003856691
1/31/2025 19:07,DOWN,1.0405,1.04339,1.03618,1.03673,-0.000964106,0.001021549,0.005107745
2/2/2025 23:23,DOWN,1.03671,1.03875,1.02348,1.0245,-0.001813874,0.002525921,0.012629605
2/3/2025 12:26,UP,1.02451,1.02695,1.02107,1.02691,0.001491018,0.00092697,0.004634848
2/3/2025 16:21,UP,1.02694,1.03359,1.02427,1.03112,2.91E-05,0.00117103,0.005855148
2/4/2025 5:16,DOWN,1.03114,1.03508,1.0271,1.02789,-0.001458236,0.001105566,0.00552783
2/4/2025 8:22,UP,1.0279,1.03336,1.02768,1.03286,0.000978346,0.000908304,0.004541518
2/4/2025 15:07,UP,1.03282,1.03776,1.03201,1.03658,0.00047282,0.000825071,0.004125357
2/5/2025 7:31,UP,1.03652,1.0409,1.03579,1.04074,0.001596292,0.000705125,0.003525627
2/5/2025 23:04,DOWN,1.04072,1.04427,1.03901,1.04005,-0.000432578,0.000554353,0.002771765
2/6/2025 8:10,DOWN,1.04009,1.04056,1.03729,1.03729,-0.000934692,0.000497003,0.002485013
2/6/2025 18:18,UP,1.03731,1.03867,1.03525,1.03859,0.000924758,0.000503438,0.00251719
2/7/2025 13:21,DOWN,1.03857,1.04,1.03683,1.03727,-0.000154239,0.000488864,0.002444319
2/7/2025 16:44,DOWN,1.03729,1.04137,1.03236,1.03257,-0.001161474,0.000907418,0.004537089
2/10/2025 11:19,UP,1.03247,1.03605,1.02814,1.03312,0.000154883,0.000748278,0.003741389
2/10/2025 23:26,DOWN,1.03313,1.03342,1.02991,1.02996,-0.000757024,0.000569621,0.002848107
2/11/2025 10:12,UP,1.02997,1.0323,1.02921,1.0323,0.000930395,0.000483218,0.002416092
2/11/2025 16:16,UP,1.03227,1.03495,1.03145,1.03477,0.000744404,0.00048031,0.00240155
2/12/2025 8:03,UP,1.03476,1.03817,1.0342,1.03765,0.001243967,0.000483114,0.00241557
2/12/2025 13:35,DOWN,1.03764,1.03858,1.03171,1.03247,-0.003963196,0.001067125,0.005335626
2/12/2025 16:55,UP,1.03258,1.03848,1.03172,1.03842,0.001966455,0.001110483,0.005552413
2/13/2025 4:53,UP,1.0384,1.04355,1.03795,1.04316,0.000642486,0.000788171,0.003940857
2/13/2025 12:14,DOWN,1.04317,1.04402,1.03882,1.0389,-0.001356285,0.000721968,0.003609839
2/13/2025 15:18,UP,1.03887,1.04382,1.03754,1.04343,0.002321968,0.000937855,0.004689275
2/13/2025 20:29,UP,1.04338,1.04604,1.03731,1.04574,0.001895191,0.001154796,0.00577398
2/14/2025 13:34,UP,1.04575,1.04982,1.04473,1.04938,0.00102017,0.000711441,0.003557207
2/17/2025 8:07,DOWN,1.04933,1.05144,1.04759,1.04789,-0.00080129,0.000488663,0.002443316
2/18/2025 1:56,DOWN,1.04791,1.04894,1.04623,1.04664,-0.000171964,0.000380699,0.001903496
2/18/2025 13:50,DOWN,1.04665,1.04725,1.04456,1.04496,-2.87E-05,0.000374264,0.00187132
2/18/2025 18:16,DOWN,1.04497,1.04698,1.0435,1.04369,-0.000450224,0.000458308,0.002291542
2/19/2025 6:30,UP,1.04374,1.0461,1.04351,1.04605,0.000535491,0.000375719,0.001878593
2/19/2025 9:44,DOWN,1.04608,1.04614,1.04341,1.0435,-0.000593978,0.000388335,0.001941676
2/19/2025 17:05,DOWN,1.04354,1.04414,1.04021,1.04027,-0.000826367,0.000538309,0.002691544
2/20/2025 1:01,UP,1.04029,1.04326,1.04008,1.04296,0.000776937,0.000500138,0.00250069
2/20/2025 13:30,UP,1.04294,1.04531,1.04187,1.04476,0.000555306,0.0005424,0.002711998
2/20/2025 16:59,UP,1.0448,1.04785,1.04419,1.04747,0.000410597,0.000526772,0.002633861
2/21/2025 3:22,UP,1.04746,1.0506,1.04711,1.05025,-9.52E-06,0.00051749,0.002587449
2/21/2025 9:17,DOWN,1.05025,1.0505,1.0468,1.04709,-0.000496491,0.000600742,0.003003708
2/24/2025 0:27,UP,1.04706,1.04968,1.04493,1.04967,0.002203117,0.000730786,0.003653932
2/24/2025 7:48,DOWN,1.04968,1.05284,1.04867,1.04904,-0.001552596,0.000668431,0.003342154
2/24/2025 14:34,DOWN,1.04905,1.04922,1.046,1.04615,-0.000688001,0.000516925,0.002584627
2/24/2025 18:16,UP,1.04616,1.04839,1.04528,1.04815,0.000333977,0.00043874,0.002193702
2/25/2025 12:09,UP,1.04814,1.04968,1.04563,1.04959,0.000876917,0.000615581,0.003077907
2/25/2025 21:02,UP,1.04964,1.05194,1.04839,1.05167,0.000180681,0.000571856,0.002859281
2/26/2025 5:17,DOWN,1.05165,1.0525,1.04932,1.04934,-0.001009649,0.000523564,0.002617822
2/26/2025 13:02,DOWN,1.04933,1.05117,1.04749,1.04805,-0.000743962,0.000492176,0.002460878
2/26/2025 16:15,UP,1.04808,1.05156,1.04794,1.05104,0.000218855,0.000551768,0.002758841
2/27/2025 0:03,DOWN,1.05103,1.05289,1.04798,1.0484,-0.000362391,0.000586862,0.00293431
2/27/2025 13:47,DOWN,1.04843,1.049,1.04472,1.04492,-0.001835775,0.000620818,0.00310409
2/27/2025 15:46,DOWN,1.04488,1.04507,1.04108,1.04149,-0.000297606,0.000650723,0.003253616
2/28/2025 2:12,DOWN,1.04146,1.04182,1.03845,1.03884,-0.000144381,0.000470052,0.00235026
2/28/2025 9:10,UP,1.03889,1.04081,1.03804,1.04044,0.000288381,0.000401379,0.002006896
2/28/2025 15:38,UP,1.04043,1.042,1.03924,1.04193,0.000691264,0.00044512,0.0022256
2/28/2025 18:18,DOWN,1.04192,1.04199,1.03832,1.03873,-0.000904542,0.000520542,0.00260271
3/2/2025 23:26,UP,1.03875,1.04213,1.03599,1.04182,0.001652321,0.000965615,0.004828077
3/3/2025 8:40,DOWN,1.04176,1.04235,1.03903,1.03909,-0.000413738,0.000583406,0.002917032
3/3/2025 10:09,UP,1.03903,1.0439,1.03887,1.04362,0.001505512,0.000744179,0.003720897
3/3/2025 12:43,UP,1.04364,1.04727,1.0432,1.04721,0.001050962,0.000674743,0.003373713
3/3/2025 15:27,UP,1.0472,1.04975,1.04594,1.04958,0.00045743,0.000588577,0.002942883
3/3/2025 20:47,DOWN,1.04959,1.05043,1.04664,1.04724,-0.000391429,0.000495178,0.002475892
3/4/2025 8:28,UP,1.04723,1.05137,1.0471,1.05131,0.001951852,0.000716096,0.003580479
3/4/2025 12:23,UP,1.05145,1.05471,1.05026,1.05469,7.59E-05,0.000733231,0.003666156
3/4/2025 15:00,DOWN,1.0547,1.05597,1.05155,1.05162,-0.000627406,0.000687175,0.003435873
3/4/2025 17:32,UP,1.05164,1.05409,1.04964,1.05369,4.75E-05,0.000635438,0.003177188
3/4/2025 19:04,UP,1.05364,1.05982,1.05306,1.05953,0.00101984,0.00092909,0.004645448
3/5/2025 6:10,UP,1.05955,1.06371,1.05865,1.06357,0.0011195,0.000640432,0.003202159
3/5/2025 7:56,UP,1.06358,1.06725,1.06242,1.06718,0.001650568,0.000815576,0.004077881
3/5/2025 9:39,UP,1.0672,1.07222,1.06587,1.07122,0.000214732,0.000930136,0.004650682
3/5/2025 14:08,UP,1.07119,1.07415,1.06764,1.07375,0.001733749,0.000862478,0.004312391
3/5/2025 16:09,UP,1.07377,1.07773,1.07216,1.07769,0.001188432,0.000841056,0.004205282
3/6/2025 0:55,UP,1.07768,1.0803,1.07622,1.07997,0.000120381,0.000558524,0.00279262
3/6/2025 15:03,UP,1.07995,1.08475,1.07804,1.08442,0.001458063,0.001032597,0.005162984
3/6/2025 17:56,DOWN,1.08448,1.08539,1.07918,1.07929,-0.000972389,0.000820269,0.004101347
3/7/2025 4:58,UP,1.07931,1.08149,1.07657,1.08116,0.000471827,0.00064193,0.00320965
3/7/2025 8:37,UP,1.08114,1.08552,1.08076,1.08492,0.000617748,0.000643078,0.003215392
3/10/2025 2:47,DOWN,1.08493,1.08889,1.08256,1.08392,-0.000774665,0.000608295,0.003041476
3/10/2025 9:55,UP,1.08391,1.08568,1.0805,1.08538,0.001032429,0.000690679,0.003453397
3/10/2025 15:42,DOWN,1.08541,1.08747,1.08125,1.08251,-0.001264777,0.000780662,0.00390331
3/11/2025 1:56,UP,1.08241,1.08575,1.08175,1.0857,0.000986025,0.000623149,0.003115743
3/11/2025 7:29,UP,1.08569,1.08813,1.08356,1.08763,0.00014712,0.000688275,0.003441375
3/11/2025 13:23,UP,1.0876,1.09232,1.08725,1.09213,0.000714456,0.000775388,0.003876938
3/11/2025 18:18,UP,1.09217,1.09465,1.08952,1.09437,0.000886748,0.000567639,0.002838196
3/12/2025 0:15,DOWN,1.0944,1.09474,1.09075,1.09118,-0.000458115,0.000545939,0.002729697
3/12/2025 9:04,UP,1.09118,1.09239,1.08875,1.09184,0.000238158,0.000445696,0.002228481
3/12/2025 12:18,DOWN,1.09185,1.09262,1.08925,1.08944,-0.000587285,0.000476064,0.002380318
3/12/2025 15:33,UP,1.08942,1.0932,1.08757,1.09193,0.0006596,0.00073485,0.003674248
3/12/2025 23:42,DOWN,1.09192,1.0928,1.08798,1.08846,-0.00035824,0.000654191,0.003270957
3/13/2025 8:19,DOWN,1.08847,1.08974,1.08594,1.08643,-0.000423315,0.000568106,0.002840532
3/13/2025 12:42,DOWN,1.0864,1.08856,1.08416,1.0845,-0.00102299,0.000640771,0.003203854
3/13/2025 14:19,UP,1.08453,1.08675,1.08225,1.08615,0.000368341,0.000656378,0.003281891
3/14/2025 1:09,DOWN,1.08617,1.08784,1.08437,1.08459,-0.000617554,0.000502997,0.002514983
3/14/2025 10:09,UP,1.08458,1.08674,1.08306,1.08637,0.001003845,0.000534645,0.002673226
3/14/2025 11:30,UP,1.08638,1.09128,1.08592,1.09041,0.000678874,0.000673596,0.003367981
3/17/2025 5:48,DOWN,1.09044,1.09115,1.08655,1.08784,-0.000238977,0.000512161,0.002560806
3/17/2025 10:21,UP,1.08782,1.09044,1.08685,1.09044,0.000541212,0.00053924,0.002696198
3/17/2025 15:02,UP,1.09042,1.09195,1.08874,1.09192,0.000742088,0.000467279,0.002336395
3/18/2025 8:01,UP,1.09193,1.09396,1.09035,1.09393,0.001070111,0.000523828,0.002619142
3/18/2025 11:59,DOWN,1.09394,1.09548,1.0914,1.09166,-0.001391406,0.000582861,0.002914303
3/18/2025 17:16,UP,1.09168,1.09453,1.08925,1.09441,0.000767832,0.000782453,0.003912267
3/19/2025 7:24,DOWN,1.09442,1.09519,1.09023,1.09058,-0.001356156,0.000659528,0.003297638
3/19/2025 15:58,DOWN,1.0906,1.09177,1.08732,1.08762,-0.000891458,0.000692914,0.003464572
3/20/2025 0:06,UP,1.0876,1.09158,1.08606,1.09154,0.000760683,0.000799396,0.003996982
3/20/2025 7:42,DOWN,1.09155,1.09175,1.08648,1.08659,-0.001930787,0.000769847,0.003849234
3/20/2025 12:57,DOWN,1.08661,1.08859,1.0831,1.08332,-0.000581377,0.000790768,0.003953838
3/20/2025 22:13,UP,1.08335,1.08581,1.08146,1.08553,0.000110551,0.000650041,0.003250205
3/21/2025 5:54,DOWN,1.08553,1.0859,1.08199,1.0825,-0.000249392,0.000584035,0.002920176
3/21/2025 12:14,UP,1.08252,1.08614,1.08241,1.08558,0.000727987,0.000547135,0.002735676
3/21/2025 14:40,DOWN,1.08557,1.08565,1.08185,1.08225,-0.000785093,0.000561977,0.002809886
3/24/2025 7:27,UP,1.08224,1.0849,1.07961,1.08462,0.000525668,0.000610679,0.003053396
3/24/2025 13:55,DOWN,1.08467,1.08586,1.07926,1.07973,-0.002423593,0.000833232,0.004166162
3/25/2025 11:32,UP,1.07971,1.08255,1.07769,1.08243,0.000757842,0.000711609,0.003558043
3/25/2025 22:39,DOWN,1.08245,1.08301,1.07881,1.07899,-0.000528132,0.000605392,0.00302696
3/26/2025 17:34,DOWN,1.079,1.08028,1.07526,1.07538,-0.001198857,0.000797363,0.003986817
3/27/2025 4:32,UP,1.07534,1.07864,1.07331,1.07858,0.0008255,0.000785059,0.003925294
3/27/2025 12:39,UP,1.07859,1.07997,1.07542,1.07968,0.000314958,0.000638135,0.003190674
3/28/2025 8:36,DOWN,1.07967,1.08212,1.07753,1.07792,-0.00087167,0.000604993,0.003024967
3/28/2025 13:20,UP,1.0779,1.08092,1.07646,1.08071,0.000647932,0.000678325,0.003391623
3/28/2025 15:35,UP,1.08073,1.08448,1.08002,1.08434,0.001061116,0.000681747,0.003408735
3/31/2025 12:57,DOWN,1.08432,1.08494,1.08011,1.08048,-0.000592154,0.00067577,0.003378849
4/1/2025 0:32,UP,1.0805,1.08259,1.07841,1.0822,0.000434395,0.000582721,0.002913603
4/1/2025 11:20,DOWN,1.08221,1.08303,1.07902,1.07916,-0.00048174,0.000557437,0.002787185
4/2/2025 7:26,DOWN,1.07917,1.08125,1.07784,1.07833,-0.000787945,0.000438596,0.002192982
4/2/2025 13:04,UP,1.07838,1.08209,1.07816,1.08159,0.001063815,0.000552677,0.002763383
4/2/2025 14:59,UP,1.08161,1.08617,1.08148,1.08584,0.000949025,0.000772542,0.00386271
4/2/2025 20:22,UP,1.08585,1.09245,1.08327,1.09132,0.002578184,0.001197105,0.005985527
4/3/2025 1:28,UP,1.09142,1.09154,1.08051,1.09087,0.001082291,0.001553001,0.007765007
4/3/2025 6:54,UP,1.09085,1.09888,1.09058,1.09823,0.000874516,0.001261844,0.006309219
4/3/2025 9:10,UP,1.09824,1.1035,1.09428,1.10313,0.001969067,0.001216591,0.006082955
4/3/2025 13:20,UP,1.10312,1.1146,1.10216,1.11292,0.001969735,0.001742209,0.008711045
4/3/2025 15:44,DOWN,1.11291,1.11349,1.10411,1.10436,-0.000859857,0.001509169,0.007545847
4/4/2025 3:31,UP,1.1043,1.10803,1.10161,1.10791,0.001445204,0.001061152,0.005305762
4/4/2025 7:30,DOWN,1.10794,1.11078,1.10474,1.10482,-0.000931844,0.000867443,0.004337214
4/4/2025 9:08,DOWN,1.10477,1.10532,1.0974,1.09801,-0.001619802,0.001105405,0.005527023
4/4/2025 11:05,UP,1.098,1.10499,1.09645,1.10457,0.001558381,0.001290503,0.006452517
4/4/2025 13:55,DOWN,1.10446,1.10902,1.10062,1.10097,-0.00122544,0.001164052,0.005820258
4/4/2025 17:09,DOWN,1.10094,1.10199,1.09474,1.09513,-0.002143565,0.001175508,0.005877541
4/6/2025 23:09,UP,1.09515,1.09948,1.08805,1.0993,0.001219701,0.001783763,0.008918815
4/7/2025 5:33,UP,1.09932,1.10013,1.09198,1.09948,0.000509461,0.001177958,0.00588979
4/7/2025 8:35,DOWN,1.09949,1.10501,1.09679,1.09707,-0.001730388,0.001092452,0.00546226
4/7/2025 11:21,DOWN,1.09713,1.10088,1.095,1.09513,-0.000346931,0.000917839,0.004589196
4/7/2025 14:52,DOWN,1.09512,1.09915,1.09202,1.09321,-0.000466407,0.000869173,0.004345866
4/8/2025 0:54,UP,1.09326,1.09526,1.09012,1.09496,0.001023392,0.000818029,0.004090145
4/8/2025 6:49,UP,1.09501,1.09921,1.09379,1.09914,0.001201661,0.000734542,0.00367271
4/8/2025 7:51,DOWN,1.09915,1.09918,1.09386,1.09408,-0.001123601,0.00078729,0.003936448
4/8/2025 12:42,UP,1.09415,1.09686,1.09112,1.09635,0.001570074,0.000787448,0.00393724
4/8/2025 14:24,DOWN,1.09633,1.09649,1.09019,1.09035,-0.001448027,0.000951113,0.004755563
4/8/2025 17:14,UP,1.09037,1.09488,1.08892,1.09443,0.001188539,0.000815652,0.004078262
4/8/2025 23:07,UP,1.09441,1.09795,1.09263,1.0977,0.000911411,0.000792103,0.003960517
4/9/2025 1:05,UP,1.09768,1.10231,1.09696,1.10222,0.001189217,0.00082745,0.004137251
4/9/2025 5:00,UP,1.10227,1.10691,1.10095,1.10622,0.001257321,0.000821791,0.004108954
4/9/2025 7:57,DOWN,1.10621,1.10898,1.10188,1.10188,-0.001804375,0.00098465,0.004923252
4/9/2025 12:25,UP,1.10157,1.10724,1.09981,1.10724,0.001997948,0.001011394,0.005056969
4/9/2025 14:45,DOWN,1.10723,1.10952,1.10311,1.10343,-0.001086927,0.000906238,0.004531191
4/9/2025 17:25,DOWN,1.10338,1.10695,1.09605,1.09694,-0.005164681,0.001548313,0.007741564
4/10/2025 3:23,UP,1.0969,1.10199,1.09135,1.09854,0.000983607,0.000935628,0.004678139
4/10/2025 7:58,UP,1.09846,1.10289,1.09628,1.10289,0.001270199,0.000910205,0.004551026
4/10/2025 11:03,UP,1.10292,1.10841,1.10163,1.10829,0.001553146,0.00091932,0.004596599
4/10/2025 14:11,UP,1.10828,1.11382,1.10672,1.11325,0.000628987,0.001064711,0.005323553
4/10/2025 15:47,UP,1.11323,1.1229,1.11249,1.12249,0.002283249,0.001456681,0.007283403
4/10/2025 23:52,UP,1.1225,1.12454,1.11588,1.12438,0.000275746,0.001299983,0.006499917
4/11/2025 3:26,UP,1.12437,1.1385,1.12416,1.13285,0.001713963,0.001400493,0.007002465
4/11/2025 6:06,DOWN,1.13283,1.13546,1.12607,1.12656,-0.001206487,0.001266826,0.006334129
4/11/2025 7:37,UP,1.12652,1.13635,1.12464,1.13621,0.001091944,0.001647802,0.008239012
4/11/2025 8:55,UP,1.13622,1.14738,1.13316,1.14386,0.000306028,0.001629567,0.008147835
4/11/2025 11:00,DOWN,1.14383,1.14549,1.13202,1.1334,-0.000917172,0.001655632,0.00827816
4/11/2025 16:10,DOWN,1.13338,1.14122,1.13106,1.13151,-0.001077624,0.001438048,0.007190242
4/14/2025 0:12,UP,1.13153,1.13708,1.12767,1.13681,0.00235144,0.001404943,0.007024717
4/14/2025 12:55,DOWN,1.1368,1.14248,1.13498,1.13544,-0.001355383,0.001133023,0.005665115
4/14/2025 15:41,UP,1.13534,1.13772,1.12959,1.13661,0.000607253,0.001121848,0.005609242
4/15/2025 13:10,DOWN,1.13662,1.1382,1.13087,1.13186,9.72E-05,0.000864943,0.004324714
4/15/2025 16:43,DOWN,1.13193,1.13296,1.12641,1.12644,-0.001064736,0.000998541,0.004992706
4/16/2025 0:51,UP,1.12643,1.13217,1.12642,1.13164,0.000344692,0.000830727,0.004153634
4/16/2025 6:08,UP,1.13165,1.13857,1.13119,1.13689,0.001373107,0.000750855,0.003754274
4/16/2025 19:35,UP,1.13691,1.1413,1.13383,1.13959,5.27E-05,0.000797964,0.003989822
4/17/2025 5:45,DOWN,1.1395,1.14095,1.1344,1.13446,-0.001629404,0.000838149,0.004190744
4/18/2025 9:19,UP,1.13448,1.13906,1.13353,1.13714,7.91E-05,0.000463277,0.002316384
4/18/2025 15:03,UP,1.13715,1.1398,1.13678,1.13933,0.000570674,0.000377078,0.00188539
4/20/2025 22:30,UP,1.13935,1.14387,1.13879,1.14241,0.001480424,0.000557741,0.002788704
4/21/2025 0:22,UP,1.14244,1.14762,1.14185,1.14713,0.001229911,0.000703263,0.003516313
4/21/2025 5:24,UP,1.1471,1.15305,1.14574,1.15236,0.000937647,0.000840937,0.004204683
4/21/2025 14:35,DOWN,1.15237,1.15733,1.15003,1.15017,-0.000651865,0.001153917,0.005769585
4/22/2025 10:59,DOWN,1.15017,1.15476,1.14818,1.14895,-0.0008265,0.000875848,0.004379238
4/22/2025 16:26,DOWN,1.14899,1.15008,1.14402,1.14434,-0.001850882,0.000920017,0.004600085
4/22/2025 22:04,DOWN,1.14436,1.14542,1.13406,1.13408,-0.00294079,0.001468368,0.007341841
4/23/2025 1:30,UP,1.13402,1.14039,1.13081,1.13931,0.000237014,0.001379738,0.006898692
4/23/2025 14:06,DOWN,1.13936,1.14398,1.13282,1.13493,-0.001047974,0.001264691,0.006323457
4/24/2025 7:16,UP,1.13497,1.13835,1.13105,1.13645,0.001021244,0.000791364,0.00395682
4/25/2025 1:48,DOWN,1.13644,1.13977,1.13437,1.13445,-0.000625658,0.000842286,0.004211429
4/25/2025 14:42,UP,1.13446,1.13807,1.13157,1.13782,0.001618436,0.00095111,0.004755549
4/28/2025 19:12,UP,1.13783,1.14223,1.13295,1.14199,0.000630677,0.001242459,0.006212296
4/29/2025 12:05,DOWN,1.14198,1.14258,1.1371,1.13734,-0.000720721,0.000785567,0.003927837
4/30/2025 2:13,DOWN,1.13732,1.1419,1.13552,1.13656,-0.00153855,0.00087337,0.004366851
4/30/2025 20:15,DOWN,1.13655,1.13996,1.132,1.13233,-0.001226805,0.001047766,0.005238832
5/1/2025 15:22,DOWN,1.13237,1.13412,1.12705,1.12759,-0.000851011,0.000960342,0.004801709
5/2/2025 3:34,UP,1.12757,1.13124,1.1266,1.13118,0.001450865,0.000784697,0.003923483
5/2/2025 10:09,UP,1.13117,1.1355,1.13011,1.13476,9.69E-05,0.000694542,0.00347271
5/2/2025 14:00,UP,1.13475,1.13799,1.13043,1.13755,0.000747499,0.000864255,0.004321274
5/2/2025 17:06,DOWN,1.13752,1.1381,1.1311,1.13142,-0.001466108,0.000879133,0.004395664
5/5/2025 2:50,UP,1.13141,1.13468,1.12925,1.13404,0.000758638,0.000747867,0.003739333
5/5/2025 12:55,UP,1.13399,1.13614,1.13113,1.13571,4.40E-05,0.000622177,0.003110883
5/5/2025 15:50,DOWN,1.13572,1.13649,1.13168,1.13202,-0.001006543,0.00065172,0.0032586
5/6/2025 6:41,UP,1.13201,1.13309,1.128,1.13289,0.000900758,0.000747399,0.003736996
5/6/2025 13:55,UP,1.13292,1.13576,1.13053,1.13506,0.000519931,0.000667562,0.003337808
5/6/2025 20:00,UP,1.13504,1.13812,1.13307,1.1375,4.40E-05,0.000680839,0.003404194
5/7/2025 14:59,UP,1.13748,1.13798,1.13254,1.13662,0.000351983,0.000569016,0.002845078
5/7/2025 19:22,DOWN,1.13661,1.13697,1.13066,1.13122,-0.001104392,0.000883531,0.004417655
5/8/2025 6:28,DOWN,1.13119,1.13363,1.12813,1.12873,-0.000982923,0.00078994,0.003949698
5/8/2025 15:48,DOWN,1.12872,1.13203,1.12544,1.12575,-0.001704077,0.00081611,0.004080548
5/8/2025 19:38,DOWN,1.12578,1.12581,1.1212,1.12147,-0.000837835,0.000758731,0.003793655
5/9/2025 7:12,UP,1.12141,1.12478,1.11966,1.12458,6.22E-05,0.00076496,0.003824799
5/9/2025 14:35,UP,1.1246,1.12929,1.12407,1.12892,0.00142716,0.000659999,0.003299993
5/9/2025 19:39,DOWN,1.12889,1.12908,1.12487,1.1252,-0.000506448,0.000659475,0.003297373
5/12/2025 7:01,DOWN,1.12518,1.12577,1.11855,1.11955,-0.002105771,0.000824993,0.004124966
5/12/2025 7:32,DOWN,1.11959,1.11969,1.11108,1.11277,-0.001131669,0.001045978,0.005229892
5/12/2025 10:51,DOWN,1.11278,1.11454,1.10722,1.10786,-0.000568502,0.001010852,0.005054258
5/12/2025 17:56,DOWN,1.10785,1.11347,1.10727,1.10786,-0.000496329,0.000825316,0.004126582
5/13/2025 3:39,UP,1.10785,1.11115,1.10654,1.11092,0.000504214,0.00064814,0.003240702
5/13/2025 13:09,UP,1.11091,1.11452,1.10971,1.11445,0.00162544,0.000643577,0.003217883
5/13/2025 16:11,UP,1.11444,1.11783,1.11297,1.1174,0.000411755,0.000598606,0.00299303
5/14/2025 8:00,UP,1.11738,1.12167,1.11644,1.12163,0.001186478,0.000650203,0.003251015
5/14/2025 9:45,UP,1.12154,1.12651,1.12127,1.12593,0.000177647,0.000733191,0.003665957
5/14/2025 12:23,DOWN,1.12597,1.12658,1.12094,1.12186,-0.0002852,0.000718362,0.00359181
5/14/2025 16:41,DOWN,1.12187,1.12356,1.11852,1.11879,-0.001509421,0.000746327,0.003731634
5/15/2025 6:37,UP,1.11877,1.12149,1.11646,1.12124,0.001428011,0.000657471,0.003287356
5/15/2025 11:58,DOWN,1.12127,1.1228,1.11787,1.11837,-0.00084909,0.000708524,0.003542621
5/16/2025 6:30,UP,1.11835,1.1224,1.11704,1.12165,0.000722411,0.000694189,0.003470946
5/16/2025 14:37,DOWN,1.12167,1.12192,1.11647,1.11655,-0.00180751,0.000737638,0.003688191
5/18/2025 22:29,UP,1.11646,1.11895,1.11312,1.1189,0.001028324,0.0008547,0.0042735
5/19/2025 7:14,UP,1.11894,1.12183,1.11724,1.12178,0.00090076,0.000655204,0.00327602
5/19/2025 9:04,UP,1.12172,1.12646,1.12152,1.12627,0.001261594,0.000678012,0.003390058
5/19/2025 13:52,DOWN,1.12632,1.12884,1.12473,1.12496,-0.000515441,0.000561931,0.002809654
5/20/2025 0:30,DOWN,1.12494,1.12598,1.1221,1.12214,-0.001059912,0.00060112,0.003005602
5/20/2025 5:28,UP,1.12218,1.12572,1.1218,1.12561,0.000666527,0.000604681,0.003023406
5/20/2025 12:12,DOWN,1.12563,1.12779,1.12359,1.12377,-0.000684959,0.00058246,0.002912301
5/20/2025 15:02,UP,1.12379,1.127,1.12238,1.1266,0.000284081,0.000517768,0.002588839
5/20/2025 21:59,UP,1.12662,1.12861,1.12453,1.12818,0.000132966,0.000590868,0.002954339
5/21/2025 2:43,UP,1.12817,1.13235,1.12803,1.13224,0.000371015,0.000646616,0.003233078
5/21/2025 17:04,UP,1.13222,1.13621,1.13123,1.1347,0.000449559,0.000493577,0.002467886
5/21/2025 20:00,DOWN,1.13468,1.1363,1.13185,1.13187,-0.000786,0.000563722,0.00281861
5/22/2025 9:05,DOWN,1.13185,1.1345,1.1295,1.1297,-0.001008609,0.000704932,0.003524661
5/22/2025 15:13,DOWN,1.12971,1.1315,1.1266,1.127,-0.000718464,0.000657893,0.003289464
5/23/2025 1:17,UP,1.12698,1.13039,1.12559,1.13,0.000486844,0.00064509,0.003225452
5/23/2025 8:08,UP,1.13002,1.13442,1.12981,1.13385,0.000273442,0.000619464,0.003097321
5/23/2025 12:05,DOWN,1.13381,1.13758,1.1299,1.13176,-0.000865533,0.000748363,0.003741817
5/23/2025 16:52,UP,1.13175,1.13596,1.12976,1.1357,0.000669415,0.000873785,0.004368923
5/26/2025 1:05,UP,1.13568,1.13978,1.13517,1.1395,0.000465224,0.000666817,0.003334086
5/26/2025 9:13,DOWN,1.13952,1.14188,1.13802,1.13822,-0.000764059,0.000551219,0.002756095
5/27/2025 1:04,UP,1.1382,1.14031,1.1369,1.14029,0.000298214,0.000471314,0.002356568
5/27/2025 5:36,DOWN,1.14028,1.14073,1.1368,1.13685,-0.000483676,0.000549758,0.002748792
5/27/2025 7:34,DOWN,1.13687,1.1393,1.13433,1.13499,-0.000422822,0.000649293,0.003246465
5/27/2025 15:16,DOWN,1.13501,1.1375,1.13328,1.13349,-0.000643821,0.000596967,0.002984834
5/28/2025 2:54,DOWN,1.13337,1.13454,1.13048,1.13052,-0.001696893,0.000688396,0.00344198
5/28/2025 9:26,UP,1.13054,1.13393,1.12955,1.13355,5.29E-05,0.000620987,0.003104933
5/28/2025 13:22,DOWN,1.13356,1.13408,1.12976,1.13036,-0.00078705,0.000547769,0.002738843
5/28/2025 18:40,DOWN,1.13035,1.13247,1.12839,1.12857,-0.000779444,0.000595741,0.002978703
5/28/2025 23:39,DOWN,1.1286,1.12992,1.12217,1.1222,-0.004303683,0.00121616,0.006080798
5/29/2025 7:08,UP,1.12213,1.12827,1.12102,1.12747,0.000461316,0.00084951,0.004247552
5/29/2025 12:40,UP,1.12742,1.13225,1.12619,1.13165,0.000636442,0.000873626,0.004368128
5/29/2025 15:41,UP,1.13163,1.13699,1.13157,1.13648,0.000616127,0.00073274,0.0036637
5/30/2025 6:09,DOWN,1.13647,1.13899,1.13406,1.1341,-0.000758023,0.000740658,0.003703289
5/30/2025 17:22,UP,1.13412,1.13657,1.13126,1.13621,0.001188867,0.000700584,0.003502919
6/2/2025 6:07,UP,1.13616,1.13827,1.13446,1.13813,0.000413043,0.000511383,0.002556917
6/2/2025 7:52,UP,1.13811,1.14368,1.1379,1.14351,0.001864423,0.000738709,0.003693544
6/2/2025 14:37,UP,1.14347,1.14498,1.14043,1.14487,0.000463042,0.000690861,0.003454306
6/2/2025 23:56,UP,1.1449,1.14541,1.14118,1.14521,0.000270729,0.000567798,0.00283899
6/3/2025 3:32,DOWN,1.14522,1.14548,1.14187,1.14196,-0.000455254,0.000485065,0.002425326
6/3/2025 10:31,DOWN,1.14194,1.14324,1.13963,1.13993,-0.000833037,0.000438834,0.002194172
6/4/2025 6:07,DOWN,1.13994,1.14121,1.13572,1.13586,-0.000792037,0.00060177,0.003008848
6/4/2025 8:32,UP,1.13588,1.13969,1.13582,1.13957,0.000877909,0.000649105,0.003245525
6/4/2025 14:08,UP,1.13952,1.14298,1.13751,1.14298,0.001628651,0.000880362,0.004401808
6/5/2025 12:34,UP,1.14299,1.1449,1.14046,1.14445,0.001731587,0.00061709,0.003085449
6/5/2025 13:29,UP,1.14448,1.1495,1.14186,1.1494,0.001924593,0.001097586,0.005487929
6/5/2025 15:49,DOWN,1.14942,1.14947,1.14353,1.1439,-0.000402052,0.000893252,0.004466262
6/6/2025 8:12,DOWN,1.14388,1.14574,1.14213,1.14213,-0.000350162,0.00053964,0.002698201
6/6/2025 13:22,DOWN,1.14215,1.14314,1.13821,1.13821,-0.000948408,0.000606383,0.003031915
6/9/2025 2:11,UP,1.1382,1.1425,1.13717,1.14236,0.000761871,0.000631315,0.003156576
6/9/2025 12:31,DOWN,1.14239,1.14393,1.14055,1.14088,-0.000289209,0.000502616,0.00251308
6/9/2025 18:30,UP,1.14089,1.14299,1.13866,1.14296,0.000481323,0.00054795,0.002739748
6/10/2025 2:11,DOWN,1.14292,1.14358,1.13863,1.13912,-0.000728367,0.000569104,0.00284552
6/10/2025 9:49,UP,1.13911,1.14173,1.1373,1.14164,0.000823716,0.000653848,0.003269238
6/11/2025 2:03,DOWN,1.14165,1.14477,1.14062,1.14107,-0.000849718,0.000556831,0.002784154
6/11/2025 9:29,UP,1.14103,1.14427,1.14055,1.14427,0.000576953,0.000548952,0.002744762
6/11/2025 14:46,UP,1.14428,1.14894,1.14267,1.14859,0.001289367,0.000888579,0.004442895
6/12/2025 1:00,UP,1.14857,1.15267,1.14748,1.1518,0.00040814,0.00063271,0.00316355
6/12/2025 8:53,UP,1.15182,1.1547,1.15058,1.15454,0.000935875,0.000561984,0.002809922
6/12/2025 10:13,UP,1.15452,1.15885,1.15402,1.15847,0.001243792,0.000638716,0.003193578
6/12/2025 15:18,DOWN,1.15845,1.16318,1.15696,1.15705,-0.001148815,0.000900227,0.004501133
6/13/2025 0:43,DOWN,1.15703,1.16147,1.15428,1.1546,-0.001601004,0.000837594,0.004187972
6/13/2025 10:25,DOWN,1.15458,1.15625,1.1512,1.1515,-0.000616397,0.000617934,0.003089669
6/13/2025 14:11,UP,1.15153,1.15318,1.1489,1.15315,0.000607217,0.00059563,0.002978151
6/16/2025 2:01,DOWN,1.15316,1.15696,1.15262,1.15317,-0.000433493,0.000590624,0.00295312
6/16/2025 6:53,UP,1.1532,1.1576,1.15238,1.15741,0.001963201,0.00071316,0.0035658
6/16/2025 19:27,DOWN,1.15742,1.16148,1.15653,1.15686,-0.001079928,0.000627107,0.003135533
6/17/2025 14:37,DOWN,1.15678,1.15831,1.15149,1.15159,-0.002116568,0.000731357,0.003656787
6/17/2025 17:51,DOWN,1.15164,1.15394,1.14781,1.14836,-0.001200992,0.00075702,0.0037851
6/18/2025 6:01,UP,1.14837,1.15083,1.14745,1.15074,8.69E-05,0.000488447,0.002442234
6/18/2025 14:01,DOWN,1.15075,1.15235,1.14844,1.14884,-0.000461229,0.000464739,0.002323695
6/18/2025 15:38,UP,1.14879,1.15303,1.14877,1.15271,0.001232639,0.000651867,0.003259333
6/18/2025 19:00,DOWN,1.15269,1.15295,1.14736,1.1475,-0.000992971,0.000769245,0.003846225
6/19/2025 6:39,DOWN,1.14742,1.1489,1.14463,1.14519,-4.37E-05,0.000527796,0.002638982
6/19/2025 11:40,UP,1.14521,1.14876,1.14497,1.14788,0.00022653,0.000440997,0.002204984
6/19/2025 21:21,UP,1.14787,1.15002,1.14546,1.14977,0.000113072,0.000614259,0.003071297
6/20/2025 3:47,UP,1.14922,1.15283,1.14912,1.15272,0.000451209,0.000526617,0.002633085
6/20/2025 14:50,DOWN,1.15271,1.15349,1.14952,1.14989,-0.000495577,0.000521219,0.002606096
6/20/2025 17:00,UP,1.14991,1.15375,1.1499,1.15353,0.000381511,0.000593918,0.002969589
6/22/2025 21:30,DOWN,1.15358,1.1544,1.14552,1.14699,-0.004167452,0.001155511,0.005777554
6/23/2025 6:01,UP,1.14696,1.1519,1.14662,1.1519,0.000938021,0.000771125,0.003855626
6/23/2025 9:04,DOWN,1.15187,1.15212,1.14727,1.14727,-0.001376235,0.000700393,0.003501966
6/23/2025 14:06,UP,1.14729,1.15148,1.14536,1.15106,0.001747743,0.000779757,0.003898785
6/23/2025 16:53,UP,1.15109,1.15572,1.15107,1.15498,0.000658237,0.00065685,0.00328425
6/23/2025 22:08,UP,1.15495,1.15952,1.15407,1.15918,0.001061658,0.000616069,0.003080345
6/24/2025 14:26,UP,1.15919,1.16389,1.158,1.16366,0.002271281,0.00078713,0.003935651
6/25/2025 7:12,DOWN,1.16376,1.16416,1.16001,1.16041,-0.000525538,0.000489012,0.002445059
6/25/2025 15:08,UP,1.16036,1.16266,1.159,1.16214,3.44E-05,0.000479203,0.002396013
6/25/2025 18:50,UP,1.16217,1.166,1.16168,1.16582,0.000901059,0.000534384,0.002671921
6/26/2025 2:53,UP,1.1658,1.16952,1.16511,1.16932,0.000479026,0.000596166,0.002980831
6/26/2025 8:14,UP,1.16933,1.17294,1.16717,1.1728,0.001851987,0.000822671,0.004113355
6/26/2025 15:16,DOWN,1.17281,1.17449,1.169,1.17014,-0.000632203,0.000538419,0.002692097
6/26/2025 21:20,DOWN,1.17013,1.17403,1.1691,1.17003,-0.000512676,0.000533597,0.002667986
6/27/2025 7:12,UP,1.16947,1.1727,1.1681,1.17266,0.000929943,0.0006703,0.003351502
6/27/2025 17:51,DOWN,1.1727,1.17537,1.16997,1.17007,-0.000734729,0.000678189,0.003390943
6/29/2025 22:51,UP,1.17006,1.17331,1.16879,1.173,0.00035812,0.000654926,0.003274632
6/30/2025 15:21,UP,1.17308,1.17552,1.17078,1.17479,0.000672687,0.00054393,0.002719652
6/30/2025 21:33,UP,1.17477,1.17882,1.17418,1.17836,0.000331023,0.000540974,0.002704868
7/1/2025 9:18,UP,1.17767,1.18173,1.17676,1.18094,0.000448896,0.000497506,0.00248753
7/1/2025 14:03,DOWN,1.18092,1.183,1.17832,1.17849,-0.001890464,0.000649456,0.003247279
7/1/2025 21:32,UP,1.17845,1.18089,1.17614,1.18032,0.001178341,0.000598202,0.002991009
7/2/2025 6:52,DOWN,1.18033,1.18101,1.17735,1.17762,-0.000755476,0.000545974,0.00272987
7/2/2025 17:03,UP,1.17763,1.17941,1.1747,1.17938,0.000432524,0.000659082,0.003295408
7/3/2025 12:30,DOWN,1.17936,1.18103,1.17243,1.17396,-0.003724019,0.001011314,0.00505657
7/4/2025 3:32,UP,1.17378,1.17899,1.17174,1.17714,0.000424849,0.00063432,0.003171599
7/7/2025 6:40,DOWN,1.17712,1.17903,1.17502,1.17529,-0.001283965,0.000462056,0.002310279
7/7/2025 9:01,DOWN,1.1753,1.17588,1.17232,1.17256,-0.00069908,0.000472055,0.002360273
7/7/2025 16:51,DOWN,1.17255,1.17454,1.17017,1.17058,-0.000350192,0.000535749,0.002678745
7/7/2025 22:45,UP,1.17064,1.17357,1.16866,1.17347,0.001816779,0.000740522,0.003702611
7/8/2025 10:54,DOWN,1.17344,1.17654,1.17232,1.17273,-0.000468881,0.0004965,0.002482502
7/8/2025 13:27,DOWN,1.17274,1.17386,1.16999,1.17025,-0.000760232,0.000544548,0.002722742
7/8/2025 18:55,UP,1.17023,1.17286,1.16826,1.17267,0.000503252,0.000607877,0.003039383
7/9/2025 23:59,UP,1.17266,1.17401,1.16896,1.17383,0.00118486,0.000582817,0.002914087
7/10/2025 11:19,DOWN,1.17382,1.17498,1.17193,1.17205,-0.000784642,0.000413222,0.00206611
7/10/2025 14:03,DOWN,1.17204,1.17216,1.16845,1.16862,-0.000564609,0.00049901,0.002495049
7/10/2025 19:50,UP,1.16859,1.16992,1.16625,1.16989,0.000530105,0.000538314,0.002691572
7/11/2025 0:53,DOWN,1.1699,1.17076,1.16646,1.16709,-0.000137084,0.000587075,0.002935376
7/14/2025 5:36,DOWN,1.16706,1.1714,1.1661,1.16694,-0.000514033,0.000538436,0.002692182
7/14/2025 10:24,UP,1.16697,1.16954,1.16541,1.16939,0.000547444,0.000537774,0.002688868
7/14/2025 23:46,DOWN,1.16938,1.16972,1.16592,1.16656,-0.000102861,0.000509171,0.002545856
7/15/2025 13:35,DOWN,1.16656,1.16928,1.16434,1.16452,-0.001724545,0.000758688,0.003793438
7/15/2025 15:32,DOWN,1.16451,1.16517,1.16073,1.16078,-0.000404818,0.000632815,0.003164077
7/16/2025 6:01,UP,1.16079,1.16223,1.15929,1.162,0.000215169,0.00041742,0.002087099
7/16/2025 12:55,DOWN,1.16199,1.16285,1.15929,1.16019,-0.000206841,0.000402682,0.002013408
7/16/2025 13:49,DOWN,1.1602,1.1603,1.1563,1.15655,-0.000942014,0.000532115,0.002660576
7/16/2025 15:07,UP,1.15654,1.16163,1.15624,1.16116,0.001344387,0.000768959,0.003844793
7/16/2025 15:26,UP,1.16131,1.16974,1.16101,1.16856,0.00096747,0.001207596,0.006037978
7/16/2025 18:54,DOWN,1.16854,1.17219,1.16108,1.16304,-0.000593097,0.001166079,0.005830396
7/17/2025 6:38,DOWN,1.16299,1.1643,1.15733,1.15775,-0.000725282,0.000954198,0.004770991
7/17/2025 22:59,UP,1.15774,1.16193,1.15569,1.1617,0.001429962,0.00065429,0.003271452
7/18/2025 9:13,UP,1.16172,1.16459,1.1612,1.16428,6.87E-05,0.000462356,0.00231178
7/18/2025 17:13,DOWN,1.16424,1.16721,1.16263,1.16268,-0.000326778,0.000568921,0.002844604
7/21/2025 6:57,UP,1.16275,1.1643,1.16145,1.16409,0.000111681,0.000385421,0.001927103
7/21/2025 12:15,UP,1.16406,1.16734,1.16336,1.16682,0.000300006,0.000505114,0.002525572
7/21/2025 14:59,UP,1.16683,1.16978,1.16577,1.16976,0.000581485,0.000519855,0.002599274
7/22/2025 0:22,DOWN,1.16975,1.17167,1.16836,1.1684,-0.000855505,0.000506987,0.002534937
7/22/2025 14:55,UP,1.1684,1.17249,1.1679,1.17249,0.001792666,0.00065394,0.003269699
7/22/2025 16:31,UP,1.17247,1.17607,1.17147,1.17583,0.000306214,0.000609788,0.00304894
7/23/2025 9:10,DOWN,1.17581,1.17584,1.1727,1.17325,-2.56E-05,0.000435563,0.002177816
7/23/2025 16:05,UP,1.17326,1.17609,1.1711,1.17542,0.000851122,0.000580074,0.002900368
7/23/2025 23:10,UP,1.17546,1.17757,1.17429,1.17742,9.34E-05,0.000517713,0.002588564
7/24/2025 9:09,DOWN,1.17744,1.17802,1.17533,1.17536,-0.00083344,0.000406815,0.002034075
7/24/2025 13:30,UP,1.17535,1.17729,1.17306,1.17673,0.000850174,0.000586845,0.002934224
7/24/2025 21:49,DOWN,1.1767,1.17889,1.17349,1.17471,-0.000901943,0.00058891,0.00294455
7/25/2025 10:51,DOWN,1.17471,1.1761,1.17248,1.17256,-0.000554189,0.000452068,0.002260338
7/25/2025 17:48,UP,1.17256,1.17399,1.17032,1.17362,0.000443172,0.000419246,0.002096232
7/28/2025 0:18,UP,1.17364,1.17706,1.17349,1.17699,0.000739447,0.000459108,0.002295542
7/28/2025 5:20,DOWN,1.17701,1.17701,1.1741,1.17413,-0.000468322,0.000481292,0.002406459
7/28/2025 7:39,DOWN,1.17414,1.17454,1.16956,1.1698,-0.001127762,0.000642525,0.003212623
7/28/2025 10:22,DOWN,1.16983,1.16983,1.16582,1.16599,-0.000471591,0.000574857,0.002874284
7/28/2025 15:11,DOWN,1.166,1.16692,1.16257,1.16276,-0.000885431,0.000600088,0.003000441
7/28/2025 17:19,DOWN,1.16274,1.16294,1.15924,1.15924,-0.000819167,0.00056426,0.0028213
7/29/2025 6:57,DOWN,1.1592,1.15994,1.15375,1.15395,-0.00199117,0.000805516,0.004027581
7/29/2025 9:31,UP,1.15396,1.15829,1.15268,1.15812,0.000993482,0.000790721,0.003953606
7/29/2025 12:00,DOWN,1.15811,1.15883,1.15375,1.15375,-0.000745118,0.000775037,0.003875183
7/30/2025 0:40,UP,1.15374,1.15652,1.15189,1.15632,0.000570939,0.000612886,0.00306443
7/30/2025 10:50,DOWN,1.15629,1.15728,1.15323,1.15379,-0.000320631,0.000534411,0.002672057
7/30/2025 12:36,DOWN,1.15381,1.15434,1.14856,1.14895,-0.0018869,0.000714434,0.003572168
7/30/2025 18:51,DOWN,1.14888,1.15033,1.14333,1.14362,-0.002166205,0.00083348,0.004167401
7/31/2025 6:21,UP,1.14363,1.14494,1.14023,1.14485,0.00099626,0.000643734,0.003218668
7/31/2025 13:14,DOWN,1.14484,1.14609,1.14107,1.14177,-0.000761685,0.00058872,0.002943602
7/31/2025 14:57,UP,1.14177,1.14497,1.14061,1.14478,0.000725293,0.000644147,0.003220736
7/31/2025 19:59,DOWN,1.14479,1.14498,1.14123,1.14128,-0.001532192,0.000606432,0.003032158
8/1/2025 6:21,UP,1.14127,1.14359,1.1405,1.14358,0.000673551,0.000493124,0.002465622
8/1/2025 9:00,DOWN,1.14359,1.14381,1.14055,1.1407,-0.000744879,0.000474992,0.002374961
8/1/2025 12:34,UP,1.14071,1.15151,1.13915,1.15151,0.006211119,0.001802371,0.009011854
8/1/2025 19:43,UP,1.15153,1.15882,1.15019,1.15758,0.000855598,0.001059468,0.005297342
8/4/2025 7:39,DOWN,1.15757,1.15979,1.15503,1.15544,-0.000493197,0.000657269,0.003286344
8/4/2025 23:52,UP,1.15547,1.15884,1.15499,1.1584,7.77E-05,0.000491892,0.002459459
8/5/2025 5:29,DOWN,1.15844,1.1588,1.15515,1.15542,-0.000458602,0.000462187,0.002310935
8/5/2025 15:12,UP,1.15543,1.15778,1.15277,1.15767,0.000933344,0.000624148,0.003120738
8/6/2025 10:12,UP,1.15769,1.16041,1.15643,1.16036,0.001362574,0.000544492,0.002722461
8/6/2025 15:10,UP,1.16038,1.16393,1.15927,1.16379,0.001143471,0.000676906,0.003384528
8/7/2025 2:41,UP,1.1638,1.16686,1.16228,1.16582,8.58E-05,0.000525965,0.002629823
8/7/2025 7:52,UP,1.16582,1.16914,1.16531,1.16906,0.001241083,0.000555749,0.002778747
8/7/2025 11:22,DOWN,1.16905,1.1699,1.16511,1.16536,-0.000634795,0.000566128,0.002830638
8/7/2025 14:21,DOWN,1.16537,1.16627,1.16215,1.16255,-0.000326814,0.000529143,0.002645715
8/7/2025 20:04,UP,1.16252,1.16589,1.1611,1.16584,0.000394643,0.000639397,0.003196985
8/8/2025 5:57,DOWN,1.16583,1.16794,1.16402,1.16416,-0.000283426,0.000561163,0.002805813
8/11/2025 2:58,UP,1.16417,1.16684,1.16289,1.1666,0.000111441,0.000542472,0.00271236
8/11/2025 9:38,DOWN,1.1666,1.16754,1.16392,1.16402,-0.000867306,0.000501805,0.002509024
8/11/2025 14:01,DOWN,1.16399,1.1648,1.1614,1.16147,-0.000611108,0.00049457,0.002472848
8/12/2025 0:34,UP,1.16148,1.16197,1.159,1.16178,2.58E-05,0.000413134,0.002065671
8/12/2025 11:34,DOWN,1.16179,1.16291,1.16004,1.16038,-0.000482484,0.000384305,0.001921524
8/12/2025 14:03,UP,1.16039,1.16677,1.15987,1.16584,0.000609188,0.000899316,0.004496582
8/13/2025 3:43,UP,1.16582,1.16973,1.16418,1.16861,0.000333786,0.000533515,0.002667576
8/13/2025 8:05,UP,1.16861,1.17128,1.16765,1.17106,0.000264752,0.000526333,0.002631663
8/13/2025 18:37,DOWN,1.17103,1.17304,1.1693,1.1698,-0.000299152,0.000474428,0.002372142
8/14/2025 7:19,DOWN,1.16978,1.17154,1.16845,1.16848,-0.000564677,0.000399621,0.001998104
8/14/2025 13:21,DOWN,1.16845,1.16973,1.1649,1.16573,-5.15E-05,0.000669788,0.00334894
8/15/2025 3:15,UP,1.16575,1.16665,1.16311,1.16588,0.000471858,0.000460936,0.002304678
8/15/2025 9:11,UP,1.16589,1.16874,1.16585,1.16871,0.000710437,0.000439206,0.00219603
8/15/2025 14:51,UP,1.16868,1.17154,1.16733,1.17122,0.000461164,0.000613819,0.003069094
8/18/2025 8:03,DOWN,1.17117,1.17176,1.16736,1.1674,-0.002181959,0.000649924,0.00324962
8/19/2025 0:58,DOWN,1.16743,1.16885,1.16559,1.16573,-0.000840322,0.000453888,0.002269442
8/19/2025 7:03,UP,1.16574,1.16794,1.16393,1.16764,0.00118257,0.000499469,0.002497344
8/19/2025 15:58,DOWN,1.16761,1.16929,1.16597,1.16608,-0.000711533,0.00040544,0.002027201
8/20/2025 0:16,DOWN,1.16602,1.16633,1.16314,1.16337,-0.00072178,0.000388745,0.001943724
8/20/2025 10:17,UP,1.16335,1.16551,1.1622,1.16549,0.00103014,0.000457889,0.002289445
8/21/2025 5:19,DOWN,1.1655,1.16737,1.16403,1.16444,-0.000154569,0.000375076,0.001875378
8/21/2025 9:38,UP,1.16447,1.16628,1.16251,1.1658,0.000257367,0.00051587,0.002579352
8/21/2025 14:01,DOWN,1.16582,1.16613,1.16157,1.1618,-0.000679748,0.000617516,0.003087582
8/22/2025 3:58,DOWN,1.16178,1.16295,1.15892,1.15896,-0.001069353,0.000555849,0.002779245
8/22/2025 12:27,UP,1.15894,1.16138,1.15831,1.16113,0.000396244,0.000439067,0.002195336
8/22/2025 14:16,UP,1.16112,1.16898,1.15976,1.16891,0.000864426,0.001432587,0.007162937
8/25/2025 1:32,DOWN,1.16889,1.17428,1.16821,1.16953,-0.00011115,0.000727571,0.003637854
8/25/2025 15:15,DOWN,1.16952,1.17205,1.16829,1.16838,-0.000427851,0.000516654,0.002583272
8/25/2025 17:04,DOWN,1.16837,1.16864,1.16513,1.16539,-0.000257391,0.000524921,0.002624603
8/25/2025 19:05,DOWN,1.16539,1.16561,1.16086,1.16102,-0.001153492,0.000603892,0.003019461
8/26/2025 0:20,UP,1.16099,1.16542,1.16028,1.16437,0.000249093,0.000604521,0.003022607
8/26/2025 6:26,DOWN,1.16431,1.16601,1.16133,1.16243,-0.00049883,0.000500905,0.002504527
8/26/2025 10:22,UP,1.16244,1.16467,1.16022,1.16436,0.000137424,0.000607321,0.003036604
8/27/2025 1:53,DOWN,1.16439,1.16653,1.16306,1.16348,-6.88E-05,0.000438577,0.002192887
8/27/2025 7:43,DOWN,1.16348,1.16356,1.15962,1.15972,-0.00135286,0.000530734,0.002653669
8/27/2025 16:23,UP,1.15974,1.16175,1.15741,1.16164,0.000456356,0.000583191,0.002915955
8/28/2025 0:05,UP,1.16168,1.16495,1.16162,1.16472,0.000360667,0.000483064,0.00241532
8/28/2025 10:36,UP,1.16472,1.16698,1.16292,1.16663,0.000900434,0.000452174,0.002260872
8/28/2025 17:15,UP,1.16667,1.16968,1.16586,1.16955,0.000769823,0.00051771,0.002588551
8/29/2025 1:08,DOWN,1.16956,1.16975,1.16686,1.16691,-0.000633952,0.000430436,0.00215218
8/29/2025 12:33,DOWN,1.16686,1.16904,1.16508,1.16533,-0.000420393,0.000510606,0.002553031
8/29/2025 14:30,UP,1.16537,1.16857,1.16522,1.16854,0.000479345,0.000496722,0.00248361
9/1/2025 5:13,UP,1.16855,1.17147,1.16847,1.17106,0.000213505,0.00041846,0.002092299
9/1/2025 13:52,DOWN,1.17107,1.17365,1.1705,1.17087,-0.000222032,0.000437134,0.002185669
9/2/2025 2:33,DOWN,1.17086,1.17184,1.16922,1.16944,-0.000230853,0.000341648,0.001708238
9/2/2025 7:30,DOWN,1.16942,1.17066,1.16707,1.16715,-0.001044735,0.000476239,0.002381195
9/2/2025 9:24,DOWN,1.16713,1.1675,1.16239,1.16276,-0.000919801,0.00063839,0.003191951
9/2/2025 14:06,UP,1.16277,1.16678,1.16129,1.1666,0.001518382,0.000755501,0.003777504
9/2/2025 18:11,DOWN,1.16661,1.16826,1.16358,1.1637,-0.000584172,0.000576444,0.002882219
9/3/2025 8:27,UP,1.16374,1.1657,1.16081,1.16529,0.000454926,0.000649729,0.003248643
9/4/2025 3:06,DOWN,1.1653,1.16823,1.16386,1.16538,-0.000240236,0.000400286,0.002001432
9/5/2025 0:53,UP,1.16535,1.16614,1.16299,1.16582,0.000223044,0.000432113,0.002160565
9/5/2025 9:12,UP,1.16583,1.1688,1.16556,1.16869,0.000804643,0.000420563,0.002102814
9/5/2025 13:41,UP,1.16871,1.1752,1.16777,1.174,0.001781825,0.000901906,0.004509529
9/5/2025 18:35,DOWN,1.17398,1.17595,1.1716,1.17164,-0.000520502,0.000658397,0.003291986
9/8/2025 7:49,UP,1.17166,1.17341,1.17037,1.17305,0.000136406,0.000403468,0.002017338
9/8/2025 13:18,UP,1.17306,1.17543,1.172,1.17501,0.001004751,0.000438736,0.002193681
9/8/2025 21:18,UP,1.17497,1.17655,1.1735,1.17635,0.000119019,0.000448939,0.002244697
9/9/2025 7:50,DOWN,1.17607,1.178,1.17477,1.17501,-0.001258771,0.000471137,0.002355686
9/9/2025 11:57,DOWN,1.17502,1.17725,1.17412,1.17418,-0.000664073,0.000474438,0.002372188
9/9/2025 15:22,DOWN,1.17419,1.17628,1.17182,1.17188,-0.000392455,0.000568926,0.002844631
9/10/2025 0:29,DOWN,1.17187,1.17298,1.16961,1.16999,-6.84E-05,0.000440168,0.002200838
9/10/2025 14:11,UP,1.16995,1.17289,1.16825,1.17265,0.000562986,0.000608745,0.003043726
9/10/2025 19:33,DOWN,1.17264,1.17307,1.16935,1.16952,-0.000709441,0.000521827,0.002609137
9/11/2025 10:37,DOWN,1.16951,1.17069,1.16774,1.16854,-9.41E-05,0.000300181,0.001500904
9/11/2025 13:07,UP,1.16857,1.17368,1.16582,1.17316,0.001100199,0.000854731,0.004273653
9/12/2025 7:18,UP,1.1732,1.17478,1.17139,1.1746,0.000289502,0.000401212,0.002006062
9/12/2025 8:57,DOWN,1.17459,1.17478,1.17156,1.17159,-0.000870233,0.000467551,0.002337754
9/12/2025 12:38,DOWN,1.17162,1.17353,1.17025,1.17058,-0.000742945,0.000480633,0.002403164
9/12/2025 18:27,UP,1.17059,1.1738,1.17014,1.17347,0.000102266,0.000460376,0.002301879
9/15/2025 9:43,UP,1.17352,1.17517,1.17163,1.17478,0.000578999,0.00042745,0.002137248
9/16/2025 2:34,UP,1.17477,1.17776,1.17447,1.17728,0.000178393,0.000391321,0.001956607
9/16/2025 7:15,UP,1.17727,1.17959,1.17705,1.17953,0.000669983,0.000380826,0.001904128
9/16/2025 13:31,UP,1.17954,1.18249,1.17883,1.18238,0.00103235,0.000487551,0.002437754
9/16/2025 16:13,UP,1.18239,1.18553,1.18139,1.18548,0.000860781,0.000510805,0.002554026
9/17/2025 6:11,DOWN,1.18546,1.18785,1.18512,1.18519,-0.000379614,0.000371093,0.001855466
9/17/2025 18:01,UP,1.1852,1.18894,1.18329,1.18707,0.001390944,0.000510189,0.002550947
9/17/2025 18:43,DOWN,1.18714,1.1919,1.18442,1.18453,-0.001746003,0.000819834,0.004099171
9/18/2025 1:22,DOWN,1.18456,1.1857,1.18079,1.18098,-0.000787172,0.000664003,0.003320014
9/18/2025 7:30,UP,1.181,1.18255,1.17805,1.18228,0.000676888,0.000626321,0.003131606
9/18/2025 12:35,DOWN,1.18225,1.18483,1.18008,1.18021,-0.001388619,0.000628039,0.003140197
9/18/2025 13:45,DOWN,1.1802,1.18096,1.17501,1.17509,-0.001182189,0.000784388,0.00392194
9/18/2025 17:28,UP,1.17514,1.17927,1.17513,1.17921,0.000271405,0.000642168,0.003210841
9/19/2025 6:56,DOWN,1.17925,1.17939,1.17633,1.17678,-0.000331358,0.00039051,0.00195255
9/19/2025 11:58,DOWN,1.1768,1.17784,1.17357,1.17365,-0.001183639,0.00052567,0.00262835
9/19/2025 14:27,UP,1.17364,1.17668,1.17288,1.17607,0.000110544,0.00048898,0.002444902
9/21/2025 23:46,DOWN,1.17608,1.17678,1.1737,1.17384,-0.000178884,0.000448782,0.002243908
9/22/2025 8:08,UP,1.17383,1.17587,1.1726,1.17567,0.000374325,0.000446443,0.002232217
9/22/2025 12:51,UP,1.17568,1.17874,1.17559,1.17856,0.000594122,0.000461245,0.002306223
9/22/2025 17:46,UP,1.17855,1.17954,1.17627,1.17934,0.000508889,0.000437373,0.002186863
9/23/2025 1:54,UP,1.17932,1.18201,1.17921,1.1817,0.000753436,0.000390202,0.001951009
9/23/2025 6:18,DOWN,1.18174,1.18179,1.17911,1.17928,-0.000669676,0.000409181,0.002045904
9/23/2025 17:33,UP,1.17929,1.18129,1.17771,1.18126,0.000423366,0.000398975,0.001994873
9/24/2025 2:53,DOWN,1.18127,1.18199,1.17962,1.1798,-0.000118657,0.000296433,0.001482164
9/24/2025 8:24,DOWN,1.17979,1.18049,1.17723,1.17744,-0.000764078,0.000395469,0.001977347
9/24/2025 12:00,DOWN,1.17745,1.17751,1.17466,1.17501,-5.96E-05,0.000406608,0.002033041
9/25/2025 2:54,UP,1.17505,1.17581,1.17282,1.17509,0.000408563,0.000281569,0.001407846
9/25/2025 12:30,DOWN,1.1751,1.17542,1.17132,1.1723,-0.000971975,0.00045949,0.002297449
9/25/2025 13:54,DOWN,1.17233,1.17233,1.16837,1.16857,-0.000701466,0.000626786,0.003133929
9/25/2025 17:28,DOWN,1.16856,1.16946,1.16538,1.16554,-0.000986181,0.000552145,0.002760725
9/26/2025 3:55,UP,1.16555,1.16796,1.16455,1.16771,-1.71E-05,0.000391845,0.001959223
9/26/2025 14:13,UP,1.16773,1.16975,1.16617,1.16956,0.000573029,0.000462633,0.002313163
9/29/2025 0:26,UP,1.16959,1.17192,1.16866,1.17181,0.000734177,0.000440306,0.002201531
9/29/2025 13:45,UP,1.17181,1.17524,1.17078,1.17522,0.000425543,0.000635851,0.003179256
9/29/2025 21:42,DOWN,1.17521,1.17546,1.17202,1.1726,-0.000144966,0.000446033,0.002230166
9/30/2025 6:47,UP,1.17259,1.17439,1.17123,1.1742,0.000264044,0.000426884,0.002134419
9/30/2025 13:06,DOWN,1.17423,1.17616,1.17306,1.17312,-0.000349434,0.000442348,0.002211738
10/1/2025 5:00,UP,1.17313,1.17656,1.17166,1.17636,0.001352541,0.000566029,0.002830144
10/1/2025 9:48,DOWN,1.17634,1.17787,1.17366,1.17401,-0.000323625,0.000601989,0.003009943
10/2/2025 5:30,DOWN,1.17403,1.17689,1.17155,1.17317,-0.000374982,0.000585779,0.002928896
10/2/2025 13:48,DOWN,1.17319,1.17584,1.1724,1.17259,-0.000895053,0.000463233,0.002316163
10/2/2025 15:42,DOWN,1.1726,1.17267,1.16883,1.16928,-0.000547196,0.000505773,0.002528863
10/2/2025 19:28,UP,1.16936,1.17269,1.16832,1.1723,0.000418069,0.000493162,0.002465809
10/3/2025 8:54,UP,1.17232,1.17423,1.17117,1.17422,0.000477026,0.000390846,0.00195423
10/5/2025 23:05,DOWN,1.17423,1.17589,1.17083,1.17104,-0.000580512,0.000601934,0.003009672
10/6/2025 6:55,DOWN,1.17099,1.17309,1.16901,1.16947,-0.000726561,0.000446205,0.002231027
10/6/2025 8:18,DOWN,1.16945,1.17121,1.16517,1.16541,-0.000891992,0.000863756,0.004318781
10/6/2025 13:15,UP,1.16543,1.16954,1.16525,1.16932,0.000419135,0.000614998,0.00307499
10/7/2025 5:33,DOWN,1.1693,1.1721,1.16838,1.16888,-0.00070128,0.000439254,0.00219627
10/7/2025 9:39,DOWN,1.16892,1.16938,1.16612,1.16614,-0.000334381,0.000451668,0.00225834
10/7/2025 19:22,DOWN,1.16617,1.16812,1.16511,1.16524,-0.000600554,0.000409941,0.002049704
10/8/2025 1:31,DOWN,1.16526,1.16617,1.16264,1.16275,-0.001366514,0.00053453,0.002672648
10/8/2025 13:20,UP,1.16269,1.16448,1.1606,1.16399,0.00065314,0.000495024,0.002475122
10/8/2025 16:02,DOWN,1.16403,1.16403,1.16029,1.16051,-0.000732169,0.000494448,0.002472239
10/8/2025 20:13,UP,1.16053,1.16317,1.15984,1.16285,0.000387055,0.00045088,0.002254398
10/9/2025 6:43,DOWN,1.16286,1.16483,1.16185,1.16186,-0.000335612,0.000438439,0.002192196
10/9/2025 14:28,DOWN,1.16188,1.16275,1.15776,1.15798,-0.001734277,0.000732445,0.003662226
10/9/2025 19:02,DOWN,1.15794,1.15885,1.1542,1.15491,-0.000502078,0.000601177,0.003005884
10/10/2025 5:10,UP,1.1549,1.15756,1.15489,1.15756,0.000423394,0.000456309,0.002281546
10/10/2025 15:04,UP,1.15757,1.15962,1.1559,1.15962,0.00128573,0.000547316,0.002736582
10/13/2025 2:14,UP,1.15959,1.16308,1.15922,1.16263,0.000679725,0.000508191,0.002540955
10/13/2025 8:23,DOWN,1.16264,1.16299,1.15933,1.15955,-0.000629356,0.000529037,0.002645186
10/13/2025 14:13,DOWN,1.15956,1.15982,1.15619,1.15661,-0.000432204,0.000478749,0.002393746
10/14/2025 3:53,UP,1.15656,1.15819,1.15549,1.15812,0.000526854,0.000378807,0.001894037
10/14/2025 7:05,DOWN,1.15811,1.15937,1.15631,1.15682,-0.000216086,0.000372459,0.001862293
10/14/2025 13:36,UP,1.1568,1.15799,1.15428,1.15787,0.000587458,0.000472149,0.002360745
10/14/2025 15:57,UP,1.15789,1.16028,1.15691,1.1602,0.000698399,0.000435257,0.002176287
10/15/2025 2:49,UP,1.16021,1.16247,1.16005,1.16222,8.60E-05,0.000339346,0.001696729
10/15/2025 13:05,DOWN,1.16218,1.16454,1.16106,1.16134,-0.000318547,0.000358307,0.001791536
10/15/2025 17:06,UP,1.16136,1.16474,1.16121,1.16397,0.000386683,0.000378596,0.001892981
10/16/2025 0:33,UP,1.16396,1.16587,1.1627,1.16585,0.001089928,0.000475958,0.002379791
10/16/2025 15:00,UP,1.16586,1.16781,1.16431,1.16772,0.000496818,0.00043674,0.002183698
10/16/2025 17:53,UP,1.16773,1.16937,1.16611,1.16904,0.00034222,0.000390564,0.001952822
10/17/2025 0:47,UP,1.16905,1.17056,1.16805,1.17046,0.000307619,0.000358578,0.001792892
10/17/2025 6:04,UP,1.17047,1.17284,1.16951,1.17254,0.000597173,0.000379374,0.001896868
10/17/2025 7:26,DOWN,1.17256,1.17267,1.16933,1.16971,-0.001110769,0.000446683,0.002233416
10/17/2025 12:00,DOWN,1.16974,1.17163,1.16803,1.16859,-1.71E-05,0.000391309,0.001956546
10/17/2025 14:14,DOWN,1.16858,1.16863,1.16566,1.16571,-0.000703187,0.000413271,0.002066354
10/20/2025 10:23,DOWN,1.16574,1.16794,1.16514,1.1653,-0.000583371,0.000369033,0.001845163
10/20/2025 20:06,DOWN,1.16531,1.16645,1.16381,1.16432,-0.000240455,0.000352627,0.001763133
10/21/2025 3:12,DOWN,1.16432,1.16554,1.16325,1.16349,-0.000189068,0.000340947,0.001704733
10/21/2025 10:50,DOWN,1.16353,1.16375,1.16066,1.16088,-0.000516716,0.000443474,0.002217372
10/22/2025 8:05,DOWN,1.1609,1.1626,1.15927,1.15929,-0.000922553,0.000409189,0.002045944
10/22/2025 14:51,UP,1.15927,1.16038,1.15766,1.16028,0.000181007,0.000379639,0.001898195
10/23/2025 2:17,DOWN,1.16027,1.16227,1.15956,1.15975,-0.000241402,0.000343741,0.001718705
10/23/2025 14:11,UP,1.15973,1.16149,1.15855,1.16105,0.000344575,0.000357613,0.001788065
10/24/2025 6:11,DOWN,1.16109,1.1622,1.16018,1.1603,-0.000137886,0.000303297,0.001516485
10/24/2025 19:59,UP,1.16032,1.16516,1.1601,1.16325,0.000395522,0.000496498,0.00248249
10/27/2025 8:02,DOWN,1.16324,1.1648,1.16181,1.16204,-0.000481795,0.000420458,0.00210229
10/27/2025 10:40,UP,1.16203,1.16447,1.16177,1.16434,8.59E-05,0.000390385,0.001951924
10/28/2025 0:31,UP,1.16437,1.16581,1.16316,1.16576,0.000677899,0.000349428,0.00174714
10/28/2025 12:55,DOWN,1.16577,1.16681,1.16399,1.16406,-0.000815776,0.000419187,0.002095937
10/28/2025 14:46,UP,1.16408,1.16636,1.16256,1.16591,0.000317399,0.000466427,0.002332137
10/29/2025 4:04,DOWN,1.16592,1.1669,1.16365,1.16374,-0.000670028,0.000411613,0.002058065
10/29/2025 15:36,UP,1.16373,1.16533,1.16188,1.16518,0.000360524,0.000469031,0.002345154
10/29/2025 18:36,DOWN,1.16519,1.1666,1.16072,1.16086,-0.002666875,0.000789179,0.003945893
10/30/2025 2:16,UP,1.16075,1.16199,1.15778,1.16175,0.000396033,0.000641777,0.003208883
10/30/2025 11:08,DOWN,1.16176,1.16376,1.1604,1.16069,-0.000361788,0.000461568,0.00230784
10/30/2025 12:52,DOWN,1.1607,1.16112,1.15622,1.15623,-0.001063237,0.000635661,0.003178304
10/31/2025 1:29,UP,1.15624,1.15864,1.15471,1.15774,0.000293719,0.000415436,0.002077181
10/31/2025 13:07,DOWN,1.15776,1.15777,1.155,1.15502,-0.000666433,0.000401116,0.002005579
11/3/2025 1:03,DOWN,1.15501,1.15562,1.15215,1.15239,-0.000381742,0.000428053,0.002140267
11/3/2025 8:53,DOWN,1.1524,1.15415,1.15102,1.1511,-0.001015903,0.000436102,0.00218051
11/3/2025 17:19,UP,1.15111,1.15378,1.1505,1.15356,0.00045088,0.000401241,0.002006206
11/4/2025 0:07,DOWN,1.15358,1.15378,1.15073,1.1508,-0.00105089,0.000437965,0.002189824
11/4/2025 7:25,UP,1.15079,1.15308,1.14981,1.15286,0.000459832,0.000396286,0.001981429
11/4/2025 9:54,DOWN,1.15284,1.15337,1.15052,1.15055,-0.000469231,0.000399274,0.001996371
11/4/2025 12:29,DOWN,1.15056,1.15099,1.14811,1.1483,-0.000600708,0.000427772,0.002138858
11/5/2025 14:09,DOWN,1.14832,1.14981,1.1469,1.14745,-0.000365962,0.000368399,0.001841995
11/5/2025 23:30,UP,1.14744,1.14957,1.147,1.14955,0.000339321,0.000401439,0.002007194
11/6/2025 9:00,UP,1.14954,1.15237,1.1493,1.15205,0.001042164,0.000397163,0.001985814
11/6/2025 13:37,UP,1.15202,1.15414,1.15103,1.15402,0.000754171,0.00042985,0.00214925
11/6/2025 18:45,UP,1.15407,1.1549,1.15191,1.15476,0.000259828,0.000420602,0.002103009
11/7/2025 11:24,UP,1.1548,1.15571,1.15296,1.15559,0.000528008,0.000354714,0.001773572
11/7/2025 15:10,UP,1.15563,1.15899,1.15538,1.15872,0.000932498,0.000425227,0.002126135
11/7/2025 20:05,DOWN,1.15865,1.15913,1.15555,1.15596,-0.000181651,0.000454834,0.002274171
11/10/2025 8:09,UP,1.15596,1.15728,1.15417,1.15701,0.000121009,0.000443714,0.00221857
11/10/2025 15:33,DOWN,1.157,1.15836,1.1553,1.15532,-0.00064031,0.000409425,0.002047125
11/11/2025 9:27,UP,1.15536,1.15684,1.15411,1.15646,0.000795848,0.000361392,0.001806962
11/11/2025 13:26,UP,1.15645,1.16007,1.15625,1.15994,0.001889813,0.000564616,0.00282308
11/12/2025 0:49,DOWN,1.15998,1.16057,1.1582,1.15826,-0.000146761,0.00033574,0.001678701
11/12/2025 14:34,DOWN,1.15829,1.15884,1.15629,1.1565,-5.19E-05,0.000349708,0.00174854
11/12/2025 16:03,UP,1.15649,1.15959,1.15642,1.15937,0.000638481,0.000413446,0.002067228
11/13/2025 7:58,UP,1.15938,1.16114,1.15789,1.16097,0.001085889,0.000457625,0.002288126
11/13/2025 15:41,UP,1.16098,1.16429,1.16045,1.16412,0.001074349,0.000478239,0.002391193
11/13/2025 23:30,DOWN,1.1641,1.16561,1.16234,1.16243,-0.000920062,0.00044058,0.002202902
11/14/2025 5:58,UP,1.16244,1.16484,1.1624,1.16475,0.000403602,0.000364897,0.001824485
11/14/2025 9:47,DOWN,1.1648,1.16489,1.16205,1.16241,-0.000275252,0.000389047,0.001945235
11/14/2025 12:42,UP,1.1624,1.16395,1.16088,1.16391,0.000790752,0.000445937,0.002229685
11/14/2025 15:00,DOWN,1.16389,1.16539,1.16186,1.16192,-0.00079148,0.000455497,0.002277485
11/17/2025 3:22,DOWN,1.1619,1.16261,1.16,1.16006,-0.00023272,0.00037179,0.00185895
11/17/2025 13:42,DOWN,1.16007,1.1615,1.159,1.15901,-0.000336437,0.000343977,0.001719883
11/18/2025 10:57,DOWN,1.15906,1.16064,1.15797,1.15824,-9.50E-05,0.000405261,0.002026303
11/18/2025 15:33,UP,1.15821,1.16079,1.15801,1.16038,0.000318912,0.000328042,0.001640211
11/18/2025 16:15,DOWN,1.16037,1.16053,1.15724,1.15783,-0.000181357,0.000407129,0.002035643
11/19/2025 7:49,UP,1.15784,1.15974,1.15715,1.15931,0.000422755,0.00033107,0.001655348
11/19/2025 9:44,DOWN,1.1593,1.15951,1.15692,1.15709,-0.000345635,0.000360839,0.001804195
11/19/2025 14:20,DOWN,1.15708,1.1591,1.15582,1.15584,-0.001219149,0.000492784,0.002463921
11/19/2025 16:30,DOWN,1.15585,1.15647,1.15348,1.15354,-0.000623971,0.000480795,0.002403976
11/20/2025 8:15,DOWN,1.15351,1.15425,1.15097,1.15127,-0.000685963,0.000441538,0.002207692
11/20/2025 14:32,UP,1.15128,1.15487,1.15001,1.1547,0.000909741,0.00059339,0.002966951
11/21/2025 7:26,UP,1.15474,1.155,1.15201,1.15444,0.000216579,0.000346868,0.001734342
11/21/2025 10:00,DOWN,1.15443,1.15524,1.15245,1.15254,-0.000719889,0.000381738,0.001908688
11/21/2025 15:57,DOWN,1.15255,1.1527,1.14966,1.15007,-0.00033036,0.00041073,0.00205365
11/24/2025 2:44,UP,1.15006,1.15209,1.14912,1.15172,0.000434228,0.000374712,0.001873561
11/24/2025 10:11,UP,1.15173,1.15396,1.15097,1.15384,0.000728269,0.000373537,0.001867686
11/24/2025 15:12,DOWN,1.15383,1.15505,1.15168,1.15204,-0.000598758,0.000395597,0.001977985
11/25/2025 9:16,UP,1.15201,1.15344,1.15115,1.15334,0.000277494,0.000321285,0.001606425
11/25/2025 14:00,UP,1.15338,1.15633,1.15246,1.156,0.001159842,0.000557018,0.002785089
11/26/2025 3:07,UP,1.15599,1.15868,1.15499,1.15841,5.18E-05,0.000466704,0.002333519
11/26/2025 8:54,DOWN,1.15845,1.15959,1.15662,1.15669,-0.000475382,0.000453831,0.002269153
11/26/2025 14:01,DOWN,1.15669,1.15842,1.15482,1.15498,-0.000562622,0.000465911,0.002329555
11/26/2025 15:09,UP,1.15499,1.15918,1.15471,1.15884,0.000725126,0.000579408,0.002897042
11/27/2025 2:13,UP,1.15882,1.16131,1.15809,1.16122,0.000499599,0.000418416,0.002092078
11/27/2025 7:22,DOWN,1.16121,1.16136,1.15868,1.15881,-0.000379628,0.000396414,0.001982069
11/27/2025 22:57,UP,1.15879,1.16017,1.15766,1.15977,0.000137968,0.000313102,0.001565512
11/28/2025 5:43,DOWN,1.15952,1.16024,1.15813,1.15842,-0.000353868,0.000263204,0.001316021
11/28/2025 8:37,DOWN,1.15837,1.15913,1.15711,1.15748,-0.000328246,0.000234692,0.001173458
11/28/2025 10:59,DOWN,1.15749,1.15805,1.15552,1.15594,-0.000147056,0.00032289,0.00161445
11/28/2025 13:55,UP,1.15593,1.1577,1.15556,1.15766,0.000397432,0.000286307,0.001431534
11/28/2025 15:53,UP,1.15764,1.15986,1.15712,1.15977,0.000776317,0.000335271,0.001676354
12/1/2025 3:09,DOWN,1.15976,1.16159,1.15894,1.1591,-0.000207036,0.000344719,0.001723596
12/1/2025 7:58,UP,1.15905,1.16129,1.15904,1.16094,0.000129214,0.000314019,0.001570093
12/1/2025 11:26,UP,1.16095,1.16323,1.16041,1.16299,0.000206386,0.000311716,0.001558578
12/1/2025 16:18,DOWN,1.16301,1.1652,1.16228,1.16272,-0.000240786,0.000333741,0.001668705
12/1/2025 19:28,DOWN,1.16273,1.16289,1.16071,1.16072,-0.000430674,0.00032881,0.00164405
12/2/2025 13:00,UP,1.16072,1.16195,1.15986,1.16171,0.000301325,0.000289758,0.001448789
12/2/2025 20:07,UP,1.16172,1.16259,1.15911,1.16254,0.000791684,0.000460652,0.002303258
12/3/2025 6:08,UP,1.16255,1.16454,1.16172,1.16446,0.000214715,0.000343826,0.001719128
12/3/2025 10:50,UP,1.16441,1.1663,1.16357,1.16625,0.000445973,0.000348812,0.001744059
12/4/2025 3:50,DOWN,1.16628,1.16778,1.16532,1.16557,-6.01E-05,0.00030435,0.001521749
12/4/2025 8:23,UP,1.16558,1.16749,1.16529,1.16741,0.000548372,0.000332917,0.001664583
12/4/2025 17:19,DOWN,1.16744,1.1682,1.16523,1.16569,-9.44E-05,0.000418266,0.00209133
12/5/2025 6:47,UP,1.16565,1.16616,1.16409,1.16595,0.000188705,0.000281516,0.00140758
12/5/2025 9:33,DOWN,1.1659,1.16718,1.1649,1.16516,0,0.000309135,0.001545674
12/8/2025 1:51,UP,1.16517,1.16602,1.1628,1.16516,0.000351945,0.000336277,0.001681384
12/8/2025 12:17,DOWN,1.16515,1.1672,1.16468,1.16482,-0.00030043,0.000291528,0.001457642
12/8/2025 15:15,DOWN,1.16483,1.16573,1.16273,1.16276,-0.00070497,0.000395405,0.001977026
12/9/2025 0:18,UP,1.16277,1.16432,1.16164,1.1641,0.000266336,0.000362692,0.001813461
12/9/2025 13:25,DOWN,1.16409,1.16573,1.16311,1.16312,-0.000593056,0.000356527,0.001782635
12/10/2025 7:42,UP,1.16313,1.16414,1.16151,1.16396,0.000180435,0.000313118,0.001565591
12/10/2025 11:17,DOWN,1.16394,1.16579,1.16274,1.16337,-0.000103143,0.000350428,0.001752139
12/10/2025 17:55,UP,1.16339,1.16603,1.16277,1.16591,0.000497589,0.000361334,0.001806668
12/10/2025 20:14,UP,1.16593,1.16996,1.16451,1.16979,0.000983566,0.000660828,0.003304142
12/11/2025 11:25,UP,1.16977,1.17154,1.16822,1.17145,0.000486695,0.000457336,0.002286681
12/11/2025 14:28,UP,1.1715,1.17472,1.17099,1.17456,0.000425782,0.000489265,0.002446323
12/12/2025 1:47,DOWN,1.17453,1.17628,1.17315,1.17363,-0.000434455,0.000411193,0.002055963
12/15/2025 8:02,DOWN,1.17362,1.17498,1.17196,1.17285,-0.000366561,0.000315921,0.001579607
12/15/2025 11:41,UP,1.17286,1.17489,1.17263,1.17481,0.000255393,0.000290858,0.001454292
12/15/2025 15:24,UP,1.17482,1.17689,1.17441,1.17683,0.000365455,0.00038087,0.001904351
12/15/2025 17:51,DOWN,1.17688,1.17689,1.1745,1.17464,-0.000366003,0.000352684,0.001763418
12/16/2025 8:21,UP,1.17465,1.17615,1.17384,1.17614,0.000212582,0.000334428,0.00167214
12/16/2025 13:02,UP,1.17617,1.17787,1.17465,1.17754,0.000688111,0.000377859,0.001889296
12/16/2025 14:56,UP,1.17753,1.17949,1.17569,1.17938,0.000585224,0.000471157,0.002355787
12/16/2025 16:03,DOWN,1.1794,1.1804,1.17664,1.17669,-0.000696627,0.000495388,0.002476939
12/16/2025 19:26,DOWN,1.17666,1.1778,1.17349,1.17404,-0.000970535,0.000548732,0.00274366
12/17/2025 4:54,DOWN,1.17398,1.1763,1.17278,1.17298,-0.000392087,0.000486047,0.002430233
12/17/2025 14:12,UP,1.17297,1.17378,1.17031,1.17338,0.000127844,0.000434152,0.002170759
12/17/2025 16:01,UP,1.17337,1.17583,1.17283,1.1756,0.000144617,0.000436188,0.002180942
12/18/2025 4:00,DOWN,1.17558,1.17563,1.1735,1.17387,-0.000229982,0.000290656,0.00145328
12/18/2025 9:11,DOWN,1.17385,1.17499,1.1728,1.17287,-1.71E-05,0.000302592,0.00151296
12/18/2025 13:47,UP,1.17286,1.17564,1.17125,1.1745,0.000468394,0.000525388,0.002626939
12/18/2025 15:19,DOWN,1.17434,1.17627,1.17219,1.17222,-0.001261765,0.00056501,0.002825048
12/19/2025 6:44,DOWN,1.17221,1.1746,1.17126,1.17131,-0.000682763,0.000375278,0.001876391
12/19/2025 14:15,UP,1.17135,1.17347,1.1703,1.17347,0.000605226,0.000470361,0.002351804
12/21/2025 23:59,DOWN,1.17344,1.17378,1.17059,1.17094,-0.000358622,0.000427626,0.002138128
12/22/2025 8:57,UP,1.17093,1.17384,1.17093,1.17373,0.000732975,0.000414341,0.002071707
12/22/2025 13:54,UP,1.17376,1.17545,1.17275,1.17512,0.000212767,0.000346967,0.001734837
12/23/2025 2:06,UP,1.17514,1.17763,1.1745,1.17755,0.000501166,0.000379263,0.001896316
12/23/2025 10:04,UP,1.17756,1.17965,1.17686,1.17956,0.000678449,0.000356032,0.001780161
12/23/2025 13:55,DOWN,1.17959,1.18021,1.17747,1.17772,-0.000492356,0.000378634,0.001893169
12/23/2025 20:03,UP,1.17771,1.17915,1.17638,1.17875,1.70E-05,0.000353047,0.001765234
12/24/2025 8:20,DOWN,1.17877,1.18082,1.17796,1.17808,-0.000670358,0.000404761,0.002023807
12/24/2025 15:45,DOWN,1.17808,1.18009,1.17768,1.17799,-0.000152791,0.000317015,0.001585074
12/26/2025 7:48,DOWN,1.178,1.17938,1.17701,1.17704,-0.000237857,0.000363894,0.001819468
12/26/2025 13:21,UP,1.17705,1.17944,1.17664,1.17897,0.000262976,0.000360689,0.001803444
12/26/2025 16:31,DOWN,1.17896,1.17968,1.17626,1.17645,-0.000535366,0.000441586,0.002207931
12/29/2025 5:07,DOWN,1.17643,1.17865,1.17595,1.17599,-0.000816,0.000387328,0.001936639
12/29/2025 8:56,UP,1.17598,1.17889,1.17538,1.17824,0.000331057,0.00037954,0.0018977
12/29/2025 12:46,DOWN,1.17822,1.17891,1.17558,1.17582,8.50E-06,0.00047254,0.0023627
12/29/2025 14:49,UP,1.17586,1.17888,1.17569,1.17854,0.000110312,0.000451106,0.002255529
12/29/2025 17:09,DOWN,1.17853,1.17865,1.17516,1.17522,-0.000663485,0.000516795,0.002583974
12/30/2025 2:06,UP,1.1752,1.17766,1.17494,1.17734,0.000220861,0.000364741,0.001823707
12/30/2025 13:16,DOWN,1.17733,1.17799,1.17555,1.1759,-0.000221083,0.000316484,0.001582422
12/30/2025 20:05,DOWN,1.17584,1.17681,1.17452,1.17459,-0.000374529,0.000312878,0.001564389
12/31/2025 7:27,DOWN,1.1746,1.17503,1.1731,1.17314,-0.000494277,0.000304387,0.001521933
12/31/2025 12:05,UP,1.17313,1.17513,1.17201,1.17503,0.000451154,0.000381528,0.001907639
12/31/2025 14:42,DOWN,1.175,1.17595,1.17322,1.17349,-0.000153377,0.000366059,0.001830295
12/31/2025 20:30,UP,1.17351,1.17488,1.17203,1.17479,0.000630098,0.000388394,0.001941972
1/2/2026 7:35,DOWN,1.17476,1.17651,1.17321,1.17337,-0.00095406,0.0004371,0.0021855
1/2/2026 15:31,UP,1.17336,1.17392,1.17133,1.17339,2.56E-05,0.000316598,0.001582988
1/2/2026 18:21,DOWN,1.17338,1.17545,1.17242,1.17263,-0.000289905,0.000399672,0.00199836
1/5/2026 2:23,DOWN,1.17264,1.1729,1.16933,1.16939,-0.000564238,0.00044907,0.002245351
1/5/2026 13:02,DOWN,1.16945,1.16949,1.16681,1.16685,-0.000693936,0.000380685,0.001903425
1/5/2026 15:00,UP,1.16681,1.16875,1.16591,1.16858,0.000470767,0.000367223,0.001836117
1/5/2026 16:14,UP,1.16869,1.17122,1.16858,1.17114,0.000546625,0.000409487,0.002047437
1/6/2026 3:04,UP,1.17115,1.17382,1.17072,1.17355,0.00075867,0.000363085,0.001815423
1/6/2026 9:15,DOWN,1.17356,1.17429,1.17174,1.1718,-0.000554548,0.000401918,0.00200959
1/6/2026 15:24,DOWN,1.17178,1.17189,1.16892,1.16894,-0.000513154,0.000486449,0.002432247
1/7/2026 8:15,DOWN,1.16897,1.17027,1.16761,1.16766,-0.000376751,0.000359023,0.001795115
1/7/2026 14:14,UP,1.16768,1.16948,1.16728,1.16928,0.000102633,0.000318384,0.001591922
1/7/2026 23:36,DOWN,1.16929,1.16986,1.16726,1.16755,-0.000162721,0.000357464,0.001787319
1/8/2026 13:49,DOWN,1.16756,1.16832,1.16605,1.16616,-0.000505806,0.000297681,0.001488407
1/8/2026 17:17,DOWN,1.16613,1.16739,1.165,1.16513,-0.00017164,0.000322672,0.001613359
1/9/2026 12:33,DOWN,1.16511,1.16627,1.16368,1.164,-0.000446636,0.000283923,0.001419613
1/11/2026 23:38,DOWN,1.16401,1.16606,1.16182,1.16248,-0.001083303,0.00045446,0.002272298
1/12/2026 0:50,UP,1.1625,1.16597,1.16215,1.16594,0.000428931,0.000577273,0.002886366
1/12/2026 8:01,UP,1.16595,1.16876,1.16529,1.16844,0.000702037,0.000457577,0.002287887
1/12/2026 17:33,DOWN,1.16841,1.16987,1.16665,1.16674,-0.000411318,0.000387778,0.001938891
1/13/2026 6:34,DOWN,1.16672,1.16747,1.16545,1.16552,-0.00030025,0.000280559,0.001402795
1/13/2026 13:22,DOWN,1.16553,1.16744,1.16514,1.16539,-1.72E-05,0.000299066,0.001495329
1/13/2026 15:34,DOWN,1.16538,1.1678,1.16447,1.1646,-0.000643791,0.000409598,0.00204799
1/14/2026 9:18,UP,1.16459,1.1655,1.1634,1.16511,0.000309031,0.000259245,0.001296226
1/14/2026 18:18,DOWN,1.1651,1.16617,1.16416,1.16428,-0.000343501,0.000256258,0.001281289
1/15/2026 6:12,DOWN,1.16427,1.1648,1.16331,1.16358,-6.88E-05,0.000195574,0.00097787
1/15/2026 13:01,DOWN,1.16363,1.1641,1.16202,1.16211,-0.000980493,0.000321267,0.001606335
1/15/2026 14:01,DOWN,1.1621,1.16251,1.15979,1.15982,-0.000224148,0.000381859,0.001909293
1/15/2026 19:18,UP,1.15981,1.16173,1.15931,1.16166,0.000223843,0.00034863,0.001743149
1/16/2026 10:44,UP,1.16165,1.16177,1.16023,1.16161,0.000249685,0.000210589,0.001052947
1/16/2026 15:41,DOWN,1.1616,1.16275,1.15902,1.15919,-0.000948489,0.000437127,0.002185637
1/18/2026 23:48,UP,1.15918,1.16272,1.15772,1.16236,0.000438859,0.000646199,0.003230995
1/19/2026 5:26,UP,1.16234,1.1638,1.16046,1.16372,0.000386766,0.000438438,0.00219219
1/19/2026 14:45,UP,1.16374,1.16415,1.1611,1.16367,0.00027503,0.000340405,0.001702024
1/20/2026 3:39,UP,1.16364,1.16588,1.16318,1.16564,0.000574957,0.000311784,0.00155892
1/20/2026 7:22,UP,1.16563,1.16746,1.16554,1.1674,0.000608374,0.000300667,0.001503334
1/20/2026 8:16,UP,1.16741,1.17011,1.16733,1.16983,0.000547238,0.000374617,0.001873084
1/20/2026 9:09,UP,1.16981,1.17286,1.16925,1.1724,0.000418033,0.00040104,0.002005201
1/20/2026 12:25,UP,1.17243,1.17435,1.17153,1.17417,0.0005793,0.000395727,0.001978633
1/20/2026 19:08,DOWN,1.17418,1.17686,1.17153,1.17249,-0.000281413,0.000376728,0.001883639
1/21/2026 1:41,UP,1.17248,1.17344,1.17109,1.17323,0.000221635,0.000334679,0.001673397
1/21/2026 9:59,DOWN,1.17323,1.17338,1.17012,1.17037,-0.000187957,0.000450202,0.002251012
1/21/2026 12:42,UP,1.17038,1.17304,1.17014,1.17303,0.000699289,0.000431578,0.002157891
1/21/2026 15:28,DOWN,1.173,1.17432,1.17047,1.1709,3.42E-05,0.000478045,0.002390227
1/21/2026 23:42,DOWN,1.17092,1.17161,1.16701,1.16754,-0.000453843,0.000528236,0.00264118
1/22/2026 11:14,UP,1.16747,1.16986,1.16717,1.16961,0.000230873,0.000325093,0.001625467
1/22/2026 14:39,UP,1.16963,1.17226,1.16903,1.17223,0.000708303,0.000375141,0.001875704
1/22/2026 16:18,UP,1.1722,1.1746,1.17187,1.17455,0.000868795,0.000401002,0.002005009
1/23/2026 7:31,DOWN,1.17456,1.17596,1.17274,1.17374,-0.000315182,0.000274627,0.001373134
1/23/2026 15:50,UP,1.17375,1.17552,1.17283,1.17545,0.000314823,0.000359853,0.001799264
1/23/2026 17:17,UP,1.17548,1.17845,1.17465,1.1782,0.000322578,0.000406671,0.002033355
1/23/2026 20:02,UP,1.17823,1.18148,1.17771,1.18114,0.000482701,0.000475613,0.002378063
1/25/2026 22:14,UP,1.18112,1.18701,1.1811,1.18566,0.002389709,0.000741,0.003705002
1/26/2026 7:33,DOWN,1.18535,1.18978,1.18443,1.1854,-0.000514462,0.000485601,0.002428007
1/26/2026 13:08,DOWN,1.18542,1.18674,1.1835,1.18351,-0.000650396,0.000422365,0.002111826
1/26/2026 14:27,UP,1.18349,1.18676,1.18349,1.1866,0.000792493,0.000480759,0.002403795
1/26/2026 16:06,UP,1.18658,1.19072,1.18656,1.18952,0.000151333,0.000454181,0.002270903
1/27/2026 7:09,DOWN,1.18956,1.18994,1.18699,1.18702,-0.000429555,0.000401091,0.002005454
1/27/2026 9:53,UP,1.18703,1.18885,1.18503,1.18845,0.001077614,0.000498541,0.002492705
1/27/2026 12:26,UP,1.18846,1.19196,1.18742,1.19195,0.001032455,0.000587515,0.002937576
1/27/2026 15:16,UP,1.19194,1.19677,1.19126,1.19669,0.000735632,0.000691204,0.003456021
1/27/2026 20:23,UP,1.19671,1.19909,1.19474,1.19885,0.000876223,0.000603472,0.003017362
1/28/2026 2:19,DOWN,1.19881,1.20827,1.19724,1.19929,-0.000283461,0.000825995,0.004129976
1/28/2026 10:30,DOWN,1.19937,1.20259,1.19705,1.19753,-0.000417439,0.000726737,0.003633686
1/28/2026 16:27,DOWN,1.19755,1.19949,1.19233,1.19315,-0.00098849,0.000868471,0.004342353
1/28/2026 21:13,UP,1.1931,1.19529,1.18956,1.19498,0.000142272,0.000689959,0.003449797
1/29/2026 4:00,UP,1.195,1.19873,1.19424,1.19873,0.00079282,0.000565737,0.002828683
1/29/2026 9:49,DOWN,1.19873,1.19966,1.1958,1.1958,-0.000936173,0.000560478,0.002802388
1/29/2026 15:20,DOWN,1.19579,1.19727,1.19149,1.19166,-0.002489221,0.000836992,0.004184958
1/29/2026 17:30,UP,1.19161,1.196,1.19061,1.19584,0.000928649,0.000706065,0.003530326
1/30/2026 1:09,DOWN,1.19586,1.19747,1.1921,1.19282,-0.00023471,0.000704685,0.003523423
1/30/2026 8:03,UP,1.19283,1.19427,1.1895,1.19391,0.0004105,0.000635696,0.003178481
1/30/2026 9:54,DOWN,1.1939,1.19431,1.18983,1.19002,-0.001158973,0.000638985,0.003194926
1/30/2026 11:36,UP,1.19003,1.1938,1.18983,1.19378,0.000536256,0.000610801,0.003054003
1/30/2026 13:47,DOWN,1.19376,1.19548,1.19081,1.19144,-0.000151066,0.000612562,0.003062811
1/30/2026 16:18,DOWN,1.19145,1.19212,1.18822,1.18826,-0.000580512,0.000608252,0.003041261
1/30/2026 21:04,DOWN,1.18826,1.18878,1.1851,1.18529,-0.000472347,0.000523411,0.002617053
2/2/2026 2:19,UP,1.1853,1.18749,1.18398,1.18702,0.000252766,0.000484775,0.002423874
2/2/2026 6:23,DOWN,1.18699,1.18748,1.18411,1.18445,-0.000590817,0.00042867,0.002143349
2/2/2026 10:15,UP,1.18447,1.18697,1.18431,1.18687,0.000707994,0.000399601,0.001998005
2/2/2026 13:07,DOWN,1.18687,1.18714,1.18347,1.18415,-0.000590967,0.000458791,0.002293954
2/2/2026 14:22,DOWN,1.18422,1.18424,1.18054,1.18069,-0.000973533,0.000510608,0.002553039
2/2/2026 15:49,DOWN,1.18068,1.183,1.17912,1.17927,-0.00083915,0.000604004,0.003020018
2/3/2026 1:15,UP,1.17923,1.18125,1.1776,1.18097,0.000559019,0.000545295,0.002726476
2/3/2026 9:57,DOWN,1.18096,1.18246,1.17943,1.17949,-0.000500091,0.000458078,0.00229039
2/3/2026 16:16,UP,1.17948,1.18166,1.17801,1.18139,0.000135443,0.000556128,0.002780639
2/4/2026 5:23,UP,1.18135,1.18359,1.18057,1.18321,0.000202859,0.000397431,0.001987153
2/4/2026 10:38,DOWN,1.18322,1.18381,1.18047,1.18073,-0.000431843,0.000397828,0.001989141
2/4/2026 16:41,DOWN,1.18069,1.18271,1.17905,1.17939,-0.000135654,0.000481199,0.002405996
2/5/2026 5:40,DOWN,1.17938,1.1815,1.17829,1.17879,8.48E-06,0.000390325,0.001951625
2/5/2026 13:56,UP,1.17877,1.18154,1.17803,1.18123,0.00067749,0.000397441,0.001987204
2/5/2026 15:37,DOWN,1.18129,1.18219,1.17851,1.17863,-0.001026089,0.000442437,0.002212183
2/5/2026 23:23,DOWN,1.17867,1.18043,1.17751,1.17774,-0.000449913,0.000423659,0.002118293
2/6/2026 5:04,UP,1.17777,1.17972,1.17655,1.17962,0.000610552,0.000376411,0.001882055
2/6/2026 14:13,UP,1.17963,1.18154,1.17857,1.18131,0.000584268,0.000383619,0.001918094
2/9/2026 1:33,UP,1.1813,1.18337,1.18052,1.18296,0.000118354,0.000351822,0.001759108
2/9/2026 6:42,UP,1.18299,1.18541,1.18159,1.18541,0.001181724,0.000531504,0.00265752
2/9/2026 13:01,UP,1.18538,1.18839,1.18471,1.18835,0.000690271,0.000501484,0.002507422
2/9/2026 14:44,UP,1.18834,1.1918,1.18815,1.19138,0.000260236,0.000478961,0.002394807
2/10/2026 9:32,UP,1.19137,1.19268,1.1893,1.19195,0.000579051,0.000394314,0.001971569
2/10/2026 12:57,DOWN,1.19196,1.19198,1.18911,1.18932,-0.000756449,0.000427397,0.002136985
2/10/2026 14:30,UP,1.18928,1.19227,1.18882,1.19224,0.00035234,0.000489644,0.002448218
2/10/2026 18:29,DOWN,1.19226,1.19287,1.18915,1.18926,-0.000302663,0.000457403,0.002287016
2/11/2026 6:21,UP,1.18922,1.19259,1.18862,1.19212,0.000453077,0.000448586,0.00224293
2/11/2026 13:18,DOWN,1.19213,1.19273,1.18972,1.18978,-0.000352944,0.000402617,0.002013087
2/11/2026 17:42,UP,1.18977,1.19033,1.18332,1.18901,0.000210281,0.000825991,0.004129954
2/12/2026 6:38,DOWN,1.18896,1.1891,1.18523,1.18563,-0.000185538,0.000523996,0.002619981
2/12/2026 14:37,UP,1.18563,1.1888,1.18563,1.18834,2.52E-05,0.000452513,0.002262567
2/13/2026 4:37,DOWN,1.18836,1.189,1.18562,1.1865,-0.000396045,0.000328916,0.00164458
2/13/2026 13:31,UP,1.18649,1.18846,1.18471,1.1881,0.00144031,0.000477021,0.002385103
2/16/2026 12:21,DOWN,1.18811,1.18829,1.18477,1.18583,-0.000387839,0.00037537,0.00187685
2/17/2026 3:39,DOWN,1.18582,1.18637,1.18381,1.18394,-0.000228026,0.000287085,0.001435425
2/17/2026 12:30,DOWN,1.18393,1.185,1.18242,1.18292,-0.00027048,0.000314772,0.001573862
2/17/2026 17:18,UP,1.18293,1.18392,1.18049,1.18378,0.000599954,0.000409902,0.002049511
2/18/2026 8:49,DOWN,1.18379,1.18577,1.18285,1.18301,-0.000346514,0.000334302,0.001671511
2/18/2026 14:58,DOWN,1.183,1.18486,1.18121,1.18164,-0.000160781,0.000455445,0.002277223
2/18/2026 18:42,DOWN,1.18165,1.18268,1.17897,1.1791,-0.000940953,0.000472486,0.00236243
2/19/2026 12:32,DOWN,1.17911,1.18076,1.1772,1.17746,-0.000271735,0.000435629,0.002178144
2/19/2026 23:13,UP,1.17749,1.17799,1.1742,1.17759,0.000535134,0.000423519,0.002117595
2/20/2026 8:15,DOWN,1.17758,1.17759,1.17434,1.17486,-0.000229788,0.000417287,0.002086437
2/20/2026 13:30,UP,1.17485,1.17838,1.17483,1.178,0.001138169,0.000486409,0.002432045
2/22/2026 23:00,UP,1.1779,1.18076,1.17553,1.1796,0.000491813,0.000584445,0.002922225
2/23/2026 6:21,UP,1.17961,1.18349,1.17926,1.18289,0.000845745,0.000521897,0.002609484
2/23/2026 10:01,DOWN,1.18288,1.18339,1.18003,1.18008,-0.000796239,0.00047269,0.00236345
2/23/2026 17:07,UP,1.18003,1.18099,1.17744,1.18054,0.000262626,0.000448912,0.002244559
2/24/2026 1:15,DOWN,1.18053,1.18089,1.17809,1.17813,-0.000577019,0.000374324,0.001871618
2/24/2026 15:26,DOWN,1.17812,1.17931,1.1766,1.17678,-0.000186933,0.000357678,0.001788389
2/25/2026 2:39,UP,1.17681,1.17902,1.17671,1.17882,0.000415756,0.000301751,0.001508755
2/25/2026 9:51,DOWN,1.17881,1.1808,1.17855,1.1787,-0.000220558,0.000328011,0.001640057
2/25/2026 15:16,UP,1.17869,1.18014,1.1771,1.18011,0.001059785,0.000437586,0.002187931
2/25/2026 23:46,UP,1.1801,1.18165,1.17893,1.18165,0.000262379,0.00038503,0.00192515
2/26/2026 8:29,DOWN,1.18159,1.1829,1.18022,1.18029,-0.00038119,0.000401926,0.00200963
2/26/2026 15:30,DOWN,1.18028,1.18169,1.17816,1.17844,-0.001314434,0.000482807,0.002414035
2/27/2026 0:04,UP,1.17842,1.18039,1.17739,1.18028,0.000305059,0.000458243,0.002291214
2/27/2026 8:06,UP,1.18027,1.18215,1.17891,1.18215,0.000473825,0.000441537,0.002207687
2/27/2026 13:40,DOWN,1.18212,1.18218,1.17925,1.17929,-0.000415418,0.000422596,0.002112981
2/27/2026 16:37,UP,1.1793,1.18238,1.17904,1.18231,0.000524535,0.000522386,0.002611928
3/1/2026 23:40,DOWN,1.1823,1.1827,1.17567,1.17633,3.40E-05,0.001042683,0.005213417
3/2/2026 6:25,DOWN,1.17629,1.1796,1.17408,1.17414,-0.001293727,0.000759481,0.003797407
3/2/2026 8:36,DOWN,1.17415,1.17445,1.16981,1.17025,-0.000136714,0.000662801,0.003314006
3/2/2026 10:20,UP,1.17024,1.1744,1.16983,1.17433,0.000391789,0.000635728,0.003178641
3/2/2026 12:54,DOWN,1.17431,1.17473,1.1705,1.17068,-0.001203703,0.000584019,0.002920097
3/2/2026 16:04,DOWN,1.17069,1.17239,1.16763,1.16785,-0.000804574,0.000526248,0.00263124
3/2/2026 17:56,UP,1.16787,1.17049,1.16717,1.17039,0.00052133,0.000482005,0.002410027
3/3/2026 5:00,DOWN,1.17038,1.17136,1.16785,1.16808,-0.000599095,0.000470069,0.002350343
3/3/2026 7:44,DOWN,1.16803,1.16851,1.16453,1.16512,-0.000283193,0.000474544,0.00237272
3/3/2026 8:57,DOWN,1.16511,1.16574,1.16178,1.16223,-0.000266693,0.000443717,0.002218587
3/3/2026 10:56,DOWN,1.16225,1.16292,1.15892,1.15994,-0.000129309,0.000451952,0.002259761
3/3/2026 14:19,DOWN,1.15995,1.16154,1.15811,1.15825,-0.000793986,0.000444298,0.002221489
3/3/2026 15:15,DOWN,1.15823,1.15855,1.15433,1.15479,-0.000822322,0.000555673,0.002778367
3/3/2026 16:07,UP,1.15477,1.1586,1.15302,1.15839,0.00087228,0.000660368,0.003301841
3/3/2026 20:32,UP,1.1584,1.16259,1.15791,1.16226,0.000318396,0.000626032,0.00313016
3/4/2026 1:19,DOWN,1.16225,1.16232,1.15858,1.15873,-0.000474545,0.000573275,0.002866374
3/4/2026 4:07,UP,1.15873,1.16105,1.15746,1.16095,0.000292906,0.000499449,0.002497247
3/4/2026 7:42,UP,1.16096,1.16282,1.1587,1.16235,0.000292554,0.000506754,0.002533769
3/4/2026 10:15,UP,1.16236,1.16472,1.15922,1.16388,0.000928362,0.000579952,0.002899761
3/5/2026 3:30,DOWN,1.16391,1.16549,1.16122,1.16134,-0.000757458,0.000487827,0.002439135
3/5/2026 15:27,DOWN,1.16139,1.16447,1.15792,1.15799,-0.001380751,0.000793526,0.003967631
3/5/2026 20:34,UP,1.15798,1.16104,1.15589,1.16047,0.000258549,0.000704192,0.003520961
3/6/2026 9:17,DOWN,1.16054,1.16214,1.15893,1.15905,-0.000707226,0.000484103,0.002420516
3/6/2026 11:52,DOWN,1.15905,1.15905,1.15642,1.1565,-0.000605091,0.000426552,0.002132762
3/6/2026 16:12,UP,1.15649,1.16,1.1546,1.15925,0.001001148,0.000623837,0.003119186
3/8/2026 22:36,DOWN,1.15926,1.16216,1.15257,1.15339,-0.000546067,0.001361506,0.006807528
3/9/2026 5:43,UP,1.15341,1.15633,1.15073,1.1554,8.66E-06,0.000752924,0.003764621
3/9/2026 8:33,DOWN,1.15539,1.15716,1.15198,1.15235,-0.000702665,0.000796543,0.003982713
3/9/2026 11:08,UP,1.15237,1.15731,1.15153,1.15644,0.000345949,0.000627355,0.003136773
3/9/2026 15:57,UP,1.15641,1.15929,1.15476,1.15903,0.000215721,0.000671561,0.003357807
3/9/2026 22:00,UP,1.15903,1.16383,1.15753,1.16362,0.002056047,0.000887315,0.004436575
3/10/2026 7:49,UP,1.16344,1.16559,1.1607,1.1655,0.001030131,0.00060065,0.003003251
3/10/2026 17:11,UP,1.16551,1.16636,1.16203,1.16601,0.000471805,0.000518353,0.002591766
3/10/2026 18:21,DOWN,1.16605,1.16674,1.16139,1.16182,-0.001505124,0.00066252,0.003312599
3/11/2026 5:55,UP,1.16185,1.16395,1.16029,1.16357,0.000378218,0.00042953,0.002147649
3/11/2026 8:40,DOWN,1.16353,1.16453,1.16097,1.16113,-0.000404696,0.000411985,0.002059925
3/11/2026 12:54,DOWN,1.16119,1.1614,1.15775,1.15777,-0.001122218,0.000491579,0.002457894
3/11/2026 16:07,DOWN,1.15776,1.16127,1.1565,1.15653,-0.00057051,0.000405411,0.002027056
3/11/2026 23:40,DOWN,1.15652,1.1577,1.15406,1.15412,-0.000840114,0.000477152,0.002385762
3/12/2026 10:01,UP,1.15414,1.15614,1.15317,1.15601,0.000320118,0.000457295,0.002286473
3/12/2026 14:26,DOWN,1.15602,1.15664,1.15202,1.15261,-0.000138806,0.000583516,0.002917582
3/13/2026 4:42,DOWN,1.15259,1.15325,1.14999,1.15015,-0.000452013,0.000440119,0.002200596
3/13/2026 7:22,DOWN,1.15016,1.15066,1.14665,1.14675,-0.001289772,0.000552978,0.002764892
3/13/2026 12:44,UP,1.14676,1.14757,1.14329,1.14738,0.0003574,0.00059007,0.002950352
3/13/2026 15:20,DOWN,1.14736,1.14902,1.14521,1.14523,-0.000436498,0.00059979,0.002998949
3/13/2026 19:50,DOWN,1.14523,1.14556,1.14209,1.14211,-0.000560209,0.000474288,0.002371439
3/16/2026 0:27,UP,1.1421,1.14499,1.1413,1.14495,0.000471748,0.00055432,0.002771601
3/16/2026 7:40,DOWN,1.14496,1.14569,1.14145,1.14148,-0.001505682,0.000579567,0.002897833
3/16/2026 9:58,UP,1.14149,1.14527,1.14143,1.14507,0.000602765,0.000588505,0.002942523
3/16/2026 13:23,UP,1.14511,1.14879,1.14475,1.14814,0.000400728,0.00052016,0.002600799
3/16/2026 19:13,UP,1.14816,1.15251,1.14777,1.15201,0.000173625,0.000661491,0.003307453
3/17/2026 5:58,DOWN,1.15199,1.15234,1.1478,1.14807,-0.001296989,0.000591786,0.002958932
3/17/2026 8:44,UP,1.14809,1.15115,1.14659,1.15112,0.001269135,0.000677186,0.003385931
3/17/2026 17:49,UP,1.1511,1.15437,1.1504,1.1538,0.00062422,0.000528312,0.002641561
3/18/2026 12:44,DOWN,1.15383,1.15554,1.15135,1.15156,-0.000494858,0.00056269,0.002813451
3/18/2026 18:56,DOWN,1.15158,1.15297,1.14828,1.14863,-0.000844128,0.000637514,0.003187572
3/19/2026 2:12,UP,1.14864,1.14897,1.14506,1.14881,0.000661773,0.000554848,0.00277424
3/19/2026 8:03,DOWN,1.14883,1.14915,1.14508,1.14509,-0.000925263,0.000533365,0.002666827
3/19/2026 13:05,UP,1.14509,1.14963,1.14431,1.14943,0.000922622,0.00068487,0.00342435
3/19/2026 15:07,UP,1.14944,1.1539,1.14697,1.15341,0.001431565,0.000884881,0.004424403
3/19/2026 17:47,UP,1.1534,1.15617,1.14985,1.15597,8.65E-06,0.000980703,0.004903517
3/20/2026 9:51,DOWN,1.15594,1.16163,1.15511,1.15537,-0.000968917,0.000766374,0.003831868
3/20/2026 14:15,DOWN,1.15538,1.15801,1.15352,1.1537,-0.000311991,0.000660605,0.003303024
3/20/2026 17:31,UP,1.15367,1.15707,1.15247,1.157,0.000838727,0.000669128,0.00334564
3/23/2026 6:03,DOWN,1.15697,1.15717,1.15316,1.15318,-0.000650164,0.000653427,0.003267134
3/23/2026 9:56,DOWN,1.15321,1.15462,1.14911,1.14923,-0.001156627,0.000691978,0.003459889
3/23/2026 11:13,UP,1.14925,1.16192,1.14845,1.15721,0.00402638,0.001293758,0.006468792
3/23/2026 14:22,UP,1.15719,1.16273,1.15253,1.16241,0.001980608,0.001179096,0.005895478
3/23/2026 18:47,UP,1.16243,1.16398,1.15765,1.16314,0.00101501,0.000845343,0.004226716
3/24/2026 0:50,DOWN,1.16315,1.16375,1.15811,1.1588,-0.000629764,0.000728702,0.003643508
3/24/2026 13:18,DOWN,1.15881,1.16179,1.1568,1.1576,-0.000759905,0.00057113,0.00285565
3/24/2026 22:03,UP,1.15757,1.16283,1.1557,1.16133,0.000577091,0.00079004,0.0039502
3/25/2026 6:13,DOWN,1.16132,1.16306,1.1587,1.15903,-0.000552033,0.000610804,0.00305402
3/25/2026 13:53,DOWN,1.15904,1.16166,1.15726,1.15737,-0.000768689,0.000628707,0.003143537
3/26/2026 0:43,DOWN,1.15737,1.15894,1.15553,1.15557,-0.000441243,0.00052047,0.002602351
3/26/2026 12:02,DOWN,1.15556,1.15724,1.15224,1.15238,-0.00156943,0.000655802,0.003279009
3/27/2026 9:16,DOWN,1.15235,1.15589,1.15145,1.15183,-0.000260421,0.000571364,0.002856822
3/27/2026 15:30,UP,1.15185,1.15449,1.15019,1.15395,0.000814925,0.000484466,0.002422331
3/27/2026 17:25,DOWN,1.15393,1.15479,1.15104,1.15107,-0.000738171,0.000483014,0.002415068
3/30/2026 12:06,DOWN,1.15109,1.15212,1.1481,1.14837,-0.000409192,0.000519353,0.002596764
3/30/2026 15:24,DOWN,1.14838,1.14889,1.14432,1.14519,-0.000724508,0.000490191,0.002450956
3/31/2026 1:38,UP,1.14518,1.14909,1.14472,1.14852,0.000592242,0.000552553,0.002762765
3/31/2026 12:13,UP,1.14852,1.15018,1.14575,1.14931,0.000391616,0.000567105,0.002835525
3/31/2026 13:57,UP,1.14925,1.15327,1.14896,1.15301,0.001188901,0.000623025,0.003115127
3/31/2026 17:46,UP,1.15302,1.15595,1.15111,1.15539,0.000432848,0.000572069,0.002860346
4/1/2026 6:35,UP,1.15537,1.1593,1.15384,1.15878,0.001649645,0.000673108,0.003365538
4/1/2026 15:04,UP,1.15877,1.16272,1.15771,1.16249,0.000335543,0.000727137,0.003635684
4/1/2026 18:40,DOWN,1.16248,1.16252,1.15771,1.15804,-0.000638807,0.000706874,0.003534372
4/2/2026 1:39,DOWN,1.15803,1.16056,1.15473,1.15555,-0.001029283,0.000669216,0.00334608
4/2/2026 6:03,DOWN,1.15556,1.15605,1.15249,1.15264,-0.000685148,0.000563266,0.002816329
4/2/2026 14:40,UP,1.15267,1.15639,1.15091,1.15481,0.001429828,0.000558922,0.00279461
4/3/2026 15:11,DOWN,1.15482,1.15588,1.15184,1.15223,-0.000537942,0.000463987,0.002319933
4/6/2026 7:44,UP,1.15224,1.1553,1.15053,1.15518,0.001620107,0.000588855,0.002944273
4/7/2026 0:29,DOWN,1.15517,1.15717,1.15342,1.15405,-3.47E-05,0.000430243,0.002151215
4/7/2026 8:22,UP,1.15404,1.15682,1.15242,1.15627,0.000709429,0.000492606,0.002463032
4/7/2026 14:44,UP,1.15626,1.15815,1.15459,1.15787,0.000535609,0.000491271,0.002456353
4/7/2026 21:00,UP,1.15785,1.16052,1.1566,1.15973,6.90E-05,0.000492516,0.002462582
4/7/2026 22:59,UP,1.15929,1.1668,1.1589,1.16665,0.002007757,0.000916981,0.004584905
4/8/2026 11:28,UP,1.16669,1.17089,1.16615,1.17083,0.001230654,0.000652051,0.003260254
4/8/2026 16:15,DOWN,1.17086,1.17219,1.16808,1.16834,-0.000325195,0.000589106,0.002945529
4/9/2026 1:26,DOWN,1.16837,1.16853,1.16435,1.16521,-0.000429015,0.000521818,0.002609092
4/9/2026 9:24,UP,1.16523,1.16793,1.16514,1.16777,0.000488229,0.000438601,0.002193007
4/9/2026 16:06,UP,1.16776,1.17083,1.16696,1.17062,0.000384486,0.000572057,0.002860283
4/10/2026 0:12,DOWN,1.17065,1.17235,1.1687,1.16877,-0.000632944,0.000517853,0.002589264
4/10/2026 11:02,UP,1.16878,1.1716,1.16775,1.17147,0.000221968,0.000591837,0.002959186
4/13/2026 6:42,DOWN,1.17148,1.17396,1.16642,1.16815,-0.000718827,0.000893216,0.004466078
4/13/2026 16:34,UP,1.16818,1.17216,1.1678,1.17169,0.000674467,0.000576195,0.002880975
4/13/2026 19:00,UP,1.1717,1.17654,1.17165,1.17621,0.001139902,0.000650606,0.003253028
4/14/2026 9:18,UP,1.1762,1.17968,1.17509,1.17892,0.00048361,0.000506417,0.002532085
4/15/2026 2:27,DOWN,1.1789,1.18112,1.17819,1.17838,-0.000619303,0.000361729,0.001808647
4/15/2026 15:08,UP,1.17836,1.18003,1.1772,1.17996,0.000305142,0.000406574,0.002032869
4/16/2026 3:10,UP,1.17998,1.1824,1.17927,1.18205,0.000634692,0.00039766,0.001988299
4/16/2026 7:27,DOWN,1.18202,1.18204,1.17934,1.1797,-0.00031359,0.000384331,0.001921654
4/16/2026 13:58,DOWN,1.17971,1.1799,1.1767,1.1768,-0.000993728,0.000442869,0.002214343
4/17/2026 8:53,UP,1.17678,1.17934,1.17675,1.17925,0.000788948,0.000391377,0.001956885
4/17/2026 12:50,UP,1.17927,1.18374,1.1791,1.18333,0.001920158,0.0005768,0.002883999
4/17/2026 15:04,DOWN,1.18334,1.18492,1.18081,1.18109,-0.000533263,0.000545243,0.002726215
4/17/2026 19:02,DOWN,1.18116,1.18154,1.17742,1.17803,-0.000509195,0.000537824,0.002689122
4/20/2026 7:01,UP,1.17803,1.17838,1.1729,1.17647,0.000365567,0.000577631,0.002888153
4/20/2026 15:32,UP,1.17646,1.17868,1.17536,1.17843,0.000203682,0.000428306,0.002141531
4/21/2026 7:44,DOWN,1.17844,1.17911,1.17709,1.17721,-0.00022933,0.000279986,0.001399931
4/21/2026 15:31,DOWN,1.17722,1.17761,1.17459,1.17473,-0.000791358,0.00038014,0.001900701
4/21/2026 17:15,DOWN,1.17474,1.17558,1.17225,1.17254,-0.001014376,0.000453387,0.002266937
4/22/2026 12:32,DOWN,1.17249,1.17638,1.17193,1.17273,-0.000332502,0.000483812,0.00241906
4/22/2026 16:33,DOWN,1.17273,1.17433,1.171,1.17109,-0.000196379,0.000483304,0.002416519
4/23/2026 9:48,DOWN,1.1711,1.1717,1.16905,1.16926,-0.000333489,0.000336628,0.001683138
4/23/2026 14:35,UP,1.16927,1.17074,1.16791,1.17048,0.000427266,0.000402855,0.002014275
4/23/2026 17:16,DOWN,1.1705,1.17166,1.16813,1.16831,-0.000710176,0.00046004,0.002300198
4/24/2026 7:02,DOWN,1.16827,1.17001,1.16692,1.16763,-0.000488049,0.000349192,0.00174596
4/24/2026 10:53,UP,1.16762,1.17014,1.16761,1.17003,0.000512939,0.000382007,0.001910033
4/27/2026 1:56,UP,1.17005,1.1727,1.16926,1.1724,0.000162074,0.000395477,0.001977386
4/27/2026 8:50,UP,1.17241,1.17484,1.17167,1.17481,0.000485303,0.000465876,0.002329382
4/27/2026 17:02,DOWN,1.17481,1.17549,1.17251,1.17254,-0.000375183,0.000394918,0.00197459
4/28/2026 6:13,DOWN,1.17255,1.17301,1.17015,1.17054,-0.000316043,0.000324795,0.001623975
4/28/2026 12:04,DOWN,1.17051,1.17078,1.16781,1.16782,-0.000436616,0.000402241,0.002011206
4/28/2026 15:00,UP,1.16785,1.17038,1.16774,1.17013,0.00064116,0.000386027,0.001930135
4/29/2026 8:12,DOWN,1.17012,1.17208,1.16946,1.16948,-0.001008487,0.000383342,0.001916709
4/29/2026 13:34,DOWN,1.16947,1.17098,1.16837,1.16837,-0.00068448,0.00039485,0.001974251
4/29/2026 18:11,DOWN,1.16836,1.17042,1.16729,1.16748,-0.000650763,0.000401693,0.002008467
4/30/2026 4:38,DOWN,1.16746,1.16894,1.16561,1.16572,-0.000728897,0.000465075,0.002325374
4/30/2026 8:02,UP,1.1657,1.1685,1.16552,1.16826,0.000470896,0.000424402,0.002122011
4/30/2026 10:32,UP,1.16824,1.17115,1.16732,1.17099,0.001281789,0.000544366,0.00272183
4/30/2026 13:27,DOWN,1.17099,1.17196,1.16819,1.16862,-0.000504742,0.000475415,0.002377074
4/30/2026 14:57,UP,1.16861,1.17334,1.16835,1.17298,0.001313758,0.000621443,0.003107216
5/1/2026 11:20,UP,1.17299,1.17543,1.17188,1.17531,0.000740504,0.000459632,0.002298161
5/1/2026 16:30,DOWN,1.17529,1.17853,1.1744,1.17478,-0.000553142,0.000542365,0.002711827
5/4/2026 7:55,DOWN,1.17479,1.17517,1.17153,1.17174,-0.000409563,0.000444692,0.002223461
5/4/2026 16:07,DOWN,1.17174,1.17238,1.16888,1.16923,-0.000598505,0.000437838,0.00218919
5/5/2026 15:04,UP,1.16916,1.17096,1.16766,1.17096,0.000837271,0.000447231,0.002236153
5/6/2026 4:38,UP,1.17097,1.17367,1.16899,1.17334,0.001330423,0.000574163,0.002870815
5/6/2026 8:52,UP,1.17333,1.17658,1.17244,1.17625,0.001276053,0.000568798,0.002843989
5/6/2026 12:18,DOWN,1.17622,1.17967,1.17517,1.17556,-0.000527269,0.000545106,0.00272553
5/7/2026 8:35,UP,1.17555,1.17736,1.17419,1.17696,0.000263425,0.000388041,0.001940203
5/7/2026 17:27,DOWN,1.17695,1.17784,1.17489,1.1751,-0.00063804,0.000357435,0.001787176
5/8/2026 3:00,DOWN,1.17511,1.17542,1.17226,1.17277,-0.000221673,0.000374782,0.00187391
5/8/2026 8:23,UP,1.17276,1.17526,1.17269,1.17521,0.000680961,0.000375754,0.001878768
5/8/2026 13:40,UP,1.17519,1.1787,1.17517,1.17807,0.000314122,0.000432826,0.002164128
5/11/2026 3:16,DOWN,1.17809,1.17851,1.17448,1.17582,-0.000535653,0.000400718,0.002003588
5/11/2026 8:24,UP,1.17584,1.17823,1.17488,1.17799,0.000585915,0.000389907,0.001949537
5/11/2026 23:06,UP,1.17798,1.1788,1.17635,1.17846,0.000432862,0.000279108,0.001395541
5/12/2026 1:48,DOWN,1.17844,1.17853,1.17577,1.17614,-0.000178534,0.000354939,0.001774697
5/12/2026 8:39,DOWN,1.1761,1.17679,1.17394,1.17417,-0.000621523,0.000345025,0.001725125
5/12/2026 15:18,DOWN,1.17411,1.17517,1.17251,1.17258,-0.000613842,0.000313897,0.001569487
5/13/2026 6:46,DOWN,1.17259,1.17469,1.17218,1.17235,-0.000264391,0.000322843,0.001614216
5/13/2026 8:55,DOWN,1.17236,1.17236,1.17003,1.1703,-0.000640656,0.000344666,0.00172333
5/14/2026 1:09,UP,1.17028,1.17188,1.16956,1.1716,-8.54E-06,0.000314268,0.001571338
5/14/2026 11:46,DOWN,1.17159,1.17216,1.16997,1.1701,-0.000461393,0.000279348,0.001396741
5/14/2026 15:06,DOWN,1.17011,1.17068,1.16762,1.16784,-0.000650562,0.000350184,0.001750921
5/15/2026 0:45,DOWN,1.16786,1.16817,1.16526,1.16548,-0.000677603,0.000337238,0.001686191
5/15/2026 6:00,DOWN,1.16549,1.16578,1.16326,1.16343,-0.000403896,0.000341625,0.001708123
5/15/2026 10:48,UP,1.16345,1.16491,1.16173,1.16479,0.000730012,0.0004656,0.002327999
5/15/2026 12:40,DOWN,1.1648,1.16556,1.16208,1.16224,-0.000593505,0.00045593,0.002279648
5/18/2026 0:39,DOWN,1.16224,1.16379,1.16119,1.16127,-0.000318566,0.000327926,0.001639629
5/18/2026 6:20,UP,1.16126,1.16304,1.16083,1.16292,0.000619323,0.000297537,0.001487684
5/18/2026 12:50,UP,1.16292,1.16573,1.16263,1.16548,0.000334682,0.000373195,0.001865976
5/19/2026 4:44,DOWN,1.1655,1.16627,1.16286,1.16378,-0.000326469,0.000343528,0.00171764
5/19/2026 9:12,DOWN,1.16376,1.16458,1.16175,1.1618,-0.000499101,0.000363226,0.001816128
5/19/2026 14:29,DOWN,1.16179,1.16269,1.15949,1.15998,-0.00048265,0.000416557,0.002082783
5/20/2026 1:46,DOWN,1.15999,1.16148,1.15921,1.15946,-0.000319063,0.000296242,0.001481208
5/20/2026 14:08,DOWN,1.15948,1.16069,1.15837,1.15864,-0.000362428,0.000308064,0.001540321
5/20/2026 14:58,UP,1.15863,1.16241,1.15826,1.162,0.000292642,0.000567948,0.002839738
5/21/2026 7:21,DOWN,1.16201,1.16451,1.15976,1.16017,-0.001421195,0.000521148,0.00260574
5/21/2026 9:29,UP,1.16014,1.16356,1.15942,1.16317,0.00049016,0.000514674,0.002573368
5/21/2026 12:22,DOWN,1.16319,1.16335,1.15939,1.15957,-0.000612109,0.000539358,0.002696791
5/21/2026 17:45,UP,1.15956,1.16245,1.15763,1.16223,0.000421692,0.000588809,0.002944045
5/22/2026 9:14,DOWN,1.16222,1.16302,1.16007,1.16008,-0.00061184,0.000409644,0.002048218
5/22/2026 17:33,UP,1.16009,1.16191,1.15883,1.1614,0.000163609,0.000404539,0.002022696
5/25/2026 4:58,UP,1.16139,1.16492,1.16035,1.16434,0.000541226,0.000609447,0.003047235
5/26/2026 5:28,DOWN,1.16435,1.16529,1.16281,1.16296,-0.000292315,0.000340011,0.001700056
5/26/2026 13:54,DOWN,1.16297,1.16452,1.16172,1.16203,-0.000645214,0.000327629,0.001638145
5/27/2026 0:08,UP,1.162,1.164,1.16163,1.1638,0.000481298,0.000293465,0.001467324
5/27/2026 16:08,DOWN,1.16391,1.16611,1.16226,1.16252,-0.000215027,0.000532402,0.002662009
5/28/2026 3:30,DOWN,1.16251,1.16347,1.16001,1.16008,-0.001094153,0.000484401,0.002422006
5/28/2026 9:13,UP,1.16002,1.16181,1.15862,1.16174,0.000637179,0.00045553,0.002277651
5/28/2026 12:44,UP,1.16175,1.1637,1.16035,1.16323,0.000713785,0.000452086,0.002260429
5/28/2026 16:56,UP,1.1632,1.16612,1.1627,1.16577,6.00E-05,0.000508362,0.002541809
5/29/2026 8:47,DOWN,1.1658,1.1659,1.16336,1.16342,-0.000309385,0.000393892,0.001969462
5/29/2026 14:53,UP,1.1634,1.1667,1.16249,1.16668,0.001938999,0.000551827,0.002759136
5/31/2026 23:59,DOWN,1.16665,1.16858,1.16484,1.16487,-0.000540687,0.000439294,0.002196471
6/1/2026 13:04,DOWN,1.16486,1.16649,1.16414,1.16437,-0.000300547,0.00030614,0.001530698
6/1/2026 13:54,DOWN,1.16436,1.16438,1.16114,1.16124,-0.001127469,0.00045517,0.00227585
6/1/2026 17:45,UP,1.16123,1.1638,1.16045,1.16362,0.000438383,0.000379778,0.001898892
6/2/2026 6:41,UP,1.16363,1.16523,1.16266,1.16509,0.000360552,0.000329016,0.00164508
6/2/2026 16:30,DOWN,1.16506,1.16557,1.16303,1.16308,-0.000756326,0.000334722,0.001673611
6/3/2026 8:20,DOWN,1.16307,1.16349,1.16098,1.16125,-0.000370222,0.00033106,0.0016553
6/3/2026 14:50,DOWN,1.16126,1.16232,1.15948,1.1597,-0.000353477,0.000338851,0.001694257
6/4/2026 6:37,UP,1.15967,1.16151,1.15945,1.16142,0.000189441,0.000301621,0.001508103
6/4/2026 9:47,UP,1.16143,1.16275,1.15985,1.16247,0.000232291,0.000403825,0.002019127
6/4/2026 15:16,DOWN,1.16249,1.16451,1.16235,1.16254,-0.000344015,0.000299153,0.001495767
6/4/2026 19:44,DOWN,1.16255,1.163,1.16108,1.1611,-0.000163625,0.000275855,0.001379275
6/5/2026 7:14,UP,1.1611,1.16273,1.16087,1.1626,0.000369929,0.000240543,0.001202715
6/5/2026 10:26,UP,1.16259,1.16444,1.16259,1.16414,0.000154633,0.000241872,0.001209362
6/5/2026 12:51,DOWN,1.16415,1.16445,1.15994,1.16008,-0.000878863,0.000615125,0.003075626
6/5/2026 14:20,DOWN,1.16009,1.16028,1.15581,1.15597,-0.000544848,0.000643104,0.003215521
6/5/2026 16:21,DOWN,1.15602,1.1562,1.15232,1.15248,-0.000147497,0.000570089,0.002850444
6/8/2026 5:08,UP,1.15252,1.15354,1.15062,1.15349,0.000216757,0.000442457,0.002212286
6/8/2026 9:00,DOWN,1.15344,1.154,1.15078,1.15085,-0.000486479,0.000393234,0.001966171
6/8/2026 11:18,UP,1.15086,1.15358,1.14998,1.15326,0.000763346,0.00043467,0.002173352
6/8/2026 19:24,DOWN,1.15327,1.15548,1.15274,1.15311,-0.000173429,0.000313736,0.00156868
6/9/2026 5:06,UP,1.15313,1.15484,1.15268,1.1544,0.000216586,0.000251145,0.001255726
6/9/2026 9:21,UP,1.15439,1.15588,1.15364,1.15574,0.000588541,0.000308327,0.001541634
6/9/2026 13:01,UP,1.15575,1.15777,1.15549,1.15745,0.00024194,0.000289777,0.001448885
6/9/2026 15:30,DOWN,1.15746,1.15782,1.15576,1.15591,-7.79E-05,0.000281927,0.001409637
6/9/2026 16:39,DOWN,1.15596,1.15596,1.15356,1.15366,-0.000710529,0.000373874,0.00186937
6/10/2026 5:50,UP,1.15364,1.15556,1.15286,1.15549,0.000502078,0.00026398,0.001319901
6/10/2026 11:37,DOWN,1.15547,1.15598,1.15363,1.15384,-0.000372599,0.000287462,0.001437309
6/10/2026 13:35,UP,1.15387,1.15649,1.15355,1.15637,0.000562262,0.000408371,0.002041856
6/10/2026 15:48,DOWN,1.15638,1.15733,1.15347,1.15385,-0.001515513,0.000514886,0.00257443
6/10/2026 22:15,DOWN,1.15386,1.15594,1.15284,1.15303,-0.000667583,0.000451703,0.002258513
6/11/2026 1:32,UP,1.153,1.15558,1.15257,1.1554,0.000173115,0.000441703,0.002208513
6/11/2026 9:02,DOWN,1.15541,1.15556,1.15305,1.15323,-0.000572142,0.000348857,0.001744287
6/11/2026 16:08,DOWN,1.15324,1.15435,1.1511,1.15118,-0.000330042,0.000460661,0.002303306
6/11/2026 17:37,UP,1.15118,1.15666,1.15029,1.15605,0.002928031,0.000928837,0.004644186
6/12/2026 6:59,UP,1.15607,1.15899,1.15414,1.15737,0.000518551,0.000447525,0.002237624
6/14/2026 21:32,UP,1.15736,1.16002,1.1557,1.15906,0.00179617,0.000546992,0.00273496
6/15/2026 13:21,UP,1.1599,1.16222,1.15906,1.1616,0.000111921,0.000412373,0.002061867
6/15/2026 19:00,DOWN,1.16159,1.16205,1.15939,1.15948,-0.000146607,0.000391674,0.001958372
6/16/2026 8:18,UP,1.15951,1.16029,1.15748,1.15998,0.000526009,0.000350795,0.001753974
6/16/2026 23:17,UP,1.15993,1.16198,1.15877,1.16138,0.000249734,0.000374153,0.001870767
6/17/2026 10:23,DOWN,1.16138,1.1617,1.15969,1.15977,-0.000465501,0.000278029,0.001390144
6/17/2026 18:15,DOWN,1.15976,1.16029,1.15414,1.15456,-0.000467601,0.000955352,0.00477676
6/17/2026 19:27,DOWN,1.1546,1.15664,1.14981,1.15037,-0.000295513,0.000955927,0.004779634
6/18/2026 2:50,UP,1.15039,1.15227,1.14778,1.15195,0.000442826,0.000707449,0.003537247
6/18/2026 8:53,DOWN,1.15192,1.15284,1.14876,1.14883,-0.000696118,0.000602091,0.003010456
6/18/2026 18:54,DOWN,1.14877,1.14884,1.14533,1.14606,-0.000253009,0.000460523,0.002302615
6/19/2026 3:59,DOWN,1.14604,1.147,1.14417,1.14422,-0.000227203,0.000382858,0.001914292
6/19/2026 8:00,UP,1.14423,1.14493,1.14178,1.14471,5.24E-05,0.000414877,0.002074383
6/19/2026 12:51,UP,1.14469,1.14705,1.14467,1.14696,0.000427308,0.000388996,0.001944979
6/22/2026 6:13,DOWN,1.14695,1.14806,1.14526,1.14544,-6.98E-05,0.000417072,0.002085362
6/22/2026 14:06,DOWN,1.14542,1.14637,1.14264,1.14283,-0.000629817,0.00051424,0.002571202
6/22/2026 19:31,DOWN,1.1428,1.14506,1.142,1.142,-0.000271417,0.000422016,0.002110081
6/23/2026 10:29,DOWN,1.14201,1.14392,1.14047,1.14052,-0.000517174,0.000460646,0.002303232
6/23/2026 14:26,DOWN,1.14052,1.14073,1.1376,1.13809,-0.000614877,0.000422528,0.00211264
6/24/2026 3:08,DOWN,1.13807,1.13855,1.13621,1.13625,-0.000853321,0.000341778,0.001708888
6/24/2026 8:12,DOWN,1.13626,1.1375,1.1346,1.13469,-0.000845688,0.000366503,0.001832516
6/24/2026 12:43,DOWN,1.13466,1.13557,1.13252,1.13295,-0.000794071,0.000355703,0.001778513
6/24/2026 15:30,UP,1.13294,1.13622,1.13245,1.13547,0.00029948,0.000448753,0.002243763
6/25/2026 4:03,UP,1.13548,1.13715,1.13466,1.13698,0.000316678,0.00035401,0.001770049
6/25/2026 11:16,DOWN,1.13699,1.13741,1.13417,1.13441,-0.00015866,0.000440943,0.002204714
6/25/2026 13:40,UP,1.13445,1.13699,1.13331,1.13688,0.000466297,0.000532581,0.002662903
6/26/2026 1:35,DOWN,1.1369,1.13881,1.1359,1.1361,-0.000615953,0.000409022,0.002045111
6/26/2026 5:41,UP,1.13612,1.13788,1.13543,1.13782,0.00014063,0.000339961,0.001699803
6/26/2026 8:40,UP,1.13783,1.14028,1.13712,1.13989,0.00019302,0.000421669,0.002108347
6/26/2026 16:47,DOWN,1.13988,1.14343,1.13829,1.13899,-0.000175579,0.000538517,0.002692587
6/29/2026 6:54,UP,1.13898,1.14097,1.13791,1.14075,0.000789266,0.000421649,0.002108243
6/29/2026 14:42,UP,1.14075,1.14223,1.13925,1.14222,0.00054295,0.000380861,0.001904304
6/30/2026 1:19,DOWN,1.14221,1.14308,1.14061,1.14105,-0.000455617,0.000325554,0.001627769
6/30/2026 5:04,DOWN,1.14107,1.14164,1.13863,1.13879,-0.000947926,0.000382345,0.001911725
6/30/2026 14:24,UP,1.1388,1.14159,1.13823,1.14151,0.000902721,0.000446066,0.002230328
7/1/2026 1:16,DOWN,1.14143,1.14367,1.14044,1.14065,-0.000201619,0.000447143,0.002235715
7/1/2026 12:06,DOWN,1.14067,1.14109,1.13844,1.13845,-0.000956984,0.000434517,0.002172584
7/2/2026 0:33,DOWN,1.13841,1.14119,1.13616,1.13756,-0.000623948,0.000445813,0.002229064
7/2/2026 7:40,UP,1.13756,1.14046,1.13751,1.14033,0.000719349,0.000425678,0.002128389
7/2/2026 12:40,UP,1.14037,1.14659,1.13954,1.14639,0.002629087,0.001036896,0.005184479
7/2/2026 19:22,DOWN,1.14641,1.14728,1.14287,1.14299,-0.000288675,0.00056922,0.002846099
7/3/2026 5:29,UP,1.14299,1.14552,1.14204,1.1452,0.000384286,0.000467329,0.002336645
7/3/2026 15:27,DOWN,1.1452,1.14625,1.14379,1.14394,-0.000314652,0.000344703,0.001723517
7/6/2026 6:13,DOWN,1.14393,1.14466,1.14231,1.14256,-0.000385026,0.0002563,0.001281499
7/6/2026 17:28,UP,1.14257,1.1437,1.14084,1.14364,0.000472288,0.00035049,0.001752448
7/7/2026 6:24,DOWN,1.14365,1.14484,1.14253,1.14285,-0.000236224,0.000284261,0.001421306
7/7/2026 19:11,DOWN,1.14284,1.14422,1.14135,1.1414,-0.000367901,0.000407788,0.002038938
7/8/2026 5:44,UP,1.14142,1.14235,1.13983,1.14199,0.000367847,0.000337479,0.001687393
7/8/2026 11:53,DOWN,1.142,1.14318,1.13929,1.13979,-0.00045612,0.000513415,0.002567076
7/8/2026 17:24,UP,1.13979,1.14256,1.13913,1.1423,0.000280176,0.00044872,0.002243601
7/9/2026 6:16,UP,1.14231,1.14369,1.14149,1.14359,0.000306101,0.000301036,0.001505182
7/9/2026 9:48,DOWN,1.14357,1.14494,1.14238,1.14266,-8.75E-05,0.000370786,0.001853928
7/10/2026 1:49,UP,1.14264,1.14473,1.14211,1.14458,0.000270878,0.000345701,0.001728503
7/10/2026 8:15,DOWN,1.14452,1.1461,1.14352,1.14367,-0.000148633,0.000342236,0.001711181
7/10/2026 16:11,UP,1.14368,1.14421,1.14121,1.14404,0.000489613,0.00036692,0.001834601
7/10/2026 18:21,DOWN,1.14403,1.14413,1.14154,1.14164,-0.000551686,0.000401991,0.002009953
7/13/2026 7:38,UP,1.14163,1.14222,1.13843,1.14174,0.000928839,0.000449308,0.002246542
7/13/2026 14:05,DOWN,1.14173,1.14459,1.14106,1.14139,-0.000411694,0.000433799,0.002168997
7/13/2026 16:53,DOWN,1.14149,1.14157,1.13827,1.13855,-0.000395161,0.000481142,0.00240571
7/14/2026 7:50,UP,1.13856,1.13978,1.13775,1.1396,0.000430068,0.000309297,0.001546486
7/14/2026 12:26,UP,1.13963,1.14147,1.13899,1.1414,0.000753745,0.000381573,0.001907867
7/14/2026 14:00,UP,1.14139,1.14629,1.14135,1.14521,0.00010479,0.000663847,0.003319233
7/14/2026 17:15,DOWN,1.14522,1.1459,1.14203,1.14212,-0.000988899,0.000594836,0.002974181
7/15/2026 5:52,UP,1.14206,1.14434,1.14159,1.14426,0.000480776,0.000380298,0.00190149
7/15/2026 9:44,DOWN,1.14428,1.14438,1.14178,1.14202,-0.000358949,0.000364515,0.001822574
7/15/2026 14:21,UP,1.14204,1.14357,1.14061,1.14344,3.50E-05,0.000412444,0.002062218
7/15/2026 17:36,UP,1.14345,1.14661,1.14302,1.14659,0.001431352,0.000519219,0.002596095
7/16/2026 11:13,DOWN,1.1466,1.14827,1.14588,1.14609,-0.000410006,0.000317495,0.001587474
7/16/2026 13:02,DOWN,1.1461,1.14707,1.14457,1.14458,-0.000847114,0.000384297,0.001921484
7/16/2026 16:43,DOWN,1.14459,1.14592,1.14346,1.14358,-0.00030601,0.000389143,0.001945714
7/17/2026 10:41,DOWN,1.14361,1.14523,1.14309,1.14325,-0.000550909,0.000310917,0.001554587
7/20/2026 4:41,UP,1.14322,1.14454,1.14236,1.1445,0.000270897,0.000305806,0.001529029
7/20/2026 12:16,DOWN,1.14443,1.14495,1.14199,1.14208,-0.00063898,0.000417019,0.002085094
7/21/2026 6:58,UP,1.14209,1.14279,1.14025,1.14224,0.000201379,0.000247759,0.001238794
7/21/2026 13:35,DOWN,1.14225,1.14289,1.14095,1.14114,-0.000359225,0.000242023,0.001210117
7/21/2026 18:42,DOWN,1.14119,1.14196,1.13985,1.14005,-0.000114024,0.000263596,0.001317981
7/22/2026 13:39,UP,1.14009,1.14217,1.13965,1.1418,0.000560676,0.000304097,0.001520487
7/23/2026 3:04,UP,1.1418,1.14295,1.14055,1.14269,0.000647804,0.000303536,0.001517681
7/23/2026 8:27,DOWN,1.1427,1.14358,1.14159,1.14171,-0.000385313,0.000280522,0.00140261
7/23/2026 11:37,DOWN,1.1417,1.14174,1.13866,1.13883,-0.001211036,0.000403188,0.00201594
7/24/2026 7:13,UP,1.13878,1.13964,1.13638,1.13958,0.001079928,0.000399612,0.001998059
7/24/2026 12:30,DOWN,1.13957,1.14013,1.1371,1.13755,-0.000210957,0.000363023,0.001815116
7/27/2026 0:33,UP,1.13758,1.14127,1.1365,1.14122,0.000788941,0.000677547,0.003387737
7/27/2026 11:25,DOWN,1.1412,1.14185,1.13914,1.1392,-0.000184323,0.000386135,0.001930677
7/27/2026 14:31,DOWN,1.13922,1.13954,1.13703,1.13713,-0.000334119,0.00036194,0.001809702
7/28/2026 5:30,DOWN,1.13713,1.13855,1.13618,1.1365,-0.000290323,0.000297487,0.001487433
7/28/2026 14:04,UP,1.13655,1.13742,1.13533,1.13735,0.000342961,0.000309913,0.001549564
7/28/2026 15:30,UP,1.13734,1.13993,1.13715,1.13969,0.000210606,0.000386163,0.001930814
7/28/2026 22:50,DOWN,1.13968,1.14054,1.13842,1.13853,-0.000491741,0.000324013,0.001620064
7/29/2026 4:45,UP,1.13847,1.14038,1.13821,1.14033,0.000289432,0.000295184,0.001475919
7/29/2026 10:58,DOWN,1.14034,1.14039,1.13833,1.13844,-0.000579573,0.000283356,0.00141678
7/29/2026 14:31,UP,1.13843,1.13965,1.13745,1.1396,0.00062322,0.000323101,0.001615507
7/29/2026 18:03,UP,1.13956,1.14307,1.13767,1.14193,0.001849458,0.000585772,0.002928859
7/29/2026 22:05,UP,1.14193,1.14692,1.14066,1.14687,0.001448466,0.00080914,0.0040457
7/30/2026 7:40,DOWN,1.14685,1.14752,1.14341,1.14382,-0.000367123,0.000526002,0.002630012
7/30/2026 10:14,UP,1.14381,1.14729,1.14362,1.14722,0.000645246,0.000497609,0.002488045
7/30/2026 13:49,UP,1.14723,1.15091,1.1465,1.1506,0.001417657,0.000617828,0.003089141
7/30/2026 18:02,UP,1.15062,1.1537,1.14987,1.15316,0.000312234,0.000529125,0.002645627
7/31/2026 3:33,DOWN,1.15314,1.15359,1.15082,1.1509,-0.000295377,0.000375597,0.001877986
7/31/2026 11:33,DOWN,1.15092,1.15263,1.14903,1.14918,-0.000321917,0.00051081,0.00255405
7/31/2026 15:30,UP,1.14919,1.1508,1.14552,1.15037,7.82E-05,0.000685081,0.003425407
8/2/2026 21:08,UP,1.15035,1.15524,1.15015,1.15523,0.00188018,0.000703274,0.003516372
8/3/2026 6:43,DOWN,1.15453,1.1559,1.1525,1.15258,-0.000676514,0.000501609,0.002508047
8/3/2026 15:08,DOWN,1.15259,1.15352,1.15077,1.15097,-0.000208498,0.000381282,0.001906412
8/4/2026 14:17,UP,1.15096,1.15309,1.15003,1.15292,0.000555266,0.000395266,0.001976332
8/5/2026 2:43,UP,1.15291,1.15401,1.15132,1.15396,0.00059812,0.000378502,0.00189251
8/5/2026 12:29,UP,1.15397,1.15572,1.15312,1.1554,6.92E-05,0.000343619,0.001718094
8/6/2026 2:49,UP,1.15541,1.15599,1.15401,1.15557,0,0.000245535,0.001227676
8/6/2026 8:34,DOWN,1.15558,1.15561,1.1539,1.1541,-0.000337869,0.000246551,0.001232756
8/6/2026 15:22,DOWN,1.15409,1.15469,1.15213,1.15221,-0.001049605,0.000342113,0.001710564
8/7/2026 11:47,UP,1.15224,1.15327,1.15147,1.15323,0.000294868,0.00020846,0.0010423
8/7/2026 13:26,UP,1.15326,1.15809,1.15266,1.15737,5.18E-05,0.00073633,0.003681649
8/10/2026 4:06,DOWN,1.15735,1.15755,1.15482,1.15482,-0.000372283,0.000391794,0.001958971
8/10/2026 13:05,DOWN,1.15481,1.15658,1.15458,1.15467,-0.000121239,0.000290634,0.001453171
8/11/2026 6:22,DOWN,1.15468,1.15557,1.15353,1.15355,-0.000606638,0.000286253,0.001431263
8/12/2026 5:10,DOWN,1.15356,1.15485,1.15313,1.15344,-8.67E-05,0.000196366,0.000981831
8/12/2026 12:40,UP,1.15345,1.15638,1.15321,1.15561,0.000995641,0.000325975,0.001629873
8/12/2026 15:04,DOWN,1.15562,1.15629,1.15383,1.15385,-0.000207978,0.000333044,0.001665221
8/12/2026 19:00,DOWN,1.15386,1.1544,1.15199,1.15212,-0.000364479,0.00031043,0.001552149
8/13/2026 9:41,UP,1.15211,1.15341,1.15118,1.15315,0.000320912,0.000273815,0.001369075
8/14/2026 6:03,UP,1.15314,1.15455,1.15236,1.15433,0.00018194,0.000259355,0.001296776
8/14/2026 8:55,UP,1.15432,1.15576,1.15388,1.15542,0.000138487,0.000241444,0.001207219
8/14/2026 11:38,UP,1.15543,1.15696,1.1551,1.15692,0.000622536,0.000288773,0.001443866
8/14/2026 14:27,UP,1.15692,1.15848,1.15621,1.1584,0.000250377,0.000330947,0.001654736
8/14/2026 18:35,DOWN,1.1584,1.15854,1.15629,1.15652,-3.46E-05,0.000321901,0.001609505
8/17/2026 1:57,UP,1.15654,1.15837,1.15611,1.15826,0.000189958,0.000281462,0.00140731
8/17/2026 7:10,UP,1.15828,1.1597,1.15784,1.15968,0.000137979,0.000278368,0.001391838
8/17/2026 10:39,DOWN,1.15967,1.16141,1.15912,1.15919,-0.000276017,0.000369567,0.001847833
8/17/2026 18:11,DOWN,1.15918,1.15999,1.15752,1.15755,-0.000336862,0.00031887,0.001594352
8/18/2026 6:54,DOWN,1.15758,1.1586,1.15665,1.15687,-0.000267929,0.000237725,0.001188626
8/18/2026 14:13,UP,1.15688,1.15871,1.15688,1.15856,0.000388489,0.000246408,0.001232042
8/19/2026 5:49,UP,1.15857,1.15887,1.157,1.15882,0.000112189,0.000249627,0.001248137
8/19/2026 10:26,UP,1.15881,1.16116,1.15871,1.16092,0.000284298,0.000320607,0.001603037
8/19/2026 12:50,UP,1.16089,1.16383,1.15995,1.16355,0.001109291,0.000447871,0.002239356
8/19/2026 14:16,UP,1.16352,1.16677,1.16313,1.16651,0.000583105,0.000420647,0.002103236
8/20/2026 1:31,UP,1.1665,1.16816,1.16568,1.16795,0.000505286,0.000348397,0.001741987
8/20/2026 8:02,UP,1.16796,1.16939,1.16702,1.16927,0.000333597,0.000340803,0.001704015
8/20/2026 11:59,DOWN,1.16932,1.17106,1.16827,1.16847,-0.000102693,0.000423106,0.002115528
8/21/2026 1:28,UP,1.16848,1.16947,1.16692,1.16905,0.000504811,0.000305575,0.001527874
8/21/2026 9:20,UP,1.16907,1.17113,1.16868,1.17089,0.000179367,0.000309364,0.001546818
8/21/2026 12:46,DOWN,1.17089,1.17105,1.16851,1.16899,-0.000239494,0.000302036,0.001510182
8/21/2026 14:41,DOWN,1.169,1.16912,1.16687,1.16706,-0.000299854,0.000288696,0.001443482
8/24/2026 7:54,DOWN,1.16709,1.16875,1.16646,1.16675,-0.000599777,0.000261791,0.001308955
8/24/2026 17:34,DOWN,1.16673,1.16748,1.16566,1.16593,-0.000334441,0.000227766,0.001138832
8/25/2026 4:23,DOWN,1.16594,1.1671,1.16552,1.1656,-0.000377417,0.000213991,0.001069953
8/25/2026 9:20,UP,1.16559,1.16739,1.16511,1.16704,0.000162818,0.000241108,0.001205539
8/25/2026 15:53,UP,1.16702,1.16757,1.16584,1.16743,0.00014563,0.000219044,0.001095221
8/26/2026 4:36,DOWN,1.16744,1.16797,1.16624,1.16633,-7.72E-05,0.0002212,0.001105999
8/26/2026 8:27,UP,1.16634,1.16767,1.16599,1.16757,0.000299813,0.000234212,0.00117106
8/26/2026 11:23,DOWN,1.16757,1.1677,1.16611,1.16618,-6.86E-05,0.000230709,0.001153546
8/26/2026 13:12,DOWN,1.16621,1.16766,1.16515,1.16524,-0.000274584,0.000316862,0.001584308
8/27/2026 1:23,UP,1.16534,1.16593,1.1642,1.16587,0.000205876,0.000222677,0.001113387
8/27/2026 9:18,DOWN,1.16585,1.16596,1.16434,1.16463,-0.000326231,0.000205901,0.001029506
8/27/2026 20:05,UP,1.16463,1.166,1.16365,1.16507,0.000163094,0.000228158,0.001140792
8/28/2026 9:47,DOWN,1.16508,1.1656,1.16403,1.16421,-0.000103069,0.000192284,0.000961418
8/28/2026 14:20,DOWN,1.16422,1.16599,1.16056,1.16078,-0.000757824,0.000609191,0.003045953
8/28/2026 17:27,DOWN,1.16077,1.16226,1.15827,1.15858,-3.45E-05,0.000515099,0.002575493
8/31/2026 7:38,UP,1.15858,1.15975,1.15765,1.15967,0.000301856,0.000291732,0.00145866
8/31/2026 14:53,UP,1.15966,1.16133,1.15916,1.16131,0.000680498,0.000291058,0.001455292
9/1/2026 2:18,DOWN,1.16132,1.16245,1.16061,1.16086,-4.31E-05,0.000243569,0.001217843
9/1/2026 7:44,DOWN,1.16088,1.16108,1.15927,1.15941,-0.000362188,0.000232808,0.001164041
9/1/2026 14:01,UP,1.15942,1.16054,1.1588,1.16015,0.000284486,0.000203292,0.001016459
9/1/2026 15:31,DOWN,1.16013,1.16082,1.15906,1.15929,-0.000103506,0.000233626,0.001168131
