EventTime,Type,Open,High,Low,Close,Return,Sigma,H
12/6/12 2:13,DOWN,1.30744,1.30906,1.30477,1.30515,-0.001714807,0.000651035,0.001953104
12/6/12 10:53,UP,1.30516,1.30811,1.3042,1.30791,0.000428256,0.000713238,0.002139715
12/6/12 15:09,DOWN,1.30796,1.30861,1.30258,1.30373,-0.000782065,0.000916105,0.002748314
12/6/12 16:07,DOWN,1.30377,1.3038,1.29883,1.29975,-0.00137624,0.000973906,0.002921719
12/6/12 18:36,DOWN,1.29971,1.29988,1.29516,1.29551,-0.001103204,0.00097451,0.002923531
12/7/12 8:43,DOWN,1.29553,1.29733,1.2932,1.29345,-0.001730305,0.000889535,0.002668604
12/7/12 13:45,DOWN,1.29345,1.29434,1.28994,1.29038,-0.002113421,0.000934184,0.002802553
12/7/12 16:50,UP,1.29039,1.29405,1.28772,1.29367,0.002220959,0.00097456,0.002923679
12/10/12 0:00,DOWN,1.29367,1.2952,1.28871,1.2901,-0.002137084,0.001019023,0.00305707
12/10/12 14:21,UP,1.2901,1.29351,1.28859,1.29293,0.000851143,0.000814042,0.002442127
12/11/12 5:29,UP,1.29294,1.29567,1.29225,1.29557,0.001228013,0.000712978,0.002138935
12/11/12 11:17,UP,1.29559,1.2976,1.2939,1.29688,0.000794529,0.000686162,0.002058485
12/11/12 12:50,UP,1.29686,1.29956,1.29572,1.29923,0.001887513,0.000802763,0.002408288
12/11/12 19:47,UP,1.29921,1.30152,1.29822,1.30132,0.001153341,0.000711252,0.002133755
12/12/12 11:37,UP,1.30133,1.30295,1.29958,1.30229,0.000384013,0.000571594,0.001714781
12/12/12 13:35,UP,1.30235,1.30497,1.30216,1.30491,0.000950709,0.000598638,0.001795915
12/12/12 18:49,UP,1.30489,1.30908,1.30319,1.30872,0.002310265,0.000796082,0.002388247
12/13/12 8:00,UP,1.30867,1.3098,1.30557,1.3097,0.000756184,0.000711,0.002133001
12/13/12 10:41,DOWN,1.30974,1.31007,1.30498,1.30574,-0.000811471,0.000805369,0.002416106
12/13/12 16:04,UP,1.3058,1.30868,1.3041,1.30779,0.000298257,0.000733564,0.002200692
12/14/12 7:13,UP,1.30783,1.31092,1.30596,1.31067,0.001404848,0.000756385,0.002269155
12/14/12 13:46,DOWN,1.31074,1.31198,1.30681,1.30774,-0.001115807,0.000756257,0.00226877
12/14/12 16:48,UP,1.30778,1.31137,1.30665,1.31107,0.000755394,0.000770323,0.002310968
12/14/12 18:10,UP,1.31106,1.31585,1.31042,1.31563,0.001650762,0.000876097,0.002628291
12/17/12 8:05,DOWN,1.31565,1.31885,1.31441,1.31483,-0.000532247,0.000807799,0.002423397
12/18/12 3:05,UP,1.31486,1.31791,1.31454,1.31738,0.000896119,0.000592351,0.001777054
12/18/12 11:21,UP,1.31738,1.3187,1.31564,1.31868,0.0007738,0.000577068,0.001731203
12/18/12 16:50,UP,1.31863,1.32106,1.31716,1.32071,0.001409326,0.000586448,0.001759345
12/19/12 0:38,UP,1.32065,1.32386,1.32044,1.32326,0.000491332,0.000530804,0.001592413
12/19/12 10:35,UP,1.32327,1.32686,1.32244,1.3267,0.001485991,0.00066625,0.00199875
12/19/12 13:42,UP,1.32673,1.32968,1.32658,1.32937,0.001219365,0.000640866,0.001922598
12/19/12 16:18,DOWN,1.32933,1.33086,1.32731,1.32731,-0.000993998,0.000602438,0.001807313
12/19/12 18:14,DOWN,1.32734,1.32737,1.32365,1.32419,-0.001396105,0.000663958,0.001991874
12/19/12 23:27,DOWN,1.32416,1.32553,1.32036,1.32102,-0.001732008,0.000760457,0.002281372
12/20/12 11:27,UP,1.32109,1.32407,1.31885,1.32376,0.000755709,0.000657845,0.001973536
12/20/12 12:42,UP,1.32373,1.32684,1.32371,1.32668,0.001146374,0.000724054,0.002172162
12/20/12 14:49,UP,1.32675,1.32898,1.32422,1.32887,0.002177148,0.000903989,0.002711967
12/20/12 16:13,DOWN,1.32884,1.32954,1.32459,1.32478,-0.002005867,0.000963316,0.002889949
12/21/12 2:24,DOWN,1.32478,1.32564,1.31856,1.31947,-0.001756738,0.000985941,0.002957824
12/21/12 10:03,UP,1.31951,1.3228,1.31799,1.32228,0.000976064,0.000934922,0.002804766
12/21/12 15:40,DOWN,1.32229,1.32322,1.31764,1.31806,-0.000584021,0.000923161,0.002769482
12/24/12 8:44,UP,1.31808,1.31986,1.31587,1.31976,0.000947591,0.000760484,0.002281453
12/24/12 12:46,UP,1.31974,1.32341,1.3196,1.323,0.00083179,0.000781928,0.002345785
12/24/12 17:11,DOWN,1.32305,1.32313,1.31903,1.3192,-0.000894082,0.0007438,0.002231401
12/26/12 11:52,UP,1.31927,1.32141,1.31703,1.32131,0.001128305,0.000699492,0.002098477
12/26/12 16:01,UP,1.32127,1.32547,1.31873,1.32521,0.002341992,0.000989776,0.002969329
12/27/12 9:13,UP,1.32521,1.32638,1.32155,1.32602,0.000829894,0.000847754,0.002543262
12/27/12 16:29,DOWN,1.32604,1.3284,1.32252,1.32372,-0.00237683,0.000869589,0.002608766
12/27/12 21:42,UP,1.32363,1.32486,1.32015,1.32483,0.000755099,0.000817182,0.002451545
12/28/12 10:03,DOWN,1.32476,1.3257,1.32055,1.32104,-0.001240676,0.000756571,0.002269712
12/28/12 11:29,DOWN,1.32106,1.32131,1.3169,1.31706,-0.001085163,0.000863607,0.002590822
12/28/12 14:35,UP,1.317,1.32094,1.3166,1.32071,0.00147757,0.000849974,0.002549923
12/31/12 6:49,DOWN,1.32076,1.32386,1.3188,1.31999,-0.00059831,0.000753785,0.002261354
12/31/12 15:08,UP,1.31999,1.32269,1.31722,1.32177,0.001893194,0.000783292,0.002349877
12/31/12 16:59,DOWN,1.32182,1.32284,1.31819,1.31825,-0.00197794,0.000885235,0.002655706
1/2/13 2:45,UP,1.31834,1.32698,1.31707,1.32672,0.00405579,0.001260585,0.003781754
1/2/13 10:32,DOWN,1.3267,1.32999,1.32524,1.32558,-0.001545298,0.000945786,0.002837358
1/2/13 13:51,UP,1.32558,1.32763,1.3232,1.32736,0.000113013,0.000856537,0.00256961
1/2/13 17:06,DOWN,1.32735,1.32799,1.32217,1.32261,-0.001918603,0.000931415,0.002794244
1/2/13 18:30,DOWN,1.32262,1.32286,1.31573,1.31685,-0.001942146,0.001095155,0.003285466
1/3/13 3:59,DOWN,1.31687,1.3191,1.31275,1.31304,-0.00305692,0.001149492,0.003448476
1/3/13 11:16,DOWN,1.31304,1.31701,1.31101,1.3115,-0.0019805,0.0011028,0.0033084
1/3/13 20:18,DOWN,1.31148,1.3121,1.30627,1.30716,-0.001016956,0.000877383,0.002632149
1/3/13 23:49,DOWN,1.30707,1.30731,1.30248,1.30317,-0.001541205,0.000860547,0.00258164
1/4/13 8:58,DOWN,1.30319,1.30538,1.30084,1.30102,-0.000399607,0.000918364,0.002755092
1/4/13 14:56,UP,1.30099,1.30447,1.29974,1.30445,0.001703317,0.000897994,0.002693983
1/4/13 20:32,UP,1.3044,1.30773,1.30326,1.3075,0.001806602,0.000921657,0.002764971
1/7/13 5:27,DOWN,1.3075,1.30899,1.30346,1.30363,-0.00160959,0.000862593,0.00258778
1/7/13 14:56,UP,1.30366,1.30633,1.30167,1.30604,0.001639885,0.000820084,0.002460251
1/7/13 17:01,UP,1.30615,1.31061,1.30524,1.31026,0.001535225,0.000860758,0.002582273
1/8/13 3:32,UP,1.31033,1.31403,1.3095,1.31324,0.001455477,0.000732515,0.002197546
1/8/13 13:52,DOWN,1.31324,1.31371,1.3091,1.30983,-0.001419024,0.000664515,0.001993546
1/8/13 16:16,DOWN,1.30983,1.31014,1.30685,1.30713,-0.00087176,0.000665615,0.001996844
1/9/13 9:13,UP,1.30703,1.30937,1.30564,1.30876,0.000535001,0.000555412,0.001666237
1/9/13 12:42,DOWN,1.30881,1.30962,1.30511,1.30515,-0.001424109,0.000665095,0.001995284
1/9/13 18:00,UP,1.30522,1.30797,1.30368,1.30772,0.001813959,0.000713173,0.00213952
1/10/13 2:05,DOWN,1.30766,1.30802,1.30456,1.3049,-0.000383098,0.000657157,0.001971472
1/10/13 8:57,UP,1.30492,1.30747,1.30388,1.30686,0.000727198,0.000634528,0.001903585
1/10/13 11:09,UP,1.30686,1.31067,1.30566,1.30983,0.000725548,0.000718179,0.002154537
1/10/13 14:43,UP,1.30984,1.3135,1.30925,1.31335,0.001348608,0.000721896,0.002165689
1/10/13 14:52,UP,1.31345,1.31796,1.3134,1.31756,0.003200416,0.001050917,0.00315275
1/10/13 17:24,UP,1.31752,1.32238,1.31688,1.32143,0.000219483,0.000970462,0.002911385
1/10/13 18:49,UP,1.32145,1.3258,1.3212,1.3258,0.002204873,0.001052779,0.003158338
1/11/13 14:17,UP,1.32575,1.32925,1.32463,1.32897,0.001272471,0.000733234,0.002199702
1/11/13 14:37,UP,1.32896,1.33527,1.32896,1.33475,0.001739666,0.001018794,0.003056383
1/14/13 2:23,UP,1.33472,1.33791,1.33212,1.33771,0.001226728,0.000841641,0.002524922
1/14/13 9:13,DOWN,1.33777,1.34042,1.33557,1.33603,-0.001211813,0.000795227,0.00238568
1/14/13 11:03,UP,1.33603,1.33864,1.3348,1.33846,0.000672641,0.000785928,0.002357784
1/14/13 13:45,DOWN,1.33854,1.33904,1.33487,1.33552,-0.00077842,0.000717196,0.002151587
1/14/13 17:53,UP,1.33553,1.33687,1.33363,1.33678,0.000845672,0.000704643,0.002113929
1/15/13 3:11,UP,1.33673,1.33945,1.33547,1.33903,0.000515431,0.000609824,0.001829472
1/15/13 4:57,DOWN,1.33905,1.33926,1.33587,1.33601,-0.000875359,0.000644778,0.001934333
1/15/13 9:26,UP,1.33603,1.33715,1.33339,1.33689,0.000890522,0.000699312,0.002097936
1/15/13 11:54,DOWN,1.33685,1.33884,1.33425,1.33491,-0.001399863,0.000723963,0.002171889
1/15/13 13:36,DOWN,1.33493,1.33582,1.33149,1.33181,-0.000630522,0.000724465,0.002173395
1/15/13 16:12,UP,1.33179,1.33576,1.33101,1.33556,0.001468627,0.000712369,0.002137106
1/15/13 20:01,DOWN,1.33558,1.33573,1.32637,1.32812,-0.004095148,0.001205014,0.003615041
1/16/13 8:55,DOWN,1.32807,1.33191,1.32709,1.32777,-0.000534588,0.000873426,0.002620279
1/16/13 11:28,UP,1.32778,1.33103,1.32618,1.33083,0.002723813,0.001016887,0.003050661
1/16/13 13:52,DOWN,1.33077,1.33252,1.32667,1.32744,-0.001896591,0.001053241,0.003159722
1/16/13 17:30,UP,1.32745,1.33108,1.32566,1.33068,0.000676575,0.001008298,0.003024894
1/17/13 9:31,UP,1.33072,1.3319,1.32698,1.33179,0.000999155,0.000977841,0.002933523
1/17/13 11:35,UP,1.3318,1.33641,1.33161,1.33612,0.00049409,0.000969229,0.002907686
1/17/13 15:17,DOWN,1.33612,1.3378,1.33348,1.33421,-0.000464587,0.000841191,0.002523574
1/17/13 19:53,UP,1.33416,1.33802,1.33335,1.33802,0.001211478,0.00077376,0.002321281
1/18/13 9:53,DOWN,1.33797,1.33986,1.33603,1.3362,-0.000770546,0.000611867,0.001835602
1/18/13 14:08,DOWN,1.33624,1.33711,1.32996,1.33026,-0.003242224,0.000982993,0.002948978
1/18/13 17:10,DOWN,1.33026,1.33357,1.32804,1.32843,-0.00127137,0.000974896,0.002924687
1/18/13 19:05,UP,1.32842,1.33305,1.32815,1.333,0.001569122,0.001016156,0.003048468
1/22/13 5:02,UP,1.33302,1.33567,1.33002,1.33499,0.002324815,0.000889379,0.002668136
1/22/13 10:14,DOWN,1.33505,1.33716,1.32826,1.32898,-0.002772718,0.001071748,0.003215244
1/22/13 11:05,UP,1.32903,1.33409,1.32668,1.33373,0.002184235,0.001137449,0.003412348
1/22/13 14:18,DOWN,1.33373,1.33677,1.33103,1.33175,-0.000998188,0.001120434,0.003361303
1/23/13 2:02,UP,1.33172,1.33296,1.32781,1.33289,0.000720499,0.000918747,0.002756241
1/23/13 9:03,DOWN,1.33288,1.33299,1.32888,1.32944,-0.000105302,0.000814093,0.002442279
1/23/13 10:47,UP,1.32942,1.33439,1.32855,1.33369,0.001245442,0.000890351,0.002671053
1/23/13 16:31,DOWN,1.3337,1.3355,1.32891,1.32931,-0.003207045,0.001086375,0.003259124
1/23/13 23:07,UP,1.32926,1.33242,1.32646,1.33185,0.000157688,0.000992581,0.002977743
1/24/13 8:11,UP,1.33182,1.3346,1.32971,1.33446,0.001657473,0.000974182,0.002922545
1/24/13 9:10,DOWN,1.33443,1.33475,1.3286,1.32882,-0.002750537,0.001190311,0.003570932
1/24/13 14:23,UP,1.32882,1.33587,1.32866,1.3347,0.001049475,0.001131546,0.003394638
1/24/13 17:06,UP,1.33464,1.33863,1.33274,1.33859,0.001136168,0.001174528,0.003523583
1/25/13 8:21,UP,1.33862,1.34191,1.33497,1.34152,0.002037079,0.001029142,0.003087425
1/25/13 12:19,UP,1.34152,1.34652,1.34049,1.34543,0.00127922,0.000946886,0.002840659
1/25/13 16:52,UP,1.34545,1.34752,1.34276,1.34689,0.000802169,0.000874796,0.002624387
1/28/13 9:01,DOWN,1.34692,1.34795,1.34304,1.34318,-0.000989698,0.000759296,0.002277888
1/28/13 15:08,UP,1.34324,1.34736,1.34246,1.34679,0.001218452,0.000739164,0.002217492
1/29/13 8:31,DOWN,1.34681,1.34775,1.34313,1.34351,-0.000342328,0.000733452,0.002200355
1/29/13 12:09,DOWN,1.34356,1.34593,1.34178,1.34226,-0.000774513,0.00073884,0.002216519
1/29/13 15:17,UP,1.34217,1.34558,1.34144,1.34529,0.000557656,0.000685828,0.002057483
1/29/13 15:53,UP,1.34529,1.34928,1.34507,1.34909,0.000511587,0.00085559,0.002566771
1/30/13 8:35,UP,1.34903,1.35159,1.34619,1.3507,0.000896233,0.000649725,0.001949175
1/30/13 11:21,UP,1.35064,1.35402,1.34981,1.35381,0.000554146,0.000632294,0.001896883
1/30/13 16:15,UP,1.35385,1.35779,1.3533,1.35731,0.001636927,0.000656351,0.001969054
1/31/13 12:46,DOWN,1.35735,1.3588,1.35412,1.35441,-0.000988872,0.00061266,0.00183798
1/31/13 15:52,UP,1.35441,1.35772,1.35441,1.35705,0.000140019,0.000645178,0.001935533
2/1/13 1:26,UP,1.35706,1.36185,1.35671,1.36116,0.001521919,0.000751116,0.002253349
2/1/13 10:12,UP,1.36116,1.36567,1.36033,1.36472,0.00108506,0.00071792,0.00215376
2/1/13 14:28,DOWN,1.36472,1.36751,1.36332,1.36346,-0.001707429,0.000877439,0.002632317
2/1/13 15:43,DOWN,1.36348,1.3672,1.35993,1.36126,-0.000741685,0.001103023,0.003309069
2/1/13 16:53,UP,1.36122,1.36895,1.35862,1.3681,0.002744791,0.001428644,0.004285931
2/4/13 1:12,DOWN,1.36809,1.37112,1.36392,1.3644,-0.000952346,0.001205137,0.00361541
2/4/13 9:34,DOWN,1.3644,1.36492,1.35922,1.35974,-0.00076456,0.001135288,0.003405865
2/4/13 14:17,DOWN,1.3597,1.36112,1.35489,1.35517,-0.001460005,0.000983826,0.002951478
2/4/13 18:02,DOWN,1.35511,1.3581,1.35234,1.35257,-0.001322532,0.001023106,0.003069317
2/5/13 4:11,DOWN,1.35255,1.3544,1.34913,1.34942,-0.000622296,0.000878037,0.002634112
2/5/13 9:35,UP,1.34942,1.35175,1.34583,1.3514,0.001132801,0.001009081,0.003027244
2/5/13 12:18,UP,1.35135,1.35601,1.35031,1.35597,0.001394808,0.000984903,0.00295471
2/5/13 14:52,DOWN,1.35592,1.35688,1.35087,1.35172,-0.001197755,0.000937699,0.002813098
2/5/13 17:16,UP,1.35177,1.35716,1.3502,1.35582,0.002082088,0.001082544,0.003247633
2/6/13 8:48,DOWN,1.35587,1.35977,1.35297,1.35336,-0.001764418,0.001016334,0.003049002
2/6/13 14:36,DOWN,1.35341,1.35495,1.34948,1.35004,-0.000518369,0.000810862,0.002432586
2/6/13 17:10,UP,1.34999,1.3544,1.34936,1.35333,0.000280828,0.000727114,0.002181342
2/7/13 9:29,UP,1.35331,1.35734,1.35034,1.35695,0.002782156,0.000956919,0.002870757
2/7/13 14:41,DOWN,1.35688,1.35777,1.3515,1.35266,-0.001145234,0.000893132,0.002679395
2/7/13 15:04,DOWN,1.35259,1.35312,1.34527,1.34637,-0.002522126,0.001159528,0.003478584
2/7/13 16:25,DOWN,1.34641,1.3477,1.34,1.34064,-0.000708366,0.001229353,0.003688058
2/8/13 10:47,UP,1.3406,1.34276,1.33704,1.34228,0.000380023,0.000842917,0.002528751
2/8/13 13:59,DOWN,1.34231,1.34297,1.33752,1.33878,-0.00114964,0.000845197,0.002535592
2/11/13 11:20,UP,1.33883,1.34073,1.33531,1.33941,0.00012693,0.000768245,0.002304734
2/11/13 15:53,DOWN,1.33941,1.34128,1.33623,1.33696,-0.000523439,0.000820717,0.002462151
2/11/13 17:15,UP,1.33695,1.34255,1.33622,1.34217,0.00278295,0.001028653,0.003085959
2/12/13 5:36,DOWN,1.34224,1.34278,1.33816,1.33849,-0.001067798,0.000855074,0.002565221
2/12/13 11:51,UP,1.33855,1.34366,1.33639,1.34317,0.002743547,0.001075016,0.003225049
2/12/13 17:01,UP,1.34312,1.34757,1.34101,1.34673,0.001858073,0.001077297,0.003231892
2/13/13 10:29,UP,1.34672,1.34847,1.34376,1.34803,0.000979686,0.000872912,0.002618737
2/13/13 16:38,DOWN,1.34803,1.35201,1.3434,1.3434,-0.003017625,0.00106886,0.00320658
2/14/13 8:14,DOWN,1.34339,1.34602,1.34043,1.34088,-0.002301806,0.001039613,0.003118838
2/14/13 11:06,DOWN,1.34092,1.34146,1.33351,1.33415,-0.003068405,0.001239144,0.003717433
2/14/13 21:50,UP,1.33418,1.33615,1.3315,1.33614,0.001490475,0.000991352,0.002974057
2/15/13 9:33,DOWN,1.33615,1.33933,1.33298,1.33377,-0.000539678,0.000994761,0.002984282
2/15/13 14:44,UP,1.33375,1.3359,1.33063,1.33565,0.00207605,0.001024458,0.003073374
2/18/13 2:52,DOWN,1.33564,1.33761,1.33313,1.33336,-0.00081715,0.000891585,0.002674755
2/18/13 10:27,UP,1.33334,1.3377,1.33215,1.33672,0.002141858,0.000977104,0.002931311
2/19/13 15:54,UP,1.33678,1.33797,1.33288,1.33688,0.000636011,0.000672601,0.002017802
2/19/13 18:13,UP,1.33693,1.33944,1.33556,1.33887,0.000851827,0.000733631,0.002200894
2/20/13 13:09,DOWN,1.33893,1.34208,1.33752,1.33794,-0.001113033,0.000788924,0.002366773
2/20/13 17:27,DOWN,1.33788,1.33969,1.33379,1.33482,-0.001265287,0.000866323,0.00259897
2/20/13 20:03,DOWN,1.33489,1.33585,1.32843,1.32867,-0.005179725,0.001497279,0.004491837
2/21/13 6:59,DOWN,1.32857,1.33064,1.32355,1.32386,-0.001358737,0.001183152,0.003549457
2/21/13 10:10,DOWN,1.32386,1.32768,1.31876,1.31975,-0.001264591,0.001311945,0.003935834
2/21/13 16:53,UP,1.31978,1.32287,1.31676,1.32206,0.000605299,0.001019401,0.003058204
2/21/13 20:47,DOWN,1.32206,1.32317,1.31619,1.31619,-0.001579072,0.001062614,0.003187843
2/22/13 4:25,UP,1.31626,1.32063,1.31611,1.3203,0.000477278,0.000972764,0.002918292
2/22/13 12:15,DOWN,1.32025,1.32456,1.31568,1.31694,-0.002964605,0.001138282,0.003414845
2/25/13 0:00,UP,1.31692,1.32189,1.31452,1.31947,0.000523074,0.000908731,0.002726194
2/25/13 9:05,UP,1.31952,1.32271,1.31817,1.32213,0.000877757,0.000842358,0.002527074
2/25/13 11:59,UP,1.32219,1.32702,1.32171,1.32669,0.001206737,0.000823988,0.002471965
2/25/13 14:22,UP,1.32666,1.3319,1.32647,1.33059,0.000578858,0.00079881,0.00239643
2/25/13 16:21,DOWN,1.33057,1.33147,1.32669,1.32747,-0.000557296,0.00076136,0.002284079
2/25/13 16:52,DOWN,1.32744,1.32747,1.32217,1.32309,-0.000959414,0.000936864,0.002810593
2/25/13 17:59,DOWN,1.32315,1.32315,1.31658,1.31723,-0.002108265,0.001185166,0.003555499
2/25/13 20:06,DOWN,1.31724,1.31967,1.30785,1.30805,-0.004401446,0.001612478,0.004837434
2/26/13 5:22,DOWN,1.30807,1.31234,1.30418,1.30537,-0.00101835,0.001319931,0.003959793
2/26/13 9:34,UP,1.30537,1.30904,1.30182,1.30737,0.000780497,0.001266598,0.003799793
2/26/13 16:35,DOWN,1.30743,1.31231,1.30396,1.30476,-0.001700016,0.001425164,0.004275493
2/27/13 9:06,UP,1.30479,1.30948,1.30368,1.30842,0.000343985,0.000997763,0.002993289
2/27/13 16:38,UP,1.30836,1.31309,1.30664,1.3119,0.000594734,0.001017799,0.003053398
2/27/13 21:58,UP,1.3119,1.31408,1.30836,1.31369,0.000639625,0.00102382,0.00307146
2/28/13 10:14,DOWN,1.31363,1.31622,1.31121,1.31182,-0.001744144,0.00091488,0.002744639
2/28/13 16:29,DOWN,1.31182,1.31376,1.3086,1.30928,-0.000664267,0.000868781,0.002606343
3/1/13 9:15,UP,1.30923,1.30982,1.30532,1.30955,0.002216957,0.001006187,0.00301856
3/1/13 10:31,DOWN,1.30957,1.31015,1.30538,1.30544,-0.001538527,0.00102652,0.003079561
3/1/13 13:12,DOWN,1.30541,1.30572,1.30017,1.30039,-0.002074148,0.001101401,0.003304202
3/1/13 19:11,UP,1.30039,1.30425,1.29666,1.30308,0.001805048,0.001012461,0.003037384
3/4/13 8:24,DOWN,1.30313,1.30331,1.29894,1.29922,-0.00056941,0.000874547,0.002623641
3/4/13 19:57,UP,1.29921,1.30295,1.29822,1.30271,0.001098315,0.000925567,0.002776701
3/5/13 8:58,UP,1.30271,1.30681,1.30158,1.30662,0.001370886,0.000855643,0.00256693
3/5/13 10:49,DOWN,1.30661,1.30755,1.30159,1.30246,-0.001840971,0.000901912,0.002705736
3/5/13 15:39,DOWN,1.30251,1.30556,1.30102,1.30147,-0.000698965,0.000900643,0.00270193
3/5/13 21:49,UP,1.30147,1.30513,1.30125,1.30487,0.000490591,0.000857623,0.002572869
3/6/13 13:37,DOWN,1.3049,1.30709,1.30186,1.3027,-0.000644607,0.000782161,0.002346482
3/6/13 15:38,DOWN,1.30265,1.30346,1.29884,1.29945,-0.000330854,0.000783124,0.002349371
3/7/13 8:24,UP,1.29949,1.30187,1.29652,1.30183,0.001799087,0.000767906,0.002303717
3/7/13 13:42,UP,1.30188,1.30656,1.29886,1.30557,0.002692101,0.000998923,0.002996768
3/7/13 14:49,UP,1.30551,1.31165,1.305,1.3106,0.002475211,0.001205529,0.003616586
3/8/13 11:48,UP,1.31056,1.31347,1.308,1.31186,6.86E-05,0.000847411,0.002542234
3/8/13 13:34,DOWN,1.31181,1.31204,1.30259,1.30429,-0.003482417,0.001212775,0.003638324
3/8/13 14:19,DOWN,1.30419,1.30436,1.29552,1.2966,-0.002064811,0.001379162,0.004137485
3/11/13 7:11,UP,1.29659,1.30214,1.29572,1.30207,0.001337227,0.001139611,0.003418833
3/11/13 17:37,UP,1.30207,1.30384,1.29875,1.30344,0.001604736,0.000887435,0.002662304
3/12/13 6:17,DOWN,1.30345,1.30541,1.30165,1.30171,-0.000944465,0.000779658,0.002338974
3/12/13 12:30,UP,1.30166,1.3043,1.2991,1.30414,0.002356817,0.000867089,0.002601266
3/12/13 15:42,DOWN,1.30409,1.30748,1.30152,1.30176,-0.0012974,0.000887346,0.002662039
3/13/13 7:43,UP,1.30176,1.30554,1.30144,1.30525,0.000689761,0.00069735,0.002092049
3/13/13 9:00,DOWN,1.30526,1.3065,1.30088,1.30139,-0.001850153,0.000892678,0.002678035
3/13/13 12:35,DOWN,1.30143,1.30306,1.29728,1.29757,-0.002363167,0.000991258,0.002973775
3/13/13 14:12,DOWN,1.2975,1.29849,1.29238,1.29288,-0.000749982,0.001091083,0.003273249
3/14/13 0:53,UP,1.29291,1.29717,1.29233,1.29665,0.000632599,0.000869431,0.002608293
3/14/13 10:18,DOWN,1.29665,1.29819,1.29362,1.29362,-0.001158865,0.000887086,0.002661257
3/14/13 14:14,UP,1.29359,1.29593,1.29114,1.29508,0.000702906,0.000759047,0.002277142
3/14/13 16:23,UP,1.29505,1.29916,1.29403,1.29865,0.000546871,0.000773233,0.002319699
3/15/13 2:18,UP,1.29869,1.30327,1.2986,1.30161,0.000315044,0.000713255,0.002139766
3/15/13 9:49,UP,1.30161,1.3056,1.30104,1.30519,0.000743463,0.000869234,0.002607703
3/15/13 12:45,UP,1.30519,1.30987,1.30456,1.30925,0.002339952,0.000957577,0.002872731
3/15/13 18:25,DOWN,1.30925,1.31072,1.30456,1.30544,-0.000451853,0.000908863,0.002726588
3/17/13 22:22,DOWN,1.30543,1.30783,1.29015,1.29044,-0.012950098,0.003296651,0.009889952
3/18/13 12:43,UP,1.29049,1.29762,1.2882,1.29578,0.00097286,0.001742148,0.005226445
3/18/13 16:15,UP,1.29578,1.29961,1.29196,1.29961,0.003414538,0.001731129,0.005193388
3/19/13 8:21,DOWN,1.2995,1.2995,1.29241,1.29354,-0.000896362,0.001379077,0.00413723
3/19/13 15:50,DOWN,1.29356,1.29613,1.28987,1.29013,-0.00167285,0.000978023,0.00293407
3/19/13 17:02,DOWN,1.29013,1.29025,1.28521,1.28547,-0.002354341,0.001189523,0.00356857
3/20/13 7:29,UP,1.28543,1.29236,1.28437,1.29033,0.001527908,0.001089751,0.003269254
3/20/13 12:11,UP,1.29036,1.29535,1.28798,1.29443,0.003063951,0.001245178,0.003735534
3/21/13 7:58,DOWN,1.29444,1.29786,1.29213,1.29287,-0.000749987,0.000894799,0.002684396
3/21/13 14:12,DOWN,1.29277,1.29345,1.28796,1.2888,-0.001318187,0.000996064,0.002988191
3/21/13 15:49,UP,1.28878,1.29426,1.28831,1.29249,0.000781743,0.0009457,0.002837101
3/22/13 10:02,UP,1.29253,1.29398,1.28871,1.2931,0.001160676,0.000936554,0.002809663
3/22/13 14:22,UP,1.29312,1.30041,1.29246,1.29917,0.002836597,0.001085856,0.003257569
3/24/13 23:56,UP,1.29923,1.30484,1.2962,1.30298,0.00391408,0.001447343,0.004342029
3/25/13 8:08,DOWN,1.30298,1.30484,1.29844,1.29864,-0.000669707,0.001313027,0.003939081
3/25/13 12:41,DOWN,1.2987,1.30195,1.29504,1.29564,-0.00089491,0.00116233,0.00348699
3/25/13 14:32,DOWN,1.29561,1.29575,1.29035,1.29069,-0.001463262,0.001159097,0.003477292
3/25/13 17:11,DOWN,1.2907,1.29173,1.28468,1.28515,-0.001321929,0.001185898,0.003557693
3/26/13 14:45,DOWN,1.28524,1.2885,1.28295,1.28436,-0.001789174,0.000899462,0.002698386
3/27/13 7:47,DOWN,1.28432,1.28901,1.28218,1.28266,-0.001635884,0.000875252,0.002625757
3/27/13 9:59,DOWN,1.2826,1.2848,1.27995,1.2801,-0.001202308,0.000946677,0.002840032
3/27/13 13:43,DOWN,1.28003,1.28136,1.27571,1.27666,-0.000493353,0.000879677,0.00263903
3/28/13 7:13,UP,1.27665,1.28148,1.27514,1.2805,0.001226836,0.000693951,0.002081853
3/28/13 9:15,DOWN,1.28047,1.28089,1.27565,1.27626,-0.000791062,0.000866803,0.002600409
3/28/13 10:45,UP,1.27632,1.28081,1.27554,1.28009,0.001141196,0.000892885,0.002678654
3/28/13 15:25,UP,1.28011,1.28409,1.27916,1.2834,0.000553371,0.000829257,0.002487772
3/29/13 6:56,DOWN,1.28339,1.2845,1.27929,1.28089,-0.001068997,0.00077297,0.00231891
4/1/13 2:03,DOWN,1.28082,1.28272,1.27713,1.27785,-0.001165342,0.000800596,0.002401788
4/1/13 8:54,UP,1.27785,1.2818,1.27748,1.28114,0.00064026,0.000787413,0.002362239
4/1/13 14:13,UP,1.28116,1.28506,1.2802,1.28476,0.00253286,0.000995428,0.002986285
4/2/13 9:25,DOWN,1.2848,1.2878,1.28282,1.28314,-0.000646642,0.000956892,0.002870677
4/2/13 19:45,DOWN,1.28313,1.28566,1.28089,1.28129,-0.000717769,0.000800718,0.002402154
4/3/13 9:25,UP,1.28131,1.28384,1.27898,1.28257,0.000717567,0.000762038,0.002286113
4/3/13 14:04,UP,1.28253,1.28613,1.28086,1.28573,0.000824774,0.000860743,0.00258223
4/4/13 6:33,DOWN,1.28568,1.28648,1.28272,1.28305,-0.000537637,0.000691628,0.002074884
4/4/13 8:04,DOWN,1.28305,1.28377,1.27841,1.27914,-0.002553143,0.00092079,0.002762371
4/4/13 12:16,UP,1.27914,1.2825,1.27831,1.28214,0.000397852,0.000812798,0.002438395
4/4/13 12:39,DOWN,1.28216,1.28371,1.27704,1.27743,-0.00368031,0.001197365,0.003592096
4/4/13 13:46,UP,1.27736,1.2846,1.27462,1.28453,0.004361283,0.001568523,0.00470557
4/4/13 17:40,UP,1.28457,1.29407,1.28424,1.2934,0.003989702,0.00165871,0.004976129
4/5/13 12:23,UP,1.29336,1.29594,1.29005,1.29528,0.001614854,0.001124825,0.003374474
4/5/13 14:05,UP,1.29531,1.30301,1.29511,1.30132,0.000953333,0.001364931,0.004094792
4/8/13 0:14,DOWN,1.3013,1.30401,1.29727,1.29896,-0.000531053,0.001143695,0.003431086
4/8/13 11:05,UP,1.29895,1.30321,1.29684,1.30283,0.001152003,0.000969007,0.002907021
4/9/13 0:18,UP,1.30282,1.30683,1.29922,1.30659,0.003035392,0.001100646,0.003301939
4/9/13 6:42,DOWN,1.30663,1.3067,1.30202,1.30244,-0.000882569,0.000962679,0.002888036
4/9/13 11:50,UP,1.30235,1.30511,1.30049,1.30441,0.000122668,0.000825599,0.002476798
4/9/13 15:30,UP,1.30443,1.30997,1.30287,1.30974,0.001719375,0.00109973,0.003299189
4/10/13 7:39,UP,1.30976,1.3116,1.30733,1.31132,0.001083465,0.000932828,0.002798484
4/10/13 13:04,DOWN,1.31129,1.31222,1.30642,1.30717,-0.000825871,0.000836527,0.002509581
4/11/13 0:15,DOWN,1.30714,1.30971,1.3051,1.30596,-0.000275621,0.000813017,0.002439051
4/11/13 7:41,UP,1.30601,1.30893,1.30438,1.30853,0.000894533,0.000736586,0.002209757
4/11/13 10:17,UP,1.30857,1.31326,1.3074,1.31289,0.002440346,0.000969164,0.002907493
4/11/13 13:15,DOWN,1.31285,1.31386,1.30909,1.30924,-0.001381527,0.000914773,0.00274432
4/12/13 7:25,DOWN,1.30924,1.3138,1.30765,1.30801,-0.001535506,0.000752757,0.002258271
4/12/13 13:55,UP,1.30797,1.30844,1.30378,1.30789,0.00015293,0.000688391,0.002065172
4/15/13 2:49,DOWN,1.3079,1.31267,1.30714,1.30743,-0.001803441,0.000738256,0.002214767
4/15/13 8:32,DOWN,1.30742,1.30929,1.30541,1.30582,-0.000872634,0.000696406,0.002089219
4/15/13 12:34,UP,1.30588,1.31045,1.30525,1.3092,0.000840561,0.000704477,0.002113431
4/15/13 17:05,DOWN,1.30929,1.31075,1.3068,1.3072,-0.000718836,0.00057793,0.001733791
4/15/13 19:17,DOWN,1.30716,1.30739,1.3033,1.30487,-9.20E-05,0.000575355,0.001726066
4/16/13 3:52,UP,1.30489,1.30689,1.30215,1.30643,0.001624061,0.000681582,0.002044745
4/16/13 8:21,DOWN,1.30642,1.30851,1.30401,1.30471,-0.000122625,0.000752557,0.002257672
4/16/13 9:42,UP,1.30476,1.30899,1.30279,1.30813,0.002135093,0.000887349,0.002662046
4/16/13 11:18,UP,1.30815,1.31185,1.30703,1.31168,0.000663492,0.000946433,0.0028393
4/16/13 16:07,UP,1.31163,1.31837,1.31121,1.31694,0.00242522,0.001031429,0.003094288
4/17/13 7:52,DOWN,1.31696,1.32018,1.31529,1.31558,-0.002080566,0.000908722,0.002726167
4/17/13 11:08,DOWN,1.31558,1.32,1.31303,1.31417,-0.001224358,0.000984229,0.002952688
4/17/13 14:11,DOWN,1.31418,1.31469,1.30766,1.30848,-0.003197073,0.001135978,0.003407934
4/17/13 16:20,DOWN,1.30846,1.30879,1.30344,1.3042,-0.000827751,0.001087891,0.003263672
4/18/13 8:54,UP,1.30419,1.30616,1.30015,1.30514,0.000620816,0.000774119,0.002322358
4/18/13 15:00,UP,1.30515,1.30878,1.30261,1.30814,0.000389943,0.001011598,0.003034795
4/19/13 8:53,UP,1.30818,1.30963,1.30428,1.30881,0.001689984,0.0009025,0.0027075
4/19/13 16:14,DOWN,1.30879,1.31292,1.30533,1.30645,-0.001101617,0.000982059,0.002946177
4/22/13 8:01,DOWN,1.30642,1.30844,1.30347,1.30386,-0.000552054,0.00098614,0.002958421
4/22/13 19:03,UP,1.30383,1.30671,1.30152,1.30662,0.001163984,0.00079208,0.002376239
4/23/13 7:02,UP,1.30666,1.30758,1.30328,1.30747,0.002320142,0.000888624,0.002665872
4/23/13 7:38,DOWN,1.30747,1.30842,1.30108,1.30195,-0.004414375,0.001367055,0.004101165
4/23/13 14:27,UP,1.30192,1.30269,1.29729,1.3024,0.000499203,0.001098947,0.003296842
4/24/13 7:22,DOWN,1.30236,1.30285,1.29836,1.29857,-0.001015986,0.000860465,0.002581396
4/24/13 10:02,UP,1.29857,1.30343,1.2954,1.30288,0.00193605,0.001032565,0.003097695
4/24/13 12:37,DOWN,1.30287,1.30299,1.29839,1.29887,-0.001507867,0.001025415,0.003076244
4/24/13 19:04,UP,1.29894,1.30246,1.29739,1.30214,0.000345645,0.000914996,0.002744988
4/25/13 1:57,UP,1.30214,1.30618,1.30105,1.30533,0.001180475,0.000958063,0.002874189
4/25/13 12:15,UP,1.30534,1.30819,1.30268,1.3081,0.00098665,0.000973724,0.002921171
4/25/13 13:34,DOWN,1.3081,1.30937,1.30287,1.30347,-0.00229125,0.001071942,0.003215827
4/26/13 4:13,UP,1.30348,1.30478,1.29892,1.3038,3.84E-05,0.000978915,0.002936746
4/26/13 12:00,DOWN,1.30379,1.30452,1.29952,1.29985,-0.000561446,0.000911949,0.002735846
4/28/13 22:16,UP,1.2998,1.30686,1.29906,1.30559,0.002285102,0.00107711,0.00323133
4/29/13 7:30,UP,1.30548,1.30896,1.30317,1.30885,0.001414454,0.001069205,0.003207616
4/30/13 7:13,DOWN,1.3089,1.31208,1.30668,1.30676,-0.0006579,0.000918523,0.002755568
4/30/13 13:30,UP,1.30676,1.31088,1.30543,1.31088,0.002306454,0.000925734,0.002777202
4/30/13 14:21,UP,1.31089,1.31688,1.31051,1.31614,0.001277275,0.00102672,0.003080161
5/1/13 8:41,UP,1.31611,1.31949,1.31462,1.31893,0.000849534,0.000823071,0.002469214
5/1/13 12:38,UP,1.31898,1.3243,1.31866,1.32316,0.000763616,0.000819779,0.002459337
5/1/13 14:37,DOWN,1.32321,1.32339,1.31864,1.31885,-0.001310889,0.00084852,0.002545559
5/1/13 23:31,DOWN,1.31885,1.32238,1.31688,1.3177,-0.000569012,0.00084666,0.002539979
5/2/13 11:53,UP,1.31775,1.32105,1.31246,1.32013,0.003308171,0.001094587,0.003283761
5/2/13 13:03,DOWN,1.32007,1.32187,1.31079,1.31135,-0.005103818,0.001675495,0.005026485
5/2/13 15:23,DOWN,1.31133,1.31186,1.30422,1.30522,-0.000306415,0.001561832,0.004685496
5/3/13 7:41,UP,1.30524,1.31126,1.30374,1.31027,0.000564929,0.001251261,0.003753783
5/3/13 12:33,DOWN,1.31032,1.31518,1.30615,1.30713,-0.003573969,0.001340643,0.004021928
5/3/13 13:49,UP,1.30713,1.31263,1.30334,1.31122,0.001854955,0.00145901,0.004377031
5/6/13 14:46,DOWN,1.31118,1.31594,1.30614,1.30616,-0.003469811,0.001213256,0.003639769
5/7/13 10:16,UP,1.30612,1.31141,1.30536,1.31088,0.002642938,0.001052111,0.003156332
5/7/13 14:32,DOWN,1.31086,1.31324,1.30749,1.30785,-0.001818127,0.001042129,0.003126388
5/8/13 6:48,UP,1.30785,1.31142,1.30717,1.31108,0.000595106,0.000836579,0.002509736
5/8/13 10:07,UP,1.31104,1.31457,1.3087,1.31432,0.002788594,0.001104421,0.003313262
5/8/13 13:44,UP,1.3143,1.31776,1.31207,1.31705,0.000273376,0.000993045,0.002979136
5/9/13 5:13,DOWN,1.31707,1.31945,1.31513,1.31563,-0.000524326,0.000815487,0.00244646
5/9/13 12:41,DOWN,1.31567,1.31774,1.31235,1.31257,-0.001575816,0.000941327,0.00282398
5/9/13 18:11,DOWN,1.31253,1.31432,1.30621,1.30621,-0.002828618,0.001146515,0.003439544
5/10/13 7:36,DOWN,1.30606,1.30713,1.30048,1.30152,-0.000837132,0.001081991,0.003245972
5/10/13 12:07,DOWN,1.30151,1.304,1.2978,1.29893,-0.000477202,0.001050727,0.00315218
5/10/13 14:42,DOWN,1.2989,1.30162,1.29572,1.29648,-0.000154252,0.001038162,0.003114485
5/10/13 18:35,UP,1.29647,1.29941,1.29353,1.29922,0.000831614,0.00111986,0.003359579
5/13/13 12:35,DOWN,1.29917,1.29958,1.29417,1.29455,-0.001960149,0.000997097,0.002991291
5/13/13 13:58,UP,1.29456,1.29952,1.29437,1.29925,0.001039601,0.001091222,0.003273667
5/14/13 0:31,UP,1.2993,1.30264,1.29645,1.3024,0.002937356,0.001179509,0.003538526
5/14/13 10:00,DOWN,1.3024,1.30294,1.29745,1.29771,-0.002662687,0.001198974,0.003596923
5/14/13 15:09,UP,1.29771,1.29947,1.29468,1.29919,0.001471229,0.000963772,0.002891315
5/14/13 16:59,DOWN,1.2993,1.2993,1.2949,1.29542,-0.001296036,0.000956603,0.002869808
5/15/13 6:11,DOWN,1.29542,1.29572,1.28991,1.29069,-0.002398936,0.000977591,0.002932772
5/15/13 11:02,DOWN,1.29064,1.29168,1.2852,1.28568,-0.001593217,0.000878218,0.002634655
5/15/13 19:39,UP,1.28571,1.28897,1.28431,1.28799,0.000357209,0.000738325,0.002214974
5/16/13 8:21,DOWN,1.28804,1.28895,1.28464,1.2857,-0.00058317,0.00061468,0.001844039
5/16/13 12:14,UP,1.28565,1.28908,1.28503,1.28884,0.001211124,0.000640196,0.001920587
5/16/13 14:03,UP,1.28878,1.29246,1.28819,1.29237,0.002153404,0.000902704,0.002708112
5/16/13 19:30,DOWN,1.29242,1.29299,1.28721,1.28799,-0.002039859,0.001038393,0.003115179
5/17/13 12:38,DOWN,1.28792,1.28905,1.28193,1.28311,-0.002902782,0.001059643,0.003178928
5/20/13 4:05,UP,1.28312,1.28519,1.27964,1.28478,0.001098067,0.000896176,0.002688527
5/20/13 13:28,DOWN,1.28477,1.28786,1.28365,1.28432,-0.000474847,0.000756484,0.002269453
5/20/13 16:30,UP,1.28436,1.28739,1.28428,1.28721,0.000380741,0.000703815,0.002111446
5/20/13 18:59,UP,1.28716,1.28977,1.28636,1.28971,0.001124916,0.000756994,0.002270983
5/21/13 8:29,DOWN,1.28971,1.29044,1.28619,1.28665,-0.001157376,0.000718124,0.002154372
5/21/13 14:24,DOWN,1.28665,1.2888,1.28412,1.28476,-0.000933591,0.000660356,0.001981068
5/21/13 15:31,UP,1.28476,1.29132,1.28441,1.29024,0.002172497,0.000877255,0.002631765
5/22/13 7:59,UP,1.29023,1.29449,1.28942,1.29362,0.00115247,0.000797093,0.00239128
5/22/13 14:11,UP,1.29362,1.29971,1.29154,1.29971,0.003754027,0.00111653,0.003349591
5/22/13 14:39,DOWN,1.29964,1.29984,1.28898,1.28924,-0.004712591,0.001754061,0.005262183
5/22/13 18:39,DOWN,1.2892,1.29244,1.28383,1.28449,-0.001307058,0.001415604,0.004246811
5/23/13 8:22,UP,1.28451,1.2888,1.28214,1.28751,0.000769222,0.001026517,0.00307955
5/23/13 13:08,UP,1.28746,1.29164,1.28744,1.29063,-1.55E-05,0.000806763,0.002420289
5/23/13 16:07,UP,1.29064,1.29572,1.28965,1.29419,0.000935385,0.000769719,0.002309156
5/24/13 0:20,DOWN,1.29418,1.29512,1.29114,1.29121,-0.001400804,0.000723339,0.002170016
5/24/13 8:15,UP,1.29122,1.29584,1.29043,1.29539,0.002372755,0.000861503,0.00258451
5/24/13 12:27,DOWN,1.29541,1.29936,1.29332,1.29392,-0.001143157,0.00106121,0.003183629
5/24/13 16:44,DOWN,1.29395,1.29585,1.29106,1.29128,-0.00059613,0.001032328,0.003096983
5/28/13 0:40,DOWN,1.29133,1.29489,1.28899,1.28905,-0.002781126,0.000995797,0.00298739
5/28/13 10:09,UP,1.28905,1.29305,1.28841,1.29249,0.000263093,0.000840562,0.002521686
5/28/13 14:05,DOWN,1.29246,1.29498,1.29012,1.2907,-0.000967998,0.000771124,0.002313372
5/28/13 14:58,DOWN,1.2907,1.29084,1.28562,1.28599,-0.00047423,0.001040221,0.003120663
5/29/13 8:16,UP,1.28592,1.28835,1.28379,1.28793,0.001165338,0.000907332,0.002721997
5/29/13 10:51,UP,1.28792,1.29309,1.28769,1.29258,0.00291315,0.001066377,0.003199131
5/30/13 1:45,UP,1.29257,1.29778,1.2919,1.29618,0.0014901,0.000861518,0.002584555
5/30/13 12:01,DOWN,1.29618,1.30065,1.29416,1.29507,-0.000972447,0.000859035,0.002577104
5/30/13 13:26,UP,1.29509,1.3017,1.29429,1.30154,0.003131964,0.001175724,0.003527173
5/31/13 8:52,DOWN,1.30157,1.30617,1.30066,1.30145,-0.00181939,0.00089817,0.00269451
5/31/13 14:11,DOWN,1.30146,1.30188,1.29611,1.29647,-0.0013258,0.000918387,0.002755162
5/31/13 19:49,UP,1.29649,1.30026,1.29442,1.30012,0.00168588,0.001032081,0.003096244
6/3/13 11:41,DOWN,1.30012,1.30438,1.29912,1.29963,-0.001499303,0.001077417,0.003232251
6/3/13 13:48,DOWN,1.29957,1.30142,1.29611,1.2963,-0.001025471,0.001085571,0.003256712
6/3/13 14:29,UP,1.29632,1.30388,1.29554,1.30307,0.001697435,0.001381893,0.004145678
6/3/13 16:00,UP,1.3031,1.31079,1.30134,1.30959,0.000580503,0.001589018,0.004767055
6/4/13 14:33,DOWN,1.30959,1.31031,1.30421,1.30473,-0.000965251,0.000967095,0.002901285
6/4/13 21:38,UP,1.30474,1.30901,1.30464,1.30844,0.000145222,0.00091186,0.002735581
6/5/13 9:07,DOWN,1.30843,1.31077,1.30544,1.30575,-0.001071606,0.00077584,0.00232752
6/5/13 15:07,UP,1.30578,1.31161,1.30531,1.30969,0.001704144,0.000875728,0.002627185
6/6/13 6:08,UP,1.30977,1.31093,1.30736,1.31061,0.000335778,0.000746415,0.002239246
6/6/13 12:34,DOWN,1.31059,1.3131,1.30914,1.30982,-0.001533386,0.000732912,0.002198737
6/6/13 12:49,UP,1.30976,1.31671,1.30974,1.31621,0.004866671,0.001387804,0.004163412
6/6/13 15:38,UP,1.31622,1.31989,1.31327,1.3198,0.000993068,0.001227314,0.003681941
6/6/13 15:57,UP,1.31977,1.3278,1.31932,1.327,0.005440545,0.001786587,0.005359761
6/7/13 9:08,DOWN,1.32681,1.33062,1.32242,1.32313,-0.000778154,0.00098614,0.00295842
6/7/13 12:56,DOWN,1.32312,1.32855,1.32074,1.32107,-0.002593015,0.001066419,0.003199256
6/10/13 7:05,DOWN,1.32101,1.32428,1.31838,1.31854,-0.000917261,0.000927072,0.002781217
6/10/13 10:26,UP,1.31854,1.32299,1.31774,1.32239,0.000680818,0.000870774,0.002612322
6/10/13 15:32,UP,1.3224,1.32359,1.31829,1.32354,0.002837332,0.001065475,0.003196424
6/11/13 2:58,UP,1.32354,1.32787,1.32228,1.32758,0.001930182,0.000978178,0.002934535
6/11/13 12:42,DOWN,1.32761,1.32995,1.32368,1.32456,-0.001923317,0.000853325,0.002559975
6/11/13 14:11,UP,1.32451,1.32959,1.32322,1.32881,0.001875615,0.000981026,0.002943079
6/11/13 19:08,UP,1.32883,1.33155,1.32554,1.33016,0.000676839,0.001009934,0.003029802
6/12/13 10:01,DOWN,1.33016,1.33351,1.32735,1.32843,-0.000406412,0.001048017,0.00314405
6/12/13 14:10,UP,1.3284,1.3326,1.32656,1.33211,0.001389739,0.000978878,0.002936635
6/13/13 0:26,UP,1.33215,1.33596,1.33127,1.33569,0.001356024,0.000864203,0.002592608
6/13/13 8:23,DOWN,1.33564,1.33905,1.33382,1.33445,-0.000689185,0.000779483,0.00233845
6/13/13 13:12,DOWN,1.3344,1.33501,1.32872,1.32925,-0.001751334,0.00082002,0.002460059
6/13/13 15:16,UP,1.32925,1.33465,1.32786,1.33339,0.003388089,0.00119186,0.003575581
6/13/13 20:52,UP,1.3334,1.3379,1.33066,1.33718,0.000793027,0.001072081,0.003216242
6/14/13 8:08,DOWN,1.33719,1.33768,1.33205,1.3325,-0.001567252,0.000962609,0.002887827
6/14/13 14:11,UP,1.33259,1.33412,1.32947,1.33339,0.001343345,0.000972166,0.002916498
6/17/13 19:58,UP,1.33339,1.3382,1.33134,1.33808,0.003091285,0.001011829,0.003035486
6/18/13 6:54,DOWN,1.33805,1.33811,1.33258,1.33295,-0.001184639,0.000949762,0.002849286
6/18/13 8:05,UP,1.33291,1.33907,1.33291,1.33838,0.002491183,0.001144193,0.003432578
6/18/13 15:03,UP,1.33844,1.34008,1.33379,1.33923,0.000291255,0.001080218,0.003240655
6/19/13 18:19,DOWN,1.33922,1.34182,1.33354,1.33468,-0.003156819,0.00102317,0.003069511
6/19/13 18:52,DOWN,1.33467,1.33505,1.32787,1.32908,-0.002464832,0.00120841,0.003625229
6/20/13 6:42,DOWN,1.32902,1.33023,1.32456,1.3251,-0.001116274,0.001011486,0.003034459
6/20/13 8:40,DOWN,1.32509,1.32653,1.32002,1.32003,-0.001097857,0.001123291,0.003369874
6/20/13 14:14,DOWN,1.32007,1.32258,1.31613,1.31685,-0.002252843,0.001088543,0.003265629
6/20/13 15:58,UP,1.31678,1.32157,1.31644,1.32157,0.001840415,0.001189244,0.003567731
6/21/13 11:20,DOWN,1.32158,1.32543,1.31939,1.32074,-0.001172896,0.000978993,0.00293698
6/21/13 12:50,DOWN,1.32066,1.32219,1.3146,1.31583,-0.001230405,0.00108523,0.003255689
6/21/13 15:23,DOWN,1.31581,1.31769,1.31158,1.31248,-0.000929106,0.001046509,0.003139526
6/24/13 2:51,DOWN,1.31248,1.31594,1.30892,1.30904,-0.001313078,0.001115051,0.003345153
6/24/13 12:26,DOWN,1.30903,1.31244,1.30589,1.30656,-0.002415645,0.001136052,0.003408155
6/24/13 17:28,UP,1.30657,1.31146,1.30652,1.31035,0.000435093,0.000959302,0.002877906
6/25/13 12:40,DOWN,1.3103,1.31511,1.3085,1.30985,-0.002211547,0.000998212,0.002994636
6/26/13 3:00,DOWN,1.30992,1.31141,1.30568,1.30589,-0.001492121,0.000950436,0.002851307
6/26/13 9:52,DOWN,1.30596,1.30837,1.30282,1.30327,-0.00106598,0.000873222,0.002619665
6/26/13 15:13,DOWN,1.30329,1.30557,1.29866,1.29904,-0.001692126,0.000945541,0.002836623
6/27/13 1:38,UP,1.29905,1.30286,1.29847,1.30263,0.000552881,0.000791029,0.002373087
6/27/13 13:46,UP,1.30269,1.30495,1.30121,1.30437,0.000874367,0.000697828,0.002093484
6/27/13 15:02,DOWN,1.30441,1.30499,1.30012,1.30055,-0.000837756,0.000793734,0.002381203
6/27/13 16:29,UP,1.30052,1.30439,1.30001,1.3043,0.001995396,0.000916317,0.00274895
6/28/13 2:50,UP,1.30428,1.30753,1.30268,1.30742,0.001094356,0.000915173,0.002745519
6/28/13 12:38,UP,1.30747,1.3087,1.30412,1.30838,0.00061163,0.000805447,0.00241634
6/28/13 13:57,DOWN,1.30837,1.31032,1.30268,1.30319,-0.002337676,0.000977516,0.002932547
7/1/13 7:28,UP,1.3031,1.30374,1.29915,1.30366,0.000598495,0.000761106,0.002283317
7/1/13 14:30,DOWN,1.30366,1.30605,1.30192,1.30258,-0.00059096,0.000716319,0.002148957
7/1/13 15:32,UP,1.30253,1.30617,1.30141,1.30593,0.001770421,0.000823027,0.002469082
7/2/13 8:47,DOWN,1.30587,1.30784,1.3025,1.3031,-0.001694519,0.00080396,0.002411881
7/2/13 12:48,DOWN,1.30311,1.3034,1.29982,1.29985,-0.001637309,0.000797794,0.002393382
7/2/13 15:07,UP,1.29982,1.30382,1.29902,1.3036,0.000636901,0.000805655,0.002416966
7/2/13 18:13,DOWN,1.30355,1.30368,1.29945,1.29982,-0.000861287,0.000807839,0.002423516
7/3/13 5:43,DOWN,1.29988,1.30002,1.29617,1.29656,-0.000493492,0.000777503,0.002332508
7/3/13 7:54,DOWN,1.29654,1.29801,1.29325,1.29346,-0.001683983,0.000850228,0.002550683
7/3/13 11:21,UP,1.2934,1.29738,1.29231,1.29697,0.000655589,0.000777932,0.002333796
7/3/13 15:30,UP,1.29697,1.30322,1.29435,1.30101,0.002239229,0.001011015,0.003033044
7/4/13 7:07,DOWN,1.30103,1.30236,1.29859,1.29867,-0.000661997,0.000860749,0.002582246
7/4/13 12:47,DOWN,1.29867,1.30177,1.28932,1.28957,-0.006785398,0.001825734,0.005477203
7/5/13 8:58,DOWN,1.28966,1.29327,1.28692,1.28805,-0.000620901,0.001144505,0.003433516
7/5/13 12:42,DOWN,1.288,1.28972,1.28126,1.28285,-0.004247117,0.001418051,0.004254153
7/8/13 9:43,UP,1.28285,1.28508,1.28061,1.28498,0.001035572,0.000895074,0.002685223
7/8/13 16:51,UP,1.28504,1.28793,1.28387,1.28731,0.000746019,0.000747441,0.002242324
7/9/13 6:14,UP,1.28726,1.28891,1.28458,1.2885,0.001475671,0.00073311,0.002199331
7/9/13 10:08,DOWN,1.28855,1.28986,1.28604,1.28616,-0.00087043,0.000759383,0.002278148
7/9/13 14:16,DOWN,1.28611,1.28709,1.28309,1.28383,-0.001455519,0.000747837,0.002243511
7/9/13 14:47,DOWN,1.28383,1.28431,1.27783,1.27785,-0.0022044,0.001062197,0.003186592
7/10/13 7:52,UP,1.27791,1.2813,1.27554,1.281,0.000695011,0.000789697,0.002369091
7/10/13 14:33,UP,1.28095,1.28469,1.28026,1.28452,0.000763222,0.000739314,0.002217942
7/10/13 18:21,UP,1.2845,1.29473,1.28343,1.29191,0.003963227,0.001254776,0.003764328
7/10/13 20:53,UP,1.29196,1.2986,1.28687,1.29834,0.00732066,0.00222463,0.006673889
7/10/13 22:47,UP,1.29819,1.31271,1.29598,1.31165,0.005857092,0.002571316,0.007713949
7/11/13 1:42,DOWN,1.31167,1.32062,1.30697,1.30702,-0.001452633,0.002476789,0.007430367
7/11/13 7:11,DOWN,1.30706,1.31474,1.30451,1.30456,-0.002381108,0.002120206,0.006360618
7/11/13 19:00,UP,1.30456,1.31001,1.30056,1.30993,0.0030889,0.001712968,0.005138904
7/12/13 7:53,DOWN,1.30997,1.31226,1.30464,1.30472,-0.001600595,0.001321647,0.003964941
7/12/13 17:20,UP,1.30466,1.30911,1.29995,1.30788,0.001469103,0.001254507,0.003763522
7/15/13 8:45,DOWN,1.30782,1.30834,1.30276,1.3029,-0.001694779,0.001050892,0.003152675
7/15/13 16:15,UP,1.30284,1.30761,1.29934,1.30551,0.001065285,0.001021016,0.003063047
7/16/13 7:05,UP,1.30551,1.30958,1.30337,1.30851,2.29E-05,0.000788016,0.002364048
7/16/13 10:38,UP,1.30847,1.31213,1.30507,1.31205,0.001930142,0.000954374,0.002863121
7/16/13 15:47,UP,1.31205,1.31554,1.30952,1.31387,0.000837572,0.000848214,0.002544643
7/17/13 7:04,DOWN,1.31393,1.31748,1.3128,1.31369,-0.000243559,0.0007147,0.002144101
7/17/13 14:48,DOWN,1.31368,1.31785,1.30845,1.30904,-0.003629657,0.001175938,0.003527814
7/17/13 17:17,UP,1.30899,1.31603,1.30831,1.31545,0.002275574,0.001279289,0.003837868
7/18/13 3:53,DOWN,1.31547,1.31547,1.30933,1.30948,-0.001266876,0.001205918,0.003617755
7/18/13 13:06,DOWN,1.30949,1.31223,1.30698,1.30724,-0.000886972,0.000960614,0.002881843
7/18/13 17:57,UP,1.30727,1.31208,1.30661,1.31173,0.002480718,0.001055295,0.003165885
7/19/13 5:42,UP,1.31167,1.31507,1.30892,1.31418,0.000479501,0.000987535,0.002962605
7/19/13 9:22,DOWN,1.31411,1.31448,1.30967,1.3104,-0.001639376,0.000958725,0.002876174
7/19/13 15:58,UP,1.31041,1.31511,1.30973,1.31415,0.000456673,0.000842104,0.002526312
7/22/13 9:42,UP,1.31413,1.31909,1.31276,1.31908,0.002360488,0.000890931,0.002672792
7/22/13 14:45,UP,1.31904,1.32182,1.31601,1.31988,0.000174273,0.000808902,0.002426705
7/23/13 9:58,DOWN,1.31992,1.32077,1.31635,1.31714,-0.000379538,0.000757981,0.002273942
7/23/13 14:39,UP,1.31719,1.32042,1.31691,1.32033,0.000969925,0.000699165,0.002097495
7/24/13 6:38,DOWN,1.3203,1.32391,1.31906,1.32001,-0.000378713,0.000625481,0.001876443
7/24/13 7:35,UP,1.32002,1.32514,1.31935,1.32445,0.002366042,0.000858528,0.002575583
7/24/13 13:36,DOWN,1.32439,1.32564,1.32044,1.32128,-0.000181626,0.000775402,0.002326205
7/24/13 17:05,DOWN,1.32128,1.32438,1.31975,1.32048,-0.00052997,0.000747442,0.002242325
7/25/13 5:05,UP,1.32044,1.32213,1.31767,1.32195,0.001354978,0.00077749,0.00233247
7/25/13 8:51,DOWN,1.32195,1.32382,1.31802,1.31895,-0.001348649,0.00085142,0.00255426
7/25/13 12:32,UP,1.31897,1.32196,1.31656,1.32086,0.000128712,0.000855315,0.002565944
7/25/13 17:45,UP,1.32081,1.3253,1.32008,1.32455,0.001344756,0.000811834,0.002435501
7/25/13 19:52,UP,1.32461,1.32852,1.32363,1.32816,0.000579918,0.000952345,0.002857034
7/26/13 12:35,DOWN,1.32814,1.32971,1.32526,1.3257,-0.000520344,0.000734278,0.002202835
7/29/13 1:17,UP,1.32569,1.32947,1.32549,1.3287,0.000685115,0.00071194,0.002135819
7/29/13 12:39,DOWN,1.32872,1.32953,1.32542,1.32608,-0.000693534,0.000655814,0.001967441
7/30/13 7:04,UP,1.32605,1.32725,1.32392,1.32686,0.000791655,0.000565049,0.001695148
7/30/13 11:51,UP,1.32684,1.33015,1.32616,1.3294,0.001332315,0.000594857,0.001784572
7/30/13 14:26,DOWN,1.32936,1.32957,1.32345,1.32415,-0.002142475,0.000812658,0.002437974
7/31/13 8:03,UP,1.32416,1.32914,1.3235,1.32834,0.001544472,0.000800112,0.002400337
7/31/13 11:00,DOWN,1.32829,1.33007,1.32493,1.32529,-0.001176409,0.000847007,0.00254102
7/31/13 12:32,DOWN,1.32527,1.32774,1.32089,1.32164,-0.003014428,0.001107836,0.003323507
7/31/13 14:27,UP,1.32163,1.32677,1.3214,1.32647,0.001644812,0.001104316,0.003312947
7/31/13 18:51,UP,1.32644,1.33386,1.32543,1.33305,0.001959835,0.001115349,0.003346048
8/1/13 2:30,DOWN,1.33311,1.33453,1.32739,1.32774,-0.001730768,0.001103932,0.003311796
8/1/13 8:29,DOWN,1.32779,1.32791,1.32272,1.32337,-0.000853516,0.001057343,0.003172028
8/1/13 17:17,DOWN,1.32338,1.32674,1.31941,1.3209,-0.000688687,0.001166894,0.003500682
8/2/13 12:38,UP,1.32082,1.32798,1.3186,1.32636,0.004443041,0.001379303,0.00413791
8/5/13 8:02,UP,1.32631,1.33006,1.32327,1.32922,0.000293448,0.000936209,0.002808626
8/5/13 12:22,DOWN,1.32923,1.3299,1.32481,1.32524,-0.000980474,0.000897366,0.002692097
8/6/13 9:22,UP,1.32528,1.32795,1.32327,1.32776,0.001039885,0.000691047,0.00207314
8/6/13 14:25,UP,1.32776,1.33172,1.3266,1.33145,0.001450599,0.000792106,0.002376318
8/7/13 8:07,DOWN,1.33145,1.33234,1.32754,1.32809,-0.000406516,0.000815201,0.002445602
8/7/13 10:33,UP,1.32809,1.33251,1.32656,1.33147,0.000676173,0.000910573,0.00273172
8/7/13 17:39,UP,1.33147,1.33428,1.32853,1.33385,0.001065155,0.000787866,0.002363598
8/8/13 7:08,UP,1.33392,1.33696,1.33279,1.33682,0.002434103,0.000915803,0.002747408
8/8/13 14:09,UP,1.33675,1.3384,1.33404,1.33799,0.001233954,0.000780283,0.00234085
8/9/13 12:59,DOWN,1.33794,1.34006,1.33632,1.33642,-0.000680692,0.000558636,0.001675909
8/9/13 16:18,DOWN,1.33639,1.33669,1.33327,1.33397,-0.000382244,0.000575072,0.001725216
8/12/13 2:25,DOWN,1.33404,1.33481,1.33193,1.33202,-0.000930484,0.000600099,0.001800296
8/12/13 8:29,DOWN,1.33206,1.33336,1.3296,1.33032,-0.000217969,0.000617217,0.001851651
8/12/13 15:59,UP,1.33033,1.33126,1.32774,1.3312,0.001112397,0.000637383,0.001912148
8/13/13 12:38,DOWN,1.33118,1.33175,1.32572,1.32653,-0.001950559,0.000838035,0.002514106
8/13/13 20:00,UP,1.32651,1.327,1.32334,1.3266,0.000648484,0.000735727,0.00220718
8/15/13 2:23,UP,1.32661,1.33109,1.32389,1.33051,0.003214457,0.000951548,0.002854643
8/15/13 12:33,DOWN,1.33051,1.33077,1.32573,1.32579,-0.003080204,0.001097502,0.003292506
8/15/13 14:14,DOWN,1.32574,1.32651,1.32056,1.32171,-0.00077143,0.001021728,0.003065183
8/15/13 15:43,UP,1.32166,1.32706,1.32098,1.32679,0.001214192,0.001070164,0.003210492
8/15/13 17:17,UP,1.32679,1.33457,1.326,1.3323,0.004573981,0.001509184,0.004527552
8/16/13 13:03,UP,1.33231,1.3368,1.33028,1.33641,0.000741065,0.000994826,0.002984478
8/16/13 14:45,DOWN,1.33643,1.33802,1.33266,1.33298,-0.001641587,0.001019618,0.003058853
8/19/13 10:14,UP,1.33301,1.3375,1.33109,1.33658,0.002202067,0.000909724,0.002729172
8/20/13 2:09,DOWN,1.33655,1.33715,1.3329,1.33304,-0.000592455,0.000729055,0.002187166
8/20/13 8:20,UP,1.33307,1.33677,1.33234,1.33635,0.001647632,0.000875025,0.002625074
8/20/13 12:30,UP,1.33633,1.34154,1.33574,1.34128,0.001380232,0.000907785,0.002723356
8/21/13 7:01,DOWN,1.34124,1.34524,1.34069,1.34094,-0.000551699,0.000732383,0.00219715
8/21/13 13:30,DOWN,1.34089,1.34089,1.33766,1.33835,-0.00032124,0.000605824,0.001817473
8/21/13 18:03,DOWN,1.33839,1.33922,1.33413,1.33594,-0.001189466,0.000625717,0.001877151
8/21/13 23:41,DOWN,1.33602,1.33967,1.33352,1.3343,-0.000839039,0.000675295,0.002025886
8/22/13 9:56,DOWN,1.33424,1.33646,1.33071,1.33124,-0.002243508,0.000960601,0.002881803
8/22/13 13:06,UP,1.33126,1.3347,1.32981,1.33403,0.000104951,0.000969986,0.002909958
8/23/13 14:28,UP,1.33402,1.33941,1.33256,1.33908,0.00187618,0.000861695,0.002585086
8/26/13 7:16,DOWN,1.3392,1.34101,1.33646,1.33662,-0.00124864,0.000757149,0.002271447
8/27/13 8:20,DOWN,1.33663,1.33945,1.33227,1.33301,-0.003056068,0.00093707,0.002811211
8/27/13 13:35,UP,1.33297,1.33788,1.33283,1.3378,0.002372374,0.000979742,0.002939226
8/28/13 9:13,DOWN,1.3378,1.3399,1.33616,1.33662,-0.000374008,0.000668794,0.002006383
8/28/13 13:47,DOWN,1.33661,1.33782,1.33076,1.33088,-0.003098405,0.001116883,0.003350648
8/29/13 6:35,DOWN,1.33084,1.33455,1.32864,1.32886,-0.001218348,0.000997033,0.002991098
8/29/13 10:15,DOWN,1.32891,1.32927,1.32454,1.32467,-0.001546359,0.000966045,0.002898136
8/29/13 15:05,DOWN,1.32472,1.32672,1.32225,1.32231,-0.00079375,0.000864471,0.002593414
8/30/13 13:23,DOWN,1.32231,1.32554,1.32138,1.32178,-0.000665547,0.000686393,0.00205918
8/30/13 20:09,UP,1.3218,1.32224,1.31733,1.3218,0.000877976,0.000646952,0.001940855
9/2/13 9:38,UP,1.32179,1.32276,1.31917,1.32215,0.000400943,0.000672072,0.002016217
9/2/13 15:11,DOWN,1.32208,1.32265,1.31835,1.31902,-0.000621481,0.000649903,0.001949708
9/3/13 7:54,DOWN,1.31907,1.31993,1.31607,1.3168,-0.000645296,0.00058785,0.001763549
9/3/13 14:04,DOWN,1.3167,1.31874,1.31471,1.31482,-0.001444022,0.000673057,0.00201917
9/3/13 23:57,UP,1.31486,1.3179,1.31387,1.31724,0,0.000675273,0.00202582
9/4/13 14:56,UP,1.31724,1.31947,1.31571,1.3193,0.001805616,0.000714362,0.002143086
9/5/13 5:24,DOWN,1.31937,1.32182,1.31674,1.31708,-0.001555263,0.000721634,0.002164902
9/5/13 9:37,UP,1.31713,1.32042,1.31631,1.32042,0.001197305,0.000710777,0.002132332
9/5/13 12:46,DOWN,1.32038,1.32234,1.31682,1.31711,-0.002615947,0.000899087,0.002697262
9/5/13 14:17,DOWN,1.31714,1.31748,1.31192,1.31228,-0.001811995,0.001025671,0.003077013
9/6/13 12:39,UP,1.31222,1.318,1.31047,1.31486,0.002032699,0.000897782,0.002693347
9/6/13 14:11,UP,1.31485,1.31897,1.31256,1.31861,0.00197372,0.000991326,0.002973978
9/9/13 12:19,UP,1.31864,1.32057,1.31541,1.32041,0.000939543,0.000812947,0.002438841
9/9/13 14:23,UP,1.32044,1.32432,1.32006,1.32404,0.001912646,0.000870405,0.002611215
9/10/13 9:41,DOWN,1.32404,1.32811,1.3235,1.32439,-0.000113253,0.000678596,0.002035789
9/10/13 14:03,UP,1.32443,1.32696,1.32301,1.32648,0.000437343,0.000656263,0.001968788
9/11/13 13:55,UP,1.32644,1.32915,1.32439,1.32897,0.001882928,0.000695179,0.002085537
9/11/13 17:37,UP,1.3289,1.33208,1.32855,1.33202,0.001735714,0.000750744,0.002252231
9/12/13 9:23,DOWN,1.33205,1.33248,1.32845,1.32884,-0.000616889,0.000715208,0.002145623
9/12/13 14:29,UP,1.32882,1.33213,1.32565,1.33162,0.002654426,0.000943369,0.002830107
9/13/13 1:18,DOWN,1.33162,1.33252,1.32813,1.32813,-0.000955775,0.000783061,0.002349184
9/13/13 12:38,UP,1.32818,1.332,1.32643,1.33174,0.001818825,0.000792291,0.002376874
9/13/13 13:46,DOWN,1.33173,1.33216,1.32632,1.32688,-0.001649128,0.000908096,0.002724288
9/13/13 17:32,UP,1.32681,1.32987,1.32539,1.32982,0.001542751,0.000863632,0.002590896
9/16/13 1:20,UP,1.32982,1.33681,1.32928,1.3365,0.005048262,0.001477198,0.004431593
9/16/13 22:24,DOWN,1.33644,1.33859,1.33299,1.33352,-0.000359885,0.000962364,0.002887092
9/17/13 9:28,UP,1.33344,1.3369,1.33251,1.33634,0.000486521,0.00082562,0.002476859
9/18/13 14:45,DOWN,1.3364,1.33697,1.33371,1.33398,-0.00070441,0.000527396,0.001582189
9/18/13 17:12,UP,1.334,1.33675,1.33397,1.33675,0.001055354,0.000571167,0.0017135
9/18/13 18:06,UP,1.33677,1.34773,1.33669,1.34724,0.007592361,0.001936423,0.005809269
9/18/13 20:29,UP,1.34724,1.35242,1.3443,1.35242,0.001494735,0.001617829,0.004853488
9/19/13 8:49,UP,1.35235,1.35689,1.35009,1.35632,0.001091784,0.001184256,0.003552767
9/19/13 17:09,DOWN,1.35631,1.35658,1.35094,1.35201,-0.000221867,0.00098343,0.002950289
9/20/13 14:56,DOWN,1.35201,1.3549,1.3498,1.35043,-0.001635178,0.000838532,0.002515595
9/23/13 6:26,UP,1.35047,1.3545,1.35027,1.35414,0.001145294,0.000824366,0.002473097
9/23/13 10:46,DOWN,1.35408,1.35447,1.35012,1.35085,-2.22E-05,0.000803927,0.002411781
9/23/13 14:04,DOWN,1.35083,1.35255,1.34796,1.34823,-0.0017267,0.000873434,0.002620301
9/24/13 12:20,DOWN,1.34817,1.35192,1.34644,1.34669,-0.001654542,0.000751349,0.002254048
9/25/13 9:25,UP,1.34675,1.3503,1.34619,1.35024,0.000918777,0.000695859,0.002087577
9/25/13 15:41,UP,1.35024,1.35376,1.34945,1.35297,0.001057493,0.000651468,0.001954404
9/26/13 9:16,DOWN,1.35301,1.35364,1.34855,1.34884,-0.00139282,0.000666508,0.001999523
9/27/13 2:40,DOWN,1.3489,1.35115,1.34721,1.3482,-0.000452353,0.000564927,0.001694782
9/27/13 8:49,UP,1.34822,1.35074,1.34777,1.35068,0.000466541,0.000570145,0.001710435
9/27/13 12:01,UP,1.35068,1.35448,1.34904,1.35446,0.001921429,0.000711225,0.002133675
9/27/13 16:49,DOWN,1.35444,1.35648,1.35211,1.35256,-0.000923747,0.000669455,0.002008364
9/30/13 0:18,DOWN,1.35256,1.35268,1.34917,1.34939,-0.001924943,0.000774381,0.002323143
9/30/13 12:42,UP,1.34933,1.3544,1.34777,1.3542,0.001870009,0.000825296,0.002475888
10/1/13 6:42,UP,1.3542,1.35757,1.35174,1.35709,0.001932468,0.000819881,0.002459644
10/1/13 10:04,DOWN,1.35704,1.35883,1.35368,1.35395,-0.000863765,0.000755553,0.002266658
10/1/13 14:24,DOWN,1.354,1.35641,1.35189,1.35251,-0.000827747,0.000718067,0.002154201
10/2/13 0:53,DOWN,1.35251,1.35444,1.35075,1.35096,-0.000673368,0.000680239,0.002040716
10/2/13 12:38,UP,1.35095,1.35531,1.35053,1.35469,0.001248297,0.00067565,0.00202695
10/2/13 13:02,UP,1.35465,1.35859,1.35367,1.35807,0.000854518,0.000773558,0.002320675
10/3/13 2:08,UP,1.358,1.36236,1.35765,1.36169,0.002536831,0.000838653,0.002515959
10/3/13 15:48,UP,1.36175,1.36342,1.35869,1.36328,0.000322803,0.000843229,0.002529686
10/4/13 9:48,DOWN,1.3633,1.36466,1.36063,1.36064,-0.00049964,0.000577498,0.001732495
10/4/13 13:51,DOWN,1.36069,1.3607,1.35795,1.35813,-0.000463766,0.000561891,0.001685673
10/4/13 16:28,DOWN,1.35813,1.36067,1.35548,1.35585,-0.001901057,0.000743863,0.00223159
10/7/13 8:05,UP,1.35587,1.35858,1.35385,1.35797,0.000589288,0.000664692,0.001994077
10/7/13 14:24,DOWN,1.35797,1.35914,1.35427,1.35444,-0.001475536,0.000679048,0.002037145
10/7/13 15:27,UP,1.35439,1.35844,1.35428,1.35835,0.001362875,0.000805696,0.002417088
10/8/13 13:31,UP,1.35831,1.35952,1.35575,1.35908,0.000669795,0.000585862,0.001757586
10/8/13 18:57,DOWN,1.35904,1.36075,1.35644,1.35666,-0.000692638,0.000559445,0.001678335
10/9/13 0:02,UP,1.35667,1.3605,1.35645,1.35958,0.000375186,0.000595437,0.001786312
10/9/13 2:08,DOWN,1.35964,1.35994,1.35626,1.35653,-0.000884219,0.00068173,0.002045191
10/9/13 7:06,DOWN,1.35647,1.35694,1.35362,1.35362,-0.001461676,0.000714247,0.002142742
10/9/13 13:33,DOWN,1.35362,1.35426,1.35004,1.35021,-0.000829157,0.000633272,0.001899817
10/10/13 3:31,DOWN,1.35024,1.35282,1.34855,1.34988,-0.000429576,0.000583921,0.001751764
10/10/13 9:00,UP,1.3499,1.35288,1.34877,1.3527,0.00157587,0.000658037,0.001974111
10/11/13 4:00,UP,1.35267,1.35469,1.3505,1.35384,0.00035461,0.000563631,0.001690893
10/11/13 8:36,UP,1.35389,1.3564,1.35303,1.35614,0.00020649,0.00065648,0.001969441
10/11/13 14:16,DOWN,1.35614,1.35819,1.35503,1.35516,-0.000619661,0.000630763,0.001892288
10/11/13 16:29,DOWN,1.3552,1.35755,1.35294,1.35298,-0.002177999,0.000807699,0.002423097
10/14/13 3:35,UP,1.35296,1.35659,1.35234,1.35639,0.000708012,0.000747519,0.002242556
10/14/13 12:46,UP,1.35632,1.3598,1.35455,1.35959,0.002238472,0.000858823,0.00257647
10/14/13 19:32,DOWN,1.3596,1.35969,1.35602,1.35653,-0.000825295,0.000746498,0.002239493
10/15/13 9:01,DOWN,1.35658,1.35714,1.353,1.35316,-0.002509486,0.000864673,0.00259402
10/15/13 10:44,DOWN,1.35311,1.35346,1.34842,1.34867,-0.001163433,0.000882573,0.002647719
10/15/13 18:38,UP,1.34863,1.3527,1.34794,1.35217,0.001909867,0.000828103,0.00248431
10/16/13 10:34,UP,1.35213,1.35442,1.35057,1.35383,0.000495015,0.000749617,0.00224885
10/16/13 14:12,DOWN,1.35384,1.35677,1.35193,1.35227,-0.001079084,0.000746382,0.002239146
10/16/13 15:13,DOWN,1.35225,1.35237,1.34792,1.34804,-0.000593278,0.000879818,0.002639454
10/16/13 17:34,UP,1.34799,1.35334,1.34727,1.35277,0.001287078,0.000896097,0.002688291
10/17/13 6:06,UP,1.35276,1.35601,1.35156,1.35584,0.000937128,0.00082353,0.00247059
10/17/13 7:37,UP,1.35588,1.36236,1.35531,1.36204,0.002079927,0.001115835,0.003347504
10/17/13 12:14,UP,1.36211,1.36622,1.36103,1.36608,0.001391809,0.000975462,0.002926385
10/18/13 6:45,UP,1.36604,1.36894,1.36396,1.36861,0.000994203,0.00070775,0.002123251
10/18/13 12:49,DOWN,1.36865,1.37043,1.36727,1.36729,-0.000840726,0.000657936,0.001973809
10/21/13 7:11,DOWN,1.36729,1.36997,1.36671,1.36682,-0.000767912,0.000561272,0.001683816
10/21/13 13:13,DOWN,1.36678,1.36849,1.36526,1.36528,-0.000805371,0.000588592,0.001765777
10/21/13 18:03,UP,1.36534,1.36889,1.3651,1.36818,0.000409387,0.000584604,0.001753811
10/22/13 12:33,UP,1.36817,1.37486,1.36624,1.37454,0.00497401,0.001304579,0.003913736
10/22/13 14:44,UP,1.37449,1.37816,1.37183,1.37814,0.001074488,0.001182325,0.003546975
10/23/13 7:58,DOWN,1.37817,1.37931,1.37453,1.37497,-0.000886899,0.000849091,0.002547273
10/23/13 13:50,UP,1.37502,1.37926,1.37416,1.37885,0.001509642,0.000824547,0.002473642
10/24/13 6:16,UP,1.37882,1.38166,1.37621,1.38108,0.00135493,0.000728499,0.002185498
10/24/13 8:07,DOWN,1.38111,1.38225,1.37698,1.37715,-0.00084922,0.000784172,0.002352517
10/24/13 12:05,UP,1.37712,1.38163,1.37645,1.38095,0.000478046,0.000799156,0.002397467
10/25/13 6:08,UP,1.38093,1.38326,1.37815,1.38234,0.000542706,0.000727631,0.002182893
10/25/13 10:15,DOWN,1.38229,1.38306,1.37903,1.37903,-0.000507474,0.000738314,0.002214942
10/25/13 20:12,UP,1.37901,1.38144,1.37746,1.38049,0.000152131,0.000606682,0.001820046
10/28/13 14:15,DOWN,1.38043,1.38178,1.37823,1.37838,-0.000688977,0.000564183,0.001692549
10/28/13 20:08,UP,1.37838,1.38102,1.37751,1.38055,0.000927597,0.000560463,0.001681388
10/29/13 1:52,DOWN,1.38051,1.38091,1.37693,1.37754,-0.000631361,0.00060074,0.001802219
10/29/13 10:29,DOWN,1.37755,1.37914,1.37584,1.37606,-0.000152598,0.000602676,0.001808028
10/29/13 15:45,UP,1.37606,1.38133,1.37538,1.38102,0.001761119,0.000787627,0.002362881
10/29/13 16:53,DOWN,1.38095,1.38137,1.37649,1.37679,-0.001567637,0.000876585,0.002629755
10/30/13 1:14,DOWN,1.37685,1.37719,1.37342,1.3735,-0.000844201,0.000765677,0.00229703
10/30/13 12:39,UP,1.37345,1.37686,1.37328,1.37637,0.000377877,0.00062334,0.00187002
10/30/13 19:14,DOWN,1.37633,1.37859,1.37188,1.37286,-0.001172047,0.000675892,0.002027677
10/31/13 6:40,DOWN,1.37287,1.37396,1.36894,1.36951,-0.000897728,0.000857307,0.002571922
10/31/13 11:15,DOWN,1.36954,1.37156,1.36685,1.36727,-0.001388666,0.000902649,0.002707946
10/31/13 14:01,DOWN,1.36724,1.36755,1.36321,1.36384,-0.000476482,0.000822819,0.002468457
10/31/13 15:36,DOWN,1.3638,1.36567,1.3605,1.36054,-0.00111658,0.000858323,0.002574969
10/31/13 20:47,DOWN,1.36054,1.36225,1.35773,1.35779,-0.001037913,0.000755129,0.002265388
11/1/13 2:51,DOWN,1.35773,1.35899,1.35396,1.35475,-0.000708367,0.000786772,0.002360316
11/1/13 9:31,DOWN,1.35475,1.35668,1.35173,1.35251,-0.000436131,0.000882036,0.002646108
11/1/13 14:45,DOWN,1.35247,1.35397,1.34938,1.34962,-0.000703654,0.000877633,0.002632899
11/4/13 9:54,UP,1.34962,1.35085,1.3442,1.35068,0.000703597,0.000802523,0.002407569
11/5/13 9:19,DOWN,1.35074,1.35247,1.34823,1.3484,-0.000978459,0.000631769,0.001895306
11/5/13 14:57,DOWN,1.3484,1.35111,1.34609,1.34656,-0.000816563,0.000660403,0.001981208
11/6/13 3:43,UP,1.34658,1.34835,1.3449,1.34815,0.000556473,0.000664115,0.001992344
11/6/13 12:26,UP,1.34817,1.35327,1.34817,1.35236,0.001220834,0.000775825,0.002327476
11/7/13 1:31,DOWN,1.35244,1.35479,1.35019,1.35093,-0.000377446,0.000832039,0.002496117
11/7/13 13:52,DOWN,1.35089,1.3529,1.33538,1.33687,-0.010158643,0.002578125,0.007734375
11/7/13 17:23,UP,1.33687,1.34262,1.32957,1.33979,0.001434088,0.001868256,0.005604769
11/8/13 14:38,DOWN,1.33979,1.34499,1.33561,1.33722,-0.003568206,0.001310968,0.003932905
11/11/13 8:40,UP,1.3373,1.33926,1.33177,1.33742,0.00109225,0.000925484,0.002776451
11/11/13 15:09,UP,1.33738,1.34126,1.33684,1.3406,0.000865659,0.000800096,0.002400288
11/12/13 9:16,DOWN,1.34058,1.34165,1.33797,1.33846,-0.000858827,0.000678781,0.002036342
11/12/13 12:20,UP,1.33846,1.34091,1.33593,1.3395,0.000619826,0.000679074,0.002037223
11/12/13 14:07,UP,1.33951,1.34294,1.33812,1.34252,0.001386415,0.000786384,0.002359151
11/13/13 11:03,DOWN,1.34252,1.34566,1.34123,1.34208,-0.000715052,0.000671549,0.002014646
11/13/13 15:21,UP,1.34204,1.34541,1.3408,1.34508,0.000699087,0.000730921,0.002192763
11/13/13 15:39,DOWN,1.34506,1.34531,1.34052,1.34058,-0.003351135,0.001084434,0.003253302
11/13/13 17:57,UP,1.34054,1.34708,1.33901,1.34535,0.000899799,0.001067932,0.003203797
11/14/13 11:00,DOWN,1.34533,1.34981,1.3437,1.34414,-0.001360539,0.000881133,0.002643398
11/14/13 16:27,UP,1.3441,1.34705,1.34183,1.34671,0.00121109,0.000838218,0.002514653
11/15/13 11:11,DOWN,1.34666,1.34892,1.34321,1.34375,-0.000773654,0.00080152,0.002404561
11/15/13 15:02,UP,1.34374,1.34887,1.34365,1.34814,0.001105838,0.00080631,0.002418931
11/18/13 10:26,UP,1.34814,1.35179,1.34705,1.35134,0.001221756,0.000803305,0.002409915
11/18/13 15:43,UP,1.35136,1.35417,1.35015,1.35396,0.000931037,0.000722342,0.002167027
11/18/13 18:29,DOWN,1.35397,1.35421,1.35071,1.35089,-0.001154128,0.000726564,0.002179693
11/19/13 9:09,UP,1.35089,1.35434,1.34958,1.35383,0.00182612,0.000736348,0.002209045
11/19/13 11:08,DOWN,1.35384,1.354,1.34925,1.35012,-0.001250958,0.000804884,0.002414652
11/19/13 16:39,UP,1.35015,1.35412,1.34877,1.35297,0.000236545,0.000784446,0.002353337
11/20/13 0:18,UP,1.35311,1.3579,1.35162,1.35665,0.00213252,0.000885481,0.002656444
11/20/13 9:21,DOWN,1.35673,1.35691,1.35292,1.35312,-0.000687064,0.00078644,0.00235932
11/20/13 16:28,DOWN,1.35309,1.35472,1.34727,1.34822,-0.003753461,0.001183475,0.003550425
11/20/13 18:43,DOWN,1.34827,1.34923,1.3435,1.34355,-0.001205035,0.001113728,0.003341185
11/21/13 12:52,UP,1.34352,1.34774,1.33994,1.34695,0.002646507,0.001045946,0.003137837
11/22/13 7:44,UP,1.34695,1.349,1.3444,1.34854,0.001617871,0.000881311,0.002643932
11/22/13 13:07,UP,1.34852,1.35275,1.34789,1.35178,0.000266351,0.000810444,0.002431331
11/22/13 21:03,UP,1.35182,1.35537,1.3513,1.35505,0.000590558,0.000776952,0.002330855
11/25/13 10:50,DOWN,1.3551,1.35605,1.35132,1.35137,-0.00144194,0.00072124,0.00216372
11/26/13 0:36,UP,1.35136,1.35286,1.34902,1.35261,0.000695194,0.000609149,0.001827446
11/26/13 9:25,UP,1.35263,1.35716,1.35222,1.35704,0.001939922,0.000761755,0.002285265
11/26/13 15:19,DOWN,1.35701,1.35701,1.35211,1.3525,-0.001647441,0.000822629,0.002467888
11/26/13 17:44,UP,1.35252,1.35641,1.35221,1.35589,0.000103259,0.000810588,0.002431765
11/27/13 4:44,UP,1.35593,1.35996,1.35496,1.35966,0.002577492,0.000952634,0.002857903
11/27/13 17:04,DOWN,1.35966,1.3613,1.35722,1.35764,-0.000287222,0.000723075,0.002169226
11/28/13 9:04,UP,1.35757,1.36067,1.3559,1.36017,0.002355419,0.000863663,0.002590988
11/29/13 3:01,UP,1.36016,1.36203,1.35876,1.36172,0.000521535,0.000625794,0.001877383
11/29/13 19:38,DOWN,1.36173,1.3622,1.35827,1.35876,-0.001551682,0.00062281,0.00186843
12/2/13 8:47,UP,1.35877,1.3616,1.35799,1.36111,0.00059528,0.000610166,0.001830499
12/2/13 10:19,DOWN,1.36114,1.36137,1.35722,1.35775,-0.001001156,0.000654567,0.001963702
12/2/13 12:01,DOWN,1.35776,1.35777,1.35428,1.3544,-0.000656902,0.000807582,0.002422745
12/3/13 9:32,UP,1.35437,1.35611,1.35243,1.35562,0.000634597,0.000647314,0.001941943
12/3/13 14:21,UP,1.35575,1.35936,1.3556,1.35883,0.001008729,0.000630514,0.001891541
12/3/13 17:59,UP,1.35881,1.36141,1.35702,1.36036,0.000831008,0.000598159,0.001794476
12/4/13 8:38,DOWN,1.36034,1.3609,1.35676,1.35745,-0.00063334,0.000517138,0.001551413
12/4/13 14:07,UP,1.35749,1.36011,1.35674,1.35951,0.00046351,0.000450459,0.001351378
12/4/13 14:46,DOWN,1.3595,1.35979,1.35451,1.355,-0.00188015,0.000713294,0.002139882
12/4/13 17:44,UP,1.35495,1.35652,1.35283,1.35603,-1.47E-05,0.000758718,0.002276155
12/4/13 18:38,UP,1.35596,1.36057,1.35543,1.35991,0.002061082,0.000894024,0.002682071
12/5/13 7:38,UP,1.35992,1.36397,1.35799,1.36318,0.002092888,0.00091657,0.00274971
12/5/13 10:35,DOWN,1.36317,1.36348,1.35844,1.35953,-0.000610319,0.000844401,0.002533202
12/5/13 14:31,DOWN,1.35958,1.36021,1.35505,1.35587,-0.002085046,0.000911055,0.002733166
12/5/13 14:55,UP,1.3559,1.36197,1.35433,1.36144,0.003229737,0.001184044,0.003552131
12/5/13 17:26,UP,1.36141,1.36682,1.36123,1.36654,0.000680783,0.001067572,0.003202715
12/6/13 14:37,DOWN,1.36646,1.36785,1.36191,1.36357,-0.00160479,0.00077719,0.002331569
12/6/13 15:18,UP,1.36356,1.36945,1.36338,1.36825,0.000606798,0.000964339,0.002893018
12/9/13 0:12,UP,1.36822,1.37139,1.36657,1.37116,0.000576321,0.000793075,0.002379226
12/9/13 16:43,UP,1.3712,1.37308,1.36941,1.37288,0.000378838,0.000648461,0.001945382
12/10/13 3:28,UP,1.37293,1.37679,1.37146,1.37567,0.001280196,0.000659795,0.001979385
12/10/13 15:40,UP,1.37574,1.37738,1.37402,1.37716,0.00012345,0.000616701,0.001850104
12/10/13 23:40,DOWN,1.37709,1.37952,1.37565,1.3759,-0.000414189,0.000619689,0.001859066
12/11/13 15:10,UP,1.37588,1.37878,1.37409,1.37864,0.00137912,0.00071913,0.00215739
12/12/13 11:08,DOWN,1.37862,1.3811,1.37637,1.37732,-0.000326668,0.000589324,0.001767973
12/12/13 15:11,DOWN,1.37727,1.37907,1.37501,1.37606,-0.000283378,0.000523491,0.001570472
12/12/13 18:45,DOWN,1.37609,1.37797,1.37449,1.37475,-0.000501784,0.000507293,0.001521879
12/13/13 9:47,UP,1.37479,1.37694,1.37375,1.37631,0.000406968,0.000470943,0.001412829
12/13/13 11:16,DOWN,1.37635,1.37644,1.37275,1.37275,-0.00179042,0.000651432,0.001954296
12/13/13 15:00,UP,1.37272,1.37549,1.37092,1.37514,0.001433609,0.000698922,0.002096766
12/13/13 19:08,DOWN,1.37515,1.37535,1.37161,1.3718,-0.000779693,0.000676053,0.002028158
12/16/13 1:50,UP,1.37175,1.37468,1.37127,1.37462,0.000574869,0.000682988,0.002048963
12/16/13 10:39,UP,1.37465,1.37754,1.37352,1.37732,0.001453151,0.000724996,0.002174988
12/16/13 17:25,DOWN,1.37736,1.37987,1.37514,1.37615,-0.000217976,0.000637693,0.00191308
12/17/13 8:56,UP,1.37615,1.37826,1.37428,1.37811,0.000616977,0.000579062,0.001737186
12/17/13 13:11,DOWN,1.37809,1.37812,1.37451,1.37519,-0.000966672,0.000569131,0.001707394
12/17/13 16:26,DOWN,1.37514,1.37685,1.37314,1.37341,-0.000567768,0.000599167,0.0017975
12/17/13 18:50,UP,1.37344,1.37596,1.37232,1.37558,0.000298101,0.000632597,0.001897792
12/18/13 10:55,DOWN,1.37557,1.37785,1.37473,1.37488,-0.00079975,0.000556631,0.001669892
12/18/13 15:47,UP,1.37484,1.37677,1.37318,1.37634,0.001272297,0.000598327,0.001794981
12/18/13 20:01,DOWN,1.37636,1.38008,1.37034,1.37247,-0.002612307,0.000831961,0.002495884
12/18/13 20:25,UP,1.37251,1.37986,1.37171,1.37773,0.000479164,0.001121077,0.00336323
12/18/13 21:30,DOWN,1.37766,1.38117,1.37172,1.37179,-0.002868043,0.001373987,0.004121962
12/19/13 3:36,DOWN,1.37179,1.37188,1.36551,1.36589,-0.001112209,0.00125419,0.003762571
12/19/13 21:28,DOWN,1.36589,1.36914,1.36493,1.36544,-0.000395399,0.00077886,0.002336579
12/20/13 6:36,DOWN,1.36546,1.36676,1.36253,1.3629,-0.001129306,0.000765791,0.002297374
12/20/13 11:56,UP,1.3629,1.36636,1.36251,1.36605,0.001259898,0.000730637,0.002191911
12/20/13 16:06,UP,1.36606,1.36853,1.36322,1.36794,0.001433839,0.000775486,0.002326459
12/23/13 14:34,UP,1.36788,1.37096,1.3665,1.37018,0.000562128,0.000695275,0.002085826
12/24/13 5:53,DOWN,1.37024,1.37171,1.36761,1.36784,-0.000526239,0.000595566,0.001786698
12/26/13 10:15,UP,1.36789,1.37027,1.36549,1.36953,0.00095699,0.000564124,0.001692373
12/27/13 2:23,UP,1.36956,1.37148,1.36798,1.37121,0.000912019,0.000528178,0.001584533
12/27/13 8:00,UP,1.37114,1.37729,1.37103,1.37729,0.002529898,0.000874475,0.002623424
12/27/13 10:52,UP,1.37723,1.38068,1.37579,1.38011,0.000268131,0.000893271,0.002679813
12/27/13 12:38,UP,1.38011,1.38469,1.37941,1.38406,0.001851343,0.000951135,0.002853406
12/27/13 14:14,DOWN,1.38402,1.38941,1.38104,1.38125,-0.002465736,0.001117053,0.003351158
12/27/13 17:47,DOWN,1.38125,1.38258,1.37643,1.37673,-0.000566399,0.001120464,0.003361392
12/30/13 14:14,UP,1.37673,1.37818,1.37283,1.37808,0.00116171,0.000923847,0.002771542
12/30/13 17:22,UP,1.37812,1.38188,1.37807,1.38182,0.000528428,0.000829502,0.002488507
12/31/13 9:01,DOWN,1.38177,1.38194,1.37828,1.37828,-0.00043523,0.000764456,0.002293367
12/31/13 22:56,DOWN,1.3782,1.37949,1.3741,1.37499,-0.000334492,0.000819496,0.002458488
1/2/14 8:59,DOWN,1.37503,1.37764,1.37255,1.37314,-0.001128163,0.000828536,0.002485609
1/2/14 12:28,DOWN,1.37316,1.37425,1.3684,1.36861,-0.001343527,0.000848617,0.002545852
1/2/14 14:01,DOWN,1.36855,1.36955,1.36373,1.36452,-0.001062081,0.000898019,0.002694056
1/2/14 19:44,UP,1.36456,1.36769,1.36295,1.3673,0.000321854,0.000899693,0.002699078
1/3/14 9:41,DOWN,1.36729,1.3674,1.36329,1.36401,-0.000688907,0.00074644,0.002239321
1/3/14 15:16,DOWN,1.36403,1.3659,1.36122,1.3613,-0.002128051,0.000876076,0.002628229
1/6/14 2:58,DOWN,1.36134,1.36197,1.35797,1.35829,-0.00081687,0.000669004,0.002007011
1/6/14 10:12,UP,1.3583,1.3613,1.35713,1.36087,0.000845405,0.000626162,0.001878486
1/6/14 15:04,DOWN,1.36083,1.36223,1.35932,1.35934,-0.000588348,0.000595144,0.001785431
1/6/14 16:06,UP,1.3593,1.36349,1.3593,1.36314,0.001556443,0.00071226,0.002136779
1/7/14 6:56,DOWN,1.36315,1.36534,1.36181,1.3621,-0.000271602,0.0005989,0.001796699
1/7/14 12:19,UP,1.36211,1.36494,1.36103,1.36482,0.000425055,0.00065809,0.00197427
1/7/14 15:56,DOWN,1.36485,1.36567,1.36193,1.36198,-0.000939367,0.000651487,0.001954461
1/7/14 18:34,UP,1.36203,1.36404,1.35965,1.36341,0.001056733,0.000716751,0.002150252
1/8/14 9:53,DOWN,1.36338,1.36359,1.35995,1.36049,-0.000146995,0.00066154,0.001984621
1/8/14 16:20,UP,1.36045,1.36184,1.35674,1.3612,0.000874611,0.000672476,0.002017428
1/8/14 18:18,DOWN,1.36115,1.36159,1.35753,1.35764,-0.000647974,0.000668712,0.002006137
1/9/14 6:24,UP,1.35762,1.35872,1.35533,1.35842,0.000419693,0.000599623,0.001798869
1/9/14 10:12,UP,1.35836,1.36202,1.35813,1.36167,0.000697916,0.000604698,0.001814093
1/9/14 14:29,UP,1.36171,1.36332,1.35963,1.36289,0.001483244,0.000660267,0.001980801
1/9/14 14:50,DOWN,1.36284,1.36333,1.35526,1.35528,-0.002917645,0.001140866,0.003422599
1/9/14 17:49,UP,1.35532,1.35965,1.35482,1.35911,0.000367955,0.000924249,0.002772748
1/10/14 14:07,DOWN,1.35915,1.362,1.35806,1.35879,-0.00018397,0.000646938,0.001940814
1/10/14 14:40,UP,1.35884,1.36644,1.35714,1.36371,0.002908068,0.000951502,0.002854506
1/10/14 15:52,UP,1.36371,1.36714,1.36231,1.3669,0.0013983,0.000976835,0.002930504
1/13/14 14:26,DOWN,1.36685,1.36874,1.36417,1.36444,-0.001450093,0.000721568,0.002164703
1/13/14 21:52,UP,1.36448,1.36775,1.36374,1.36719,0.000248716,0.000594214,0.001782642
1/14/14 9:34,UP,1.36712,1.36998,1.36492,1.36906,0.001754566,0.000657395,0.001972186
1/14/14 14:15,DOWN,1.36906,1.36992,1.36622,1.36667,-0.000226803,0.00057552,0.001726559
1/14/14 18:17,UP,1.36672,1.36904,1.36572,1.36879,0.000869759,0.000567183,0.001701548
1/15/14 2:23,DOWN,1.36877,1.36886,1.36611,1.36627,-0.000380526,0.000556203,0.00166861
1/15/14 5:39,DOWN,1.36627,1.36658,1.36273,1.36339,-0.000615922,0.000672553,0.002017659
1/15/14 13:40,DOWN,1.36334,1.36451,1.36053,1.36119,-0.000558179,0.00060844,0.001825319
1/16/14 2:54,UP,1.36118,1.36199,1.35813,1.36161,0.001440509,0.000674332,0.002022995
1/16/14 15:12,UP,1.36156,1.36497,1.35932,1.3638,0.000762866,0.000698474,0.002095423
1/16/14 16:39,DOWN,1.36376,1.36466,1.35989,1.36019,-0.001204988,0.000788592,0.002365775
1/16/14 22:47,UP,1.36021,1.36235,1.35831,1.36219,0.000374467,0.000777473,0.00233242
1/17/14 13:30,DOWN,1.36213,1.36223,1.35871,1.35919,-0.000853086,0.000683532,0.002050596
1/17/14 17:01,DOWN,1.35924,1.35929,1.35554,1.35588,-0.000803583,0.000663711,0.001991132
1/17/14 18:55,DOWN,1.35585,1.357,1.35256,1.35321,-0.000598398,0.000672875,0.002018624
1/20/14 8:36,UP,1.35327,1.35426,1.35075,1.35411,0.000361927,0.000666481,0.001999444
1/20/14 17:17,UP,1.35405,1.35676,1.35398,1.35672,0.000575081,0.000545323,0.001635969
1/21/14 2:19,DOWN,1.35665,1.35683,1.35402,1.35443,-2.95E-05,0.000552171,0.001656513
1/21/14 12:31,DOWN,1.35448,1.3563,1.35251,1.35296,-0.000731461,0.000570571,0.001711712
1/21/14 17:10,UP,1.35299,1.35478,1.35163,1.35435,0.000516987,0.000519652,0.001558956
1/22/14 1:34,UP,1.35436,1.35723,1.35411,1.35671,0.00066359,0.000537174,0.001611522
1/22/14 8:57,DOWN,1.35678,1.35803,1.3543,1.35437,-0.000988901,0.000551402,0.001654206
1/22/14 13:59,UP,1.35444,1.35775,1.35346,1.35693,0.001379061,0.000605944,0.001817832
1/23/14 2:14,DOWN,1.35693,1.35836,1.35302,1.35417,-0.000369162,0.000566048,0.001698143
1/23/14 9:00,UP,1.35424,1.35927,1.35378,1.35895,0.002276403,0.000759455,0.002278365
1/23/14 9:49,UP,1.359,1.36421,1.35897,1.36283,0.000792783,0.000795332,0.002385997
1/23/14 14:53,UP,1.36279,1.36631,1.36247,1.36592,0.00086426,0.000680954,0.002042863
1/23/14 19:49,UP,1.36587,1.3695,1.36537,1.36907,0.000891513,0.000567097,0.00170129
1/24/14 13:27,UP,1.36914,1.37152,1.36661,1.37142,0.002745449,0.000897375,0.002692124
1/24/14 15:14,DOWN,1.37138,1.37397,1.36838,1.36867,-0.00034334,0.000911097,0.002733292
1/27/14 11:15,UP,1.36865,1.37101,1.36692,1.37044,0.000408711,0.000545016,0.001635048
1/27/14 12:44,DOWN,1.37045,1.3717,1.36747,1.36784,-0.000913432,0.000568766,0.001706298
1/28/14 7:26,UP,1.36786,1.36834,1.3653,1.36772,0.000241307,0.000387441,0.001162322
1/28/14 10:28,DOWN,1.36772,1.36887,1.36602,1.36639,-0.000387808,0.000498423,0.001495268
1/28/14 12:07,DOWN,1.36637,1.36686,1.36359,1.36371,-0.001751038,0.000625895,0.001877685
1/28/14 15:34,UP,1.36361,1.36668,1.36289,1.36655,0.001486597,0.000677565,0.002032695
1/29/14 5:21,DOWN,1.36668,1.36865,1.36486,1.36536,-0.000388101,0.00062662,0.001879859
1/29/14 11:37,UP,1.36537,1.36852,1.36473,1.36822,0.000628752,0.000571524,0.001714571
1/29/14 14:10,DOWN,1.36822,1.36838,1.36544,1.36546,-0.000578392,0.000590576,0.001771729
1/29/14 15:07,DOWN,1.36558,1.36576,1.36163,1.36224,-0.001144517,0.000685737,0.002057211
1/29/14 16:15,UP,1.36226,1.36663,1.36027,1.36633,0.001750743,0.000817369,0.002452107
1/30/14 9:27,DOWN,1.36628,1.36769,1.36345,1.364,-0.000542375,0.000618334,0.001855002
1/30/14 11:09,DOWN,1.36402,1.36403,1.35983,1.36054,-0.001285427,0.000735284,0.002205852
1/30/14 15:08,DOWN,1.36065,1.36175,1.35717,1.35753,-0.001302989,0.000715503,0.002146508
1/30/14 18:31,DOWN,1.35751,1.35898,1.35511,1.35538,-0.000767018,0.000670735,0.002012204
1/31/14 12:11,DOWN,1.35538,1.35603,1.35174,1.35264,-0.000827668,0.000562885,0.001688654
1/31/14 13:59,UP,1.35276,1.35741,1.35256,1.35506,2.21E-05,0.000590967,0.001772901
1/31/14 15:00,DOWN,1.35494,1.35536,1.35193,1.35223,-0.001529634,0.000683175,0.002049526
1/31/14 16:59,DOWN,1.35224,1.35253,1.34828,1.3487,-0.000963427,0.000663238,0.001989715
2/3/14 4:13,DOWN,1.34859,1.35102,1.34787,1.34806,-0.00042274,0.000640227,0.00192068
2/3/14 12:22,UP,1.34805,1.35174,1.34768,1.35174,0.000976996,0.000649353,0.001948058
2/3/14 15:57,DOWN,1.35163,1.35195,1.34894,1.34916,-0.000466848,0.000608319,0.001824956
2/3/14 18:11,UP,1.34916,1.3524,1.34848,1.35193,0.000747359,0.000706893,0.00212068
2/4/14 10:31,DOWN,1.35192,1.35395,1.34931,1.34984,-0.000925607,0.000658991,0.001976973
2/4/14 14:25,UP,1.34994,1.35323,1.34983,1.35297,0.00150153,0.000713098,0.002139294
2/5/14 15:07,UP,1.35298,1.35466,1.34947,1.35419,0.001796043,0.000710811,0.002132434
2/5/14 16:11,DOWN,1.35409,1.35562,1.3511,1.35126,-0.000658428,0.000799292,0.002397877
2/6/14 14:54,DOWN,1.35125,1.35464,1.34912,1.34939,-0.001569847,0.00081302,0.002439061
2/6/14 15:37,UP,1.3494,1.35785,1.34828,1.35581,0.004753834,0.001392839,0.004178518
2/6/14 17:15,UP,1.35591,1.36194,1.35439,1.36128,0.00043351,0.001268644,0.003805932
2/7/14 10:38,DOWN,1.3613,1.36145,1.35515,1.3565,-0.001458575,0.000980795,0.002942386
2/7/14 15:32,UP,1.3564,1.3644,1.35592,1.36104,0.002707477,0.001065606,0.003196817
2/7/14 21:52,UP,1.36122,1.36317,1.35759,1.363,0.000726603,0.000892483,0.002677449
2/11/14 0:49,UP,1.36311,1.36703,1.3615,1.36692,0.001684032,0.000670134,0.002010402
2/11/14 14:12,DOWN,1.36694,1.36836,1.36378,1.36399,-0.000908685,0.000653972,0.001961915
2/11/14 15:47,UP,1.36399,1.3679,1.36361,1.36722,0.000724359,0.000666638,0.001999914
2/11/14 18:52,DOWN,1.36712,1.36807,1.36363,1.36401,-0.000549698,0.000633688,0.001901064
2/12/14 11:37,DOWN,1.36398,1.36533,1.36011,1.3605,-0.002488632,0.000797384,0.002392152
2/12/14 12:37,DOWN,1.3605,1.36067,1.35704,1.35704,-0.00114154,0.000827114,0.002481342
2/12/14 16:34,UP,1.35703,1.35989,1.35618,1.35957,0.000500283,0.000726392,0.002179175
2/13/14 2:38,UP,1.35957,1.3613,1.35789,1.3613,0.000911309,0.000642508,0.001927525
2/13/14 9:22,UP,1.36118,1.36482,1.36071,1.36482,0.001488483,0.000714427,0.002143282
2/13/14 13:36,UP,1.36484,1.36925,1.36471,1.36908,0.001235168,0.000756009,0.002268026
2/14/14 7:04,UP,1.36906,1.36996,1.36627,1.36953,0.001030081,0.000621806,0.001865419
2/14/14 15:06,DOWN,1.36952,1.37157,1.3678,1.36879,-8.04E-05,0.000568234,0.001704701
2/17/14 2:39,UP,1.36871,1.37247,1.36824,1.37129,0.000102099,0.00058067,0.001742009
2/18/14 9:54,UP,1.37128,1.37276,1.36918,1.37243,0.000714317,0.000533338,0.001600015
2/18/14 13:55,UP,1.37243,1.37493,1.37069,1.37453,0.000232834,0.000554701,0.001664102
2/19/14 2:05,UP,1.37444,1.37737,1.3742,1.37687,0.000334147,0.000561656,0.001684968
2/19/14 11:59,DOWN,1.37688,1.37688,1.37456,1.37484,-0.0003418,0.000490556,0.001471668
2/19/14 19:05,DOWN,1.37472,1.37658,1.37339,1.37375,-0.000974957,0.000567695,0.001703085
2/20/14 6:58,UP,1.37372,1.37633,1.37241,1.37531,0.000261793,0.000474655,0.001423966
2/20/14 8:02,DOWN,1.37541,1.37562,1.37069,1.37174,-0.001900885,0.000665863,0.00199759
2/20/14 14:16,UP,1.37175,1.37234,1.36854,1.37212,0.000371757,0.000665322,0.001995967
2/20/14 17:19,DOWN,1.37202,1.37292,1.36874,1.36947,-0.000496419,0.000630101,0.001890304
2/21/14 10:07,UP,1.36947,1.37256,1.36936,1.3718,0.000648993,0.000552689,0.001658067
2/21/14 15:01,UP,1.37171,1.37559,1.37035,1.37559,0.002576758,0.000807965,0.002423896
2/24/14 9:00,UP,1.37562,1.37735,1.37197,1.37643,0.001119463,0.000697605,0.002092814
2/24/14 12:25,DOWN,1.37656,1.37693,1.37225,1.37239,-0.001085108,0.000751995,0.002255986
2/24/14 16:24,UP,1.37227,1.37442,1.3708,1.37434,0.00127415,0.000770635,0.002311905
2/25/14 14:42,UP,1.37425,1.37676,1.37289,1.37628,0.00077776,0.000572361,0.001717083
2/25/14 15:17,DOWN,1.3763,1.37646,1.37234,1.37261,-0.002139614,0.000761589,0.002284767
2/26/14 9:24,UP,1.37271,1.3761,1.3715,1.3754,0.000778258,0.000572722,0.001718165
2/26/14 12:41,DOWN,1.3753,1.37576,1.37177,1.37263,-0.000837457,0.000563027,0.001689081
2/26/14 14:23,DOWN,1.37262,1.37319,1.36961,1.36994,-0.001436986,0.000642517,0.001927551
2/26/14 15:17,DOWN,1.36984,1.36996,1.36675,1.36696,-0.000373021,0.000641037,0.001923112
2/27/14 1:35,UP,1.36695,1.36962,1.36613,1.3694,0.000927844,0.000546884,0.001640652
2/27/14 8:09,DOWN,1.36928,1.36961,1.36526,1.3654,-0.001712317,0.000660249,0.001980747
2/27/14 14:45,UP,1.36541,1.36781,1.36429,1.3676,0.000321783,0.000547482,0.001642445
2/27/14 16:24,UP,1.36771,1.37166,1.36729,1.37079,0.001065647,0.000601801,0.001805404
2/28/14 10:01,UP,1.37078,1.37879,1.36938,1.37803,0.004523907,0.001226339,0.003679018
2/28/14 20:04,UP,1.37803,1.38255,1.37738,1.38235,0.000868464,0.000779254,0.002337762
3/2/14 22:15,DOWN,1.38226,1.38237,1.37557,1.37776,-0.002059195,0.000912236,0.002736709
3/3/14 12:32,DOWN,1.37777,1.37932,1.3758,1.37589,-0.000247082,0.000699347,0.00209804
3/3/14 17:58,DOWN,1.37588,1.3781,1.37433,1.37446,-0.001134348,0.000729995,0.002189986
3/4/14 8:14,UP,1.37433,1.37741,1.37205,1.37718,0.001133392,0.000715731,0.002147194
3/4/14 15:21,DOWN,1.37715,1.37821,1.37437,1.3744,-0.00105445,0.000623998,0.001871994
3/5/14 10:33,DOWN,1.37439,1.37496,1.37071,1.37182,-0.000772398,0.000504919,0.001514758
3/5/14 15:39,UP,1.37181,1.37501,1.37071,1.3743,0.00130333,0.00058307,0.001749209
3/6/14 12:01,UP,1.37429,1.37605,1.37209,1.37605,0.001578222,0.000563374,0.001690121
3/6/14 13:39,UP,1.37618,1.38108,1.37254,1.3791,0.002991927,0.000906992,0.002720975
3/6/14 14:36,UP,1.37901,1.38441,1.37864,1.38371,0.001779411,0.000938572,0.002815717
3/7/14 8:05,UP,1.38368,1.38741,1.38314,1.38696,0.000757338,0.000665302,0.001995907
3/7/14 11:40,UP,1.38707,1.39156,1.38645,1.39112,0.001834737,0.000731804,0.002195412
3/7/14 13:35,DOWN,1.39119,1.39151,1.38669,1.38735,-0.001706835,0.000782774,0.002348321
3/10/14 1:06,UP,1.3875,1.38882,1.38518,1.38864,0.000684357,0.00067245,0.00201735
3/10/14 11:07,DOWN,1.38865,1.38984,1.38689,1.38703,-0.000432485,0.000583168,0.001749505
3/11/14 5:47,DOWN,1.38714,1.3888,1.38612,1.38626,-0.000389461,0.000521926,0.001565779
3/11/14 10:46,DOWN,1.38625,1.38732,1.38398,1.38445,-0.000332207,0.000513242,0.001539725
3/11/14 14:48,UP,1.38443,1.38687,1.38334,1.38627,0.000324665,0.000469545,0.001408635
3/11/14 23:40,DOWN,1.38638,1.38773,1.38518,1.38541,-0.00046185,0.000511472,0.001534415
3/12/14 11:35,UP,1.3853,1.38753,1.38432,1.38721,0.000836561,0.000487818,0.001463455
3/12/14 15:56,UP,1.38721,1.3906,1.38714,1.39041,0.000568339,0.000582435,0.001747304
3/13/14 4:48,UP,1.39043,1.39447,1.38959,1.39364,0.001845794,0.000634938,0.001904814
3/13/14 9:31,UP,1.39362,1.39672,1.39318,1.39639,0.000730722,0.000606459,0.001819378
3/13/14 14:31,DOWN,1.39649,1.39657,1.39367,1.39397,-0.000631091,0.000573753,0.001721259
3/13/14 16:31,DOWN,1.39398,1.3943,1.39069,1.39097,-0.001508599,0.000637733,0.001913198
3/13/14 17:46,DOWN,1.39094,1.39196,1.38578,1.3859,-0.002723757,0.000911387,0.002734161
3/14/14 9:32,UP,1.38593,1.38891,1.38452,1.3888,0.001744031,0.000762953,0.002288858
3/14/14 14:03,UP,1.38879,1.39352,1.38726,1.39273,0.001106354,0.000802748,0.002408243
3/17/14 0:59,DOWN,1.39274,1.39378,1.38971,1.39035,-0.000467399,0.000616262,0.001848785
3/17/14 13:40,UP,1.3902,1.39315,1.38788,1.39295,0.001587821,0.000677961,0.002033882
3/18/14 8:06,DOWN,1.39282,1.39483,1.39071,1.39078,-0.001171318,0.000609088,0.001827265
3/18/14 11:53,UP,1.39077,1.39436,1.38895,1.39273,0.000854802,0.000735012,0.002205035
3/18/14 15:00,DOWN,1.39272,1.39359,1.38797,1.38891,-0.00096432,0.000682487,0.00204746
3/18/14 17:48,UP,1.3888,1.39327,1.38866,1.3925,0.000919633,0.000677129,0.002031387
3/19/14 14:33,DOWN,1.39247,1.39353,1.39013,1.39053,-0.000869793,0.000598841,0.001796523
3/19/14 18:06,DOWN,1.39044,1.39249,1.386,1.3861,-0.004333717,0.001186982,0.003560945
3/20/14 10:29,DOWN,1.38612,1.38681,1.38094,1.38234,-0.001178465,0.000832118,0.002496354
3/20/14 12:15,DOWN,1.38247,1.38319,1.37887,1.37887,-0.000478538,0.000821774,0.002465323
3/21/14 9:27,UP,1.37886,1.37919,1.37559,1.37907,0.000573014,0.000656425,0.001969275
3/24/14 8:15,UP,1.37896,1.3831,1.3774,1.38173,0.001303564,0.000634314,0.001902943
3/24/14 9:33,DOWN,1.38176,1.38204,1.3769,1.37741,-0.001052147,0.000740632,0.002221897
3/24/14 17:28,UP,1.37737,1.38118,1.376,1.38044,0.001050942,0.000675959,0.002027877
3/24/14 18:04,UP,1.38042,1.38764,1.38029,1.38532,0.001206225,0.000891793,0.002675378
3/25/14 9:46,DOWN,1.38549,1.38562,1.3807,1.38075,-0.001295557,0.000723062,0.002169187
3/25/14 14:04,DOWN,1.38075,1.38193,1.37752,1.37843,-0.000268385,0.000707433,0.002122298
3/25/14 16:17,DOWN,1.3784,1.3805,1.37488,1.37585,-0.001445334,0.00074277,0.002228311
3/25/14 16:49,UP,1.37587,1.38083,1.37578,1.38019,0.001254237,0.000885695,0.002657084
3/26/14 7:47,DOWN,1.38018,1.38454,1.37993,1.38085,-0.000224474,0.000691084,0.002073253
3/26/14 12:01,DOWN,1.38074,1.38219,1.37855,1.37886,-0.000819182,0.000696663,0.002089988
3/27/14 7:46,DOWN,1.37888,1.38095,1.37687,1.37743,-0.000878062,0.000605485,0.001816454
3/27/14 10:09,DOWN,1.37746,1.37746,1.37405,1.37456,-0.000959846,0.000633184,0.001899552
3/27/14 13:36,UP,1.37456,1.378,1.37432,1.37753,0.000653557,0.000643419,0.001930256
3/27/14 16:06,DOWN,1.37765,1.3779,1.37284,1.37291,-0.001768399,0.000734774,0.002204322
3/28/14 8:27,DOWN,1.37302,1.37543,1.37059,1.3716,-0.000225988,0.00071377,0.002141311
3/28/14 13:00,UP,1.37161,1.37451,1.37044,1.37396,0.000342135,0.000672357,0.002017071
3/28/14 14:02,UP,1.37399,1.37737,1.37388,1.37691,0.000472183,0.000703465,0.002110396
3/31/14 9:03,DOWN,1.37701,1.37709,1.37215,1.37408,-0.001359985,0.000625065,0.001875194
3/31/14 9:41,UP,1.37417,1.37805,1.37368,1.37776,9.44E-05,0.000849262,0.002547785
3/31/14 17:10,DOWN,1.37766,1.38093,1.37623,1.37718,-0.001074083,0.000696168,0.002088504
4/1/14 11:04,UP,1.37717,1.38021,1.37653,1.37961,0.000376989,0.00051419,0.001542569
4/2/14 6:31,UP,1.3796,1.38207,1.37834,1.38203,0.000817972,0.000508522,0.001525566
4/2/14 8:38,DOWN,1.38206,1.38206,1.37892,1.37922,-0.000485664,0.000547364,0.001642091
4/2/14 14:19,DOWN,1.37921,1.37968,1.37673,1.37673,-0.001342862,0.000601606,0.001804817
4/3/14 13:16,DOWN,1.37685,1.38073,1.37143,1.37182,-0.001762526,0.000994043,0.002982128
4/4/14 12:37,DOWN,1.37182,1.37282,1.36807,1.36863,-0.001832271,0.000721442,0.002164326
4/4/14 14:34,DOWN,1.36854,1.3732,1.36749,1.36784,-0.001344283,0.000868664,0.002605991
4/7/14 7:27,UP,1.36785,1.37165,1.36724,1.37161,0.000919051,0.000645861,0.001937583
4/7/14 13:44,UP,1.37161,1.3746,1.37106,1.3743,0.000611407,0.00057862,0.00173586
4/8/14 7:45,UP,1.37425,1.37601,1.37341,1.37582,0.00071983,0.000454213,0.001362639
4/8/14 12:33,UP,1.37593,1.37984,1.37579,1.37902,0.001146398,0.000494468,0.001483405
4/8/14 16:22,UP,1.37901,1.38123,1.37836,1.38111,0.000804025,0.000502138,0.001506415
4/9/14 0:23,DOWN,1.38108,1.38118,1.37873,1.37877,-0.000558313,0.000461136,0.001383407
4/9/14 8:10,UP,1.37888,1.38075,1.37795,1.38071,0.000731775,0.000449215,0.001347645
4/9/14 14:04,UP,1.38074,1.38153,1.37848,1.38119,0.000651824,0.000513205,0.001539616
4/9/14 18:11,UP,1.38128,1.38481,1.3797,1.38382,0.000853076,0.000693787,0.002081362
4/10/14 1:02,UP,1.38391,1.38714,1.38329,1.38689,0.001154326,0.00065999,0.001979971
4/10/14 6:24,DOWN,1.38689,1.38705,1.38395,1.38398,-0.000447883,0.000629783,0.00188935
4/10/14 10:43,UP,1.38408,1.38743,1.38356,1.38699,0.000504817,0.000609888,0.001829665
4/10/14 15:15,UP,1.38688,1.38882,1.38534,1.38842,0.000216096,0.000550933,0.001652799
4/11/14 12:00,DOWN,1.38839,1.39064,1.3872,1.38772,7.21E-06,0.00046067,0.001382011
4/11/14 14:10,UP,1.38772,1.3893,1.38631,1.389,0.000367238,0.000465875,0.001397626
4/13/14 22:08,DOWN,1.38889,1.39013,1.38501,1.3851,-0.00233645,0.000711256,0.002133769
4/14/14 8:56,DOWN,1.38511,1.38636,1.38214,1.38237,-0.001156763,0.000628749,0.001886248
4/15/14 7:09,DOWN,1.38237,1.38344,1.38079,1.38145,-0.000405289,0.000400842,0.001202525
4/15/14 8:35,DOWN,1.38145,1.38148,1.37932,1.3795,-0.000644953,0.000432255,0.001296766
4/15/14 14:13,UP,1.37949,1.38301,1.37901,1.38271,0.001519911,0.0005169,0.001550701
4/15/14 15:54,DOWN,1.38271,1.3834,1.38001,1.38061,-0.000289685,0.000505188,0.001515564
4/16/14 6:11,UP,1.3806,1.38316,1.38047,1.38299,0.000860825,0.000467646,0.001402938
4/16/14 9:40,UP,1.38299,1.38516,1.38174,1.38417,0.000158953,0.000484173,0.00145252
4/16/14 13:35,DOWN,1.38407,1.38448,1.38161,1.3817,-0.000947658,0.000535761,0.001607283
4/17/14 0:55,UP,1.3817,1.38419,1.38034,1.38378,0.000860333,0.000701938,0.002105813
4/17/14 14:14,DOWN,1.3839,1.3865,1.38319,1.38351,-0.000794763,0.000595411,0.001786233
4/17/14 18:28,DOWN,1.38339,1.38396,1.38107,1.38136,-0.000658554,0.000596978,0.001790935
4/21/14 9:01,UP,1.38136,1.38304,1.38042,1.3829,0.000528016,0.000441438,0.001324314
4/21/14 14:30,DOWN,1.38301,1.38311,1.38047,1.38106,-0.000209962,0.00043615,0.00130845
4/21/14 16:08,DOWN,1.38094,1.3815,1.37868,1.37903,-0.000514722,0.000485338,0.001456015
4/22/14 10:19,UP,1.37903,1.38123,1.37847,1.38088,0.00042011,0.000454232,0.001362695
4/22/14 14:26,DOWN,1.38076,1.38254,1.3803,1.3803,-0.000709739,0.000449507,0.001348521
4/23/14 2:05,UP,1.38043,1.38155,1.37887,1.38139,0.000724171,0.000415521,0.001246563
4/23/14 7:09,DOWN,1.38151,1.38377,1.38047,1.38058,-0.001592265,0.00061332,0.001839961
4/23/14 8:11,UP,1.38059,1.38372,1.38,1.38372,0.001265507,0.000662299,0.001986897
4/23/14 15:28,DOWN,1.38372,1.38552,1.3815,1.38158,-0.000766943,0.000574454,0.001723362
4/24/14 8:08,UP,1.38167,1.38445,1.38112,1.38358,0.000556682,0.000495502,0.001486507
4/24/14 12:45,DOWN,1.38369,1.38411,1.37949,1.37977,-0.001694498,0.000690257,0.002070771
4/24/14 14:49,UP,1.37978,1.38223,1.37911,1.38201,0.000427006,0.000645075,0.001935225
4/25/14 9:07,UP,1.38201,1.38413,1.38166,1.38398,0.000231244,0.000461205,0.001383614
4/28/14 0:32,DOWN,1.38386,1.38489,1.38183,1.38202,-0.001301594,0.000487104,0.001461312
4/28/14 7:22,UP,1.38193,1.38633,1.38143,1.38578,0.001032443,0.000634514,0.001903542
4/28/14 14:19,DOWN,1.38589,1.388,1.38512,1.38512,-0.001010232,0.000551808,0.001655425
4/29/14 1:32,UP,1.38511,1.38654,1.38392,1.38621,0.000598934,0.000475737,0.001427212
4/29/14 11:25,DOWN,1.3862,1.38797,1.3854,1.38568,-0.00055553,0.000444974,0.001334923
4/29/14 12:07,DOWN,1.3858,1.38613,1.38254,1.38296,-0.001250158,0.00054547,0.001636411
4/29/14 15:41,DOWN,1.38285,1.38313,1.38069,1.38093,-0.000506776,0.000474772,0.001424317
4/30/14 8:43,DOWN,1.38093,1.3816,1.37867,1.37917,-0.000891443,0.000444815,0.001334445
4/30/14 9:05,UP,1.37907,1.38211,1.37734,1.38196,0.001665689,0.000590269,0.001770807
4/30/14 11:27,UP,1.38186,1.38503,1.38153,1.385,0.000772862,0.000573842,0.001721527
4/30/14 19:05,UP,1.385,1.38771,1.38441,1.38725,0.000324435,0.00050299,0.001508971
5/1/14 7:38,UP,1.38725,1.38897,1.38638,1.38877,0.00032408,0.000486672,0.001460017
5/1/14 14:42,DOWN,1.38876,1.38892,1.38661,1.38691,-0.000288369,0.000410076,0.001230227
5/2/14 12:31,DOWN,1.38679,1.38735,1.38162,1.38203,-0.003063254,0.000801257,0.002403772
5/2/14 14:47,UP,1.38214,1.38722,1.38119,1.38701,0.001500754,0.000860025,0.002580074
5/5/14 17:58,UP,1.38702,1.38867,1.38571,1.388,0.000144103,0.000452056,0.001356169
5/6/14 7:21,UP,1.38788,1.39145,1.38718,1.39107,0.001842005,0.000584628,0.001753883
5/6/14 10:58,UP,1.39096,1.39392,1.39063,1.39358,0.000602946,0.000539449,0.001618347
5/6/14 15:40,DOWN,1.39359,1.39518,1.39245,1.39279,-0.000165123,0.000409758,0.001229275
5/7/14 12:25,UP,1.39281,1.39391,1.39112,1.3934,0.000559939,0.000376282,0.001128846
5/7/14 15:24,DOWN,1.3935,1.39394,1.39126,1.39188,-0.000244244,0.000342464,0.001027393
5/8/14 2:08,DOWN,1.39176,1.39252,1.39051,1.39094,-0.000115024,0.000294158,0.000882475
5/8/14 7:06,UP,1.39108,1.39249,1.39093,1.39236,0.000517241,0.000320717,0.000962151
5/8/14 9:09,UP,1.39246,1.39409,1.39204,1.39366,2.15E-05,0.000309633,0.0009289
5/8/14 12:36,UP,1.39366,1.39889,1.39323,1.39806,0.002356034,0.000695579,0.002086737
5/8/14 12:55,DOWN,1.39815,1.39942,1.38979,1.38979,-0.005589513,0.001511275,0.004533826
5/8/14 14:04,DOWN,1.38992,1.39172,1.3852,1.38535,-0.00166606,0.001287435,0.003862306
5/9/14 1:50,DOWN,1.38536,1.38718,1.38316,1.38359,-0.000115635,0.000792118,0.002376354
5/9/14 9:23,DOWN,1.3836,1.38441,1.38075,1.38096,-0.000398194,0.000695764,0.002087293
5/9/14 11:37,DOWN,1.38085,1.38185,1.37821,1.37876,-0.000268321,0.000654466,0.001963397
5/9/14 14:35,DOWN,1.37875,1.37947,1.37622,1.37633,-0.000842466,0.000639312,0.001917937
5/12/14 7:10,UP,1.3763,1.37753,1.37449,1.3772,0.000239645,0.000437023,0.001311068
5/13/14 2:54,DOWN,1.3773,1.37752,1.37527,1.3754,-0.000603279,0.000407326,0.001221978
5/13/14 9:10,DOWN,1.37537,1.3772,1.37422,1.37447,-0.001388662,0.000485526,0.001456577
5/13/14 10:11,DOWN,1.37457,1.37582,1.3722,1.3727,-0.001579578,0.000611631,0.001834892
5/13/14 12:14,DOWN,1.37261,1.3729,1.3699,1.37027,-0.000765979,0.000569314,0.001707943
5/13/14 13:07,UP,1.37027,1.37273,1.36986,1.37262,0.000145717,0.00056722,0.001701659
5/13/14 15:31,DOWN,1.37252,1.37307,1.36998,1.3702,-0.000262701,0.000552868,0.001658604
5/14/14 3:34,UP,1.37022,1.37168,1.36887,1.37152,0.000539693,0.000501893,0.00150568
5/14/14 8:05,DOWN,1.37164,1.37313,1.3703,1.3703,-0.00097012,0.000540434,0.001621303
5/15/14 7:12,DOWN,1.37043,1.37264,1.3688,1.36928,-0.001619977,0.000539954,0.001619862
5/15/14 9:51,DOWN,1.36928,1.36955,1.36549,1.36597,-0.00092931,0.000631794,0.001895383
5/15/14 14:09,UP,1.36586,1.36866,1.36481,1.36848,0.001199129,0.000598191,0.001794572
5/15/14 14:59,UP,1.3685,1.3719,1.36801,1.37164,0.000999303,0.000621025,0.001863074
5/16/14 10:19,DOWN,1.37164,1.37328,1.36929,1.36995,-0.001283894,0.000563453,0.001690359
5/16/14 13:34,UP,1.36995,1.37192,1.36851,1.37175,0.000415614,0.000612514,0.001837541
5/19/14 7:05,UP,1.37186,1.37196,1.36929,1.37196,0.000357217,0.000471189,0.001413567
5/19/14 17:01,DOWN,1.37207,1.37348,1.37023,1.37115,-0.000189604,0.000443723,0.001331169
5/20/14 7:06,DOWN,1.37115,1.37183,1.36937,1.36999,-0.00016787,0.000367847,0.00110354
5/20/14 11:54,UP,1.37001,1.37066,1.36775,1.37016,0.00029928,0.000408886,0.001226658
5/21/14 5:20,UP,1.37027,1.37099,1.36878,1.37088,0.000459664,0.000315349,0.000946046
5/21/14 10:41,DOWN,1.37088,1.37239,1.36918,1.36918,-0.000978209,0.000369019,0.001107058
5/21/14 12:34,DOWN,1.36929,1.36963,1.36711,1.36734,-0.000431402,0.000387366,0.001162098
5/21/14 17:11,DOWN,1.36743,1.36748,1.36494,1.36514,-0.001171355,0.000478259,0.001434776
5/21/14 19:09,UP,1.36515,1.36859,1.3634,1.3678,0.000519217,0.000564381,0.001693144
5/22/14 7:22,DOWN,1.3677,1.36886,1.36549,1.36611,-0.001031595,0.000546213,0.001638639
5/22/14 13:11,DOWN,1.36607,1.36876,1.36534,1.36553,-0.000673504,0.000551969,0.001655907
5/23/14 8:02,DOWN,1.36552,1.36641,1.363,1.36355,-0.001040857,0.000475356,0.001426067
5/26/14 2:02,DOWN,1.36355,1.36435,1.36154,1.36185,-0.000183557,0.000352954,0.001058863
5/26/14 7:55,UP,1.36194,1.36462,1.36151,1.36436,0.000821235,0.000397965,0.001193894
5/26/14 15:24,UP,1.36435,1.36551,1.36332,1.36518,0.000512884,0.000398621,0.001195864
5/27/14 0:53,UP,1.36518,1.3669,1.36425,1.36664,0.000710022,0.000415678,0.001247033
5/27/14 7:09,DOWN,1.36662,1.36691,1.36452,1.36492,-0.000446813,0.000392635,0.001177904
5/27/14 12:23,DOWN,1.36492,1.36588,1.36324,1.36334,-0.000593953,0.00040307,0.001209209
5/27/14 14:46,DOWN,1.36336,1.36413,1.36163,1.36177,-0.000807446,0.000425943,0.001277829
5/27/14 19:05,UP,1.36188,1.36378,1.36132,1.36363,0.000997836,0.000465345,0.001396036
5/28/14 9:03,DOWN,1.36352,1.36391,1.36159,1.36217,-2.20E-05,0.000353094,0.001059281
5/28/14 13:31,DOWN,1.36204,1.36297,1.35953,1.36003,-0.001263879,0.000525505,0.001576516
5/29/14 3:31,UP,1.35993,1.361,1.35881,1.36077,0.00042632,0.000414338,0.001243015
5/29/14 9:16,UP,1.36076,1.36208,1.35858,1.36146,0.000411408,0.000452185,0.001356555
5/29/14 13:28,DOWN,1.3615,1.36262,1.35951,1.3599,-0.000205876,0.000446199,0.001338597
5/29/14 15:05,UP,1.3599,1.36222,1.35946,1.36205,0.000668334,0.000459022,0.001377065
5/29/14 19:53,DOWN,1.36205,1.36253,1.35999,1.36027,-3.68E-05,0.000425787,0.001277362
5/30/14 7:23,UP,1.36016,1.36166,1.35981,1.36164,0.000374618,0.000377048,0.001131143
5/30/14 13:22,UP,1.36164,1.36333,1.36028,1.36275,0.000550509,0.000357476,0.001072428
5/30/14 15:01,UP,1.36275,1.36471,1.36164,1.36413,0.000792027,0.000409064,0.001227193
6/2/14 0:55,DOWN,1.36403,1.36508,1.362,1.36208,-0.000550477,0.000363501,0.001090502
6/2/14 7:20,DOWN,1.36207,1.36366,1.36123,1.36129,-0.000741668,0.00044292,0.001328759
6/2/14 12:40,UP,1.36142,1.36248,1.35932,1.36231,0.000756355,0.00046205,0.001386151
6/2/14 15:36,DOWN,1.36229,1.36286,1.36,1.3603,-0.000389544,0.000472067,0.001416202
6/3/14 8:25,UP,1.36041,1.36093,1.35879,1.36071,0.00030871,0.000369323,0.001107969
6/3/14 11:23,UP,1.3607,1.36236,1.35852,1.36198,0.001138697,0.000462371,0.001387113
6/3/14 12:14,UP,1.36186,1.36484,1.36164,1.36441,0.000718517,0.000492749,0.001478248
6/3/14 14:47,DOWN,1.36441,1.36471,1.36208,1.36218,-0.000403683,0.000472131,0.001416393
6/4/14 1:11,DOWN,1.36228,1.36337,1.3612,1.36121,-0.000616908,0.000425963,0.00127789
6/4/14 12:16,UP,1.36133,1.36363,1.35999,1.36298,0.00038159,0.000457625,0.001372874
6/4/14 14:06,DOWN,1.36296,1.36395,1.36077,1.36089,-0.000587678,0.000449915,0.001349745
6/4/14 18:43,DOWN,1.36088,1.36247,1.35964,1.36001,-0.000323475,0.000403399,0.001210198
6/5/14 8:52,UP,1.35992,1.36142,1.35939,1.36107,0.000191044,0.000320618,0.000961855
6/5/14 11:45,DOWN,1.36106,1.36185,1.35889,1.35952,-0.000691182,0.00034432,0.001032961
6/5/14 11:50,DOWN,1.35947,1.36451,1.35583,1.35623,-0.002422905,0.000680934,0.002042802
6/5/14 12:36,DOWN,1.35622,1.35793,1.3512,1.35133,-0.003958617,0.001149027,0.00344708
6/5/14 13:42,UP,1.35143,1.35751,1.35027,1.35733,0.001437677,0.001085077,0.003255232
6/5/14 14:25,UP,1.35722,1.3654,1.35667,1.36456,0.003163526,0.001265709,0.003797128
6/5/14 17:55,UP,1.36451,1.36705,1.36063,1.36597,0.001619208,0.001111246,0.003333739
6/6/14 9:10,DOWN,1.36609,1.36689,1.3628,1.36312,-0.000227394,0.000692789,0.002078368
6/6/14 12:49,UP,1.3632,1.36733,1.36207,1.3666,0.000981017,0.000721558,0.002164675
6/6/14 13:51,DOWN,1.3666,1.36773,1.3621,1.36333,-0.000308022,0.000689103,0.002067309
6/9/14 6:51,UP,1.36332,1.36636,1.36234,1.36604,0.0009228,0.000508064,0.001524193
6/9/14 9:11,DOWN,1.36603,1.36693,1.36339,1.3638,-0.000183295,0.000475926,0.001427778
6/9/14 11:20,DOWN,1.36369,1.36378,1.36112,1.36149,-0.000624121,0.000492933,0.001478799
6/9/14 13:23,DOWN,1.36136,1.36173,1.35907,1.35927,-0.000985338,0.00050107,0.001503211
6/10/14 7:26,UP,1.35928,1.36016,1.35822,1.35989,5.88E-05,0.000324336,0.000973008
6/10/14 9:09,DOWN,1.3599,1.36025,1.35563,1.35612,-0.001930119,0.000575557,0.00172667
6/10/14 16:03,DOWN,1.356,1.35619,1.35331,1.35415,-0.000236283,0.000427134,0.001281402
6/11/14 2:16,DOWN,1.35425,1.35488,1.35224,1.35252,-0.000280918,0.000464536,0.001393607
6/11/14 6:00,UP,1.35252,1.3546,1.35212,1.35459,0.001004498,0.000498405,0.001495214
6/11/14 11:44,UP,1.35449,1.35578,1.35215,1.35557,0.000693676,0.000527588,0.001582764
6/11/14 14:19,DOWN,1.3556,1.35565,1.35272,1.35274,-0.000894081,0.000518819,0.001556456
6/12/14 6:54,UP,1.35286,1.35496,1.35254,1.35472,0.000797531,0.000455469,0.001366406
6/12/14 8:35,DOWN,1.35472,1.35481,1.3519,1.35222,-0.000451008,0.000477313,0.00143194
6/12/14 12:30,UP,1.35237,1.35387,1.35119,1.35372,0.000842479,0.000524364,0.001573091
6/12/14 17:27,UP,1.3537,1.35667,1.3524,1.35567,0.000612431,0.000462108,0.001386325
6/12/14 22:15,DOWN,1.35569,1.35727,1.35468,1.35488,-0.000376346,0.000480932,0.001442795
6/13/14 6:19,UP,1.35486,1.35746,1.35471,1.35693,0.000818358,0.000473829,0.001421487
6/13/14 11:02,DOWN,1.35692,1.35796,1.35371,1.354,-0.001697229,0.000578493,0.00173548
6/16/14 6:54,UP,1.3541,1.35531,1.35206,1.35465,0.000450402,0.000381047,0.001143141
6/16/14 7:28,DOWN,1.35476,1.35499,1.35127,1.35174,-0.000813435,0.000518479,0.001555436
6/16/14 10:52,UP,1.35188,1.35435,1.35151,1.3543,0.001196906,0.000539368,0.001618104
6/16/14 13:15,UP,1.3543,1.35652,1.35293,1.35571,0.000368878,0.00052745,0.001582351
6/17/14 0:53,UP,1.35571,1.35878,1.35501,1.35793,0.000324075,0.000443969,0.001331907
6/17/14 7:54,DOWN,1.35781,1.35808,1.35526,1.3558,-0.000435073,0.000507453,0.00152236
6/17/14 12:32,DOWN,1.35591,1.35794,1.35527,1.35527,-0.000958759,0.000520313,0.001560938
6/18/14 9:18,UP,1.35527,1.35642,1.3536,1.35604,0.000553234,0.000385383,0.001156148
6/18/14 14:22,UP,1.35593,1.35843,1.35558,1.35789,0.000397755,0.000373612,0.001120835
6/18/14 18:00,UP,1.35801,1.35975,1.35502,1.3596,0.001420544,0.000499506,0.001498518
6/18/14 18:07,DOWN,1.35958,1.36002,1.35476,1.35537,-0.003116059,0.00090395,0.002711849
6/18/14 20:16,UP,1.35551,1.35951,1.35505,1.35926,0.000309039,0.000847443,0.00254233
6/19/14 7:09,UP,1.35914,1.36282,1.35838,1.36235,0.000433169,0.000792514,0.002377543
6/19/14 17:44,DOWN,1.36236,1.3644,1.36027,1.36068,-0.001013685,0.000636773,0.001910319
6/20/14 6:08,UP,1.36069,1.36345,1.36014,1.36258,0.000139451,0.000551506,0.001654518
6/20/14 9:59,DOWN,1.36247,1.36271,1.36024,1.36024,-0.000514483,0.000526125,0.001578376
6/20/14 12:41,DOWN,1.36035,1.36064,1.35739,1.35805,-0.000463793,0.000518068,0.001554205
6/20/14 18:07,UP,1.35805,1.3592,1.3564,1.3592,0.000441534,0.000554457,0.001663371
6/23/14 8:03,DOWN,1.3591,1.36142,1.35865,1.35908,-6.62E-05,0.000518987,0.001556962
6/23/14 18:00,UP,1.35896,1.36046,1.35737,1.36034,0.000654462,0.000465843,0.001397529
6/24/14 8:21,UP,1.36036,1.36179,1.3592,1.36146,0.000992075,0.000487356,0.001462068
6/24/14 14:17,DOWN,1.36144,1.36283,1.36003,1.36036,-0.000654025,0.000443175,0.001329525
6/24/14 18:06,UP,1.36025,1.36208,1.3583,1.36115,0.001198234,0.000521273,0.001563819
6/25/14 12:30,UP,1.36104,1.36357,1.35988,1.36342,0.001636932,0.000566388,0.001699163
6/26/14 0:55,DOWN,1.36339,1.36518,1.3626,1.36295,7.34E-06,0.000470482,0.001411445
6/26/14 8:19,DOWN,1.36307,1.3642,1.36123,1.36144,-0.000719567,0.000463248,0.001389743
6/26/14 12:59,DOWN,1.36143,1.36248,1.35981,1.3599,-0.000330852,0.000398374,0.001195123
6/26/14 13:45,DOWN,1.35993,1.36044,1.35753,1.35782,-0.001780682,0.000577931,0.001733792
6/26/14 15:45,UP,1.35784,1.36184,1.35768,1.36144,0.001455401,0.000649288,0.001947865
6/27/14 7:00,UP,1.36154,1.36352,1.36065,1.36337,0.000608971,0.000519788,0.001559363
6/27/14 14:59,UP,1.36337,1.36412,1.36096,1.36397,0.000660056,0.000517302,0.001551907
6/30/14 7:39,UP,1.36409,1.36547,1.36269,1.365,0.000615574,0.000452975,0.001358924
6/30/14 14:31,UP,1.36489,1.36688,1.36459,1.36682,0.000497629,0.000409772,0.001229315
6/30/14 14:59,UP,1.36682,1.36914,1.36658,1.36904,0.000745325,0.000474482,0.001423446
7/1/14 9:42,UP,1.36915,1.36983,1.36781,1.36971,0.000555016,0.000353518,0.001060554
7/1/14 13:53,DOWN,1.3696,1.36976,1.36812,1.36833,-0.000328814,0.00031822,0.000954659
7/2/14 4:41,DOWN,1.36842,1.3701,1.36738,1.3674,-0.000248616,0.000352602,0.001057805
7/2/14 8:37,DOWN,1.36751,1.36819,1.36585,1.36585,-0.000614813,0.000405372,0.001216115
7/2/14 12:29,DOWN,1.36598,1.36702,1.3642,1.36474,-0.000285728,0.000442325,0.001326974
7/2/14 22:22,UP,1.36464,1.36607,1.36423,1.36576,0.000168419,0.000354863,0.001064588
7/3/14 12:30,DOWN,1.36577,1.36649,1.36171,1.36236,-0.002016521,0.000570127,0.001710382
7/3/14 17:04,DOWN,1.36231,1.36303,1.35958,1.36032,-0.00033075,0.000467195,0.001401584
7/4/14 8:41,DOWN,1.3603,1.36126,1.35857,1.35919,-8.83E-05,0.000411671,0.001235012
7/7/14 1:18,DOWN,1.35908,1.36026,1.35808,1.35823,-0.000559395,0.000357656,0.001072968
7/7/14 8:40,UP,1.35814,1.36023,1.35756,1.35992,0.00056637,0.000375649,0.001126948
7/7/14 15:37,UP,1.35992,1.36063,1.35858,1.36037,0.00061767,0.000365224,0.001095671
7/8/14 7:03,DOWN,1.36036,1.36103,1.35928,1.35963,-0.00025739,0.000294769,0.000884308
7/8/14 13:52,UP,1.35952,1.36099,1.35877,1.36089,0.000779206,0.000327137,0.000981411
7/9/14 6:22,UP,1.36091,1.3625,1.36061,1.36243,0.00051392,0.000282852,0.000848556
7/9/14 9:07,DOWN,1.36232,1.36312,1.36098,1.36117,-0.000374607,0.000282364,0.000847093
7/9/14 14:06,UP,1.36128,1.36241,1.36019,1.36211,0.000888722,0.000383763,0.001151289
7/9/14 14:59,UP,1.36222,1.36435,1.36185,1.36406,0.000263953,0.000437926,0.001313777
7/9/14 18:06,DOWN,1.36394,1.36413,1.36107,1.36166,-0.000602025,0.000428263,0.00128479
7/9/14 18:32,UP,1.36167,1.36436,1.3614,1.36412,0.00049128,0.000523334,0.001570003
7/10/14 9:50,DOWN,1.36423,1.36513,1.36298,1.36309,-0.000293408,0.00038474,0.001154219
7/10/14 11:03,DOWN,1.36307,1.36331,1.36123,1.36138,-0.000242372,0.00039732,0.001191961
7/10/14 14:06,DOWN,1.36127,1.3619,1.35907,1.35907,-0.001345603,0.000497751,0.001493253
7/11/14 7:21,UP,1.35902,1.36123,1.35888,1.36113,0.000411508,0.000433065,0.001299196
7/11/14 10:55,DOWN,1.36111,1.36254,1.36027,1.36045,-0.000382153,0.000448114,0.001344341
7/14/14 7:14,UP,1.36034,1.36216,1.35916,1.36189,0.000727195,0.000374182,0.001122545
7/14/14 13:40,DOWN,1.36178,1.36408,1.3617,1.36204,-0.000190872,0.000346556,0.001039669
7/14/14 17:41,DOWN,1.36193,1.36294,1.36084,1.3611,-0.000161621,0.000319664,0.000958992
7/15/14 7:13,DOWN,1.3611,1.36274,1.36048,1.36074,-0.000220444,0.000303288,0.000909864
7/15/14 8:45,DOWN,1.36085,1.36287,1.3603,1.36031,-0.000227863,0.00037612,0.001128359
7/15/14 11:05,UP,1.36041,1.36091,1.35869,1.36067,0.000485173,0.000413706,0.001241119
7/15/14 13:53,DOWN,1.36058,1.36212,1.35885,1.35913,-0.000779607,0.000462681,0.001388044
7/15/14 14:28,DOWN,1.35914,1.36132,1.358,1.35821,-0.000838988,0.00050893,0.001526791
7/16/14 3:15,DOWN,1.35833,1.3589,1.35616,1.35643,-0.000390655,0.000358491,0.001075472
7/16/14 8:53,DOWN,1.35632,1.35694,1.35418,1.3543,-0.000826654,0.000392651,0.001177952
7/16/14 12:36,DOWN,1.35428,1.35453,1.35254,1.35285,-0.000354744,0.000387688,0.001163065
7/16/14 18:29,DOWN,1.35275,1.35407,1.3521,1.35242,-4.44E-05,0.000325519,0.000976558
7/17/14 8:16,UP,1.35231,1.35368,1.35202,1.35349,0.000332529,0.000296809,0.000890427
7/17/14 11:58,DOWN,1.35358,1.3541,1.35247,1.35263,-0.000133065,0.000315276,0.000945828
7/18/14 8:42,UP,1.35263,1.35359,1.35122,1.35356,0.000362074,0.00033628,0.001008839
7/18/14 12:58,DOWN,1.35357,1.35365,1.3517,1.35186,-0.000436341,0.000342063,0.00102619
7/18/14 13:18,DOWN,1.35185,1.35209,1.34906,1.34945,-0.000414898,0.000468491,0.001405474
7/18/14 14:30,UP,1.34934,1.35197,1.34915,1.35181,0.000495755,0.000452943,0.00135883
7/18/14 18:22,UP,1.35183,1.35316,1.35048,1.35279,0.000288335,0.000433626,0.001300878
7/21/14 4:40,UP,1.3529,1.35497,1.3523,1.35456,0.000635094,0.000400158,0.001200475
7/21/14 7:43,DOWN,1.35456,1.35477,1.35224,1.35236,-0.000739175,0.000417796,0.001253387
7/22/14 2:10,UP,1.35236,1.35305,1.35126,1.35276,0.000140463,0.000282062,0.000846186
7/22/14 7:28,DOWN,1.35286,1.35288,1.35144,1.35158,-0.000332888,0.00027465,0.000823949
7/22/14 8:17,DOWN,1.35148,1.35164,1.3495,1.34963,-0.000651818,0.000357099,0.001071298
7/22/14 10:13,DOWN,1.34963,1.34975,1.34777,1.34812,-0.000170593,0.000367921,0.001103763
7/22/14 12:32,DOWN,1.34802,1.34936,1.34656,1.34661,-0.001091035,0.000433832,0.001301497
7/22/14 12:51,UP,1.34672,1.34894,1.34587,1.34864,0.000771445,0.000482153,0.001446459
7/22/14 13:58,DOWN,1.34879,1.3497,1.3464,1.34685,-0.00023014,0.000492043,0.00147613
7/23/14 8:09,DOWN,1.34685,1.34736,1.34547,1.34565,-0.000133755,0.000346412,0.001039237
7/24/14 5:43,DOWN,1.34565,1.34748,1.34546,1.34577,-0.000267469,0.000277683,0.000833049
7/24/14 7:33,UP,1.34576,1.3468,1.34377,1.34644,0.001077494,0.000437083,0.00131125
7/24/14 13:36,DOWN,1.34646,1.34854,1.3461,1.34613,-0.000794555,0.000435585,0.001306756
7/25/14 8:00,DOWN,1.34623,1.34761,1.34558,1.3457,-0.000497758,0.000389788,0.001169363
7/25/14 12:24,DOWN,1.34585,1.34592,1.34317,1.34387,-0.000639738,0.000369994,0.001109982
7/25/14 16:09,DOWN,1.34389,1.34476,1.3421,1.34246,-0.000692518,0.000367595,0.001102784
7/28/14 9:08,UP,1.34256,1.34427,1.34227,1.34398,0.000319996,0.000310769,0.000932306
7/28/14 19:51,DOWN,1.34398,1.34446,1.34303,1.34321,-0.000171217,0.00023979,0.000719369
7/29/14 5:51,DOWN,1.34332,1.34411,1.34286,1.34293,-0.000148917,0.000252947,0.00075884
7/29/14 9:21,UP,1.34293,1.34452,1.3427,1.34434,0.000394323,0.000251544,0.000754633
7/29/14 11:40,DOWN,1.34433,1.34447,1.34311,1.34318,-0.000424276,0.000278877,0.000836632
7/29/14 12:45,DOWN,1.34318,1.3436,1.34149,1.34173,-0.000335332,0.000334341,0.001003022
7/29/14 16:24,DOWN,1.34183,1.34225,1.3404,1.34071,-0.000231194,0.000294559,0.000883677
7/30/14 7:52,DOWN,1.34072,1.34159,1.34016,1.34037,-0.000111903,0.000215696,0.000647089
7/30/14 12:37,DOWN,1.34039,1.34073,1.33699,1.33776,-0.002098323,0.000559224,0.001677673
7/30/14 18:22,UP,1.33778,1.33953,1.33665,1.33926,0.000679711,0.000514881,0.001544644
7/31/14 11:17,DOWN,1.33937,1.34057,1.3382,1.3383,-0.000321252,0.000412633,0.001237898
7/31/14 13:51,UP,1.3382,1.34,1.33712,1.33938,0.000448069,0.000391565,0.001174696
8/1/14 8:03,DOWN,1.33938,1.33951,1.33773,1.33814,-0.000239109,0.000273808,0.000821423
8/1/14 10:21,UP,1.33814,1.34028,1.33797,1.33991,0.000559896,0.000295648,0.000886943
8/1/14 12:36,UP,1.3399,1.34343,1.33902,1.34131,0.001499659,0.000489958,0.001469873
8/1/14 13:03,UP,1.34133,1.34302,1.33849,1.34252,0.001595289,0.000740087,0.002220262
8/1/14 14:49,UP,1.34241,1.34429,1.34073,1.34414,0.001489048,0.000768113,0.002304338
8/4/14 6:55,DOWN,1.34414,1.34454,1.34167,1.34183,-0.000536437,0.000551142,0.001653427
8/5/14 7:57,DOWN,1.34173,1.34318,1.3401,1.34056,-0.000976726,0.00036937,0.00110811
8/5/14 9:59,DOWN,1.34066,1.34114,1.33883,1.33907,-0.000395719,0.000406076,0.001218228
8/5/14 14:03,DOWN,1.33906,1.33937,1.33703,1.33726,-0.000754991,0.000380897,0.001142691
8/6/14 6:13,DOWN,1.33714,1.33785,1.33489,1.33571,-0.000755866,0.000400367,0.001201101
8/6/14 10:12,DOWN,1.3357,1.33751,1.33508,1.33528,-0.000890802,0.000438399,0.001315197
8/6/14 14:33,UP,1.33517,1.33579,1.33329,1.33563,0.000239616,0.000392795,0.001178386
8/6/14 16:26,UP,1.33553,1.33804,1.3349,1.33746,0.000149548,0.000502871,0.001508613
8/7/14 3:36,UP,1.33743,1.33922,1.33665,1.33882,0.000164337,0.000423412,0.001270237
8/7/14 8:20,DOWN,1.33871,1.33908,1.33646,1.33682,-0.000366474,0.000408178,0.001224533
8/7/14 12:33,DOWN,1.33682,1.33823,1.33518,1.33596,-0.000546274,0.000440685,0.001322054
8/7/14 13:48,DOWN,1.33609,1.33946,1.33489,1.33495,-0.000891022,0.000608784,0.001826353
8/8/14 6:35,UP,1.33486,1.33762,1.33367,1.33762,0.001331608,0.000576076,0.001728228
8/8/14 14:02,UP,1.33752,1.34086,1.33743,1.3401,0.000671817,0.000604273,0.001812819
8/8/14 14:35,UP,1.3401,1.34308,1.33997,1.34304,0.00136351,0.000687645,0.002062934
8/10/14 22:20,DOWN,1.34306,1.34333,1.34032,1.34052,-0.000730792,0.000613421,0.001840262
8/11/14 13:54,DOWN,1.34063,1.34091,1.3383,1.33857,-0.000164341,0.000472119,0.001416358
8/12/14 6:13,DOWN,1.33841,1.33898,1.33639,1.33665,-0.000441305,0.000409888,0.001229664
8/12/14 9:14,DOWN,1.33655,1.33714,1.33426,1.33466,-0.000606712,0.000441685,0.001325054
8/12/14 14:00,UP,1.33465,1.33619,1.33357,1.33583,0.000149731,0.000390601,0.001171804
8/12/14 18:23,UP,1.33594,1.33704,1.3344,1.33659,0.00041158,0.000429373,0.00128812
8/13/14 9:12,DOWN,1.3367,1.33738,1.33453,1.3347,-0.00065162,0.000445743,0.001337229
8/13/14 12:31,UP,1.3348,1.33794,1.33419,1.33794,0.001226517,0.000528458,0.001585374
8/13/14 14:13,DOWN,1.33794,1.34158,1.33729,1.3378,-0.000933934,0.000644388,0.001933164
8/14/14 1:02,DOWN,1.33775,1.33836,1.33549,1.33586,-0.000381704,0.000569593,0.001708779
8/14/14 9:28,UP,1.33598,1.33917,1.33483,1.33905,0.001861258,0.000673002,0.002019006
8/14/14 13:47,UP,1.33915,1.34069,1.33711,1.34048,0.000783608,0.000652504,0.001957512
8/14/14 15:50,DOWN,1.34053,1.34083,1.33741,1.33793,-0.000149473,0.000626603,0.001879808
8/15/14 8:39,UP,1.33783,1.33914,1.33584,1.33914,0.001023568,0.000559816,0.001679447
8/15/14 9:58,DOWN,1.33921,1.33923,1.33657,1.33657,-0.001256159,0.000629698,0.001889093
8/15/14 12:32,UP,1.33667,1.33985,1.33607,1.33949,0.000567541,0.000613284,0.001839852
8/18/14 9:07,DOWN,1.33938,1.34124,1.33762,1.33858,-7.47E-05,0.000439657,0.001318971
8/18/14 13:55,DOWN,1.33868,1.33955,1.33686,1.33698,-0.00105406,0.000457933,0.0013738
8/19/14 6:19,DOWN,1.33687,1.33708,1.33445,1.33473,-0.000808825,0.000415265,0.001245796
8/19/14 12:38,DOWN,1.33461,1.33585,1.3319,1.33298,-0.001192105,0.000489652,0.001468956
8/20/14 1:18,DOWN,1.33298,1.33348,1.33128,1.33156,-0.000352907,0.000393543,0.001180628
8/20/14 7:44,DOWN,1.33154,1.33219,1.32849,1.32889,-0.001225836,0.00045743,0.00137229
8/20/14 18:06,DOWN,1.32889,1.33049,1.32669,1.32702,-0.001641431,0.000558973,0.00167692
8/21/14 1:42,DOWN,1.32706,1.32751,1.32441,1.32454,-0.00074715,0.000518936,0.001556808
8/21/14 7:43,UP,1.32455,1.32783,1.32416,1.32726,0.001040277,0.000551675,0.001655026
8/21/14 14:58,UP,1.32736,1.32873,1.32554,1.3285,0.000911217,0.000524447,0.00157334
8/22/14 6:23,UP,1.3284,1.3297,1.32733,1.32957,0.000526625,0.000470429,0.001411288
8/22/14 10:35,DOWN,1.32968,1.32971,1.32645,1.32676,-0.0007459,0.000485992,0.001457976
8/22/14 14:41,DOWN,1.32676,1.32853,1.32375,1.32385,-0.001019233,0.000726703,0.002180109
8/24/14 21:35,DOWN,1.32382,1.32621,1.31923,1.31924,-0.003669618,0.00112394,0.003371821
8/26/14 6:28,UP,1.31936,1.32132,1.31786,1.32093,0.000537645,0.000533737,0.00160121
8/26/14 14:55,UP,1.32083,1.32154,1.31856,1.32072,0.000689256,0.000439474,0.001318422
8/26/14 15:55,DOWN,1.32063,1.32072,1.31869,1.31881,-0.000780702,0.000481957,0.00144587
8/26/14 17:41,DOWN,1.3187,1.31982,1.31646,1.31679,-0.001229508,0.000581195,0.001743586
8/27/14 7:09,UP,1.31667,1.31861,1.31523,1.31861,0.000728305,0.000502813,0.001508439
8/27/14 14:36,UP,1.31866,1.32017,1.3168,1.32003,0.00071994,0.000610186,0.001830558
8/28/14 4:14,UP,1.32003,1.32176,1.31879,1.32162,0.000461661,0.000493976,0.001481929
8/28/14 9:56,DOWN,1.32149,1.32213,1.31919,1.3195,-0.000871163,0.000516612,0.001549836
8/28/14 13:33,DOWN,1.3196,1.31971,1.31621,1.31667,-0.000766793,0.00051849,0.00155547
8/28/14 23:42,UP,1.31656,1.31863,1.31594,1.31854,0.000204793,0.00042014,0.00126042
8/29/14 6:36,DOWN,1.31854,1.31869,1.3162,1.31639,-0.000501246,0.000416722,0.001250167
8/29/14 9:08,UP,1.31628,1.31955,1.31599,1.31851,0.000599341,0.000450715,0.001352144
8/29/14 15:13,DOWN,1.3185,1.31967,1.31561,1.31607,-0.000956938,0.00052923,0.001587691
8/29/14 18:30,DOWN,1.31618,1.31629,1.31363,1.3137,-0.000441404,0.000565612,0.001696837
9/1/14 9:11,UP,1.31369,1.31452,1.31187,1.31433,0.000372883,0.000437264,0.001311793
9/1/14 22:11,DOWN,1.31433,1.31461,1.31264,1.31279,-0.000114254,0.000361373,0.001084119
9/2/14 4:02,DOWN,1.31292,1.31338,1.3115,1.31151,-0.000647898,0.000365112,0.001095337
9/2/14 7:17,UP,1.3115,1.31373,1.31145,1.31337,0.000639781,0.000366978,0.001100933
9/2/14 9:32,DOWN,1.31335,1.31354,1.31123,1.31124,-0.000487969,0.00041267,0.001238011
9/2/14 14:57,UP,1.31134,1.31307,1.31099,1.31271,0.000502903,0.000369337,0.001108012
9/2/14 23:33,UP,1.31272,1.31356,1.31153,1.31351,0.000144661,0.000363848,0.001091544
9/3/14 8:07,UP,1.31339,1.31568,1.31217,1.31472,0.001156809,0.000456028,0.001368083
9/3/14 11:34,UP,1.31457,1.316,1.31312,1.31559,0.000501802,0.000461729,0.001385187
9/3/14 15:03,DOWN,1.31557,1.31606,1.31357,1.31392,-0.000388076,0.000420645,0.001261934
9/4/14 6:18,UP,1.31381,1.31546,1.31322,1.31542,0.000593142,0.000394949,0.001184846
9/4/14 10:46,DOWN,1.31533,1.31546,1.31194,1.31258,-0.001507343,0.000565884,0.001697651
9/4/14 11:49,DOWN,1.31257,1.31402,1.30463,1.3051,-0.006232929,0.00161123,0.004833689
9/4/14 14:41,DOWN,1.30504,1.30533,1.29833,1.29887,-0.001169564,0.001233848,0.003701545
9/4/14 15:51,DOWN,1.29889,1.29924,1.29288,1.29343,-0.002193305,0.001233583,0.003700749
9/5/14 9:40,UP,1.29343,1.29583,1.29197,1.29562,0.000185257,0.00069008,0.002070239
9/5/14 16:47,DOWN,1.29553,1.29895,1.29428,1.29502,-0.000455488,0.000659257,0.001977771
9/8/14 16:43,DOWN,1.29513,1.29612,1.29308,1.29347,-0.000935031,0.000514592,0.001543775
9/8/14 17:18,DOWN,1.29336,1.29397,1.29027,1.29082,-0.001393491,0.00061226,0.00183678
9/9/14 2:32,DOWN,1.29082,1.29164,1.28814,1.28861,-0.000729202,0.000564509,0.001693527
9/9/14 8:07,DOWN,1.2886,1.28954,1.28589,1.28607,-0.00146075,0.000654385,0.001963154
9/9/14 9:12,UP,1.28596,1.28908,1.28593,1.28904,0.001148801,0.000686663,0.002059988
9/9/14 14:53,UP,1.28906,1.29195,1.28731,1.29181,0.001502898,0.000685758,0.002057275
9/9/14 19:28,UP,1.29182,1.29438,1.29021,1.29393,0.001670728,0.00078367,0.002351011
9/10/14 8:43,DOWN,1.29382,1.2958,1.29221,1.29247,-0.000850722,0.000632915,0.001898746
9/10/14 9:36,UP,1.29246,1.29635,1.29246,1.29521,0.000424732,0.000700039,0.002100118
9/10/14 12:39,DOWN,1.29519,1.29545,1.29105,1.29189,-0.00057264,0.000667636,0.002002909
9/10/14 13:54,UP,1.29178,1.29348,1.28966,1.29305,0.001749335,0.000771146,0.002313439
9/10/14 16:25,DOWN,1.29305,1.29335,1.28833,1.2889,-0.00147304,0.000783088,0.002349265
9/10/14 22:15,UP,1.28887,1.29248,1.28878,1.29225,0.000441188,0.000715327,0.002145982
9/11/14 7:58,UP,1.2921,1.29374,1.28968,1.29357,0.002081682,0.000736108,0.002208323
9/11/14 12:51,UP,1.29357,1.2946,1.29113,1.29447,0.000339965,0.000661338,0.001984015
9/11/14 19:07,DOWN,1.29448,1.29525,1.29191,1.29222,-0.000595696,0.000609321,0.001827962
9/12/14 11:21,UP,1.29211,1.2939,1.29138,1.29369,0.001129192,0.000549958,0.001649873
9/12/14 13:25,DOWN,1.29369,1.29565,1.29205,1.29236,-0.000982216,0.00067458,0.00202374
9/12/14 14:16,UP,1.29227,1.29487,1.29085,1.2947,0.001538218,0.000767365,0.002302095
9/12/14 16:37,UP,1.29466,1.29799,1.29312,1.29666,0.00077151,0.000791416,0.002374247
9/15/14 7:31,DOWN,1.29677,1.29797,1.29325,1.29336,-0.000966008,0.000759907,0.00227972
9/15/14 13:54,UP,1.29325,1.29482,1.29084,1.29472,0.001066436,0.000678889,0.002036666
9/16/14 1:37,UP,1.29468,1.29602,1.29288,1.29586,0.00126637,0.000660573,0.001981719
9/16/14 6:24,DOWN,1.29584,1.2961,1.29311,1.29337,-0.000301492,0.000609699,0.001829098
9/16/14 9:51,UP,1.29334,1.295,1.2922,1.295,0.000363,0.000548225,0.001644674
9/16/14 14:25,DOWN,1.295,1.29673,1.29366,1.29404,-0.000394037,0.000569048,0.001707144
9/16/14 15:58,UP,1.29404,1.29793,1.29353,1.2977,0.002523023,0.000805209,0.002415628
9/17/14 4:39,DOWN,1.29783,1.29958,1.29485,1.29536,-0.00012351,0.000657695,0.001973084
9/17/14 12:45,UP,1.29523,1.2982,1.29429,1.29693,0.000300755,0.000529485,0.001588456
9/17/14 15:27,DOWN,1.29704,1.29754,1.29424,1.29441,-0.000911197,0.000516036,0.001548107
9/17/14 17:50,UP,1.29442,1.29654,1.29373,1.29653,0.000632657,0.000517107,0.001551321
9/17/14 18:04,DOWN,1.29658,1.29824,1.28979,1.29005,-0.005010488,0.001325766,0.003977297
9/17/14 19:28,DOWN,1.29005,1.29587,1.28746,1.28822,-0.002248638,0.001247062,0.003741185
9/18/14 6:53,UP,1.28812,1.28871,1.28341,1.28815,0.000652311,0.000995799,0.002987397
9/18/14 14:32,UP,1.28826,1.29167,1.28563,1.29079,0.001496327,0.000823841,0.002471523
9/19/14 6:48,DOWN,1.29073,1.2931,1.28912,1.28918,-0.001302306,0.000636415,0.001909246
9/19/14 8:51,DOWN,1.28918,1.2904,1.28665,1.28681,-0.000567133,0.000671405,0.002014215
9/19/14 12:21,DOWN,1.28671,1.28869,1.28459,1.28491,-0.000692416,0.000597831,0.001793494
9/19/14 14:42,DOWN,1.28493,1.28781,1.28314,1.28383,-0.000389384,0.000607938,0.001823814
9/22/14 2:53,UP,1.28371,1.28581,1.28251,1.28579,0.000661291,0.000557927,0.001673782
9/22/14 10:33,DOWN,1.28568,1.28685,1.28395,1.28415,-0.000817327,0.000511086,0.001533258
9/22/14 14:36,DOWN,1.28415,1.28572,1.28207,1.28284,-0.000966138,0.000499084,0.001497253
9/22/14 19:42,UP,1.28295,1.28465,1.28159,1.28441,0.000615258,0.00054334,0.00163002
9/23/14 8:18,UP,1.28458,1.28752,1.28423,1.28679,0.00067633,0.000529439,0.001588316
9/23/14 11:44,UP,1.28678,1.28965,1.28664,1.28925,0.000395657,0.000612847,0.001838542
9/23/14 14:23,DOWN,1.28925,1.29017,1.28589,1.28615,-0.001313137,0.000676846,0.002030537
9/24/14 6:33,DOWN,1.28614,1.28716,1.2839,1.28412,-0.000677277,0.0005506,0.001651799
9/24/14 11:18,DOWN,1.28425,1.28645,1.28348,1.2835,-0.000864449,0.000566988,0.001700964
9/24/14 13:24,DOWN,1.28361,1.28377,1.28032,1.28042,-0.001100595,0.000595235,0.001785706
9/24/14 14:07,DOWN,1.28039,1.28074,1.27757,1.27785,-0.001001181,0.000656541,0.001969623
9/25/14 2:38,DOWN,1.27791,1.28017,1.27738,1.27767,-0.000430378,0.000533748,0.001601244
9/25/14 6:57,DOWN,1.27767,1.278,1.27302,1.27379,-0.00189804,0.000685039,0.002055117
9/25/14 8:07,DOWN,1.27366,1.27545,1.26967,1.27084,-0.001053865,0.000732542,0.002197626
9/25/14 14:16,UP,1.27086,1.27453,1.27073,1.27432,0.000722214,0.000735791,0.002207373
9/25/14 15:38,DOWN,1.27431,1.27653,1.27244,1.27301,-0.000243488,0.000751331,0.002253992
9/26/14 11:38,DOWN,1.27311,1.27614,1.27247,1.27289,-0.000628294,0.000648573,0.001945718
9/26/14 14:03,DOWN,1.27299,1.2741,1.26887,1.27,-0.000558899,0.000605095,0.001815285
9/28/14 22:49,DOWN,1.26991,1.27021,1.26681,1.26757,-0.000552085,0.000601999,0.001805998
9/29/14 7:30,UP,1.26762,1.26985,1.26633,1.26917,0.000244284,0.00056682,0.00170046
9/29/14 11:48,UP,1.26929,1.27084,1.26688,1.27063,0.001102423,0.000647527,0.001942582
9/29/14 14:29,DOWN,1.27075,1.27156,1.26862,1.26865,-0.001236771,0.000682184,0.002046553
9/30/14 8:25,DOWN,1.26875,1.27128,1.26763,1.2677,-0.000733343,0.000579361,0.001738082
9/30/14 9:02,DOWN,1.2677,1.26781,1.26272,1.26302,-0.002830467,0.000905418,0.002716255
9/30/14 9:39,DOWN,1.2629,1.26347,1.25919,1.25937,-0.00084927,0.000915679,0.002747036
9/30/14 11:23,DOWN,1.25938,1.26105,1.25707,1.25724,-0.000174971,0.000931591,0.002794773
9/30/14 13:47,UP,1.25734,1.26158,1.25716,1.26158,0.001880363,0.000974166,0.002922499
10/1/14 7:56,DOWN,1.26158,1.26353,1.2597,1.2597,-0.001443746,0.000713619,0.002140858
10/1/14 12:56,UP,1.25982,1.26193,1.25831,1.26141,8.72E-05,0.00069224,0.00207672
10/1/14 15:03,DOWN,1.26141,1.26404,1.25898,1.25954,-0.000174652,0.000737814,0.002213442
10/2/14 0:23,UP,1.25953,1.26302,1.25902,1.26264,0.000483231,0.000662936,0.001988808
10/2/14 3:22,UP,1.26254,1.26754,1.26191,1.26623,0.001224856,0.000733678,0.002201033
10/2/14 6:37,DOWN,1.26622,1.26674,1.26301,1.26305,-0.001139448,0.00074214,0.00222642
10/2/14 12:45,UP,1.26304,1.26567,1.26135,1.26475,0.00078307,0.00069157,0.00207471
10/2/14 13:22,UP,1.26461,1.26924,1.26251,1.26776,0.00138924,0.000741484,0.002224451
10/2/14 14:07,DOWN,1.26767,1.26856,1.263,1.263,-0.002001163,0.000892949,0.002678848
10/2/14 16:43,UP,1.26298,1.26793,1.26243,1.26739,0.001405448,0.000862143,0.002586428
10/3/14 6:07,DOWN,1.26742,1.26995,1.2647,1.2648,-0.000569098,0.000783248,0.002349744
10/3/14 10:05,DOWN,1.26478,1.2653,1.26161,1.26171,-0.000911046,0.000727332,0.002181997
10/3/14 12:38,DOWN,1.26171,1.26261,1.25288,1.25449,-0.005152151,0.00142195,0.004265849
10/6/14 8:30,UP,1.2545,1.25538,1.25002,1.2545,0.000781493,0.00081959,0.002458769
10/6/14 14:51,UP,1.2544,1.25773,1.25379,1.2573,0.00046937,0.000679409,0.002038228
10/6/14 18:23,UP,1.25728,1.26179,1.25638,1.26126,0.00161874,0.000817503,0.002452509
10/6/14 19:42,UP,1.26127,1.26755,1.26115,1.26602,0.002570401,0.001011679,0.003035038
10/7/14 1:11,DOWN,1.266,1.26682,1.26193,1.26225,-0.001092689,0.000952541,0.002857622
10/7/14 7:18,UP,1.26226,1.26652,1.26048,1.26603,0.002024116,0.000906526,0.002719577
10/7/14 8:23,DOWN,1.26602,1.26615,1.26142,1.26162,-0.002042902,0.000997685,0.002993054
10/7/14 10:30,DOWN,1.26169,1.26367,1.25895,1.25907,-0.000460551,0.000952613,0.00285784
10/7/14 13:19,UP,1.25917,1.26367,1.25833,1.26319,0.001307071,0.000893504,0.002680512
10/7/14 19:29,UP,1.2632,1.26826,1.26142,1.26756,0.0016581,0.000997118,0.002991353
10/8/14 3:00,DOWN,1.26755,1.26839,1.26283,1.26297,-0.00150326,0.001020295,0.003060884
10/8/14 8:57,UP,1.26297,1.26674,1.26223,1.26632,0.001288024,0.000961955,0.002885864
10/8/14 15:17,UP,1.26631,1.26919,1.26407,1.26816,0.000378573,0.000803858,0.002411575
10/8/14 18:05,UP,1.26814,1.27179,1.26516,1.27129,0.004604343,0.001381642,0.004144926
10/9/14 6:59,UP,1.2712,1.27686,1.26965,1.27623,0.001756712,0.001208467,0.0036254
10/9/14 12:46,DOWN,1.27611,1.27921,1.27196,1.27196,-0.001908615,0.001166331,0.003498992
10/9/14 16:05,DOWN,1.27208,1.27366,1.26634,1.26723,-0.002230727,0.001228352,0.003685056
10/10/14 1:38,UP,1.26723,1.27167,1.26638,1.27118,0.001204331,0.001003021,0.003009064
10/10/14 8:05,DOWN,1.27128,1.27142,1.26601,1.26669,-0.000868028,0.0009135,0.002740499
10/10/14 12:17,DOWN,1.26679,1.26775,1.26366,1.26386,-0.000830443,0.000823326,0.002469978
10/13/14 1:09,UP,1.26387,1.26507,1.26051,1.26478,0.000529877,0.000911444,0.002734332
10/13/14 2:27,UP,1.26491,1.26964,1.2648,1.26964,0.001852633,0.0010778,0.0032334
10/13/14 13:41,UP,1.26952,1.27002,1.26506,1.26954,0.001008748,0.000817908,0.002453725
10/13/14 20:38,UP,1.26943,1.27459,1.26642,1.27396,0.003176253,0.001191861,0.003575583
10/14/14 5:59,DOWN,1.27382,1.2769,1.27105,1.27129,-0.000353909,0.001112469,0.003337408
10/14/14 9:15,DOWN,1.27117,1.27228,1.26571,1.26602,-0.001255116,0.001142672,0.003428016
10/14/14 23:41,DOWN,1.26601,1.26799,1.26313,1.26383,-0.001423229,0.000823796,0.002471387
10/15/14 11:50,UP,1.26383,1.267,1.26243,1.26664,0.001477438,0.000750488,0.002251463
10/15/14 12:47,UP,1.26665,1.27367,1.26645,1.27348,0.002657673,0.00112685,0.003380549
10/15/14 13:29,UP,1.27348,1.27956,1.27317,1.27927,0.002912145,0.001282437,0.00384731
10/15/14 13:41,UP,1.2794,1.28875,1.27873,1.28652,0.005651296,0.001860697,0.005582092
10/15/14 14:04,DOWN,1.28638,1.28687,1.27541,1.27581,-0.003770873,0.002258309,0.006774927
10/15/14 20:58,UP,1.27595,1.2845,1.27419,1.2838,0.002019486,0.001543162,0.004629485
10/16/14 7:45,DOWN,1.28366,1.28459,1.27727,1.27731,-0.001955325,0.001317046,0.003951137
10/16/14 10:07,DOWN,1.27742,1.28247,1.27236,1.27261,-0.005626092,0.001911806,0.005735418
10/16/14 14:52,UP,1.2726,1.27914,1.27055,1.278,0.001190066,0.001390536,0.004171608
10/17/14 9:10,UP,1.27801,1.28405,1.2777,1.28229,0.001396915,0.001078165,0.003234494
10/17/14 13:48,DOWN,1.28241,1.28369,1.27689,1.27763,-0.001493839,0.001092982,0.003278945
10/20/14 11:33,UP,1.27751,1.27902,1.27308,1.27807,0.000469568,0.000958622,0.002875866
10/20/14 17:39,UP,1.27805,1.28073,1.27547,1.28046,0.001430196,0.000865034,0.002595102
10/21/14 7:20,UP,1.28047,1.28379,1.27879,1.28294,0.000756362,0.000787774,0.002363322
10/21/14 9:33,DOWN,1.2828,1.28407,1.27813,1.27833,-0.002180157,0.000947566,0.002842698
10/21/14 11:27,DOWN,1.27831,1.27928,1.27465,1.27478,-0.000580324,0.000902731,0.002708194
10/21/14 14:05,DOWN,1.27466,1.2785,1.27206,1.27232,-0.001555003,0.001121635,0.003364905
10/22/14 8:08,DOWN,1.27244,1.27432,1.26843,1.26863,-0.002448463,0.001053826,0.003161479
10/22/14 13:04,DOWN,1.26864,1.27285,1.26588,1.2665,-0.000323674,0.001057733,0.003173199
10/23/14 1:45,DOWN,1.26661,1.2681,1.2636,1.26405,-0.000261032,0.000837822,0.002513465
10/23/14 8:08,UP,1.26406,1.26626,1.26133,1.26626,0.001588613,0.000988938,0.002966814
10/24/14 7:50,DOWN,1.26625,1.26774,1.26303,1.26369,-0.000632866,0.000758915,0.002276745
10/24/14 12:47,UP,1.2636,1.26708,1.26353,1.26667,0.00058438,0.000688424,0.002065271
10/27/14 2:56,UP,1.26665,1.27152,1.26593,1.27078,0.001330777,0.000759051,0.002277154
10/27/14 10:25,DOWN,1.27077,1.27112,1.26765,1.26818,-0.000323246,0.000674668,0.002024004
10/27/14 14:07,UP,1.26829,1.2703,1.26653,1.27016,0.001418149,0.000710473,0.002131419
10/28/14 9:30,DOWN,1.27026,1.27239,1.26863,1.26874,-0.000409771,0.000757653,0.002272959
10/28/14 12:32,UP,1.26864,1.27361,1.26843,1.27344,0.002681378,0.001008431,0.003025294
10/29/14 8:31,DOWN,1.27345,1.27654,1.27202,1.27329,-0.000361204,0.000747749,0.002243248
10/29/14 14:37,UP,1.2733,1.27703,1.27233,1.27649,0.000948361,0.000692762,0.002078286
10/29/14 18:10,DOWN,1.27637,1.27712,1.26527,1.26611,-0.006228048,0.001659033,0.004977099
10/30/14 5:05,DOWN,1.26599,1.26625,1.25883,1.25954,-0.001911569,0.001370257,0.00411077
10/30/14 12:54,UP,1.25956,1.26085,1.2547,1.26046,0.000960428,0.001051912,0.003155736
10/31/14 4:52,DOWN,1.26058,1.2633,1.25859,1.25884,-0.001048035,0.000839875,0.002519626
10/31/14 7:22,DOWN,1.25885,1.25906,1.25491,1.25491,-0.001401508,0.00082424,0.00247272
10/31/14 11:12,UP,1.25504,1.25882,1.25404,1.25865,0.001630057,0.000948691,0.002846073
10/31/14 12:53,DOWN,1.25854,1.2592,1.2526,1.25318,-0.002287555,0.001071594,0.003214781
10/31/14 16:08,UP,1.2532,1.25417,1.24859,1.25367,0.001340964,0.001101409,0.003304228
11/3/14 0:47,DOWN,1.25353,1.25449,1.24394,1.24581,-0.003677579,0.00131453,0.00394359
11/3/14 6:56,UP,1.24593,1.24999,1.24471,1.2498,0.000936588,0.001172498,0.003517493
11/3/14 18:32,DOWN,1.2497,1.25106,1.24707,1.24767,-0.000905278,0.000692332,0.002076997
11/4/14 1:35,UP,1.24767,1.25098,1.24756,1.25047,0.00062396,0.000614114,0.001842341
11/4/14 15:18,UP,1.25048,1.25344,1.24943,1.25322,0.001669096,0.000701693,0.00210508
11/4/14 15:49,UP,1.25335,1.25648,1.25253,1.25648,0.000915674,0.000803105,0.002409316
11/5/14 6:21,DOWN,1.25665,1.25782,1.25351,1.25364,-0.001092221,0.000737417,0.002212252
11/5/14 9:05,DOWN,1.25364,1.25446,1.24913,1.24951,-0.00127169,0.000753134,0.002259402
11/5/14 15:12,DOWN,1.24951,1.25077,1.24569,1.24601,-0.001299306,0.000800363,0.002401088
11/6/14 2:10,UP,1.24588,1.24977,1.24587,1.2493,0.00080878,0.000722184,0.002166552
11/6/14 5:28,UP,1.24929,1.25307,1.24802,1.25233,0.000894733,0.000722795,0.002168386
11/6/14 13:43,DOWN,1.25248,1.25341,1.24054,1.2429,-0.007223026,0.001854687,0.00556406
11/6/14 19:43,DOWN,1.24291,1.24484,1.23822,1.23844,-0.000306791,0.001353834,0.004061502
11/7/14 13:34,UP,1.23844,1.24426,1.23644,1.24074,0.0009757,0.00088809,0.002664271
11/7/14 14:54,UP,1.24069,1.24252,1.23574,1.24219,0.000781184,0.001293029,0.003879086
11/7/14 18:52,UP,1.24232,1.24704,1.2411,1.24644,0.002216762,0.001212105,0.003636315
11/10/14 4:23,UP,1.24666,1.24901,1.24283,1.2486,0.000737097,0.001163486,0.003490458
11/10/14 14:58,DOWN,1.24872,1.25101,1.24403,1.24443,-0.002343707,0.001082923,0.003248769
11/11/14 8:04,DOWN,1.24444,1.24485,1.24043,1.24083,-0.001200089,0.000814937,0.002444811
11/11/14 13:29,UP,1.24085,1.24374,1.2394,1.24346,0.001078219,0.000741265,0.002223794
11/11/14 16:32,UP,1.24344,1.24573,1.2412,1.24512,0.001382348,0.000814001,0.002442003
11/12/14 6:14,UP,1.24512,1.25,1.24446,1.24844,0.000921574,0.000824657,0.002473972
11/12/14 9:29,DOWN,1.24843,1.24985,1.24544,1.24635,-0.000240674,0.00083285,0.002498551
11/12/14 11:29,UP,1.24624,1.24918,1.243,1.24796,0.001090373,0.001045219,0.003135656
11/12/14 18:43,DOWN,1.24795,1.24929,1.24189,1.24224,-0.0016087,0.001081791,0.003245374
11/13/14 8:30,UP,1.24237,1.24706,1.2419,1.24629,0.000931196,0.000876186,0.002628557
11/13/14 20:04,UP,1.24629,1.24924,1.24508,1.2486,0.000552772,0.000815794,0.002447383
11/14/14 4:04,DOWN,1.24848,1.24863,1.2451,1.24557,-0.000232798,0.000758676,0.002276029
11/14/14 8:34,UP,1.24545,1.24719,1.24261,1.24708,0.001323967,0.000887609,0.002662826
11/14/14 13:17,DOWN,1.24711,1.2472,1.24305,1.24353,-0.001197485,0.000881806,0.002645418
11/14/14 15:02,UP,1.24353,1.24443,1.23982,1.24437,0.001841984,0.001115473,0.003346418
11/14/14 16:56,UP,1.24426,1.25006,1.24339,1.24913,0.001209573,0.0011508,0.003452399
11/17/14 0:30,UP,1.24923,1.25487,1.24904,1.25477,0.002233978,0.001303201,0.003909604
11/17/14 7:25,DOWN,1.25478,1.25783,1.25237,1.25282,-0.0012205,0.001260478,0.003781434
11/17/14 14:33,DOWN,1.25269,1.25341,1.24683,1.24696,-0.001594609,0.001092678,0.003278033
11/18/14 7:50,UP,1.24678,1.24905,1.24428,1.24897,0.001193695,0.000851728,0.002555183
11/18/14 10:02,UP,1.24898,1.25412,1.24812,1.25333,0.002796467,0.001036049,0.003108148
11/19/14 8:19,UP,1.25345,1.25485,1.25009,1.25452,0.00227437,0.000915062,0.002745187
11/19/14 19:24,UP,1.2545,1.26012,1.25236,1.25706,0.000413749,0.000846852,0.002540557
11/20/14 6:57,DOWN,1.25703,1.25705,1.25238,1.25398,-0.000621826,0.000809166,0.002427497
11/20/14 8:24,UP,1.2541,1.2576,1.25226,1.25647,0.00093958,0.000913082,0.002739247
11/20/14 9:07,DOWN,1.25647,1.25683,1.2504,1.25117,-0.000567308,0.001229393,0.003688178
11/20/14 14:09,UP,1.25114,1.25621,1.25052,1.25547,0.000541777,0.001104385,0.003313155
11/21/14 8:40,DOWN,1.25545,1.25697,1.25144,1.2521,-0.001843201,0.000906073,0.00271822
11/21/14 9:17,DOWN,1.25213,1.25213,1.24497,1.24548,-0.002021272,0.001255893,0.003767679
11/21/14 15:58,DOWN,1.24554,1.2469,1.24051,1.24161,-0.001078662,0.001031386,0.003094158
11/23/14 23:44,DOWN,1.24162,1.24183,1.23638,1.23671,-0.00190647,0.001094833,0.003284498
11/24/14 11:48,UP,1.23683,1.24151,1.2367,1.24122,0.000838237,0.00097023,0.002910691
11/24/14 22:50,UP,1.2411,1.24454,1.24011,1.2441,0.000570857,0.000821549,0.002464648
11/25/14 13:35,DOWN,1.24423,1.24444,1.24016,1.24095,-0.001079235,0.000753507,0.00226052
11/25/14 14:49,UP,1.24078,1.24661,1.24048,1.24628,0.003013491,0.001038283,0.003114848
11/26/14 10:37,DOWN,1.24616,1.24956,1.24435,1.24455,-0.000891491,0.000910568,0.002731705
11/26/14 13:40,UP,1.24457,1.25072,1.24432,1.25029,0.002209928,0.001015185,0.003045555
11/27/14 9:09,DOWN,1.25041,1.25322,1.24657,1.24688,-0.001874925,0.001081799,0.003245397
11/28/14 0:31,DOWN,1.24688,1.24994,1.24494,1.24526,-0.000890983,0.000907605,0.002722815
11/28/14 12:11,UP,1.2454,1.24912,1.24287,1.24861,0.001482746,0.001003751,0.003011254
11/28/14 16:19,DOWN,1.24873,1.24903,1.24471,1.24491,-0.001115924,0.000926683,0.002780049
12/1/14 13:11,UP,1.24491,1.24789,1.24188,1.24682,0.000248663,0.000961532,0.002884595
12/2/14 1:15,DOWN,1.24682,1.25075,1.24657,1.24672,-0.0003689,0.000912281,0.002736844
12/2/14 10:00,DOWN,1.24686,1.24709,1.24327,1.24349,-0.000819936,0.000787621,0.002362864
12/2/14 14:36,DOWN,1.24347,1.24492,1.24091,1.24119,-0.000813404,0.000694603,0.00208381
12/2/14 17:49,DOWN,1.24107,1.24149,1.23828,1.23847,-0.000250278,0.000668459,0.002005376
12/3/14 8:16,DOWN,1.23861,1.23912,1.23616,1.23673,-0.000299131,0.000577807,0.00173342
12/3/14 8:54,DOWN,1.23672,1.23684,1.23223,1.23272,-0.001175569,0.000787452,0.002362356
12/3/14 15:17,DOWN,1.23273,1.23456,1.23017,1.23112,-3.25E-05,0.000744596,0.002233789
12/4/14 13:43,UP,1.23112,1.23675,1.228,1.23374,0.000965012,0.000738261,0.002214783
12/4/14 13:54,UP,1.23362,1.23972,1.23271,1.23854,0.00388306,0.001190385,0.003571155
12/4/14 15:37,UP,1.23851,1.2417,1.23397,1.24143,0.001620413,0.001365163,0.00409549
12/4/14 17:42,DOWN,1.24143,1.2457,1.2362,1.23833,-0.0028224,0.001417438,0.004252313
12/5/14 11:44,DOWN,1.23838,1.23937,1.23459,1.2348,-0.001084608,0.000974047,0.002922142
12/5/14 13:37,DOWN,1.23478,1.23797,1.22796,1.2281,-0.006509182,0.001848227,0.005544681
12/8/14 7:54,DOWN,1.22831,1.2325,1.22605,1.22636,-0.001230529,0.001187654,0.003562961
12/8/14 15:44,UP,1.22637,1.22924,1.22467,1.22899,0.000504607,0.000909307,0.002727921
12/8/14 19:00,UP,1.22911,1.23311,1.22856,1.23283,0.000787117,0.000862482,0.002587447
12/9/14 3:55,DOWN,1.2328,1.23449,1.22921,1.2294,-0.00071554,0.000750972,0.002252917
12/9/14 6:17,UP,1.2294,1.23403,1.22916,1.23389,0.001987564,0.000896626,0.002689877
12/9/14 10:48,UP,1.23402,1.23683,1.23201,1.23616,0.000825477,0.000891752,0.002675256
12/9/14 14:08,UP,1.23614,1.24008,1.2347,1.23961,0.001283485,0.000864215,0.002592644
12/9/14 15:17,UP,1.2396,1.24459,1.23873,1.2435,0.000917188,0.000916229,0.002748687
12/9/14 17:15,DOWN,1.24352,1.24487,1.23991,1.23993,-0.00064499,0.000851316,0.002553949
12/10/14 2:10,DOWN,1.23992,1.24081,1.23615,1.23675,-0.000646648,0.000805918,0.002417755
12/10/14 14:49,UP,1.23661,1.24056,1.23636,1.24031,0.000984109,0.000841022,0.002523066
12/10/14 18:38,UP,1.24033,1.24405,1.24013,1.24402,0.001592882,0.000901084,0.002703253
12/12/14 0:47,DOWN,1.24407,1.24877,1.23915,1.24003,-0.003871435,0.001244944,0.003734831
12/12/14 10:40,UP,1.24004,1.24546,1.23839,1.24364,0.000812462,0.001066324,0.003198972
12/12/14 17:00,UP,1.24376,1.2486,1.24272,1.24785,0.000609233,0.000941853,0.00282556
12/15/14 3:59,DOWN,1.24783,1.24925,1.24337,1.24364,-0.001622947,0.000901387,0.002704162
12/15/14 9:59,DOWN,1.24349,1.24737,1.24184,1.24208,-0.00125517,0.000869791,0.002609373
12/15/14 16:29,UP,1.24209,1.24623,1.24141,1.24617,0.003335761,0.001097571,0.003292714
12/16/14 8:33,UP,1.24603,1.24815,1.24281,1.24762,0.001716739,0.000910471,0.002731412
12/16/14 9:57,UP,1.24776,1.25202,1.24717,1.25103,0.000855661,0.000898085,0.002694254
12/16/14 11:57,UP,1.2509,1.25448,1.24847,1.25448,0.002642031,0.001114054,0.003342161
12/16/14 13:25,DOWN,1.25432,1.25708,1.25094,1.2513,-0.002027831,0.001153283,0.003459848
12/16/14 19:50,DOWN,1.25147,1.25359,1.24772,1.2487,-0.001008541,0.001071983,0.00321595
12/17/14 7:57,DOWN,1.24852,1.25175,1.24667,1.24673,-0.001658967,0.000958389,0.002875168
12/17/14 15:17,DOWN,1.24687,1.24776,1.24101,1.24166,-0.002782717,0.000975689,0.002927068
12/17/14 19:17,UP,1.24168,1.24588,1.23783,1.24478,0.003315311,0.001141765,0.003425295
12/17/14 19:43,DOWN,1.24478,1.24748,1.23586,1.23622,-0.005783184,0.001796943,0.005390829
12/18/14 7:16,DOWN,1.23619,1.23778,1.22817,1.22844,-0.003502374,0.001607749,0.004823248
12/18/14 13:28,DOWN,1.22846,1.23388,1.22774,1.2286,-0.000390612,0.001176689,0.003530067
12/19/14 11:10,DOWN,1.22872,1.22989,1.22529,1.22586,-0.001149552,0.000866973,0.00260092
12/19/14 13:57,UP,1.22583,1.22968,1.22579,1.2293,0.000374267,0.000824933,0.0024748
12/19/14 16:05,DOWN,1.2293,1.23029,1.22393,1.22422,-0.002284559,0.001152772,0.003458317
12/22/14 7:31,UP,1.22422,1.2265,1.22195,1.22594,0.000628287,0.000965395,0.002896184
12/22/14 17:16,DOWN,1.22595,1.22735,1.22405,1.22405,-0.001616274,0.000776971,0.002330912
12/23/14 12:33,DOWN,1.22416,1.22568,1.22105,1.22149,-0.000965567,0.000740439,0.002221316
12/23/14 14:02,DOWN,1.22134,1.22165,1.21823,1.21839,-0.00018055,0.000816814,0.002450442
12/24/14 9:32,UP,1.21839,1.2208,1.21642,1.21967,0.000155792,0.000668068,0.002004203
12/25/14 5:09,UP,1.21981,1.2221,1.2185,1.22185,0.001113686,0.000740293,0.00222088
12/26/14 11:46,DOWN,1.22166,1.22335,1.21852,1.21862,-0.000639864,0.000712166,0.002136497
12/29/14 5:24,UP,1.21876,1.22025,1.21666,1.21988,0.000836498,0.000773211,0.002319632
12/29/14 17:17,DOWN,1.21973,1.22221,1.21725,1.21757,-0.000451617,0.000797661,0.002392984
12/30/14 2:41,DOWN,1.21756,1.21778,1.21348,1.21397,-0.001136121,0.000940999,0.002822998
12/30/14 8:06,UP,1.21412,1.21755,1.21234,1.21736,0.001405666,0.001006716,0.003020149
12/31/14 8:49,DOWN,1.21736,1.21882,1.21438,1.21491,-0.000469061,0.000729248,0.002187744
12/31/14 14:47,DOWN,1.2149,1.21595,1.21121,1.21172,-0.001426704,0.000777629,0.002332888
1/1/15 23:31,DOWN,1.21158,1.21354,1.20777,1.20793,-0.001827905,0.000981555,0.002944665
1/2/15 7:37,DOWN,1.20794,1.20929,1.20344,1.20434,-0.000937833,0.000867055,0.002601166
1/2/15 14:40,DOWN,1.20446,1.20706,1.20106,1.20108,-0.001929732,0.000929004,0.002787013
1/4/15 22:10,DOWN,1.20107,1.2033,1.18502,1.19114,-0.007685687,0.002038345,0.006115036
1/5/15 8:13,UP,1.19114,1.19771,1.19114,1.19614,0.000560292,0.00138235,0.004147049
1/5/15 11:02,DOWN,1.1961,1.19773,1.19138,1.19214,-0.000561857,0.001195373,0.003586119
1/5/15 19:15,UP,1.19198,1.19425,1.18868,1.19385,0.00091343,0.000943279,0.002829837
1/6/15 7:09,UP,1.19397,1.19696,1.19263,1.19597,0.00024251,0.000717876,0.002153627
1/6/15 8:38,DOWN,1.19596,1.19626,1.19216,1.19263,-0.000729214,0.000797863,0.00239359
1/6/15 10:00,DOWN,1.19262,1.19537,1.19045,1.19076,-0.000579294,0.000908141,0.002724423
1/6/15 16:10,UP,1.19088,1.19345,1.18838,1.19229,0.000746741,0.000785156,0.002355467
1/6/15 17:21,UP,1.19229,1.19567,1.19161,1.19541,0.00164933,0.000859662,0.002578986
1/6/15 19:50,DOWN,1.19528,1.19593,1.19209,1.19217,-0.001198775,0.000896764,0.002690293
1/6/15 22:36,DOWN,1.19229,1.1923,1.18412,1.187,-0.001860105,0.001057939,0.003173816
1/7/15 10:39,DOWN,1.18716,1.18971,1.18473,1.18524,-0.001129934,0.000910022,0.002730065
1/7/15 14:25,DOWN,1.18518,1.18647,1.18155,1.18196,-0.00011844,0.000899393,0.002698178
1/7/15 18:38,UP,1.18208,1.18378,1.18016,1.18367,0.000853643,0.000834576,0.002503727
1/8/15 7:01,DOWN,1.18351,1.18595,1.18077,1.18139,-0.000617725,0.00071322,0.002139659
1/8/15 9:41,DOWN,1.18137,1.18235,1.17914,1.17946,-0.000525526,0.000652941,0.001958824
1/8/15 11:59,DOWN,1.17944,1.17975,1.17621,1.17681,-0.000484243,0.000675304,0.002025912
1/8/15 14:00,UP,1.17683,1.17895,1.17538,1.17885,0.000959021,0.000690896,0.002072689
1/8/15 16:30,UP,1.17876,1.18062,1.17716,1.18017,0.000720495,0.0007575,0.0022725
1/9/15 5:06,UP,1.1803,1.18199,1.17797,1.181,0.000169362,0.000602537,0.001807611
1/9/15 9:27,UP,1.18087,1.18172,1.17846,1.18157,0.000880572,0.000664772,0.001994315
1/9/15 13:39,DOWN,1.18156,1.18331,1.17742,1.17827,-0.003279094,0.000982446,0.002947338
1/9/15 15:29,UP,1.17834,1.18203,1.17622,1.18189,0.00113442,0.00102364,0.003070921
1/11/15 21:51,UP,1.18194,1.18569,1.18162,1.18518,0.000633016,0.00090644,0.002719321
1/12/15 8:21,DOWN,1.18452,1.18717,1.18244,1.18281,-0.00208607,0.000925483,0.002776449
1/12/15 10:34,DOWN,1.18283,1.18329,1.17923,1.17967,-0.000364442,0.000839374,0.002518121
1/12/15 14:49,UP,1.17979,1.18399,1.17857,1.18367,0.001877284,0.000866893,0.002600678
1/13/15 1:11,UP,1.18363,1.18466,1.18087,1.18413,0.000616676,0.000703902,0.002111705
1/13/15 5:34,DOWN,1.1842,1.18603,1.18235,1.18258,-0.000929737,0.000718037,0.002154112
1/13/15 8:46,DOWN,1.18259,1.18529,1.1817,1.1817,-0.001555868,0.000764539,0.002293616
1/13/15 10:19,DOWN,1.1817,1.18269,1.17894,1.17918,-0.001423705,0.000805317,0.002415952
1/13/15 13:00,DOWN,1.17918,1.18106,1.17752,1.17788,-0.000857105,0.000758675,0.002276026
1/13/15 15:07,DOWN,1.178,1.17946,1.17525,1.17582,-0.000399641,0.000685136,0.002055408
1/13/15 15:58,UP,1.17571,1.17964,1.17556,1.17856,0.000364919,0.000710753,0.002132258
1/13/15 20:03,DOWN,1.17857,1.18004,1.17602,1.17631,-0.000866743,0.000704696,0.002114087
1/14/15 5:23,UP,1.17618,1.17937,1.17584,1.17897,0.000814602,0.000609732,0.001829195
1/14/15 9:30,DOWN,1.17895,1.1812,1.17615,1.17634,-0.001664798,0.000822636,0.002467909
1/14/15 13:13,UP,1.17634,1.17826,1.17269,1.17765,0.001793311,0.001011027,0.003033082
1/14/15 13:52,UP,1.17752,1.18472,1.17732,1.18425,0.002333309,0.001213256,0.003639767
1/14/15 14:45,DOWN,1.18422,1.18466,1.17913,1.1798,-0.000796428,0.001163187,0.003489562
1/15/15 5:31,DOWN,1.17992,1.18143,1.17655,1.17667,-0.001189091,0.000825769,0.002477306
1/15/15 9:38,DOWN,1.17682,1.1787,1.15718,1.16576,-0.008277818,0.00217484,0.00652452
1/15/15 10:13,UP,1.16595,1.17747,1.16311,1.17432,0.00097977,0.002113539,0.006340616
1/15/15 11:03,DOWN,1.17432,1.17473,1.16658,1.16687,-0.002105985,0.00204571,0.00613713
1/15/15 14:41,DOWN,1.1669,1.17476,1.16485,1.16589,-0.000754503,0.00183936,0.005518079
1/15/15 16:00,DOWN,1.16589,1.16651,1.1582,1.1582,-0.003335822,0.001795722,0.005387166
1/15/15 21:29,UP,1.1582,1.16365,1.15673,1.16216,2.58E-05,0.001255415,0.003766245
1/16/15 7:43,UP,1.16228,1.16497,1.15997,1.16472,0.000455149,0.00090343,0.002710289
1/16/15 10:44,DOWN,1.16469,1.16497,1.15944,1.16049,-0.001816547,0.001004108,0.003012324
1/16/15 14:19,DOWN,1.16035,1.16144,1.15661,1.15674,-0.001287274,0.00089775,0.00269325
1/16/15 15:12,DOWN,1.15658,1.15668,1.15258,1.15279,-0.00155155,0.000986338,0.002959013
1/16/15 17:15,UP,1.15266,1.15398,1.14594,1.15372,0.000910514,0.000965517,0.00289655
1/16/15 20:02,UP,1.15372,1.15894,1.1521,1.15894,0.002531374,0.001290658,0.003871975
1/19/15 9:39,UP,1.15896,1.16224,1.15508,1.16182,0.001998863,0.001203701,0.003611102
1/19/15 15:22,UP,1.16197,1.16291,1.1585,1.16278,0.000301048,0.00096031,0.002880931
1/19/15 23:45,DOWN,1.16291,1.16396,1.15907,1.15939,-0.001172343,0.00092219,0.00276657
1/20/15 10:36,UP,1.15955,1.1616,1.15679,1.16078,0.001646801,0.000941985,0.002825956
1/20/15 11:42,DOWN,1.16075,1.16152,1.15712,1.15712,-0.001942595,0.001045844,0.003137533
1/20/15 16:47,DOWN,1.15707,1.16063,1.15576,1.1569,-0.000406176,0.000899389,0.002698166
1/21/15 6:13,UP,1.15693,1.15885,1.15399,1.15881,0.001969474,0.000969736,0.002909207
1/21/15 13:03,UP,1.15866,1.15939,1.15467,1.15905,0.000785434,0.000916826,0.002750478
1/21/15 14:16,UP,1.15892,1.16406,1.15871,1.1638,0.00198685,0.001049411,0.003148234
1/21/15 14:48,UP,1.16395,1.16807,1.15645,1.16662,0.006691174,0.002165227,0.00649568
1/21/15 16:44,DOWN,1.16657,1.16772,1.15805,1.15898,-0.000655534,0.001969203,0.005907608
1/22/15 9:35,UP,1.15881,1.16304,1.15617,1.16212,0.001136501,0.001466918,0.004400755
1/22/15 13:41,DOWN,1.16227,1.16529,1.15116,1.15142,-0.009817726,0.002688151,0.008064454
1/22/15 15:52,DOWN,1.15135,1.16401,1.14231,1.14273,-0.002700401,0.002525842,0.007577526
1/22/15 21:13,DOWN,1.1426,1.14334,1.13157,1.13194,-0.00447783,0.002256465,0.006769396
1/23/15 8:54,DOWN,1.13179,1.13746,1.12619,1.1268,-0.005884322,0.00228446,0.006853381
1/23/15 12:01,DOWN,1.12678,1.12912,1.11663,1.11748,-0.005194631,0.00231884,0.006956521
1/23/15 14:07,UP,1.11764,1.12621,1.1114,1.12535,0.004194148,0.002564084,0.007692253
1/25/15 22:40,DOWN,1.12537,1.129,1.11339,1.11502,-0.005384484,0.002515178,0.007545535
1/26/15 6:15,UP,1.11477,1.1203,1.1097,1.11953,0.001931245,0.002384214,0.007152642
1/26/15 13:43,UP,1.11954,1.12778,1.11903,1.12725,0.001793579,0.001863634,0.005590903
1/27/15 0:54,DOWN,1.12726,1.12964,1.12319,1.12334,-0.000275925,0.001604118,0.004812353
1/27/15 8:52,UP,1.12334,1.13265,1.12232,1.13265,0.003874534,0.001842241,0.005526722
1/27/15 14:17,UP,1.13252,1.13778,1.12607,1.13756,0.00449336,0.001930451,0.005791354
1/28/15 1:34,DOWN,1.13768,1.14234,1.13302,1.13324,-0.002370912,0.001830369,0.005491108
1/28/15 15:10,DOWN,1.13323,1.13834,1.13065,1.13153,-0.001554208,0.0014964,0.0044892
1/28/15 19:59,DOWN,1.1314,1.13705,1.13053,1.13107,-0.001828453,0.001507032,0.004521095
1/29/15 9:51,UP,1.1309,1.13198,1.12613,1.13156,0.001671657,0.001359904,0.004079713
1/29/15 15:24,UP,1.13169,1.13515,1.129,1.13478,0.001199189,0.00123054,0.003691619
1/29/15 16:52,DOWN,1.13476,1.13687,1.12961,1.12988,-0.00213953,0.001313755,0.003941265
1/30/15 0:01,UP,1.12987,1.13385,1.12783,1.13334,0.001368575,0.001307439,0.003922316
1/30/15 15:42,DOWN,1.13348,1.13643,1.12888,1.12907,-0.001716754,0.001365398,0.004096193
2/2/15 8:31,UP,1.12896,1.13385,1.12769,1.13379,0.002110199,0.001140111,0.003420334
2/2/15 15:14,UP,1.13381,1.13626,1.13019,1.13546,0.00181589,0.001102451,0.003307354
2/3/15 9:00,DOWN,1.13558,1.13624,1.13204,1.13218,-0.000988753,0.000912743,0.002738228
2/3/15 13:22,UP,1.13218,1.14054,1.13119,1.13973,0.004431906,0.001361029,0.004083087
2/3/15 16:06,UP,1.13974,1.14551,1.13829,1.14535,0.001747717,0.00136405,0.004092151
2/3/15 18:30,UP,1.1455,1.15313,1.14473,1.15243,0.002911134,0.001622977,0.004868931
2/3/15 23:45,DOWN,1.1523,1.15348,1.1461,1.14678,-0.001211356,0.001536166,0.004608499
2/4/15 14:21,DOWN,1.14679,1.14858,1.14247,1.14273,-0.000586143,0.001239982,0.003719946
2/4/15 21:21,DOWN,1.14271,1.1448,1.13641,1.13694,-0.001968262,0.001394908,0.004184725
2/4/15 23:57,DOWN,1.13681,1.13694,1.13035,1.13161,-0.002074534,0.001538576,0.004615728
2/5/15 8:07,UP,1.1316,1.13974,1.13154,1.13738,0.000870801,0.001463449,0.004390348
2/5/15 10:40,UP,1.13724,1.14382,1.13613,1.14323,0.003417219,0.00160229,0.004806871
2/5/15 18:29,UP,1.14342,1.14983,1.13903,1.14814,0.002703671,0.001539239,0.004617718
2/6/15 10:51,DOWN,1.14815,1.14996,1.14313,1.14324,-0.002271656,0.001318387,0.003955161
2/6/15 13:33,DOWN,1.14325,1.14671,1.13512,1.13563,-0.008679849,0.002467714,0.007403142
2/9/15 11:10,DOWN,1.13568,1.13973,1.12984,1.13174,-0.001262743,0.001540802,0.004622405
2/9/15 14:52,UP,1.1316,1.13345,1.12698,1.13318,0.00256245,0.001562584,0.004687751
2/10/15 10:02,DOWN,1.13304,1.13557,1.1281,1.1283,-0.001496708,0.001212167,0.003636501
2/10/15 15:46,UP,1.1283,1.13384,1.12726,1.13171,0.000990143,0.001067764,0.003203292
2/11/15 15:00,DOWN,1.13167,1.13322,1.12888,1.12932,-0.001327352,0.000838568,0.002515704
2/11/15 21:55,UP,1.12917,1.1348,1.12794,1.13332,0.003482569,0.001167464,0.003502393
2/12/15 12:49,UP,1.13331,1.13552,1.13015,1.13453,0.000158669,0.000958903,0.00287671
2/12/15 14:49,UP,1.13443,1.13921,1.13263,1.13872,0.003245742,0.001414791,0.004244374
2/13/15 4:22,UP,1.13861,1.14311,1.13686,1.14264,0.002400835,0.001350632,0.004051895
2/13/15 13:12,DOWN,1.14265,1.14438,1.13795,1.13861,-0.000895428,0.001132357,0.003397071
2/16/15 6:55,UP,1.13857,1.14328,1.13796,1.1424,0.00056914,0.000909192,0.002727577
2/16/15 16:56,DOWN,1.14239,1.14298,1.1363,1.1369,-0.00305628,0.001098259,0.003294778
2/17/15 1:34,DOWN,1.13704,1.13821,1.13191,1.13324,-0.000114709,0.001055483,0.003166449
2/17/15 9:20,UP,1.13339,1.13837,1.13311,1.13719,0.00197171,0.001064796,0.003194388
2/17/15 11:13,UP,1.13731,1.14148,1.13703,1.14078,0.001342088,0.001025519,0.003076557
2/17/15 15:31,DOWN,1.14077,1.14495,1.13815,1.13842,-0.001264112,0.000964118,0.002892353
2/18/15 10:45,DOWN,1.13841,1.1426,1.13776,1.13855,-0.001062191,0.001159349,0.003478048
2/18/15 17:27,DOWN,1.13867,1.13913,1.13334,1.13419,-0.001075079,0.001086067,0.0032582
2/18/15 19:08,UP,1.13421,1.14115,1.1335,1.14071,0.004736326,0.001563374,0.004690121
2/19/15 8:25,UP,1.14054,1.14343,1.13743,1.14315,0.001260471,0.0013485,0.0040455
2/19/15 12:14,DOWN,1.14327,1.14508,1.13595,1.13715,-0.002380316,0.001402987,0.004208962
2/20/15 7:23,DOWN,1.13718,1.13972,1.13385,1.13462,-0.000924992,0.001027965,0.003083895
2/20/15 13:09,DOWN,1.13471,1.13627,1.12972,1.13039,-0.001449775,0.001009467,0.003028402
2/20/15 15:33,UP,1.13038,1.13517,1.12785,1.13337,0.002535483,0.001130855,0.003392564
2/20/15 17:43,UP,1.13336,1.14299,1.13293,1.13793,0.001363051,0.001157334,0.003472002
2/23/15 7:41,DOWN,1.138,1.14245,1.13465,1.1351,-0.002446129,0.001253672,0.003761017
2/23/15 10:06,DOWN,1.13495,1.13636,1.13067,1.13082,-0.001502205,0.001277,0.003831
2/23/15 15:58,UP,1.13069,1.13583,1.12947,1.13578,0.002009449,0.001221269,0.003663806
2/24/15 8:05,DOWN,1.13592,1.13608,1.13178,1.13194,-0.00143897,0.001096307,0.00328892
2/24/15 15:38,UP,1.13191,1.13514,1.12878,1.13393,0.000846972,0.000909539,0.002728616
2/24/15 17:00,DOWN,1.13392,1.13588,1.13036,1.13074,-0.001361013,0.001135156,0.003405467
2/25/15 0:36,UP,1.13064,1.13527,1.13015,1.13478,0.00052006,0.001052072,0.003156216
2/25/15 7:37,UP,1.13478,1.13893,1.13417,1.13831,0.001441771,0.001001069,0.003003208
2/25/15 10:58,DOWN,1.13831,1.13831,1.13423,1.13499,-0.001100725,0.000900731,0.002702193
2/26/15 0:20,UP,1.13513,1.13691,1.13352,1.13639,7.04E-05,0.000646688,0.001940065
2/26/15 12:16,DOWN,1.13639,1.13804,1.13436,1.13454,-0.0008458,0.000904733,0.002714199
2/26/15 13:32,DOWN,1.13452,1.13463,1.13029,1.13047,-0.001193481,0.001024283,0.003072848
2/26/15 13:58,DOWN,1.13062,1.13118,1.12421,1.12651,-0.00190673,0.001135775,0.003407326
2/26/15 15:03,DOWN,1.12651,1.12656,1.1215,1.12181,-0.001665561,0.001142615,0.003427844
2/27/15 6:30,UP,1.12181,1.12261,1.11831,1.12168,0.000588576,0.000799403,0.00239821
2/27/15 9:42,UP,1.12155,1.12323,1.11964,1.12302,0.000641334,0.000785393,0.002356179
2/27/15 14:35,DOWN,1.1229,1.12458,1.11776,1.1179,-0.003438041,0.00115117,0.003453511
2/27/15 15:53,UP,1.1179,1.12217,1.11756,1.12217,0.001194828,0.001144259,0.003432776
3/1/15 22:47,DOWN,1.12204,1.12274,1.11789,1.11826,-0.00064365,0.001060395,0.003181186
3/2/15 9:57,UP,1.11828,1.12154,1.11596,1.12135,0.001499318,0.000997041,0.002991122
3/2/15 15:34,DOWN,1.12136,1.12413,1.11926,1.11951,-0.001205158,0.001025152,0.003075457
3/3/15 10:00,DOWN,1.11951,1.12131,1.11685,1.11686,-0.001029143,0.000781472,0.002344417
3/3/15 14:47,UP,1.11685,1.11903,1.11543,1.11866,0.000482837,0.000752803,0.00225841
3/3/15 17:03,UP,1.11878,1.12182,1.11766,1.12147,0.001472367,0.000805677,0.00241703
3/3/15 19:32,DOWN,1.1216,1.1218,1.118,1.11842,-0.001402782,0.000895693,0.00268708
3/4/15 8:42,DOWN,1.11842,1.11869,1.11283,1.11358,-0.002824721,0.001042719,0.003128158
3/4/15 14:58,DOWN,1.11355,1.11451,1.10837,1.1094,-0.002134011,0.001097442,0.003292327
3/5/15 5:26,DOWN,1.10954,1.11005,1.1055,1.10582,-0.000876793,0.000838261,0.002514783
3/5/15 13:15,UP,1.10581,1.10774,1.10257,1.107,0.000967044,0.000854569,0.002563706
3/5/15 14:00,DOWN,1.10702,1.11153,1.10269,1.10286,-0.004586604,0.001381542,0.004144627
3/5/15 17:01,DOWN,1.10286,1.10525,1.09968,1.10016,-0.001426048,0.001247658,0.003742975
3/6/15 9:06,DOWN,1.10018,1.10347,1.09853,1.09877,-0.002617684,0.001108066,0.003324199
3/6/15 11:54,DOWN,1.09878,1.09891,1.09344,1.09363,-0.002839705,0.001192028,0.003576084
3/6/15 13:35,DOWN,1.09379,1.09992,1.08798,1.08844,-0.007633136,0.002172599,0.006517796
3/8/15 22:30,DOWN,1.08831,1.09073,1.08269,1.08292,-0.00205713,0.001543565,0.004630694
3/9/15 8:24,UP,1.08295,1.08889,1.08221,1.08866,0.001976858,0.001395063,0.004185189
3/9/15 12:55,DOWN,1.08871,1.09071,1.0846,1.08572,-0.000837802,0.001261713,0.003785138
3/10/15 0:39,DOWN,1.08574,1.08745,1.08252,1.0826,-0.001015557,0.000985928,0.002957785
3/10/15 3:39,DOWN,1.08259,1.08348,1.07845,1.07909,-0.000528083,0.00110271,0.003308131
3/10/15 8:24,DOWN,1.07912,1.08243,1.07747,1.07781,-0.001779805,0.001174747,0.003524242
3/10/15 11:51,DOWN,1.0777,1.0785,1.07342,1.07409,-0.000242036,0.001128119,0.003384356
3/10/15 15:37,DOWN,1.07422,1.07938,1.07167,1.07192,-0.001566054,0.001519955,0.004559865
3/11/15 4:19,DOWN,1.07194,1.07273,1.06652,1.06747,-0.00082404,0.001204018,0.003612055
3/11/15 9:03,DOWN,1.06748,1.06975,1.06374,1.0649,-0.001295057,0.001283786,0.003851358
3/11/15 10:00,DOWN,1.06488,1.06518,1.05939,1.06049,-0.001677062,0.001308285,0.003924855
3/11/15 12:29,UP,1.06061,1.06289,1.05596,1.0618,0.000480432,0.001364108,0.004092325
3/11/15 14:37,DOWN,1.06181,1.06261,1.0569,1.05723,-0.001616128,0.001338157,0.004014471
3/11/15 17:43,DOWN,1.05711,1.06012,1.0522,1.05252,-0.002959929,0.001483213,0.00444964
3/12/15 4:00,DOWN,1.05253,1.05564,1.04938,1.05002,-0.00241608,0.001347191,0.004041573
3/12/15 7:05,UP,1.05015,1.05768,1.05008,1.05641,0.002075211,0.001404998,0.004214995
3/12/15 7:45,UP,1.05629,1.06229,1.05611,1.06203,0.001290815,0.001659335,0.004978005
3/12/15 11:58,UP,1.06218,1.06456,1.05798,1.0643,0.001231614,0.001539302,0.004617906
3/12/15 14:07,DOWN,1.06431,1.06844,1.05912,1.0595,-0.003232147,0.001786889,0.005360668
3/13/15 6:54,DOWN,1.0595,1.06469,1.0564,1.05776,-0.001454848,0.001477301,0.004431904
3/13/15 12:11,DOWN,1.05772,1.06354,1.05618,1.0572,-0.001370608,0.001293045,0.003879136
3/13/15 13:46,DOWN,1.0572,1.05996,1.0543,1.05487,-0.002641384,0.001487111,0.004461333
3/13/15 17:27,DOWN,1.05489,1.05532,1.04815,1.04849,-0.002609873,0.001461154,0.004383462
3/16/15 1:27,UP,1.04862,1.0531,1.0462,1.05209,0.002417161,0.001348827,0.004046482
3/16/15 13:04,UP,1.05209,1.05593,1.04977,1.05505,0.000180102,0.001325505,0.003976516
3/16/15 14:05,UP,1.05506,1.06168,1.05465,1.06058,0.002265477,0.001437993,0.004313978
3/17/15 1:52,DOWN,1.06059,1.06203,1.05509,1.05586,-0.000520767,0.001407909,0.004223726
3/17/15 7:48,UP,1.05587,1.06145,1.05514,1.06092,0.001943599,0.001446601,0.004339802
3/17/15 12:21,UP,1.06087,1.06369,1.05715,1.06319,0.001892326,0.001342078,0.004026234
3/17/15 16:14,DOWN,1.06332,1.06516,1.05846,1.05854,-0.001991328,0.001441646,0.004324937
3/18/15 10:17,UP,1.05853,1.0623,1.05795,1.06229,0.001516743,0.001092323,0.003276968
3/18/15 13:16,DOWN,1.06215,1.06364,1.0589,1.05903,-0.001009848,0.00102405,0.003072151
3/18/15 15:48,UP,1.05901,1.06409,1.05893,1.06353,0.001279579,0.001016844,0.003050532
3/18/15 18:10,UP,1.06364,1.07361,1.06105,1.07042,0.006805489,0.002053283,0.00615985
3/18/15 19:22,UP,1.07049,1.08265,1.07009,1.07923,0.001567159,0.002553154,0.007659461
3/18/15 20:13,UP,1.07931,1.10486,1.07814,1.09201,0.007500518,0.003058508,0.009175523
3/19/15 2:44,DOWN,1.09186,1.09418,1.08191,1.0823,-0.001172739,0.002976536,0.008929607
3/19/15 7:24,DOWN,1.08201,1.08243,1.07012,1.07037,-0.007993231,0.003205943,0.00961783
3/19/15 15:55,DOWN,1.07053,1.07376,1.06179,1.06315,-0.002902242,0.002544978,0.007634935
3/20/15 3:35,UP,1.06332,1.06961,1.06126,1.06916,0.001085553,0.001979366,0.005938099
3/20/15 12:25,UP,1.06915,1.07394,1.0656,1.07313,0.001772091,0.001665943,0.00499783
3/20/15 13:28,UP,1.07312,1.08174,1.07128,1.08131,0.003901025,0.00199945,0.005998351
3/20/15 17:02,UP,1.08138,1.08567,1.07536,1.08476,0.000811569,0.001981511,0.005944533
3/20/15 19:24,DOWN,1.08476,1.08832,1.07946,1.07976,-0.002026174,0.002033993,0.00610198
3/23/15 8:22,DOWN,1.07989,1.08641,1.07669,1.07813,-0.001242121,0.001818724,0.005456173
3/23/15 10:28,UP,1.07815,1.08754,1.07678,1.08649,0.003198882,0.001881593,0.005644779
3/23/15 13:28,UP,1.08647,1.09382,1.08565,1.09323,0.002179408,0.001894451,0.005683354
3/23/15 22:39,UP,1.0932,1.09722,1.08828,1.09536,0.000283052,0.001513987,0.004541961
3/24/15 8:22,UP,1.09551,1.09784,1.09037,1.09767,0.002307542,0.001446687,0.004340061
3/24/15 13:13,DOWN,1.09772,1.10296,1.09365,1.095,-0.002435388,0.001494119,0.004482356
3/24/15 15:35,DOWN,1.095,1.09539,1.08901,1.09049,-9.17E-06,0.001343132,0.004029396
3/25/15 7:58,UP,1.09047,1.09547,1.08901,1.09463,0.001645745,0.001113012,0.003339036
3/25/15 11:18,UP,1.09448,1.09928,1.09426,1.09867,0.001876754,0.001202435,0.003607304
3/25/15 19:04,DOWN,1.09861,1.10152,1.09486,1.09556,-0.001286186,0.001161193,0.003483579
3/26/15 6:48,UP,1.09569,1.09994,1.09533,1.09988,0.00159235,0.001043318,0.003129955
3/26/15 8:31,UP,1.0999,1.10529,1.0976,1.10392,0.00195858,0.001167062,0.003501185
3/26/15 11:45,DOWN,1.10392,1.1045,1.0993,1.09996,-0.000745204,0.001077137,0.003231411
3/26/15 13:55,DOWN,1.09998,1.10232,1.09384,1.0958,-0.002624769,0.001308939,0.003926818
3/26/15 17:26,DOWN,1.09593,1.09673,1.08853,1.08907,-0.002292906,0.001425823,0.004277469
3/27/15 7:38,DOWN,1.08906,1.08966,1.08285,1.08295,-0.004578817,0.001653754,0.004961263
3/27/15 12:27,UP,1.08283,1.08758,1.08008,1.08652,0.000810253,0.001411216,0.004233647
3/27/15 16:13,UP,1.08652,1.0943,1.08544,1.0929,0.003923875,0.001732368,0.005197103
3/30/15 0:42,DOWN,1.09307,1.09494,1.08544,1.08688,-0.001029942,0.001543546,0.004630639
3/30/15 7:59,DOWN,1.08689,1.0885,1.08195,1.08332,-2.77E-05,0.001486269,0.004458808
3/30/15 15:50,DOWN,1.08333,1.08713,1.08093,1.08239,-0.000646508,0.001305194,0.003915581
3/31/15 4:26,DOWN,1.08227,1.08461,1.07828,1.07926,-0.001980877,0.001241289,0.003723868
3/31/15 7:57,DOWN,1.0794,1.07987,1.07451,1.07515,-0.001282719,0.001202272,0.003606816
3/31/15 12:35,UP,1.07501,1.07769,1.07125,1.07639,0.001943563,0.001175556,0.003526668
4/1/15 1:41,UP,1.07639,1.07821,1.07218,1.07735,0.000910053,0.00113187,0.003395609
4/1/15 7:29,DOWN,1.07736,1.0793,1.07447,1.075,-0.001347928,0.001090616,0.003271849
4/1/15 10:50,UP,1.07502,1.07752,1.07181,1.07695,0.002482302,0.001217949,0.003653848
4/2/15 5:47,UP,1.07677,1.08006,1.07267,1.07871,0.00178149,0.001117206,0.003351617
4/2/15 7:09,UP,1.07857,1.08447,1.07798,1.08378,0.001782392,0.001330407,0.003991221
4/2/15 13:46,UP,1.08391,1.08877,1.08013,1.08852,0.002501933,0.001536247,0.00460874
4/3/15 11:49,UP,1.08867,1.09329,1.08634,1.09305,0.004639997,0.001640537,0.00492161
4/3/15 13:00,UP,1.09285,1.10224,1.08672,1.1018,0.004767199,0.002260969,0.006782908
4/6/15 15:01,UP,1.10181,1.10364,1.09643,1.10348,0.000670831,0.001872831,0.005618493
4/6/15 19:08,DOWN,1.1035,1.10361,1.09152,1.09421,-0.004167832,0.002127375,0.006382125
4/7/15 8:31,DOWN,1.09432,1.09555,1.08473,1.08541,-0.004696851,0.002039143,0.006117428
4/7/15 19:59,DOWN,1.08526,1.08856,1.08142,1.08183,-0.000877756,0.001435402,0.004306205
4/8/15 7:20,UP,1.08186,1.08746,1.08029,1.08706,0.003160288,0.001408838,0.004226514
4/8/15 14:19,DOWN,1.08704,1.08882,1.08132,1.08266,-0.002592097,0.001346562,0.004039685
4/8/15 21:36,DOWN,1.08265,1.08363,1.0763,1.07801,-0.001242259,0.001430148,0.004290444
4/9/15 13:54,DOWN,1.07818,1.07896,1.07196,1.07246,-0.001379054,0.001446908,0.004340725
4/9/15 15:28,DOWN,1.07239,1.07288,1.06687,1.06751,-0.000627432,0.001418722,0.004256166
4/10/15 5:01,UP,1.06751,1.06895,1.06372,1.06796,0.000449556,0.001237977,0.003713932
4/10/15 7:19,DOWN,1.06796,1.06834,1.06177,1.063,-0.002123801,0.00131099,0.00393297
4/10/15 12:04,DOWN,1.063,1.0637,1.057,1.0572,-0.002390255,0.001329678,0.003989034
4/10/15 14:25,UP,1.05708,1.0627,1.05674,1.06223,0.001318851,0.001309748,0.003929243
4/13/15 7:49,DOWN,1.06213,1.06361,1.05727,1.05779,-0.002869795,0.001348601,0.004045802
4/13/15 10:31,DOWN,1.05779,1.05827,1.05207,1.05228,-0.001803975,0.001321607,0.003964821
4/13/15 13:13,UP,1.05228,1.05925,1.052,1.05856,0.00290438,0.00139326,0.004179779
4/14/15 5:09,DOWN,1.05843,1.06117,1.05459,1.05549,-0.001107876,0.001091787,0.00327536
4/14/15 12:05,UP,1.05553,1.05814,1.05309,1.05739,0.000236459,0.001146801,0.003440404
4/14/15 13:02,UP,1.05739,1.06862,1.05576,1.06795,0.006123867,0.001992621,0.005977864
4/15/15 0:15,DOWN,1.06791,1.07081,1.06301,1.06301,-0.002433514,0.001631372,0.004894117
4/15/15 8:28,DOWN,1.06301,1.06648,1.05844,1.05894,-0.001688943,0.001518437,0.004555311
4/15/15 13:17,UP,1.0588,1.06455,1.05702,1.0642,0.004879391,0.001791133,0.0053734
4/15/15 14:42,DOWN,1.06411,1.06751,1.05934,1.05999,-0.0022522,0.001842159,0.005526478
4/15/15 17:23,UP,1.05998,1.06785,1.05836,1.06766,0.004618859,0.002041716,0.006125147
4/16/15 6:30,DOWN,1.06766,1.07476,1.06573,1.06629,-0.001518134,0.001739664,0.005218991
4/16/15 10:19,UP,1.06631,1.06959,1.06241,1.06932,0.003025182,0.001679551,0.005038653
4/16/15 13:03,UP,1.06934,1.07684,1.06876,1.07486,0.000539751,0.001542975,0.004628925
4/16/15 14:59,DOWN,1.0749,1.07535,1.06842,1.06989,-0.00040183,0.001495812,0.004487437
4/16/15 17:36,UP,1.06988,1.07599,1.06973,1.07575,0.002457118,0.001615099,0.004845298
4/17/15 8:41,UP,1.07568,1.08187,1.07372,1.08053,0.000740652,0.001456988,0.004370964
4/17/15 12:46,DOWN,1.08066,1.08494,1.07662,1.07799,-0.001288606,0.001562833,0.004688499
4/17/15 17:46,UP,1.07823,1.07992,1.07341,1.07961,0.001297606,0.001345038,0.004035115
4/20/15 4:48,DOWN,1.07974,1.08242,1.07709,1.07737,-0.00248445,0.001376718,0.004130154
4/20/15 9:30,DOWN,1.07738,1.08068,1.07336,1.07393,-0.001005147,0.001275178,0.003825533
4/21/15 5:47,DOWN,1.0738,1.07692,1.07118,1.07188,-0.000764719,0.00103133,0.003093989
4/21/15 6:51,DOWN,1.07188,1.07206,1.06757,1.06795,-0.002011179,0.001156856,0.003470569
4/21/15 11:42,UP,1.06797,1.07111,1.06594,1.07069,0.00231895,0.001166276,0.003498829
4/21/15 14:58,UP,1.07084,1.07485,1.06834,1.07411,0.000400412,0.001341096,0.004023288
4/22/15 0:55,DOWN,1.07413,1.0782,1.07161,1.07228,-0.001165061,0.001172779,0.003518336
4/22/15 6:57,UP,1.07226,1.07756,1.07168,1.07713,0.002658735,0.001188528,0.003565585
4/22/15 12:12,DOWN,1.07713,1.08016,1.07446,1.07502,-0.001338614,0.001224005,0.003672016
4/23/15 0:51,DOWN,1.07503,1.07529,1.07005,1.07076,-0.001894055,0.001202271,0.003606814
4/23/15 7:15,DOWN,1.07064,1.0719,1.06691,1.06733,-0.001769208,0.001192674,0.003578023
4/23/15 9:13,UP,1.0674,1.07371,1.06653,1.07277,0.001660634,0.001288312,0.003864937
4/23/15 12:14,UP,1.07279,1.07736,1.07166,1.07693,0.000761714,0.001218944,0.003656833
4/23/15 14:44,UP,1.07703,1.08062,1.07329,1.07984,0.002410667,0.001448392,0.004345176
4/23/15 18:29,UP,1.07995,1.08463,1.07858,1.08431,0.000747298,0.001297221,0.003891663
4/24/15 3:08,DOWN,1.08443,1.08454,1.07925,1.07925,-0.001906914,0.001283046,0.003849138
4/24/15 6:28,UP,1.07938,1.08606,1.07841,1.08521,0.003618744,0.001505182,0.004515546
4/24/15 10:10,DOWN,1.08521,1.09009,1.08309,1.08363,-0.002470116,0.001511231,0.004533692
4/24/15 14:12,DOWN,1.0835,1.08755,1.08044,1.08113,-0.001331053,0.001456329,0.004368988
4/24/15 15:03,UP,1.08113,1.0878,1.08095,1.08702,0.00350192,0.001679344,0.005038032
4/27/15 8:55,DOWN,1.087,1.08874,1.08247,1.08342,3.69E-05,0.001449243,0.004347729
4/27/15 15:01,UP,1.08331,1.08933,1.08191,1.08933,0.002362036,0.001319413,0.003958238
4/28/15 0:23,DOWN,1.08918,1.09273,1.08661,1.08723,-0.00022072,0.001156201,0.003468603
4/28/15 10:08,UP,1.08738,1.09246,1.08594,1.09211,0.001622031,0.001269849,0.003809546
4/28/15 14:04,UP,1.09212,1.09683,1.09172,1.09653,0.002282522,0.001246754,0.003740262
4/29/15 7:46,UP,1.09651,1.09974,1.09441,1.09952,0.000919005,0.001172449,0.003517348
4/29/15 12:48,UP,1.09953,1.10731,1.09837,1.10597,0.00266184,0.001397743,0.004193229
4/29/15 14:03,UP,1.10595,1.10886,1.10058,1.10832,0.002366737,0.001607203,0.004821609
4/29/15 15:43,UP,1.10832,1.11785,1.10827,1.11481,0.000547328,0.001786775,0.005360326
4/29/15 18:14,DOWN,1.11485,1.11889,1.1095,1.11025,-0.002033509,0.002001186,0.006003558
4/30/15 7:38,UP,1.11027,1.11643,1.10709,1.11632,0.003526707,0.00194063,0.005821889
4/30/15 13:17,DOWN,1.11621,1.12498,1.11378,1.11405,-0.002035537,0.002065192,0.006195576
4/30/15 17:18,UP,1.11395,1.1224,1.11154,1.12118,0.001937336,0.001899402,0.005698206
5/1/15 9:23,UP,1.12118,1.12856,1.11855,1.12678,0.001021129,0.001782108,0.005346323
5/1/15 15:14,DOWN,1.12678,1.12833,1.11971,1.12087,-0.000294371,0.001734036,0.005202108
5/4/15 8:03,DOWN,1.12067,1.12252,1.11504,1.11542,-0.000905079,0.001788702,0.005366105
5/4/15 12:59,UP,1.11541,1.11881,1.11223,1.11865,0.002470308,0.001707996,0.005123988
5/5/15 3:39,DOWN,1.11863,1.11909,1.11311,1.11338,-0.000816997,0.001435384,0.004306153
5/5/15 8:13,DOWN,1.11353,1.11475,1.10808,1.10821,-0.00147877,0.001508028,0.004524083
5/5/15 11:11,UP,1.10821,1.11375,1.10659,1.11356,0.002706702,0.001600525,0.004801574
5/5/15 14:56,UP,1.11357,1.12036,1.11088,1.12026,0.003057532,0.001685944,0.005057831
5/6/15 3:45,UP,1.12026,1.12428,1.11709,1.12293,0.002755523,0.00159158,0.004774741
5/6/15 12:33,UP,1.12285,1.12858,1.12019,1.12727,0.001491438,0.001750547,0.005251642
5/6/15 13:58,UP,1.12732,1.13421,1.12611,1.13407,0.004338938,0.00192909,0.00578727
5/7/15 9:27,UP,1.13419,1.13926,1.1317,1.13757,0.002006284,0.00135855,0.00407565
5/7/15 11:20,DOWN,1.13758,1.13866,1.13221,1.13229,-0.002839759,0.001462987,0.00438896
5/7/15 14:09,DOWN,1.13246,1.13423,1.12469,1.12548,-0.001775443,0.001629629,0.004888887
5/7/15 22:48,DOWN,1.12546,1.12907,1.12281,1.12307,-0.002809765,0.001444649,0.004333946
5/8/15 3:59,DOWN,1.12308,1.12583,1.11972,1.12029,-0.001106244,0.001429134,0.004287403
5/8/15 8:36,UP,1.12046,1.1245,1.11811,1.12405,0.00046272,0.001354015,0.004062046
5/8/15 13:34,UP,1.12423,1.12941,1.11786,1.12555,0.000239912,0.001754572,0.005263717
5/10/15 23:04,DOWN,1.12551,1.12593,1.11836,1.11977,-0.000607083,0.001620342,0.004861027
5/11/15 3:38,DOWN,1.1198,1.12036,1.11323,1.11337,-0.002529648,0.001728026,0.005184079
5/11/15 13:02,DOWN,1.11337,1.11972,1.11327,1.11445,8.97E-06,0.001372534,0.004117601
5/12/15 5:17,UP,1.11452,1.11905,1.11303,1.11792,0.001871293,0.001216257,0.003648771
5/12/15 8:08,UP,1.11774,1.12441,1.11665,1.12357,0.001879708,0.001228722,0.003686166
5/12/15 13:02,DOWN,1.12359,1.12799,1.12246,1.12324,-0.000382748,0.001072284,0.003216853
5/12/15 17:58,DOWN,1.12328,1.12675,1.12159,1.12223,-0.001593768,0.001068437,0.003205312
5/13/15 4:38,UP,1.12221,1.12558,1.1205,1.12533,0.000915706,0.001122031,0.003366094
5/13/15 12:33,UP,1.12534,1.12811,1.12019,1.12699,0.003332996,0.001309127,0.003927382
5/13/15 13:59,UP,1.12718,1.13348,1.12647,1.13311,0.001810819,0.001644073,0.00493222
5/14/15 6:47,UP,1.13313,1.1411,1.13291,1.1411,0.004188938,0.00155373,0.00466119
5/14/15 15:07,DOWN,1.14093,1.14455,1.13571,1.13701,-0.002310413,0.001347312,0.004041935
5/14/15 19:38,UP,1.13705,1.14078,1.1343,1.14051,0.001043938,0.001323992,0.003971976
5/15/15 8:46,DOWN,1.14052,1.14217,1.13577,1.13631,-0.001749751,0.001545765,0.004637296
5/15/15 14:11,UP,1.13631,1.1405,1.13235,1.13979,0.004361175,0.001677438,0.005032313
5/15/15 18:52,UP,1.13978,1.14678,1.1395,1.14613,0.00219238,0.001593586,0.004780757
5/18/15 7:28,DOWN,1.14613,1.14662,1.13914,1.13957,-0.001622103,0.001505835,0.004517505
5/18/15 13:41,DOWN,1.1397,1.14251,1.13529,1.13547,-0.002559537,0.001428711,0.004286132
5/18/15 18:03,DOWN,1.13541,1.13704,1.13077,1.13077,-0.003760266,0.001596858,0.004790575
5/19/15 7:23,DOWN,1.13091,1.13273,1.11876,1.1196,-0.008334234,0.002425575,0.007276724
5/19/15 12:54,DOWN,1.11961,1.12174,1.11238,1.11277,-0.001562444,0.002067877,0.006203632
5/20/15 6:34,DOWN,1.11262,1.11677,1.1084,1.10889,-0.002161988,0.001570845,0.004712535
5/20/15 12:45,UP,1.10888,1.1146,1.1062,1.11343,0.001312124,0.001398506,0.004195519
5/20/15 15:45,DOWN,1.11342,1.11431,1.10797,1.10813,-0.002019383,0.001356594,0.004069782
5/20/15 18:27,UP,1.10812,1.11426,1.10695,1.11351,0.003733916,0.00153732,0.00461196
5/21/15 8:25,UP,1.11366,1.11724,1.10795,1.11672,0.002330962,0.001505912,0.004517735
5/21/15 12:39,DOWN,1.11668,1.11822,1.11197,1.11268,-0.001185622,0.001444361,0.004333082
5/22/15 6:38,UP,1.11268,1.11708,1.11009,1.11656,0.001685162,0.00118879,0.00356637
5/22/15 10:18,UP,1.11671,1.12092,1.11455,1.11968,0.000491332,0.001164703,0.003494109
5/22/15 12:35,DOWN,1.11981,1.12005,1.11072,1.1115,-0.004658498,0.001600987,0.00480296
5/22/15 13:08,DOWN,1.11155,1.11181,1.10322,1.10447,-0.003470751,0.001858351,0.005575054
5/25/15 0:24,DOWN,1.10434,1.10492,1.09798,1.099,-0.00228129,0.001515105,0.004545316
5/26/15 0:58,DOWN,1.09888,1.1009,1.0934,1.09427,-0.001652704,0.001287898,0.003863693
5/26/15 6:56,DOWN,1.09413,1.09562,1.08915,1.08949,-0.001293347,0.001301312,0.003903936
5/26/15 11:49,UP,1.08949,1.09317,1.08846,1.0927,0.000778192,0.001109878,0.003329635
5/26/15 14:40,DOWN,1.09268,1.09295,1.08723,1.08863,-0.001230148,0.001047887,0.003143661
5/27/15 6:12,UP,1.08863,1.09201,1.08629,1.09131,0.000825037,0.001063532,0.003190595
5/27/15 10:45,DOWN,1.09128,1.09299,1.0875,1.08772,-0.001524965,0.001108531,0.003325592
5/27/15 12:45,DOWN,1.08751,1.08914,1.08287,1.08321,-0.001651132,0.001178249,0.003534748
5/27/15 14:15,UP,1.08315,1.08787,1.08188,1.08754,0.000423062,0.001289518,0.003868554
5/28/15 1:04,UP,1.08754,1.09206,1.08616,1.09131,0.001430497,0.001201332,0.003603996
5/28/15 6:30,UP,1.09116,1.09455,1.08915,1.09414,0.00267233,0.00126382,0.003791459
5/28/15 11:34,DOWN,1.09429,1.09516,1.0887,1.09005,-0.001952132,0.001353869,0.004061608
5/28/15 17:07,UP,1.09005,1.09449,1.08667,1.09444,0.002772379,0.001698835,0.005096506
5/29/15 9:52,UP,1.0943,1.09907,1.09234,1.09861,0.002652316,0.001480081,0.004440244
6/1/15 0:16,DOWN,1.09861,1.10069,1.09517,1.09553,-0.001094761,0.001291656,0.003874968
6/1/15 7:33,DOWN,1.09552,1.09683,1.09085,1.09108,-0.002608685,0.001350291,0.004050874
6/1/15 12:37,UP,1.09122,1.09606,1.0891,1.0952,0.001187703,0.001267344,0.003802033
6/1/15 14:34,DOWN,1.09522,1.09798,1.08985,1.09053,-0.001813985,0.001543853,0.004631559
6/2/15 5:30,UP,1.09066,1.09435,1.08867,1.09423,0.001618886,0.001204781,0.003614344
6/2/15 7:19,UP,1.0941,1.09935,1.09177,1.09846,0.002780476,0.001354463,0.004063389
6/2/15 10:27,UP,1.09856,1.10394,1.09452,1.1024,0.002661376,0.001369779,0.004109338
6/2/15 13:08,UP,1.10237,1.11274,1.10167,1.1117,0.007095365,0.002106177,0.006318532
6/2/15 18:32,UP,1.1117,1.11951,1.11033,1.11762,0.000563857,0.001630829,0.004892486
6/3/15 9:10,DOWN,1.11763,1.11904,1.11059,1.11142,-0.001510438,0.001755368,0.005266105
6/3/15 13:33,UP,1.11141,1.12167,1.10797,1.12142,0.004370078,0.001964563,0.005893688
6/3/15 19:51,UP,1.12126,1.12858,1.11914,1.12731,0.002024562,0.001703416,0.005110247
6/4/15 8:24,UP,1.12718,1.13462,1.12299,1.13314,0.006427588,0.002070855,0.006212565
6/4/15 12:38,DOWN,1.13326,1.13805,1.12954,1.12954,-0.001769067,0.00192954,0.005788621
6/4/15 23:01,DOWN,1.12953,1.1319,1.12009,1.12033,-0.002567373,0.001926601,0.005779803
6/5/15 7:51,UP,1.12018,1.12767,1.11793,1.1272,0.00261164,0.001975096,0.005925289
6/5/15 12:34,DOWN,1.12725,1.12826,1.11074,1.11242,-0.009358991,0.002820431,0.008461293
6/8/15 7:05,UP,1.1124,1.11665,1.10489,1.11553,0.005176842,0.002124939,0.006374818
6/8/15 12:39,UP,1.11539,1.12058,1.11143,1.11971,0.002432156,0.001887646,0.005662938
6/8/15 17:16,UP,1.11958,1.12712,1.11752,1.12634,0.003094436,0.001826818,0.005480454
6/9/15 3:11,UP,1.12656,1.13345,1.12487,1.13221,0.00049473,0.001530556,0.004591667
6/9/15 7:36,DOWN,1.13219,1.13467,1.12622,1.12669,-0.000966968,0.001733115,0.005199345
6/9/15 12:00,DOWN,1.12662,1.13115,1.12341,1.12434,-0.002176685,0.001581923,0.00474577
6/9/15 15:48,UP,1.12435,1.12794,1.12136,1.12741,0.001198152,0.001457317,0.004371951
6/10/15 6:42,UP,1.12757,1.13226,1.126,1.13133,0.001733977,0.001155849,0.003467546
6/10/15 7:31,UP,1.1312,1.13683,1.12861,1.13591,0.00256511,0.001303065,0.003909195
6/10/15 9:00,DOWN,1.13591,1.13869,1.13096,1.13189,-0.001333163,0.001499189,0.004497566
6/10/15 13:31,UP,1.13188,1.1348,1.12598,1.1337,0.00236674,0.001476967,0.004430902
6/10/15 14:47,DOWN,1.1337,1.13383,1.12727,1.12851,-0.000469536,0.001514825,0.004544476
6/11/15 7:50,DOWN,1.1285,1.13519,1.12644,1.12692,-0.001374485,0.001343277,0.004029832
6/11/15 12:36,DOWN,1.12683,1.12849,1.11818,1.12239,-0.000605667,0.001386068,0.004158205
6/11/15 18:46,UP,1.12234,1.12701,1.12046,1.12579,0.001466713,0.001387754,0.004163262
6/12/15 6:58,DOWN,1.12582,1.12783,1.12151,1.12186,-0.000178259,0.001352224,0.004056671
6/12/15 8:58,DOWN,1.12198,1.1248,1.11506,1.11612,-0.00504941,0.001781194,0.005343581
6/12/15 12:20,UP,1.11611,1.12228,1.11539,1.12178,0.001829125,0.001663786,0.004991357
6/12/15 15:18,UP,1.1219,1.12974,1.12101,1.12742,0.000514581,0.00166284,0.00498852
6/15/15 0:21,DOWN,1.12741,1.12899,1.12141,1.12195,-0.000525732,0.001589122,0.004767365
6/15/15 7:25,UP,1.12196,1.12493,1.11889,1.12406,0.000525021,0.001286087,0.003858261
6/15/15 11:18,DOWN,1.12405,1.12612,1.12064,1.12097,-0.000945163,0.001019964,0.003059893
6/15/15 14:39,UP,1.12114,1.12519,1.12037,1.12459,0.000845109,0.001026941,0.003080824
6/15/15 16:47,UP,1.12458,1.12823,1.12391,1.1281,0.000966693,0.001060731,0.003182194
6/16/15 7:03,UP,1.12809,1.13195,1.12478,1.13051,0.001690932,0.001126582,0.003379746
6/16/15 8:32,DOWN,1.1305,1.13306,1.1274,1.12781,-0.001886835,0.001173749,0.003521248
6/16/15 12:02,DOWN,1.12781,1.12792,1.12252,1.12306,-0.001903695,0.001108712,0.003326137
6/16/15 23:01,UP,1.1231,1.12555,1.12045,1.1246,0.000337955,0.00092109,0.002763271
6/17/15 8:17,UP,1.1246,1.12928,1.12382,1.12899,0.00197717,0.000996035,0.002988106
6/17/15 14:33,DOWN,1.12901,1.12904,1.12376,1.12424,-0.002514093,0.001016959,0.003050878
6/17/15 18:04,UP,1.12423,1.13005,1.12059,1.1293,0.003343936,0.001219534,0.003658601
6/17/15 19:01,UP,1.1293,1.13454,1.12738,1.13425,0.001844327,0.001306244,0.003918732
6/18/15 5:31,UP,1.13443,1.13763,1.13286,1.13704,0.000307864,0.000985024,0.002955073
6/18/15 8:22,UP,1.13703,1.14203,1.13379,1.14163,0.003791241,0.001324564,0.003973692
6/18/15 16:47,DOWN,1.1416,1.1437,1.13397,1.13621,-0.004075436,0.001485184,0.004455553
6/19/15 6:32,DOWN,1.13606,1.13987,1.13319,1.13374,-0.000520266,0.001210662,0.003631987
6/19/15 13:51,UP,1.13385,1.1351,1.12918,1.13449,0.000837731,0.001102116,0.003306348
6/21/15 23:53,UP,1.13462,1.13744,1.13249,1.1372,0.001954071,0.001118304,0.003354911
6/22/15 7:37,DOWN,1.13707,1.14044,1.13435,1.13489,-0.003149526,0.001308226,0.003924678
6/22/15 13:10,UP,1.13486,1.13818,1.13113,1.13649,0.000396034,0.001144223,0.00343267
6/22/15 16:33,DOWN,1.13636,1.14108,1.13446,1.13477,-0.001734529,0.001236062,0.003708187
6/23/15 2:49,DOWN,1.1348,1.13665,1.12607,1.12682,-0.003844149,0.001505769,0.004517306
6/23/15 10:14,DOWN,1.12683,1.12841,1.12198,1.12303,-0.000854465,0.001193549,0.003580646
6/23/15 12:34,DOWN,1.12303,1.12335,1.11831,1.11891,-0.001268288,0.001124551,0.003373654
6/23/15 13:23,DOWN,1.11879,1.11899,1.11346,1.11415,-0.002671114,0.001318215,0.003954645
6/23/15 14:30,UP,1.11425,1.11912,1.11394,1.11872,0.001941601,0.001347491,0.004042474
6/24/15 7:30,UP,1.1186,1.12129,1.11523,1.11956,0.000714822,0.000949651,0.002848954
6/24/15 10:35,DOWN,1.11969,1.12356,1.11791,1.11878,-0.000902362,0.001057039,0.003171118
6/24/15 13:45,DOWN,1.11882,1.12211,1.11699,1.11779,-0.000643921,0.001020095,0.003060286
6/24/15 17:51,UP,1.11792,1.12196,1.11684,1.1218,0.002677856,0.001131081,0.003393244
6/25/15 9:30,DOWN,1.12181,1.12282,1.11555,1.1159,-0.003203038,0.00129022,0.003870659
6/25/15 11:54,UP,1.11579,1.12248,1.11533,1.121,0.000847817,0.001359399,0.004078197
6/26/15 8:31,UP,1.12101,1.12206,1.11786,1.12104,0.000767439,0.000891343,0.002674029
6/26/15 13:12,DOWN,1.12117,1.12181,1.11694,1.11723,-0.002556632,0.000997404,0.002992211
6/26/15 14:59,DOWN,1.11736,1.11979,1.11428,1.1143,-0.004048153,0.001379986,0.004139957
6/28/15 22:18,DOWN,1.11431,1.1179,1.09538,1.09985,-0.01495333,0.003839553,0.011518659
6/29/15 6:46,UP,1.09987,1.11125,1.09688,1.10805,0.001219099,0.002826882,0.008480647
6/29/15 14:18,UP,1.10805,1.11611,1.10576,1.11383,0.000862263,0.001792603,0.005377809
6/29/15 16:56,UP,1.11386,1.12054,1.11364,1.11934,0.000482544,0.001621077,0.004863232
6/29/15 18:25,UP,1.11938,1.12793,1.11922,1.12519,0.000417794,0.00171721,0.00515163
6/30/15 1:21,DOWN,1.12516,1.12653,1.11876,1.11951,-0.001624391,0.001571374,0.004714122
6/30/15 13:00,UP,1.11953,1.12194,1.11338,1.1214,0.002044178,0.001289685,0.003869056
6/30/15 15:01,DOWN,1.1214,1.12448,1.11309,1.11353,-0.00410461,0.001527612,0.004582836
7/1/15 7:41,DOWN,1.11353,1.11632,1.11023,1.11073,-0.002140443,0.001156841,0.003470522
7/1/15 9:11,UP,1.11062,1.11555,1.10948,1.1154,0.004087597,0.001457446,0.004372338
7/1/15 12:02,DOWN,1.11553,1.11716,1.10991,1.11046,-0.000441161,0.001376609,0.004129827
7/1/15 18:34,DOWN,1.11046,1.11108,1.10431,1.10456,-0.001474613,0.001535925,0.004607775
7/2/15 11:52,UP,1.10455,1.10878,1.10318,1.10802,0.000478445,0.001199881,0.003599642
7/2/15 14:56,UP,1.10803,1.11223,1.10494,1.11087,0.00182005,0.001375804,0.004127413
7/5/15 22:23,DOWN,1.11073,1.11184,1.10037,1.10183,-0.007846935,0.002131132,0.006393397
7/6/15 8:12,UP,1.10157,1.10962,1.09909,1.10878,0.001435038,0.001871681,0.005615044
7/6/15 11:22,DOWN,1.10877,1.10884,1.10216,1.10274,-0.00020855,0.001719244,0.005157731
7/6/15 14:54,UP,1.10284,1.10774,1.10011,1.10709,0.002061577,0.001619468,0.004858404
7/7/15 2:59,DOWN,1.10713,1.10921,1.10325,1.10327,-0.000108762,0.001378561,0.004135683
7/7/15 8:12,DOWN,1.10326,1.10455,1.09916,1.09931,-0.001654215,0.001367045,0.004101136
7/7/15 12:17,DOWN,1.09943,1.10033,1.0923,1.09263,-0.002577604,0.001435671,0.004307014
7/7/15 16:15,UP,1.09264,1.09766,1.09159,1.09737,0.002326442,0.001350979,0.004052938
7/7/15 19:35,UP,1.09723,1.1052,1.09371,1.10374,0.004531243,0.001811167,0.005433502
7/8/15 8:08,UP,1.10373,1.10592,1.09739,1.1039,0.000888156,0.001528771,0.004586314
7/8/15 15:09,UP,1.10389,1.10789,1.10055,1.10761,0.00247686,0.001543394,0.004630181
7/9/15 6:01,UP,1.10747,1.11159,1.10402,1.10902,0.000893079,0.001127566,0.003382699
7/9/15 7:39,DOWN,1.10901,1.11249,1.10477,1.10492,-0.002864878,0.001355243,0.004065729
7/9/15 16:36,DOWN,1.10478,1.10701,1.10122,1.10131,-0.001279475,0.001373645,0.004120935
7/9/15 22:17,UP,1.10144,1.10682,1.09912,1.10544,0.002137179,0.001368588,0.004105763
7/10/15 4:43,UP,1.10542,1.11047,1.10519,1.10976,0.000621949,0.001292694,0.003878081
7/10/15 9:25,UP,1.10965,1.11675,1.10787,1.11575,0.004293317,0.001762291,0.005286873
7/10/15 15:37,DOWN,1.11575,1.12165,1.11356,1.11393,-0.002608966,0.001538327,0.004614982
7/13/15 7:44,DOWN,1.11392,1.11975,1.10967,1.10987,-0.004396244,0.001798362,0.005395086
7/13/15 14:21,DOWN,1.10988,1.11025,1.10295,1.10408,-0.001104382,0.001591002,0.004773006
7/13/15 23:22,DOWN,1.10409,1.10447,1.0984,1.0984,-0.001891873,0.001407451,0.004222352
7/14/15 8:32,UP,1.09838,1.10387,1.09654,1.10359,0.002177089,0.001267705,0.003803116
7/14/15 12:29,UP,1.10331,1.10849,1.10138,1.10641,0.002425187,0.001198679,0.003596037
7/14/15 14:19,DOWN,1.10552,1.10749,1.10097,1.10148,-0.001841279,0.001153394,0.003460183
7/15/15 8:51,UP,1.10148,1.10363,1.09863,1.10253,0.000208633,0.000866944,0.002600832
7/15/15 12:39,DOWN,1.10253,1.10335,1.09732,1.09801,-0.002846556,0.001044262,0.003132787
7/15/15 14:23,DOWN,1.09814,1.09834,1.09343,1.09358,-0.001991468,0.001087679,0.003263037
7/16/15 1:40,DOWN,1.0936,1.09742,1.09178,1.09199,-0.001445854,0.0012481,0.003744299
7/16/15 10:09,DOWN,1.09195,1.09492,1.0894,1.08957,-0.001155751,0.001138187,0.003414561
7/16/15 14:07,UP,1.08954,1.0927,1.0855,1.09236,0.002373829,0.001264879,0.003794636
7/16/15 16:32,DOWN,1.09236,1.09254,1.08766,1.08784,-0.00180929,0.00133448,0.004003441
7/17/15 14:01,DOWN,1.08784,1.09076,1.08477,1.08521,-0.001372064,0.001103509,0.003310526
7/20/15 2:11,DOWN,1.08508,1.08639,1.08203,1.08249,-0.000535658,0.000948098,0.002844294
7/20/15 8:09,UP,1.08248,1.08653,1.082,1.08571,0.000571218,0.000916614,0.002749843
7/20/15 20:33,DOWN,1.08568,1.08709,1.0824,1.08256,-0.00056332,0.000911193,0.002733578
7/21/15 8:25,UP,1.0824,1.08635,1.08078,1.08578,0.00266523,0.000977347,0.00293204
7/21/15 13:18,UP,1.08567,1.08894,1.0842,1.08844,0.001590695,0.00095605,0.00286815
7/21/15 14:25,UP,1.08842,1.09164,1.087,1.09146,0.001228468,0.001118117,0.00335435
7/21/15 17:02,UP,1.09133,1.09691,1.09082,1.09608,0.001497362,0.001151563,0.003454689
7/22/15 3:09,DOWN,1.09623,1.09675,1.09237,1.09267,-0.001024487,0.001028419,0.003085257
7/22/15 10:59,DOWN,1.09266,1.09676,1.09155,1.09217,-0.000960927,0.000927264,0.002781791
7/22/15 14:41,DOWN,1.09229,1.09373,1.08804,1.08894,-0.000550843,0.001018547,0.003055641
7/22/15 20:38,UP,1.08912,1.0929,1.0869,1.0921,0.001411122,0.001087799,0.003263396
7/23/15 7:33,UP,1.09211,1.09848,1.09192,1.09788,0.002736279,0.001180816,0.003542449
7/23/15 13:11,DOWN,1.09776,1.10194,1.09512,1.09533,-0.001386748,0.001310216,0.003930648
7/23/15 17:12,UP,1.09518,1.1,1.09517,1.09947,-1.82E-05,0.001241748,0.003725244
7/24/15 7:24,DOWN,1.09941,1.10166,1.09575,1.09575,-0.00321636,0.001357416,0.004072249
7/24/15 15:21,UP,1.09575,1.0993,1.09253,1.09847,0.001886217,0.001199891,0.003599672
7/27/15 6:17,UP,1.09847,1.10302,1.09629,1.10237,0.001797745,0.001075928,0.003227783
7/27/15 7:22,UP,1.10237,1.10739,1.1015,1.10687,0.003058328,0.001266435,0.003799305
7/27/15 12:29,DOWN,1.10679,1.11139,1.10548,1.10602,-0.00098503,0.001209922,0.003629767
7/27/15 13:41,UP,1.10612,1.11087,1.105,1.11058,0.002289713,0.001279804,0.003839413
7/28/15 1:40,DOWN,1.11066,1.11294,1.10842,1.10865,-0.000378767,0.00104962,0.003148861
7/28/15 10:08,DOWN,1.10869,1.10942,1.10406,1.10437,-0.00208047,0.00101589,0.003047669
7/29/15 0:20,UP,1.10441,1.10738,1.10222,1.107,0.000786217,0.000930791,0.002792374
7/29/15 6:59,DOWN,1.107,1.10844,1.10366,1.10475,-0.000416297,0.000968163,0.002904488
7/29/15 9:54,UP,1.10483,1.10725,1.10299,1.10672,0.000171693,0.000991843,0.002975528
7/29/15 15:08,DOWN,1.10672,1.10711,1.10118,1.10162,-0.002076599,0.00108144,0.003244319
7/29/15 19:06,DOWN,1.10162,1.10768,1.09987,1.10013,-0.001044785,0.001083756,0.003251269
7/30/15 0:18,DOWN,1.10013,1.10014,1.09591,1.0961,-0.001859414,0.001100327,0.003300982
7/30/15 13:18,DOWN,1.0961,1.0985,1.09235,1.09339,-0.00139834,0.000953323,0.002859969
7/30/15 16:31,DOWN,1.0934,1.09389,1.08931,1.0898,-0.002071628,0.001026892,0.003080676
7/30/15 21:42,UP,1.08981,1.09358,1.08962,1.09317,0.000365975,0.000986564,0.002959691
7/31/15 9:52,UP,1.09327,1.09772,1.09211,1.09743,0.001778459,0.001181632,0.003544896
7/31/15 12:38,UP,1.0975,1.10685,1.09585,1.10651,0.008039387,0.002244768,0.006734304
7/31/15 15:58,DOWN,1.10647,1.11146,1.10253,1.10305,-0.00124124,0.002097255,0.006291765
8/3/15 6:24,DOWN,1.10306,1.10446,1.09645,1.09722,-0.000564905,0.001631941,0.004895822
8/3/15 18:09,DOWN,1.09722,1.09964,1.09411,1.09458,-0.001186965,0.001206911,0.003620734
8/4/15 8:13,UP,1.09457,1.0979,1.09321,1.09741,0.00079309,0.001005103,0.003015308
8/4/15 14:44,DOWN,1.0975,1.09881,1.09505,1.09522,-0.00187002,0.000986545,0.002959635
8/4/15 17:50,DOWN,1.09519,1.09711,1.09179,1.09189,-0.003711427,0.001306293,0.003918878
8/5/15 1:11,DOWN,1.09194,1.09202,1.08685,1.08694,-0.001176925,0.001174829,0.003524488
8/5/15 12:21,UP,1.08696,1.09334,1.08479,1.09089,0.002349466,0.001113365,0.003340094
8/5/15 14:23,DOWN,1.09089,1.09167,1.08499,1.08602,-0.001242299,0.001230926,0.003692778
8/5/15 18:28,UP,1.08612,1.09111,1.08568,1.09058,0.000981611,0.001181693,0.003545078
8/6/15 9:01,DOWN,1.09056,1.09442,1.08842,1.0887,-0.000936459,0.001111455,0.003334364
8/6/15 15:17,UP,1.08875,1.09238,1.0873,1.09184,0.000146552,0.000945981,0.002837942
8/7/15 12:27,UP,1.0919,1.09498,1.09057,1.0942,0.000548496,0.00081093,0.002432789
8/7/15 12:36,DOWN,1.09411,1.09748,1.08699,1.08786,-0.005811039,0.001626112,0.004878336
8/7/15 14:51,UP,1.08789,1.09563,1.08552,1.09495,0.003155803,0.001934543,0.00580363
8/10/15 14:30,UP,1.09494,1.09814,1.09252,1.09735,0.000437513,0.001204132,0.003612396
8/10/15 16:41,UP,1.09726,1.10262,1.09665,1.1023,0.002134182,0.001281894,0.003845683
8/11/15 2:22,DOWN,1.10221,1.10418,1.09712,1.09752,-0.00174787,0.001207752,0.003623256
8/11/15 7:28,UP,1.09751,1.10215,1.09604,1.10208,0.001380162,0.001331531,0.003994594
8/11/15 12:25,UP,1.10207,1.10673,1.10181,1.10618,0.001954575,0.001106512,0.003319537
8/11/15 14:25,DOWN,1.10615,1.10888,1.10413,1.10421,-0.00184577,0.001054327,0.003162981
8/12/15 3:25,UP,1.10421,1.10696,1.10103,1.10596,0.00065123,0.000887315,0.002661945
8/12/15 7:10,UP,1.10602,1.10958,1.10551,1.10923,0.000577143,0.00083909,0.002517269
8/12/15 8:15,UP,1.10928,1.11438,1.10913,1.11438,0.002182966,0.001020372,0.003061117
8/12/15 12:27,UP,1.11441,1.11787,1.11234,1.11622,0.001586967,0.000992018,0.002976055
8/12/15 14:10,UP,1.11622,1.11915,1.11414,1.11854,0.001028655,0.000992558,0.002977673
8/12/15 18:31,DOWN,1.11859,1.12138,1.11623,1.11718,-0.000349032,0.0009606,0.002881799
8/13/15 3:03,DOWN,1.11723,1.11894,1.11317,1.11354,-0.000888662,0.001218143,0.003654428
8/13/15 11:32,DOWN,1.11354,1.11535,1.10996,1.11024,-0.001035276,0.001076323,0.003228968
8/13/15 15:10,UP,1.11023,1.11398,1.108,1.11391,0.001698167,0.001082659,0.003247978
8/14/15 10:50,UP,1.11391,1.11748,1.11241,1.11684,0.001460541,0.000974835,0.002924504
8/14/15 12:34,DOWN,1.11682,1.11889,1.11479,1.11484,-0.001881906,0.001133694,0.003401083
8/14/15 15:20,DOWN,1.11478,1.11584,1.1101,1.11016,-0.000801365,0.001252039,0.003756118
8/17/15 7:22,DOWN,1.11013,1.11397,1.10624,1.10718,-0.001380935,0.001148563,0.00344569
8/17/15 9:12,UP,1.1072,1.11184,1.10659,1.11145,0.000873115,0.001155928,0.003467784
8/17/15 14:57,DOWN,1.11145,1.11251,1.10739,1.10739,-0.000776299,0.001116006,0.003348017
8/18/15 7:57,UP,1.10742,1.10892,1.10514,1.10869,0.001552585,0.000973557,0.002920672
8/18/15 12:43,DOWN,1.10868,1.10942,1.10347,1.10361,-0.002262731,0.001061233,0.0031837
8/19/15 6:26,UP,1.10357,1.1069,1.10172,1.10608,0.000886405,0.000840781,0.002522343
8/19/15 9:29,DOWN,1.10603,1.10728,1.1035,1.10366,-0.001674838,0.000860674,0.002582022
8/19/15 14:45,UP,1.10363,1.1075,1.10176,1.10623,0.002670277,0.001022136,0.003066408
8/19/15 17:53,UP,1.10621,1.11127,1.10364,1.11069,0.00320133,0.001176408,0.003529223
8/20/15 0:37,UP,1.11068,1.11489,1.10945,1.11436,0.002236967,0.001258235,0.003774705
8/20/15 9:32,UP,1.11433,1.11599,1.11071,1.11583,0.001363143,0.001165527,0.003496582
8/20/15 14:29,UP,1.11588,1.12053,1.11526,1.12053,0.003191078,0.001212316,0.003636947
8/20/15 20:05,UP,1.12054,1.12435,1.11836,1.12352,0.003200431,0.001254574,0.003763723
8/21/15 3:00,UP,1.12358,1.12791,1.1229,1.12727,0.001598054,0.001148933,0.003446799
8/21/15 7:47,DOWN,1.12733,1.12952,1.12438,1.1253,-0.000941528,0.001039011,0.003117033
8/21/15 10:24,UP,1.12529,1.12815,1.12408,1.12815,0.001348247,0.001008984,0.003026952
8/21/15 14:54,UP,1.12815,1.13266,1.12718,1.13159,0.000309347,0.001001741,0.003005224
8/21/15 15:55,UP,1.13164,1.13638,1.13108,1.13579,0.001206937,0.000998704,0.002996112
8/23/15 22:22,UP,1.13585,1.13898,1.13486,1.13833,0.000940416,0.000861206,0.002583618
8/24/15 1:28,UP,1.13843,1.144,1.13693,1.1431,0.003119198,0.001146436,0.003439307
8/24/15 2:47,UP,1.1431,1.14944,1.14227,1.14944,0.004604124,0.001560008,0.004680023
8/24/15 5:39,DOWN,1.14948,1.1499,1.14446,1.14446,-0.00062892,0.001524602,0.004573806
8/24/15 7:46,UP,1.14444,1.14949,1.142,1.14923,0.00137578,0.001490069,0.004470208
8/24/15 12:01,UP,1.14915,1.15421,1.14568,1.15095,0.000364983,0.001123614,0.003370841
8/24/15 12:52,UP,1.15088,1.15711,1.14924,1.15564,0.002104945,0.00126945,0.00380835
8/24/15 13:11,UP,1.15564,1.16879,1.15475,1.16845,0.009337826,0.002610735,0.007832205
8/24/15 14:17,DOWN,1.16843,1.17152,1.15799,1.1587,-0.003084906,0.00256674,0.007700221
8/24/15 17:01,DOWN,1.15866,1.16296,1.15254,1.15261,-0.003680502,0.002075965,0.006227895
8/24/15 18:59,UP,1.15254,1.16014,1.15181,1.16,0.003004509,0.001930712,0.005792137
8/25/15 1:57,DOWN,1.15987,1.16227,1.15323,1.15343,-0.003366875,0.001873237,0.005619712
8/25/15 8:04,DOWN,1.1534,1.15786,1.15132,1.15183,-0.001275416,0.001437745,0.004313234
8/25/15 10:31,DOWN,1.15182,1.15643,1.14858,1.14918,-0.001921264,0.001370344,0.004111033
8/25/15 13:52,DOWN,1.14918,1.1519,1.14555,1.14601,-0.001656553,0.001316918,0.003950754
8/25/15 15:02,DOWN,1.146,1.14779,1.14077,1.14096,-0.002293679,0.00146799,0.00440397
8/25/15 19:45,UP,1.14089,1.14842,1.13967,1.1483,0.003052639,0.001511501,0.004534503
8/26/15 0:12,UP,1.14836,1.1562,1.14747,1.15471,0.001551376,0.001450428,0.004351283
8/26/15 5:00,DOWN,1.15464,1.15552,1.14871,1.14871,-0.003155084,0.001454997,0.00436499
8/26/15 9:31,DOWN,1.1487,1.15198,1.14501,1.14533,-0.001622669,0.001327852,0.003983556
8/26/15 11:45,DOWN,1.14534,1.14689,1.14094,1.14158,-0.000577979,0.001349267,0.0040478
8/26/15 12:31,DOWN,1.1415,1.1416,1.13541,1.13548,-0.004341147,0.001672614,0.005017843
8/26/15 14:43,UP,1.13548,1.1432,1.1352,1.14179,0.001963759,0.00143759,0.004312769
8/26/15 17:43,DOWN,1.1417,1.1438,1.13591,1.13641,-0.001222403,0.001292941,0.003878824
8/26/15 20:38,DOWN,1.13642,1.13702,1.1305,1.13053,-0.002297166,0.001306191,0.003918573
8/27/15 4:40,UP,1.13053,1.13574,1.1291,1.13509,0.001419397,0.001253007,0.003759022
8/27/15 7:57,DOWN,1.13513,1.13648,1.13002,1.13029,-0.001617744,0.001284002,0.003852006
8/27/15 12:34,DOWN,1.13027,1.13167,1.1249,1.12607,-0.003032509,0.001321702,0.003965105
8/27/15 19:17,UP,1.126,1.12799,1.1203,1.12688,0.001154294,0.001213033,0.003639099
8/28/15 7:41,UP,1.12687,1.12938,1.12317,1.12912,0.002012439,0.001170752,0.003512255
8/28/15 13:14,DOWN,1.12912,1.13103,1.12429,1.12456,-0.002211752,0.001103144,0.003309433
8/28/15 15:41,DOWN,1.12462,1.1255,1.11847,1.11871,-0.003729483,0.001396196,0.004188589
8/31/15 0:28,UP,1.11871,1.12248,1.11561,1.1224,0.002131636,0.001537575,0.004612725
8/31/15 9:31,DOWN,1.12232,1.12628,1.11964,1.12028,-0.001097338,0.001443343,0.004330028
9/1/15 1:27,UP,1.12033,1.12505,1.11801,1.12492,0.001280911,0.001407185,0.004221555
9/1/15 7:41,UP,1.12481,1.1318,1.12481,1.13157,0.003195358,0.001530457,0.00459137
9/1/15 9:53,DOWN,1.13158,1.13324,1.12532,1.12601,-0.002138014,0.001517143,0.004551428
9/1/15 17:10,UP,1.12606,1.12988,1.12343,1.12968,0.001851795,0.001267147,0.003801442
9/2/15 0:59,DOWN,1.12965,1.13204,1.12646,1.12668,-0.000949242,0.001223258,0.003669774
9/2/15 12:44,DOWN,1.12677,1.12948,1.12421,1.12461,-0.001670295,0.001147912,0.003443737
9/3/15 0:41,DOWN,1.12464,1.12504,1.1205,1.12074,-0.001061235,0.000930563,0.002791688
9/3/15 9:19,UP,1.12068,1.12439,1.12054,1.12389,0.000240266,0.000838692,0.002516075
9/3/15 12:37,DOWN,1.12392,1.1241,1.1164,1.1164,-0.006214972,0.00175022,0.005250661
9/3/15 15:11,DOWN,1.11637,1.11651,1.10872,1.10917,-0.002269392,0.001613722,0.004841167
9/4/15 4:22,UP,1.10924,1.11402,1.10891,1.11363,0.000808495,0.001270187,0.003810562
9/4/15 13:32,DOWN,1.11365,1.11907,1.10898,1.11128,-0.001043297,0.001109549,0.003328647
9/4/15 16:20,UP,1.11122,1.11481,1.10942,1.1143,0.00233603,0.001150615,0.003451846
9/7/15 15:30,UP,1.11432,1.11781,1.11211,1.11641,0.000716839,0.00101285,0.00303855
9/8/15 4:01,UP,1.11642,1.12176,1.11533,1.1216,0.002302935,0.001121052,0.003363156
9/8/15 7:49,DOWN,1.12165,1.12299,1.11706,1.11742,-0.000366849,0.001095279,0.003285837
9/8/15 14:10,UP,1.11732,1.11969,1.11524,1.11954,0.00120658,0.001022292,0.003066876
9/9/15 5:17,DOWN,1.11954,1.12169,1.11613,1.1166,-0.001172517,0.001051259,0.003153777
9/9/15 8:45,UP,1.11652,1.11969,1.11467,1.11969,0.000911382,0.001124191,0.003372574
9/9/15 10:43,DOWN,1.1197,1.12077,1.11441,1.11508,-0.002409478,0.001231038,0.003693113
9/9/15 18:04,UP,1.11511,1.11812,1.11316,1.11748,0.001638956,0.001145803,0.003437409
9/9/15 23:30,UP,1.11748,1.12249,1.11682,1.12197,0.000445744,0.001167358,0.003502075
9/10/15 7:35,DOWN,1.12189,1.12452,1.11848,1.11851,-0.001643694,0.001068926,0.003206778
9/10/15 14:18,UP,1.11858,1.12231,1.11716,1.12221,0.001480319,0.001159556,0.003478669
9/10/15 15:31,UP,1.12222,1.128,1.121,1.12701,0.001065332,0.001441081,0.004323243
9/11/15 11:21,DOWN,1.12693,1.13103,1.1254,1.12633,-0.000479318,0.001140593,0.003421778
9/11/15 15:24,UP,1.12638,1.13269,1.1254,1.13224,0.003707493,0.001322838,0.003968514
9/14/15 6:43,UP,1.13218,1.13611,1.13138,1.13611,0.001832487,0.001118369,0.003355107
9/14/15 10:44,DOWN,1.13615,1.13735,1.13112,1.13149,-0.001607206,0.00108336,0.003250081
9/15/15 3:14,UP,1.1315,1.13276,1.12835,1.13202,0.000742312,0.000834036,0.002502107
9/15/15 7:05,DOWN,1.13196,1.13289,1.12852,1.1288,-0.002495113,0.00096741,0.002902229
9/15/15 12:25,UP,1.12877,1.13271,1.12842,1.13238,0.000689052,0.000892041,0.002676122
9/15/15 15:05,DOWN,1.13244,1.1329,1.12686,1.12749,-0.001418075,0.001010461,0.003031384
9/16/15 3:34,UP,1.12752,1.12989,1.12586,1.12951,0.000876871,0.000817005,0.002451015
9/16/15 7:25,DOWN,1.12957,1.12968,1.12475,1.1255,-0.001704455,0.000849146,0.002547437
9/16/15 10:45,DOWN,1.12552,1.12696,1.12275,1.12334,-0.000436104,0.000884398,0.002653193
9/16/15 12:56,UP,1.12339,1.12728,1.1214,1.12698,0.001385189,0.001104585,0.003313755
9/16/15 16:40,UP,1.12698,1.13211,1.12665,1.13142,0.001193903,0.001033515,0.003100544
9/17/15 2:17,UP,1.13142,1.13183,1.12745,1.13168,0.000981324,0.0010127,0.003038099
9/17/15 8:14,UP,1.13162,1.13368,1.12844,1.13343,0.002137395,0.001020082,0.003060246
9/17/15 18:01,UP,1.13344,1.13933,1.12942,1.13412,0.001226372,0.000979602,0.002938806
9/17/15 18:12,UP,1.13408,1.14022,1.13408,1.14006,0.005223873,0.001593541,0.004780624
9/18/15 8:50,UP,1.14006,1.14533,1.13669,1.14508,0.00159942,0.001265339,0.003796017
9/18/15 13:43,DOWN,1.14508,1.14606,1.14073,1.14073,-0.001086433,0.001148591,0.003445773
9/18/15 15:32,DOWN,1.14071,1.14112,1.13608,1.13688,-0.000773749,0.00112135,0.00336405
9/18/15 19:19,DOWN,1.13689,1.13789,1.13234,1.13262,-0.002345784,0.001182434,0.003547302
9/21/15 8:18,UP,1.13254,1.13289,1.12691,1.13283,0.001873173,0.001162286,0.003486859
9/21/15 10:02,DOWN,1.13278,1.13305,1.12819,1.12861,-0.000239204,0.001220631,0.003661893
9/21/15 13:02,DOWN,1.1286,1.12887,1.1234,1.12401,-0.000480307,0.00119615,0.00358845
9/21/15 14:59,DOWN,1.12396,1.12548,1.11942,1.11949,-0.001793851,0.001286786,0.003860357
9/22/15 6:11,DOWN,1.11949,1.1217,1.11678,1.11719,-0.001886886,0.001171196,0.003513588
9/22/15 12:24,DOWN,1.11725,1.12076,1.11479,1.11557,-0.00030473,0.001078654,0.003235963
9/23/15 0:57,DOWN,1.11565,1.11702,1.11051,1.11061,-0.001907041,0.001022316,0.003066948
9/23/15 11:16,UP,1.11061,1.11739,1.1105,1.11562,0.000609712,0.001374684,0.004124053
9/23/15 13:53,UP,1.1157,1.1184,1.11149,1.11789,0.002077495,0.001486945,0.004460836
9/23/15 17:50,UP,1.11784,1.12078,1.11388,1.12048,0.002349967,0.001456748,0.004370243
9/24/15 7:25,UP,1.12046,1.12189,1.11641,1.12162,0.000704587,0.001246843,0.003740528
9/24/15 11:27,UP,1.12156,1.12467,1.11839,1.12427,0.001415252,0.001221035,0.003663106
9/24/15 14:46,UP,1.12426,1.12956,1.12368,1.1293,0.002446983,0.001225348,0.003676043
9/24/15 16:00,DOWN,1.12933,1.12963,1.1247,1.12479,-0.001936264,0.001260996,0.003782988
9/24/15 21:11,DOWN,1.12479,1.1259,1.11921,1.11963,-0.002595701,0.001335155,0.004005466
9/25/15 6:28,DOWN,1.11955,1.12084,1.11486,1.11555,-0.00117362,0.001134321,0.003402964
9/25/15 10:18,UP,1.11561,1.11717,1.11159,1.11694,0.002142067,0.001146716,0.003440149
9/25/15 13:45,UP,1.11691,1.11948,1.11249,1.1181,0.002112954,0.001340894,0.004022681
9/28/15 7:06,DOWN,1.11818,1.12149,1.11615,1.11662,-0.000546142,0.001046574,0.003139721
9/28/15 12:56,DOWN,1.11663,1.12035,1.11504,1.11594,-0.000940468,0.000949599,0.002848796
9/28/15 14:34,UP,1.11594,1.11993,1.11466,1.11941,0.001063625,0.000997736,0.002993207
9/28/15 16:38,UP,1.1194,1.12443,1.11935,1.12433,0.001050065,0.001133702,0.003401105
9/29/15 6:12,UP,1.12434,1.12744,1.12238,1.12737,0.000541229,0.001011138,0.003033415
9/29/15 8:47,DOWN,1.12738,1.12818,1.122,1.12266,-0.002730845,0.001156096,0.003468289
9/29/15 15:50,UP,1.12272,1.12468,1.11938,1.12412,0.000435992,0.001157857,0.00347357
9/30/15 7:08,DOWN,1.12411,1.12683,1.12127,1.12154,-0.001719369,0.001085489,0.003256467
9/30/15 12:23,DOWN,1.12153,1.12367,1.11835,1.119,-0.002222729,0.001118447,0.003355341
9/30/15 15:35,DOWN,1.11901,1.1209,1.11572,1.11624,-0.00069853,0.000975777,0.00292733
10/1/15 3:34,DOWN,1.11625,1.11868,1.11484,1.11484,-0.000815928,0.000884974,0.002654923
10/1/15 13:53,UP,1.11483,1.11898,1.11347,1.11868,0.001861065,0.000994879,0.002984638
10/2/15 7:21,DOWN,1.11865,1.12093,1.11599,1.11639,-0.000913242,0.000911459,0.002734376
10/2/15 12:38,UP,1.11645,1.12895,1.11502,1.12895,0.011689475,0.00295996,0.008879881
10/2/15 17:11,DOWN,1.12892,1.13189,1.12258,1.12265,-0.001575385,0.00204393,0.00613179
10/5/15 8:33,UP,1.12263,1.12653,1.11999,1.12567,0.000293202,0.001440607,0.00432182
10/5/15 11:28,DOWN,1.12567,1.12896,1.12252,1.12264,-0.001753254,0.001417942,0.004253826
10/5/15 16:30,DOWN,1.12265,1.12431,1.11733,1.11843,-0.001625959,0.00129209,0.003876271
10/6/15 7:38,UP,1.1184,1.12144,1.11718,1.12143,0.001472419,0.001072967,0.003218902
10/6/15 14:30,UP,1.12139,1.1243,1.1199,1.1243,0.001317242,0.000890309,0.002670928
10/6/15 18:48,UP,1.12425,1.12749,1.12408,1.12721,0.000683336,0.000786487,0.002359462
10/7/15 7:20,DOWN,1.12716,1.12846,1.12301,1.12388,-0.001884546,0.000797342,0.002392027
10/7/15 11:02,UP,1.12388,1.12576,1.12222,1.12567,0.001377907,0.000806496,0.002419488
10/7/15 13:52,DOWN,1.12563,1.12737,1.12298,1.12318,-0.001414622,0.000838335,0.002515005
10/7/15 15:24,UP,1.1232,1.12563,1.12112,1.1255,0.001707365,0.00092213,0.002766389
10/8/15 7:20,UP,1.12549,1.13005,1.1233,1.12967,0.003040904,0.001062012,0.003186035
10/8/15 12:10,DOWN,1.12973,1.13153,1.12473,1.12481,-0.002778828,0.001158215,0.003474644
10/8/15 16:33,UP,1.12478,1.12918,1.12379,1.12845,0.000549577,0.001033148,0.003099445
10/8/15 18:46,DOWN,1.12845,1.13267,1.12632,1.12676,-0.003764781,0.001393646,0.004180939
10/9/15 7:44,UP,1.12675,1.13272,1.12654,1.13245,0.001431551,0.001325431,0.003976294
10/9/15 11:04,UP,1.13245,1.13685,1.13148,1.13662,0.000730502,0.001289693,0.00386908
10/9/15 16:57,UP,1.13659,1.13875,1.13351,1.13865,0.001485316,0.00118112,0.003543361
10/12/15 9:21,UP,1.13865,1.1396,1.13519,1.13928,0.000711228,0.000924226,0.002772679
10/12/15 15:09,DOWN,1.13929,1.13973,1.13593,1.136,-0.001829312,0.000954203,0.00286261
10/13/15 7:22,UP,1.136,1.13975,1.1344,1.13924,0.001783479,0.000970778,0.002912335
10/13/15 9:07,DOWN,1.13925,1.14112,1.13646,1.13729,-0.000949175,0.001065077,0.00319523
10/13/15 14:43,DOWN,1.1373,1.14012,1.13551,1.13632,-0.000466309,0.00100127,0.003003811
10/14/15 1:06,UP,1.13632,1.13984,1.13571,1.13968,0.000956866,0.000873625,0.002620874
10/14/15 7:35,UP,1.13973,1.14254,1.1383,1.14229,0.000718114,0.000850174,0.002550523
10/14/15 11:19,DOWN,1.14236,1.14278,1.13913,1.13939,-0.001508441,0.000825173,0.002475518
10/14/15 12:31,UP,1.13937,1.14394,1.13916,1.14383,0.002827841,0.001070043,0.003210129
10/14/15 18:15,UP,1.14389,1.14649,1.14082,1.1463,0.00151908,0.001100825,0.003302474
10/15/15 7:29,DOWN,1.14627,1.14956,1.1445,1.14531,-0.002119449,0.001072888,0.003218664
10/15/15 12:32,DOWN,1.14535,1.146,1.13996,1.14082,-0.002433879,0.001163081,0.003489243
10/15/15 23:33,DOWN,1.14079,1.14198,1.13628,1.13693,-0.000879175,0.00102631,0.003078931
10/16/15 9:52,DOWN,1.13686,1.13953,1.13501,1.13512,-0.000950989,0.000912122,0.002736367
10/16/15 13:37,UP,1.13517,1.13899,1.13342,1.13842,0.001485617,0.000924037,0.002772112
10/16/15 17:57,UP,1.13842,1.13915,1.13467,1.13871,0.000377692,0.001019992,0.003059977
10/19/15 7:29,DOWN,1.13865,1.13898,1.13474,1.13506,-0.002120985,0.001000216,0.003000648
10/19/15 10:26,DOWN,1.13505,1.13684,1.13086,1.13126,-0.001642834,0.001038488,0.003115463
10/20/15 7:26,UP,1.13133,1.13491,1.13057,1.13435,0.001076085,0.000806697,0.002420091
10/20/15 10:42,UP,1.1344,1.13851,1.1339,1.13842,0.001072235,0.000870053,0.002610159
10/20/15 13:49,DOWN,1.13842,1.13876,1.1348,1.13494,-0.001197584,0.000847419,0.002542256
10/21/15 7:32,UP,1.135,1.1372,1.13322,1.13675,0.001311614,0.000866957,0.002600872
10/21/15 13:48,DOWN,1.13669,1.13779,1.13341,1.13438,-0.000678555,0.000753542,0.002260626
10/22/15 5:53,DOWN,1.13443,1.13642,1.13295,1.13323,-0.00069688,0.000626473,0.001879419
10/22/15 9:30,DOWN,1.13318,1.1346,1.13021,1.13109,-0.000167965,0.000583652,0.001750956
10/22/15 12:32,DOWN,1.13103,1.13264,1.1227,1.12537,-0.005653237,0.001491171,0.004473513
10/22/15 12:53,DOWN,1.12537,1.12668,1.11821,1.11889,-0.004565526,0.001816005,0.005448016
10/22/15 15:57,DOWN,1.11895,1.12132,1.11365,1.11381,-0.001552022,0.001555234,0.004665703
10/22/15 23:44,DOWN,1.11381,1.11434,1.10718,1.10744,-0.002038663,0.00140281,0.004208429
10/23/15 6:58,UP,1.10743,1.11236,1.10732,1.11179,0.000944869,0.001256054,0.003768162
10/23/15 11:17,DOWN,1.1118,1.11401,1.10799,1.10819,-0.001289561,0.001227124,0.003681373
10/23/15 12:44,DOWN,1.10826,1.11083,1.10274,1.10483,-0.000452456,0.001480286,0.004440857
10/23/15 17:57,DOWN,1.10483,1.10572,1.09993,1.10015,-0.001117405,0.001302439,0.003907317
10/26/15 7:13,UP,1.10008,1.10431,1.09963,1.10375,9.06E-06,0.001061722,0.003185167
10/26/15 12:47,DOWN,1.10383,1.10566,1.10156,1.10182,-0.000471835,0.000961948,0.002885844
10/26/15 14:31,UP,1.10176,1.10519,1.10037,1.10447,0.000670229,0.001025392,0.003076177
10/27/15 5:36,UP,1.10446,1.10698,1.10337,1.10628,0.000189843,0.00076877,0.00230631
10/27/15 12:33,UP,1.10635,1.10791,1.1036,1.10746,0.001436749,0.000765982,0.002297946
10/27/15 13:55,DOWN,1.10743,1.10758,1.10372,1.10372,-0.001548107,0.000994445,0.002983336
10/28/15 10:34,UP,1.10379,1.1069,1.1025,1.10642,0.000967551,0.000772442,0.002317326
10/28/15 18:02,DOWN,1.10649,1.1096,1.09803,1.09824,-0.008450499,0.002216199,0.006648598
10/28/15 18:50,DOWN,1.09829,1.1003,1.08977,1.09055,-0.001575943,0.002219945,0.006659834
10/29/15 9:15,UP,1.0906,1.09656,1.08969,1.09647,0.001825701,0.001503017,0.004509052
10/29/15 19:17,UP,1.0964,1.09859,1.09245,1.09792,0.001130047,0.001137369,0.003412108
10/30/15 6:46,UP,1.09788,1.10173,1.09654,1.10147,0.003127986,0.001230057,0.003690172
10/30/15 12:29,UP,1.10144,1.10245,1.0981,1.10228,0.000508167,0.001134024,0.003402072
10/30/15 14:15,UP,1.10229,1.10726,1.09996,1.10716,0.002351112,0.001248165,0.003744494
10/30/15 16:46,DOWN,1.10706,1.10717,1.1018,1.10237,-0.000535067,0.001252031,0.003756094
11/2/15 7:55,UP,1.10231,1.105,1.09867,1.10438,0.001359151,0.001117123,0.003351369
11/2/15 20:14,DOWN,1.1044,1.1053,1.10002,1.10116,-0.001125452,0.000947282,0.002841847
11/3/15 9:16,DOWN,1.10115,1.10304,1.09903,1.09933,-0.000436534,0.000845243,0.00253573
11/3/15 13:38,DOWN,1.09936,1.09952,1.09573,1.09626,-0.00121248,0.000798379,0.002395137
11/3/15 21:57,UP,1.09624,1.09704,1.09362,1.09685,0.000556293,0.000790547,0.002371641
11/4/15 7:31,DOWN,1.09671,1.09685,1.0927,1.09293,-0.001810005,0.00086081,0.00258243
11/4/15 13:58,DOWN,1.09299,1.09422,1.09043,1.09043,-0.00096246,0.000826143,0.002478429
11/4/15 15:15,DOWN,1.09047,1.09121,1.08635,1.08676,-0.000947323,0.00085979,0.002579371
11/5/15 1:37,UP,1.08675,1.08735,1.0844,1.08718,0.000404799,0.00075592,0.00226776
11/5/15 7:58,DOWN,1.0871,1.08772,1.08341,1.08348,-0.001180681,0.000811427,0.002434281
11/5/15 8:42,UP,1.08347,1.08838,1.08334,1.08717,1.84E-05,0.001107568,0.003322704
11/5/15 20:28,UP,1.08717,1.0898,1.08504,1.08829,0.000569863,0.000784465,0.002353394
11/6/15 10:24,DOWN,1.08821,1.08942,1.08628,1.08693,-1.84E-05,0.000659647,0.001978941
11/6/15 13:36,DOWN,1.08698,1.08849,1.07075,1.07369,-0.01201666,0.00301174,0.009035219
11/9/15 6:57,UP,1.07376,1.07715,1.07071,1.07703,0.000250721,0.001704767,0.005114302
11/9/15 14:27,DOWN,1.07696,1.07903,1.07299,1.07307,-0.001033881,0.001432795,0.004298384
11/10/15 9:29,DOWN,1.07313,1.07831,1.07266,1.07334,-0.001080155,0.000929757,0.002789271
11/10/15 13:12,DOWN,1.07333,1.07451,1.06973,1.07073,-0.000457527,0.000864573,0.002593719
11/10/15 14:50,DOWN,1.07081,1.07131,1.06741,1.06767,-0.000309037,0.000851979,0.002555936
11/10/15 18:21,UP,1.06761,1.07134,1.06755,1.07087,0.001261453,0.000896705,0.002690116
11/10/15 23:59,UP,1.07082,1.07416,1.07005,1.07364,0.001379439,0.000961635,0.002884904
11/11/15 11:38,DOWN,1.0737,1.07742,1.07156,1.07187,-0.001780347,0.001045977,0.003137931
11/11/15 14:37,UP,1.07186,1.07496,1.07058,1.07429,0.000372408,0.001042826,0.003128477
11/11/15 23:31,UP,1.07428,1.07658,1.07069,1.07624,0.001394713,0.000948511,0.002845533
11/12/15 7:19,DOWN,1.07623,1.07807,1.07447,1.07488,-0.000660321,0.000868615,0.002605846
11/12/15 8:44,DOWN,1.07481,1.0751,1.0707,1.0707,-0.003421803,0.00116139,0.003484169
11/12/15 14:42,UP,1.07076,1.07698,1.06909,1.0766,0.002743869,0.001211495,0.003634486
11/12/15 17:31,UP,1.07662,1.08089,1.07466,1.07967,0.001381004,0.001183741,0.003551222
11/12/15 21:57,UP,1.07961,1.08302,1.07661,1.08133,0.000406989,0.001166926,0.003500779
11/13/15 6:10,DOWN,1.08146,1.08199,1.07784,1.07792,-0.001464713,0.001045108,0.003135324
11/13/15 11:32,UP,1.07785,1.08012,1.07518,1.08,0.002178297,0.001062838,0.003188515
11/13/15 13:15,DOWN,1.07999,1.08082,1.07627,1.07652,-0.000872803,0.001075698,0.003227094
11/13/15 14:10,DOWN,1.07657,1.07953,1.07326,1.07335,-0.00087538,0.001460571,0.004381713
11/15/15 23:29,DOWN,1.07337,1.07555,1.06866,1.07037,-0.002202418,0.001281473,0.00384442
11/16/15 7:40,UP,1.07038,1.07495,1.06944,1.07467,0.001238356,0.001103978,0.003311935
11/16/15 14:37,DOWN,1.07469,1.07585,1.0712,1.07157,-0.000867509,0.001036843,0.003110529
11/16/15 18:13,DOWN,1.07158,1.07242,1.06819,1.06861,-0.001673672,0.000996218,0.002988653
11/17/15 2:28,DOWN,1.06862,1.06966,1.066,1.06606,-0.000515785,0.001002058,0.003006174
11/17/15 14:52,UP,1.06604,1.06794,1.06426,1.06743,0.00100291,0.000715228,0.002145684
11/17/15 16:03,DOWN,1.06742,1.0677,1.0645,1.06484,-0.000610234,0.00073701,0.002211029
11/18/15 8:31,UP,1.06478,1.06724,1.06306,1.06664,0.001350946,0.000778283,0.002334849
11/18/15 13:44,DOWN,1.06665,1.06926,1.06579,1.06597,-0.000497076,0.000753365,0.002260094
11/18/15 16:25,DOWN,1.06591,1.06751,1.06342,1.06427,-0.000854681,0.000746276,0.002238828
11/18/15 22:59,UP,1.06428,1.06723,1.06166,1.0661,0.000910273,0.000734622,0.002203867
11/19/15 1:38,UP,1.06602,1.06954,1.06587,1.06931,0.001609809,0.000861601,0.002584802
11/19/15 8:04,DOWN,1.06931,1.07179,1.06735,1.06762,-0.000421409,0.000870793,0.002612379
11/19/15 11:12,UP,1.06769,1.07108,1.06669,1.07048,0.001374159,0.00092548,0.002776439
11/19/15 13:30,DOWN,1.07055,1.07175,1.0672,1.06754,-0.001834313,0.000981397,0.002944191
11/19/15 14:24,UP,1.06761,1.07211,1.06686,1.07117,0.00252379,0.001129587,0.003388762
11/19/15 16:34,UP,1.07119,1.07572,1.07008,1.07507,0.000325613,0.001223097,0.00366929
11/20/15 1:53,DOWN,1.07509,1.07633,1.07101,1.07159,-0.000447832,0.001049989,0.003149967
11/20/15 8:28,DOWN,1.07158,1.07286,1.06751,1.06764,-0.001890236,0.001054879,0.003164636
11/20/15 16:04,DOWN,1.06757,1.07082,1.06611,1.06648,-0.000300008,0.00100528,0.00301584
11/23/15 0:17,DOWN,1.06654,1.06676,1.0632,1.06329,-0.000874262,0.00090855,0.002725651
11/23/15 12:19,UP,1.06329,1.06437,1.06004,1.06337,0.000818488,0.000834824,0.002504473
11/23/15 16:29,DOWN,1.06343,1.06572,1.0601,1.06025,-0.001234795,0.000908795,0.002726384
11/23/15 23:02,UP,1.06023,1.06381,1.05926,1.06331,0.000507977,0.000877551,0.002632654
11/24/15 9:00,UP,1.06339,1.06707,1.06195,1.06692,0.002327154,0.001016709,0.003050126
11/24/15 15:30,DOWN,1.06689,1.06736,1.06284,1.06323,-0.001184367,0.000917715,0.002753145
11/25/15 2:03,UP,1.06328,1.06746,1.06315,1.06735,0.001490781,0.000938664,0.002815992
11/25/15 9:27,DOWN,1.06735,1.06897,1.0626,1.0631,-0.002742919,0.001188411,0.003565232
11/25/15 11:10,DOWN,1.06311,1.06332,1.05803,1.05846,-0.001812313,0.001217772,0.003653317
11/25/15 17:04,UP,1.05851,1.06199,1.05659,1.06169,0.000932911,0.001158218,0.003474653
11/27/15 1:11,DOWN,1.06163,1.06417,1.05999,1.06029,-0.000471458,0.000713609,0.002140827
11/27/15 7:08,UP,1.06024,1.06384,1.06015,1.0629,0.001497027,0.000768842,0.002306526
11/27/15 10:01,DOWN,1.06291,1.06311,1.0582,1.05828,-0.002434951,0.000949171,0.002847514
11/30/15 11:57,DOWN,1.05824,1.06047,1.05632,1.05735,-3.78E-05,0.000689084,0.002067251
12/1/15 2:32,UP,1.05734,1.05971,1.05579,1.05903,0.001218838,0.000678399,0.002035196
12/1/15 9:15,UP,1.05897,1.06191,1.05713,1.06108,0.001018349,0.000779751,0.002339253
12/1/15 14:11,UP,1.06111,1.06227,1.05854,1.06201,0.001602021,0.000826414,0.002479243
12/2/15 10:08,DOWN,1.06203,1.06379,1.05916,1.05928,-0.002922242,0.001073468,0.003220404
12/2/15 15:34,DOWN,1.0593,1.06176,1.05616,1.05628,-0.000577332,0.001036846,0.003110537
12/2/15 18:18,UP,1.05632,1.06082,1.05507,1.06051,0.001868771,0.001242853,0.003728558
12/3/15 8:35,DOWN,1.06048,1.06271,1.0571,1.05764,-0.001190623,0.000985741,0.002957222
12/3/15 12:34,DOWN,1.05764,1.0582,1.05395,1.05446,-0.000265504,0.000919434,0.002758301
12/3/15 12:46,UP,1.05448,1.06916,1.05223,1.06325,0.008301468,0.002220247,0.006660742
12/3/15 13:39,UP,1.06296,1.08179,1.06247,1.0799,0.012579954,0.003794555,0.011383664
12/3/15 16:40,UP,1.07992,1.09425,1.07833,1.09306,0.004171314,0.003569772,0.010709315
12/4/15 7:54,DOWN,1.09305,1.09812,1.08727,1.08746,-0.001644684,0.002392196,0.007176588
12/4/15 14:16,UP,1.08741,1.09537,1.08552,1.09294,0.000915382,0.001878108,0.005634324
12/4/15 17:21,DOWN,1.0929,1.09509,1.08741,1.08814,-0.000284849,0.001787827,0.00536348
12/7/15 8:52,DOWN,1.08813,1.08895,1.08207,1.08245,-0.00125562,0.001669713,0.005009139
12/7/15 16:17,UP,1.08239,1.08601,1.0796,1.08517,0.000322582,0.00128225,0.00384675
12/8/15 8:03,UP,1.08513,1.08738,1.083,1.0873,0.000680817,0.001127729,0.003383188
12/8/15 13:39,UP,1.08736,1.08881,1.08406,1.08881,0.001240655,0.00096935,0.002908051
12/9/15 3:51,UP,1.08876,1.09145,1.0866,1.09076,0.001137469,0.000912656,0.002737968
12/9/15 10:13,UP,1.09077,1.09378,1.09031,1.09366,0.000365811,0.000826507,0.002479521
12/9/15 13:46,UP,1.09366,1.09662,1.0916,1.09632,0.001743711,0.001010483,0.003031449
12/9/15 17:30,UP,1.09627,1.09934,1.09502,1.09924,0.000901028,0.001084721,0.003254163
12/9/15 19:48,UP,1.09924,1.10433,1.09839,1.10356,0.001487205,0.001042827,0.003128481
12/10/15 6:03,DOWN,1.10351,1.1036,1.0999,1.10004,-0.000872315,0.000934266,0.002802798
12/10/15 9:59,DOWN,1.10007,1.1003,1.09612,1.09682,-0.00029171,0.000937747,0.002813242
12/11/15 2:41,DOWN,1.09678,1.09729,1.09249,1.09312,-0.000859554,0.000975585,0.002926756
12/11/15 8:38,UP,1.09311,1.0967,1.09274,1.0963,0.000876056,0.000958098,0.002874293
12/11/15 14:37,UP,1.09631,1.09985,1.09347,1.09985,0.002020497,0.001198964,0.003596892
12/11/15 15:23,DOWN,1.09991,1.10312,1.09585,1.09734,-0.000665024,0.001660348,0.004981044
12/14/15 3:52,DOWN,1.09738,1.1013,1.09544,1.0955,-0.001140381,0.00137178,0.004115339
12/14/15 14:36,UP,1.09552,1.09983,1.09455,1.0992,0.000828218,0.00113789,0.003413669
12/14/15 16:13,UP,1.0992,1.10479,1.09888,1.10435,0.001477072,0.001119194,0.003357583
12/14/15 20:09,DOWN,1.10435,1.1049,1.09891,1.09898,-0.002145143,0.001069657,0.00320897
12/15/15 6:54,UP,1.09897,1.10304,1.09852,1.10294,0.000770965,0.000969865,0.002909596
12/15/15 9:26,DOWN,1.10294,1.106,1.10108,1.1015,-0.001061624,0.001013277,0.003039831
12/15/15 12:40,DOWN,1.10144,1.10386,1.09866,1.09923,-0.00104564,0.001085781,0.003257343
12/15/15 14:40,DOWN,1.09925,1.1,1.09465,1.09481,-0.002071273,0.001128867,0.003386601
12/15/15 16:00,DOWN,1.09476,1.0962,1.09174,1.09178,-0.00184848,0.001164284,0.003492852
12/16/15 7:38,UP,1.09182,1.09593,1.09046,1.09541,0.000986419,0.001002695,0.003008085
12/16/15 10:42,DOWN,1.09538,1.09544,1.09149,1.09167,-0.000357187,0.001016404,0.003049213
12/16/15 18:38,UP,1.09168,1.09683,1.09124,1.09634,0.002886479,0.001117421,0.003352262
12/16/15 19:00,DOWN,1.09635,1.09688,1.08959,1.08969,-0.006084107,0.001842469,0.005527407
12/16/15 19:50,UP,1.08945,1.10122,1.0888,1.09894,0.003071303,0.00197387,0.005921609
12/16/15 20:29,DOWN,1.09892,1.09975,1.08961,1.09077,-0.003916155,0.002121393,0.006364178
12/17/15 2:31,DOWN,1.09077,1.09351,1.08454,1.08527,-0.000727665,0.001918274,0.005754822
12/17/15 16:22,DOWN,1.08528,1.08785,1.08153,1.08175,-0.001367218,0.001467579,0.004402738
12/18/15 4:25,UP,1.08169,1.08502,1.08025,1.0849,0.000903717,0.00125186,0.003755579
12/18/15 8:48,DOWN,1.08483,1.08689,1.08054,1.08119,-0.002088108,0.001279756,0.003839268
12/18/15 20:24,UP,1.08117,1.08749,1.08048,1.08724,0.002541766,0.001205682,0.003617046
12/21/15 14:02,UP,1.08723,1.09088,1.08464,1.09025,0.002148603,0.001041743,0.00312523
12/21/15 16:41,UP,1.0903,1.09394,1.0883,1.09359,0.001161988,0.0010067,0.003020101
12/22/15 7:13,DOWN,1.09359,1.09369,1.09039,1.09042,-0.001182331,0.00093336,0.002800081
12/22/15 10:52,UP,1.09047,1.09445,1.09023,1.09345,0.000182924,0.000903001,0.002709003
12/22/15 14:51,UP,1.0934,1.09704,1.09262,1.09641,0.000164186,0.000865445,0.002596335
12/22/15 22:49,DOWN,1.09647,1.09845,1.09464,1.09515,-0.000200866,0.000808796,0.002426389
12/23/15 8:38,DOWN,1.09511,1.09533,1.09145,1.09189,-0.001244772,0.000786953,0.002360858
12/23/15 14:19,DOWN,1.09188,1.09349,1.08979,1.08999,-0.001338566,0.000797851,0.002393552
12/23/15 16:39,DOWN,1.08998,1.09138,1.08732,1.08751,-0.000606707,0.000844865,0.002534594
12/23/15 19:08,UP,1.08752,1.09143,1.08699,1.09105,0.002689099,0.001040346,0.003121039
12/24/15 8:15,UP,1.09109,1.09504,1.09022,1.09475,0.001069309,0.001039908,0.003119724
12/28/15 0:53,UP,1.09471,1.09776,1.0931,1.09731,0.001130675,0.000933764,0.002801292
12/29/15 13:22,DOWN,1.09731,1.09927,1.09481,1.09515,-0.001842797,0.000799788,0.002399365
12/29/15 16:08,DOWN,1.09512,1.09566,1.08991,1.09094,-0.002261543,0.001049346,0.003148037
12/30/15 8:14,UP,1.09099,1.09421,1.09074,1.09396,0.000923678,0.000914019,0.002742058
12/30/15 16:40,DOWN,1.09396,1.09441,1.09042,1.09135,-0.000586258,0.000776164,0.002328493
12/31/15 11:58,DOWN,1.09139,1.09379,1.08879,1.08918,-0.001724581,0.00092681,0.002780429
12/31/15 21:51,DOWN,1.08918,1.09007,1.08528,1.08539,-0.001049763,0.001017001,0.003051002
1/4/16 2:47,UP,1.08538,1.08858,1.08269,1.08756,0.00117764,0.001103915,0.003311745
1/4/16 7:55,UP,1.08755,1.09207,1.08652,1.09173,0.002329293,0.001235589,0.003706767
1/4/16 12:50,DOWN,1.09172,1.09467,1.08967,1.08992,-0.002007306,0.001205712,0.003617136
1/4/16 14:38,DOWN,1.08991,1.09107,1.08454,1.08508,-0.000709373,0.001293285,0.003879854
1/4/16 16:06,DOWN,1.08507,1.08563,1.08011,1.08024,-0.000888297,0.00122406,0.003672179
1/4/16 19:35,UP,1.08024,1.08254,1.0781,1.08234,0.000683938,0.001155247,0.00346574
1/5/16 8:50,DOWN,1.0824,1.08394,1.07924,1.07939,-0.001333198,0.000953932,0.002861795
1/5/16 11:15,DOWN,1.0794,1.0799,1.07614,1.07656,-0.000909893,0.000858519,0.002575558
1/5/16 15:34,DOWN,1.07657,1.07688,1.07182,1.0721,-0.001761343,0.000919553,0.002758659
1/5/16 20:12,UP,1.07209,1.07488,1.07106,1.07459,0.001052117,0.00089385,0.00268155
1/6/16 7:25,DOWN,1.07463,1.07732,1.0729,1.07343,-0.001331292,0.000892891,0.002678672
1/6/16 12:44,UP,1.07342,1.07603,1.07189,1.07567,0.000958001,0.00082778,0.00248334
1/6/16 19:06,UP,1.07567,1.07895,1.07139,1.07855,0.002962057,0.001118476,0.003355427
1/7/16 3:16,UP,1.07857,1.08251,1.0767,1.08239,0.001840216,0.001049271,0.003147813
1/7/16 7:39,DOWN,1.08243,1.08299,1.07826,1.07863,-0.002324323,0.001154719,0.003464158
1/7/16 9:05,UP,1.07868,1.08208,1.0771,1.08181,0.003092194,0.001314552,0.003943656
1/7/16 11:36,UP,1.08184,1.0875,1.08161,1.08706,0.001998205,0.001364737,0.004094212
1/7/16 18:36,UP,1.08702,1.08951,1.08261,1.08932,0.00213204,0.00124798,0.00374394
1/7/16 20:18,UP,1.08938,1.09367,1.08925,1.09358,0.000512211,0.001263911,0.003791734
1/8/16 1:18,DOWN,1.09359,1.09405,1.08922,1.08936,-0.001705969,0.00119551,0.003586529
1/8/16 13:10,DOWN,1.08932,1.0902,1.08547,1.08628,-0.000119667,0.000958658,0.002875973
1/8/16 13:30,DOWN,1.08627,1.08712,1.08099,1.0813,-0.004594994,0.001459699,0.004379097
1/8/16 14:12,UP,1.08152,1.08792,1.08032,1.08654,0.002100609,0.001440274,0.004320822
1/8/16 16:25,UP,1.08649,1.09095,1.08539,1.09024,0.001156377,0.001215752,0.003647257
1/8/16 20:49,UP,1.0902,1.09219,1.08703,1.09183,0.000962151,0.001112298,0.003336894
1/10/16 23:16,UP,1.09188,1.09699,1.0911,1.09641,0.001880626,0.001266948,0.003800845
1/26/16 0:29,DOWN,1.09648,1.09671,1.08487,1.08496,-0.008233597,0.002403135,0.007209406
1/26/16 21:39,UP,1.08499,1.08747,1.08188,1.08625,0.000276218,0.001186012,0.003558037
1/27/16 13:15,UP,1.0863,1.08939,1.08506,1.08937,0.00081732,0.00086977,0.00260931
1/27/16 15:38,DOWN,1.0893,1.09123,1.08679,1.08697,-0.000533451,0.001000994,0.003002983
1/27/16 19:52,UP,1.08703,1.09137,1.086,1.08955,0.000486558,0.000890289,0.002670867
1/28/16 7:09,DOWN,1.08955,1.09169,1.0871,1.08716,-0.000809121,0.000760184,0.002280553
1/28/16 8:41,UP,1.08721,1.09031,1.08696,1.09008,0.002139745,0.00087676,0.002630279
1/28/16 15:09,UP,1.09014,1.09339,1.08916,1.09267,0.001007215,0.000877087,0.002631262
1/28/16 18:44,UP,1.09268,1.0968,1.09253,1.09619,0.001460667,0.000851307,0.002553921
1/29/16 0:08,DOWN,1.0962,1.09629,1.09292,1.0931,-0.000923551,0.000813947,0.00244184
1/29/16 3:47,DOWN,1.09311,1.09405,1.08828,1.09026,-0.002281255,0.000910405,0.002731214
1/29/16 4:29,UP,1.09024,1.09489,1.08872,1.09397,0.000859625,0.000964893,0.00289468
1/29/16 6:35,DOWN,1.09397,1.09409,1.09028,1.09063,-0.000311698,0.000911231,0.002733693
1/29/16 10:53,UP,1.09062,1.0922,1.0885,1.09209,0.000650341,0.00081215,0.00243645
1/29/16 13:47,DOWN,1.09211,1.09264,1.08653,1.08701,-0.003407221,0.001145381,0.003436143
1/29/16 15:24,DOWN,1.08708,1.0876,1.08228,1.0832,-0.000350751,0.001097749,0.003293248
2/1/16 2:58,UP,1.08313,1.0849,1.08099,1.08479,0.00116219,0.00090726,0.002721779
2/1/16 12:15,UP,1.08478,1.08723,1.0841,1.08709,0.00092031,0.00076695,0.00230085
2/1/16 14:51,UP,1.08708,1.09023,1.08666,1.08991,0.00178155,0.000818719,0.002456158
2/2/16 4:55,UP,1.09,1.09195,1.0875,1.09138,0.000632427,0.000773617,0.002320852
2/2/16 12:08,UP,1.09136,1.09233,1.08956,1.09229,0.000741836,0.000656603,0.001969808
2/2/16 16:00,DOWN,1.09225,1.09402,1.08923,1.09004,-0.002318326,0.000872974,0.002618922
2/2/16 23:21,UP,1.09007,1.09281,1.08932,1.09243,0.000265498,0.000694517,0.00208355
2/3/16 9:12,DOWN,1.09243,1.09363,1.09037,1.0908,-0.000925498,0.000647175,0.001941524
2/3/16 11:43,UP,1.09077,1.09335,1.09045,1.09309,0.000631437,0.000661871,0.001985613
2/3/16 13:24,UP,1.09308,1.09607,1.09107,1.09604,0.002292689,0.000947281,0.002841842
2/3/16 15:06,UP,1.09598,1.10446,1.09488,1.1017,0.002808697,0.00111978,0.003359339
2/3/16 15:33,UP,1.10165,1.10806,1.1016,1.10653,0.003158988,0.001337924,0.004013772
2/3/16 18:31,UP,1.10653,1.11179,1.10336,1.11029,0.000621652,0.001298269,0.003894807
2/3/16 20:00,DOWN,1.11027,1.11461,1.1084,1.10886,-0.00094647,0.001377175,0.004131525
2/4/16 8:26,UP,1.10894,1.11376,1.10695,1.11293,0.002843391,0.001374522,0.004123567
2/4/16 10:42,UP,1.11286,1.11811,1.1113,1.11784,0.001826615,0.001410723,0.004232168
2/4/16 13:12,UP,1.11783,1.12183,1.11654,1.12161,0.001623985,0.001291974,0.003875923
2/4/16 15:57,DOWN,1.1216,1.12393,1.11576,1.1161,-0.002425155,0.001221133,0.0036634
2/4/16 18:16,UP,1.11611,1.12096,1.11611,1.12028,0.000116049,0.001205453,0.003616359
2/5/16 10:29,DOWN,1.12028,1.12229,1.11835,1.11881,-0.000661198,0.000829348,0.002488043
2/5/16 13:46,DOWN,1.11879,1.12536,1.11413,1.11538,-0.003374315,0.001130376,0.003391127
2/8/16 8:54,UP,1.11535,1.11711,1.11087,1.11505,-8.97E-06,0.000959868,0.002879604
2/8/16 11:15,DOWN,1.11506,1.11844,1.11225,1.11278,-0.004044722,0.001416687,0.004250061
2/8/16 15:20,UP,1.11279,1.11463,1.10865,1.11367,0.000386185,0.001458485,0.004375456
2/8/16 19:16,UP,1.11366,1.11972,1.11274,1.11922,0.001278492,0.001383426,0.004150277
2/9/16 7:34,DOWN,1.11923,1.1238,1.11837,1.11894,-0.000866516,0.001191586,0.003574757
2/9/16 11:11,UP,1.11889,1.12212,1.11623,1.1218,0.001427297,0.001325297,0.003975892
2/9/16 13:45,UP,1.12182,1.12821,1.1209,1.12733,0.00326969,0.001436415,0.004309245
2/9/16 16:49,UP,1.12732,1.13248,1.1257,1.1312,0.000415574,0.001271738,0.003815214
2/9/16 20:37,DOWN,1.13125,1.13384,1.1282,1.12875,-5.32E-05,0.001185628,0.003556884
2/10/16 9:03,DOWN,1.12878,1.13118,1.1254,1.1256,-0.001402712,0.001031407,0.00309422
2/10/16 15:10,DOWN,1.12559,1.12735,1.12127,1.12127,-0.002182639,0.00114705,0.003441149
2/10/16 16:47,UP,1.12124,1.12437,1.11604,1.12322,0.001987337,0.001455478,0.004366434
2/10/16 20:31,UP,1.12329,1.12821,1.12193,1.12771,0.000328152,0.001324103,0.00397231
2/11/16 8:38,UP,1.12773,1.13353,1.12738,1.13341,0.003048554,0.001465707,0.004397121
2/11/16 16:48,UP,1.13345,1.13711,1.13055,1.13664,0.001708243,0.001396739,0.004190218
2/11/16 23:00,DOWN,1.13661,1.13767,1.1313,1.13142,-0.000883455,0.001338721,0.004016164
2/12/16 8:32,DOWN,1.13143,1.13341,1.12649,1.12721,-0.001489296,0.001275806,0.003827418
2/12/16 13:31,DOWN,1.1272,1.1299,1.12413,1.12459,-0.001794599,0.001199063,0.00359719
2/15/16 0:42,DOWN,1.12451,1.12781,1.1214,1.12236,-0.000285073,0.00106747,0.003202411
2/15/16 9:05,DOWN,1.12236,1.12394,1.11878,1.11963,-0.000571454,0.000941926,0.002825779
2/15/16 14:47,DOWN,1.11969,1.12095,1.11618,1.11623,-0.002103088,0.001004718,0.003014154
2/16/16 0:02,UP,1.11615,1.11799,1.11279,1.11728,0.001504783,0.001064695,0.003194085
2/16/16 15:01,DOWN,1.11726,1.11935,1.11368,1.11413,-0.003091802,0.001130523,0.00339157
2/17/16 4:33,UP,1.11413,1.11658,1.11188,1.11604,0.001318025,0.001081986,0.003245959
2/17/16 9:52,DOWN,1.1161,1.11795,1.11294,1.11332,-0.001122138,0.001055838,0.003167514
2/18/16 11:40,DOWN,1.11328,1.11575,1.11059,1.11118,-0.001160255,0.000892259,0.002676778
2/18/16 13:04,DOWN,1.11122,1.11149,1.10792,1.10792,-0.001587302,0.000978542,0.002935626
2/19/16 0:47,UP,1.10797,1.11236,1.10709,1.11173,0.000854889,0.001176645,0.003529935
2/19/16 9:44,DOWN,1.11169,1.11396,1.10812,1.10815,-0.001911271,0.001143602,0.003430806
2/19/16 16:31,UP,1.1082,1.11271,1.10668,1.11216,0.001592765,0.001072771,0.003218313
2/22/16 8:06,DOWN,1.11216,1.11378,1.10852,1.10885,-0.001360845,0.000904914,0.002714741
2/22/16 12:03,DOWN,1.10882,1.10932,1.10329,1.10381,-0.001774093,0.001075856,0.003227568
2/23/16 2:02,UP,1.10386,1.10461,1.10031,1.10442,0.001413505,0.001008988,0.003026965
2/23/16 9:22,DOWN,1.10449,1.10529,1.10013,1.10047,-0.002894568,0.001094359,0.003283078
2/24/16 9:07,DOWN,1.10048,1.1038,1.099,1.09965,-0.00065454,0.000860587,0.002581761
2/24/16 11:51,DOWN,1.09971,1.09972,1.09599,1.09601,-0.001959739,0.000957193,0.002871579
2/24/16 13:47,UP,1.096,1.10009,1.09571,1.0998,0.00168354,0.001017304,0.003051913
2/24/16 15:18,UP,1.09974,1.10349,1.09741,1.10336,0.002377389,0.001319962,0.003959887
2/25/16 14:22,DOWN,1.10341,1.10462,1.10002,1.10008,-0.001898059,0.001022638,0.003067914
2/25/16 18:09,UP,1.10006,1.10434,1.09867,1.10364,0.001015339,0.001006268,0.003018805
2/26/16 4:02,UP,1.10362,1.10653,1.10158,1.10646,0.001275147,0.001110793,0.003332379
2/26/16 8:53,DOWN,1.10651,1.10686,1.10173,1.10248,-0.001721904,0.00110568,0.00331704
2/26/16 13:57,DOWN,1.10246,1.10312,1.09722,1.09727,-0.003175574,0.001337249,0.004011746
2/26/16 17:57,DOWN,1.09732,1.0981,1.09116,1.09292,-0.000228719,0.001238447,0.00371534
2/29/16 7:36,UP,1.09288,1.0955,1.09117,1.09536,0.000657534,0.001073366,0.003220098
2/29/16 9:36,DOWN,1.09536,1.09628,1.09108,1.09167,-0.00092476,0.001111269,0.003333807
2/29/16 15:35,DOWN,1.09165,1.09225,1.08649,1.08687,-0.001333217,0.001060629,0.003181887
3/1/16 15:01,DOWN,1.08688,1.08939,1.08427,1.08443,-0.001050691,0.000978185,0.002934555
3/2/16 0:08,UP,1.08449,1.08778,1.08342,1.08755,0.000662258,0.00111972,0.003359161
3/2/16 13:52,DOWN,1.0876,1.08815,1.08399,1.0842,-0.000709949,0.000847342,0.002542026
3/2/16 18:27,UP,1.08427,1.08612,1.08255,1.08593,0.001243947,0.000859279,0.002577838
3/3/16 10:31,UP,1.08593,1.08831,1.08535,1.08825,0.000992912,0.000699268,0.002097805
3/3/16 14:06,UP,1.08829,1.09156,1.08707,1.09131,0.001347913,0.000876813,0.002630438
3/3/16 16:39,UP,1.0913,1.09731,1.08939,1.09635,0.002694373,0.001051114,0.003153342
3/4/16 11:18,UP,1.09639,1.09859,1.09284,1.09848,0.001393805,0.001137146,0.003411438
3/4/16 13:38,DOWN,1.09848,1.09902,1.0903,1.0917,-0.005070935,0.001628254,0.004884763
3/4/16 14:12,UP,1.0917,1.10268,1.09165,1.09857,0.003739106,0.001882459,0.005647377
3/7/16 8:14,DOWN,1.09856,1.1044,1.09576,1.09587,-0.001768718,0.001449987,0.004349962
3/7/16 16:40,UP,1.09596,1.10009,1.09401,1.09941,0.001328868,0.001320284,0.003960852
3/8/16 7:56,UP,1.0994,1.1042,1.09888,1.10367,0.001214869,0.001053854,0.003161563
3/8/16 14:31,UP,1.10368,1.10562,1.10016,1.10561,0.002209365,0.001100507,0.003301522
3/8/16 17:51,DOWN,1.10562,1.10581,1.10128,1.10166,-0.001179342,0.001074144,0.003222432
3/9/16 2:24,DOWN,1.10166,1.10191,1.0975,1.09788,-0.001228887,0.001053204,0.003159611
3/9/16 13:55,DOWN,1.09793,1.09899,1.09491,1.09492,-0.002617767,0.001064001,0.003192003
3/9/16 15:52,UP,1.09497,1.10154,1.0946,1.10089,0.002337204,0.001208369,0.003625107
3/9/16 23:56,DOWN,1.10084,1.10352,1.09865,1.09874,-0.001191565,0.001064053,0.003192158
3/10/16 12:58,DOWN,1.09879,1.09932,1.0845,1.08463,-0.009086132,0.002571746,0.007715238
3/10/16 14:12,UP,1.08466,1.10851,1.08219,1.10851,0.014099711,0.004426409,0.013279228
3/10/16 16:29,UP,1.10831,1.1175,1.10044,1.11675,0.001918113,0.003896739,0.011690216
3/11/16 8:15,DOWN,1.11675,1.12184,1.11279,1.11279,-0.002441324,0.002308108,0.006924324
3/11/16 15:05,UP,1.11278,1.11621,1.10803,1.11505,0.001894084,0.001786395,0.005359186
3/14/16 8:13,DOWN,1.11513,1.11937,1.11292,1.11301,-0.001481369,0.001471092,0.004413275
3/14/16 18:47,DOWN,1.11302,1.11363,1.10778,1.10863,-0.000126274,0.001247491,0.003742472
3/16/16 7:59,DOWN,1.10857,1.11253,1.10717,1.10867,-0.000676258,0.000867541,0.002602622
3/16/16 13:14,DOWN,1.10865,1.11,1.10643,1.10645,-0.001165212,0.000882144,0.002646431
3/16/16 17:58,UP,1.10644,1.10926,1.10578,1.10875,0.000857188,0.000779707,0.002339122
3/16/16 18:10,UP,1.10878,1.11827,1.10839,1.11823,0.008513823,0.002218238,0.006654713
3/17/16 7:20,UP,1.1182,1.12579,1.11625,1.12396,0.001326549,0.001540099,0.004620297
3/17/16 8:40,UP,1.12394,1.12962,1.12341,1.12947,0.001949716,0.001585855,0.004757564
3/17/16 10:32,UP,1.12944,1.13428,1.1276,1.134,0.00148258,0.001683575,0.005050725
3/18/16 7:08,DOWN,1.13406,1.13428,1.12783,1.12928,-0.001415829,0.001111451,0.003334354
3/18/16 14:40,UP,1.12929,1.13071,1.12559,1.13061,0.001398453,0.001056281,0.003168844
3/18/16 19:45,DOWN,1.13062,1.13074,1.12627,1.12683,-0.000621019,0.000954893,0.002864678
3/21/16 7:42,DOWN,1.12676,1.12852,1.12515,1.12521,-0.001128042,0.000856625,0.002569874
3/21/16 11:14,UP,1.12527,1.12849,1.12354,1.12776,0.001384231,0.000907143,0.002721428
3/21/16 15:34,DOWN,1.1277,1.12801,1.12471,1.12499,-0.000568732,0.000793518,0.002380553
3/22/16 8:32,DOWN,1.12495,1.12659,1.11907,1.11928,-0.00314885,0.001160327,0.003480982
3/22/16 14:34,UP,1.11925,1.12352,1.11883,1.12302,0.000873028,0.001061937,0.003185812
3/23/16 7:16,DOWN,1.12302,1.12387,1.11828,1.1183,-0.002393628,0.001001385,0.003004156
3/23/16 16:50,DOWN,1.11834,1.12008,1.11594,1.11649,-0.000528302,0.000905126,0.002715379
3/24/16 10:38,UP,1.11649,1.1188,1.11489,1.11852,0.001377768,0.000805706,0.002417117
3/24/16 11:55,DOWN,1.11854,1.11873,1.11444,1.11547,-0.001710818,0.00089881,0.002696431
3/28/16 1:55,DOWN,1.11546,1.11866,1.11487,1.11551,-0.000250975,0.000601461,0.001804382
3/28/16 13:08,UP,1.11558,1.11935,1.11537,1.11901,0.001878422,0.00073183,0.00219549
3/28/16 15:17,UP,1.119,1.12203,1.11879,1.12166,0.000267497,0.000756914,0.002270741
3/29/16 4:59,DOWN,1.12164,1.12177,1.11842,1.11911,-0.000500272,0.000668229,0.002004687
3/29/16 10:05,UP,1.11911,1.1209,1.11689,1.12035,0.001938773,0.000747893,0.002243679
3/29/16 16:28,UP,1.12034,1.12633,1.11793,1.12471,0.00426797,0.001261559,0.003784677
3/29/16 18:56,UP,1.12472,1.12965,1.12416,1.12955,0.001151564,0.001178064,0.003534193
3/30/16 7:33,UP,1.12955,1.13288,1.12832,1.13221,0.001175384,0.000971583,0.00291475
3/30/16 14:18,UP,1.13221,1.13597,1.13021,1.13579,0.003466147,0.001266868,0.003800603
3/30/16 16:59,DOWN,1.1358,1.13656,1.13152,1.13186,-0.000326842,0.001128031,0.003384094
3/31/16 8:29,UP,1.13187,1.13502,1.13101,1.13475,0.001137461,0.000904391,0.002713172
3/31/16 11:05,UP,1.13474,1.13837,1.13467,1.13787,0.000228523,0.000870331,0.002610993
3/31/16 16:58,DOWN,1.13787,1.14122,1.13744,1.13774,-0.0013702,0.00077739,0.002332169
4/1/16 8:53,UP,1.13773,1.14014,1.13667,1.13991,0.000640607,0.000674846,0.002024538
4/1/16 11:29,UP,1.13996,1.14249,1.13903,1.14224,0.001182587,0.000674699,0.002024098
4/1/16 12:30,DOWN,1.14224,1.14383,1.13877,1.13877,-0.002771081,0.000931193,0.002793579
4/1/16 14:23,DOWN,1.1391,1.14345,1.13348,1.13506,-0.00209461,0.001174478,0.003523434
4/1/16 16:13,UP,1.13504,1.1397,1.13392,1.13952,0.002345841,0.001264765,0.003794295
4/4/16 8:31,DOWN,1.13945,1.14131,1.13676,1.13699,-0.000501198,0.000939783,0.00281935
4/4/16 12:45,UP,1.1369,1.14,1.13573,1.14,0.001799864,0.000973798,0.002921395
4/5/16 6:43,DOWN,1.13993,1.141,1.1373,1.13796,-0.000219667,0.000754831,0.002264494
4/5/16 14:12,DOWN,1.1379,1.13917,1.13363,1.13494,-0.001540744,0.000806596,0.002419789
4/5/16 15:31,UP,1.13493,1.1379,1.13484,1.1379,0.000114252,0.000859853,0.002579559
4/6/16 4:19,DOWN,1.13784,1.14016,1.13651,1.13698,-0.000219857,0.000729312,0.002187936
4/6/16 8:33,DOWN,1.13698,1.13742,1.13404,1.1346,-0.000845755,0.000687333,0.002061999
4/6/16 13:01,UP,1.13465,1.13734,1.13266,1.13616,0.001338735,0.000747727,0.00224318
4/6/16 14:21,UP,1.13615,1.1401,1.13594,1.13971,0.001035887,0.000861501,0.002584503
4/6/16 15:59,UP,1.1397,1.14319,1.13678,1.14192,0.000937458,0.001089479,0.003268438
4/7/16 6:33,UP,1.14194,1.14457,1.13916,1.1442,0.002301195,0.000982288,0.002946863
4/7/16 7:44,DOWN,1.14419,1.14544,1.13838,1.13919,-0.002673763,0.001218299,0.003654898
4/7/16 13:27,DOWN,1.13925,1.14079,1.13375,1.13478,-0.001391372,0.001285178,0.003855533
4/7/16 15:26,UP,1.13477,1.13983,1.13438,1.13977,0.000807506,0.001197035,0.003591105
4/8/16 5:30,DOWN,1.13971,1.14001,1.13583,1.13618,-0.000571929,0.000911543,0.00273463
4/8/16 12:46,DOWN,1.13619,1.13943,1.13489,1.13572,-0.000871314,0.000863817,0.002591452
4/8/16 14:02,UP,1.13573,1.1398,1.13561,1.13952,0.000877948,0.000928389,0.002785166
4/11/16 6:38,UP,1.13953,1.14284,1.13859,1.14207,0.000902278,0.000687514,0.002062541
4/11/16 7:48,DOWN,1.14207,1.1423,1.13814,1.13846,-0.001816595,0.000847552,0.002542657
4/11/16 12:40,UP,1.13852,1.14198,1.1372,1.14187,0.002384899,0.001002134,0.003006402
4/11/16 22:07,DOWN,1.14187,1.14478,1.13942,1.14028,-0.000227988,0.000996555,0.002989664
4/12/16 8:02,UP,1.14015,1.14358,1.14004,1.14336,0.000787464,0.000836503,0.002509509
4/12/16 10:13,DOWN,1.1434,1.14652,1.14182,1.14202,-0.000306428,0.000969512,0.002908535
4/12/16 12:54,DOWN,1.14204,1.14234,1.138,1.13815,-0.001159105,0.000933371,0.002800112
4/12/16 15:37,UP,1.1382,1.1397,1.1348,1.13893,0.000649944,0.000911462,0.002734386
4/13/16 5:39,DOWN,1.13888,1.14008,1.13561,1.13602,-0.000897469,0.000743104,0.002229313
4/13/16 9:12,DOWN,1.13603,1.13675,1.13237,1.13265,-0.001526226,0.00086134,0.002584021
4/13/16 12:14,DOWN,1.1327,1.1327,1.1296,1.12973,-0.000256666,0.000783033,0.0023491
4/13/16 14:02,DOWN,1.12973,1.13265,1.12726,1.12802,-0.001771448,0.000903279,0.002709836
4/14/16 2:02,DOWN,1.1281,1.12947,1.12538,1.12624,-0.000426106,0.000741822,0.002225467
4/14/16 7:20,DOWN,1.12625,1.12735,1.12365,1.12386,-0.002150978,0.000852506,0.002557519
4/14/16 12:31,UP,1.12382,1.1275,1.12338,1.12723,0.00118058,0.00091987,0.002759609
4/14/16 15:22,DOWN,1.12723,1.12952,1.12516,1.12567,-0.000808081,0.000928908,0.002786724
4/15/16 11:03,UP,1.12572,1.12837,1.12456,1.12836,0.000726983,0.00081154,0.002434621
4/15/16 14:13,UP,1.12831,1.13134,1.12721,1.13127,0.001999753,0.00090145,0.002704349
4/18/16 2:45,DOWN,1.13127,1.13173,1.12763,1.12783,-0.001364523,0.000863959,0.002591876
4/18/16 11:57,UP,1.12788,1.13138,1.12737,1.13041,0,0.000755936,0.002267809
4/19/16 5:03,UP,1.13042,1.13324,1.12969,1.13238,0.000229631,0.000656987,0.001970961
4/19/16 12:38,UP,1.13239,1.13556,1.13147,1.13513,0.000740277,0.000619577,0.001858731
4/19/16 14:13,UP,1.13513,1.1383,1.13505,1.13754,0.000351698,0.00061669,0.001850069
4/19/16 22:38,DOWN,1.13749,1.1385,1.13538,1.13569,-7.04E-05,0.00059003,0.001770089
4/20/16 12:12,UP,1.13568,1.13806,1.13488,1.13744,0.000290167,0.000559051,0.001677152
4/20/16 14:03,DOWN,1.13749,1.13885,1.13348,1.13435,-0.001162985,0.000640827,0.001922482
4/20/16 17:35,DOWN,1.13437,1.13446,1.13017,1.13031,-0.002606504,0.000952939,0.002858818
4/21/16 12:01,UP,1.13026,1.13383,1.12831,1.13342,0.001580539,0.000846645,0.002539935
4/21/16 13:19,UP,1.13347,1.13962,1.13254,1.13812,0.001547607,0.001373034,0.004119101
4/21/16 13:50,DOWN,1.13812,1.13857,1.13098,1.13112,-0.003212883,0.001666781,0.005000344
4/22/16 9:12,DOWN,1.13121,1.13151,1.12643,1.12737,-0.0009398,0.001104161,0.003312484
4/22/16 15:06,DOWN,1.12737,1.12837,1.12372,1.1247,-0.000400027,0.001011938,0.003035814
4/25/16 7:16,UP,1.12473,1.12532,1.12151,1.12532,0.000915714,0.000786339,0.002359016
4/25/16 15:22,UP,1.12533,1.1276,1.12433,1.12708,0.000878762,0.000631223,0.00189367
4/26/16 8:07,UP,1.12708,1.12853,1.12562,1.128,0.000886918,0.000589986,0.001769959
4/26/16 12:51,UP,1.12794,1.13194,1.12706,1.1312,0.001211837,0.000761334,0.002284001
4/26/16 17:05,DOWN,1.13115,1.134,1.12931,1.12943,-0.001300695,0.000913274,0.002739822
4/27/16 7:00,UP,1.12942,1.1326,1.12801,1.13239,0.002342926,0.000932801,0.002798404
4/27/16 17:22,UP,1.13237,1.13446,1.1293,1.13312,0.000520822,0.000792367,0.002377101
4/27/16 18:00,DOWN,1.13311,1.13464,1.12787,1.12787,-0.004643992,0.001372652,0.004117957
4/27/16 22:01,UP,1.1279,1.13619,1.12715,1.13266,0.000989312,0.001370621,0.004111862
4/28/16 6:56,UP,1.13258,1.1366,1.12961,1.13517,0.000519881,0.001177282,0.003531847
4/28/16 13:25,DOWN,1.13522,1.13684,1.13251,1.1327,-0.001587862,0.000921734,0.002765203
4/28/16 18:55,UP,1.13268,1.13521,1.13101,1.13499,0.000581672,0.000856134,0.002568402
4/29/16 1:35,UP,1.13506,1.13798,1.13465,1.1379,0.001398288,0.000843976,0.002531929
4/29/16 12:21,UP,1.13797,1.14144,1.13698,1.14079,0.000482238,0.000758052,0.002274157
4/29/16 13:25,UP,1.14079,1.14451,1.1403,1.14399,0.00174104,0.000888207,0.002664622
5/1/16 22:05,UP,1.14395,1.14648,1.14263,1.1463,0.001195864,0.000719543,0.002158629
5/2/16 9:06,UP,1.14641,1.14843,1.14482,1.1479,6.97E-05,0.000634012,0.001902036
5/2/16 13:59,UP,1.14789,1.15253,1.1469,1.15211,0.003059941,0.001112819,0.003338456
5/2/16 20:59,UP,1.15211,1.15362,1.14908,1.15348,0.001249176,0.000975261,0.002925783
5/3/16 7:02,UP,1.1535,1.15707,1.15208,1.15706,0.001124169,0.000943938,0.002831815
5/3/16 8:27,UP,1.15701,1.16164,1.15564,1.16062,0.000577444,0.000909092,0.002727277
5/3/16 11:58,DOWN,1.16057,1.161,1.15669,1.15695,-0.001183447,0.000830096,0.002490287
5/3/16 14:21,DOWN,1.15696,1.1571,1.15294,1.15395,-0.001316348,0.000796897,0.002390692
5/3/16 15:19,DOWN,1.15398,1.15402,1.15075,1.15089,-0.00079038,0.000814444,0.002443331
5/3/16 20:29,DOWN,1.15094,1.15388,1.15014,1.15052,-0.00019989,0.000805669,0.002417006
5/4/16 10:36,DOWN,1.15051,1.15116,1.14696,1.1475,-0.000766591,0.000736528,0.002209585
5/4/16 12:16,UP,1.1475,1.15251,1.14732,1.15203,0.001615846,0.0009014,0.002704199
5/4/16 14:09,DOWN,1.15203,1.15297,1.14695,1.14757,-0.002610808,0.001064609,0.003193827
5/5/16 7:35,DOWN,1.14751,1.15073,1.14665,1.14748,-0.000453064,0.00072677,0.002180311
5/5/16 8:36,DOWN,1.14749,1.14817,1.14386,1.14421,-0.001100591,0.000844244,0.002532733
5/5/16 13:58,DOWN,1.14423,1.14473,1.1404,1.14124,-0.000823326,0.000717065,0.002151195
5/6/16 6:47,UP,1.14119,1.14194,1.13859,1.14151,0.000902721,0.000600675,0.001802024
5/6/16 12:34,UP,1.14147,1.14802,1.14085,1.1452,0.002553029,0.00080439,0.002413171
5/6/16 12:46,DOWN,1.14512,1.14583,1.14059,1.14099,-0.003682988,0.001192512,0.003577536
5/8/16 22:03,DOWN,1.1409,1.14425,1.13865,1.13971,-0.00031582,0.000996677,0.002990031
5/9/16 11:30,DOWN,1.13966,1.14201,1.1375,1.13848,-0.000351284,0.000967946,0.002903839
5/10/16 2:36,DOWN,1.13845,1.14143,1.13786,1.13787,-0.000518378,0.000709028,0.002127085
5/10/16 11:09,DOWN,1.13792,1.14022,1.13587,1.13668,-0.00159109,0.000706274,0.002118823
5/10/16 13:53,UP,1.13674,1.1396,1.13647,1.13915,0.000342419,0.000644351,0.001933054
5/10/16 18:43,DOWN,1.1392,1.14102,1.13655,1.13682,-0.00072105,0.000616551,0.001849652
5/11/16 2:26,UP,1.13683,1.13921,1.13661,1.13914,0.000948533,0.00061002,0.00183006
5/11/16 12:16,UP,1.13919,1.14203,1.13797,1.14155,0.001542953,0.000685529,0.002056587
5/11/16 15:00,UP,1.14164,1.14444,1.14028,1.14318,0.000542494,0.000623346,0.001870037
5/11/16 22:37,DOWN,1.14322,1.14469,1.14212,1.14237,-0.000175059,0.000562686,0.001688057
5/12/16 7:46,DOWN,1.14231,1.14296,1.14051,1.14088,-0.000333021,0.000530517,0.001591552
5/12/16 11:01,DOWN,1.14087,1.14149,1.13879,1.13916,-0.000754657,0.000564791,0.001694373
5/12/16 14:00,UP,1.1391,1.14151,1.13783,1.1409,0.000718989,0.000532699,0.001598097
5/12/16 15:21,DOWN,1.14096,1.14141,1.13865,1.13894,-0.000886397,0.000552423,0.00165727
5/13/16 1:53,DOWN,1.13898,1.13933,1.13666,1.13716,-0.000175861,0.000455787,0.001367362
5/13/16 6:25,DOWN,1.13717,1.1377,1.13471,1.13512,-0.002068126,0.000662831,0.001988492
5/13/16 12:33,DOWN,1.1352,1.13571,1.13157,1.13179,-0.002726468,0.000896363,0.002689089
5/13/16 14:12,DOWN,1.13184,1.1332,1.12843,1.1298,-0.001141144,0.000957295,0.002871885
5/15/16 23:56,UP,1.12984,1.132,1.1283,1.13158,0.001016795,0.000839132,0.002517397
5/16/16 13:00,UP,1.13162,1.13426,1.13031,1.13368,0.00052939,0.000734995,0.002204984
5/17/16 3:56,DOWN,1.13366,1.13409,1.13129,1.13173,-0.000194374,0.000540689,0.001622067
5/17/16 12:32,DOWN,1.13168,1.13402,1.13016,1.13095,-0.000874987,0.000514322,0.001542967
5/17/16 13:41,UP,1.13091,1.13358,1.1302,1.13325,0.001306832,0.000583758,0.001751274
5/17/16 18:14,DOWN,1.13326,1.13488,1.13122,1.13135,-0.001113094,0.000618809,0.001856428
5/18/16 2:00,DOWN,1.13129,1.13227,1.12899,1.12926,-0.00143354,0.000654815,0.001964445
5/18/16 7:45,DOWN,1.12927,1.12966,1.12561,1.12648,-0.000984885,0.000637398,0.001912193
5/18/16 11:34,UP,1.12653,1.12881,1.12577,1.12852,0.001001813,0.000644137,0.001932411
5/18/16 18:00,DOWN,1.12853,1.12931,1.12528,1.12572,-0.002386731,0.000858013,0.00257404
5/18/16 19:40,DOWN,1.12584,1.12618,1.12193,1.12199,-0.000757296,0.000941769,0.002825308
5/19/16 12:01,DOWN,1.12198,1.12303,1.11899,1.11914,-0.001223406,0.000805099,0.002415298
5/19/16 14:49,UP,1.11914,1.12278,1.11799,1.12139,0.000785048,0.000765459,0.002296378
5/20/16 8:14,UP,1.12138,1.1228,1.11915,1.1219,0.000356602,0.000570664,0.001711993
5/20/16 15:56,DOWN,1.12187,1.12381,1.12047,1.12079,-0.000294392,0.000556876,0.001670629
5/23/16 0:56,UP,1.12079,1.12322,1.12059,1.12263,0.00043657,0.000521043,0.001563128
5/23/16 8:06,DOWN,1.12256,1.12432,1.121,1.12121,-0.001915735,0.000730413,0.002191238
5/23/16 17:46,UP,1.12122,1.12245,1.11875,1.12235,0.001292767,0.000760558,0.002281675
5/24/16 7:45,DOWN,1.12236,1.1231,1.11821,1.11897,-0.001223591,0.000699293,0.002097879
5/24/16 12:57,DOWN,1.11892,1.11898,1.11568,1.11625,-0.000474691,0.000669618,0.002008853
5/24/16 19:34,DOWN,1.11621,1.11644,1.11324,1.11401,-0.000744779,0.000648095,0.001944284
5/25/16 14:29,DOWN,1.11401,1.11582,1.11288,1.11347,-0.001435918,0.000584548,0.001753644
5/25/16 15:17,UP,1.11348,1.11646,1.11295,1.11621,0.001981877,0.000741866,0.002225598
5/26/16 2:08,UP,1.11615,1.11784,1.11494,1.11776,0.000644353,0.000649131,0.001947394
5/26/16 10:30,UP,1.1177,1.11927,1.11654,1.11898,0.000572113,0.000594051,0.001782152
5/26/16 12:28,DOWN,1.11897,1.11913,1.11648,1.11681,-5.37E-05,0.000632502,0.001897507
5/26/16 13:10,UP,1.11686,1.12123,1.1159,1.12083,0.002027338,0.000859282,0.002577845
5/26/16 15:16,DOWN,1.12085,1.12171,1.11761,1.11766,-0.002127185,0.001005604,0.003016813
5/27/16 12:09,DOWN,1.11766,1.12011,1.11631,1.11696,-0.000796488,0.000751705,0.002255116
5/27/16 14:27,DOWN,1.11693,1.11775,1.11352,1.11419,-0.00031408,0.000719855,0.002159565
5/27/16 18:59,DOWN,1.11419,1.11485,1.11115,1.11156,-0.000287842,0.00075798,0.002273939
5/30/16 8:04,UP,1.1115,1.11277,1.10978,1.1125,0.000782328,0.000618894,0.001856683
5/31/16 0:19,UP,1.11251,1.11521,1.1124,1.11489,0.000592162,0.000557116,0.001671349
5/31/16 6:21,DOWN,1.11493,1.11552,1.1125,1.11278,-0.000539045,0.000550272,0.001650815
5/31/16 10:00,UP,1.11282,1.11515,1.11222,1.11459,0.001328725,0.000624093,0.001872279
5/31/16 14:04,UP,1.11459,1.11722,1.11456,1.11712,0.000805968,0.000647767,0.001943302
5/31/16 15:00,DOWN,1.11708,1.11736,1.11306,1.11306,-0.00318433,0.000981227,0.00294368
6/1/16 5:11,DOWN,1.1131,1.11457,1.11141,1.11199,-0.00026076,0.000720939,0.002162817
6/1/16 7:59,UP,1.11197,1.11561,1.11161,1.11536,0.001220081,0.000778263,0.002334789
6/1/16 12:08,UP,1.11537,1.11859,1.11456,1.11792,0.001002363,0.00070128,0.002103839
6/1/16 14:09,DOWN,1.1179,1.11839,1.1149,1.11508,-0.002176845,0.00084656,0.002539681
6/1/16 18:24,UP,1.11513,1.11889,1.11501,1.11834,0.000706654,0.000840223,0.002520668
6/2/16 7:34,UP,1.1183,1.12202,1.11801,1.12159,0.001454351,0.000792486,0.002377457
6/2/16 12:04,DOWN,1.12161,1.12182,1.11834,1.11911,-0.000160829,0.000682737,0.002048211
6/2/16 13:46,DOWN,1.11916,1.12164,1.11523,1.11558,-0.002515702,0.001148401,0.003445203
6/3/16 9:39,DOWN,1.11557,1.11789,1.11377,1.11395,-0.000753789,0.000778997,0.002336992
6/3/16 12:31,UP,1.11396,1.12351,1.11367,1.12292,0.007508617,0.001966604,0.005899811
6/3/16 13:05,UP,1.1229,1.12997,1.12241,1.1299,0.001691845,0.001990265,0.005970796
6/3/16 19:26,UP,1.1299,1.13504,1.12939,1.13496,0.000890295,0.001444702,0.004334105
6/6/16 15:11,UP,1.13501,1.13741,1.13308,1.1369,0.000325499,0.00084312,0.002529359
6/7/16 11:24,DOWN,1.13689,1.1393,1.13255,1.13504,-0.001364659,0.000708738,0.002126214
6/8/16 1:58,UP,1.13509,1.13702,1.13386,1.13695,0.000554268,0.000724353,0.002173058
6/8/16 13:21,UP,1.13696,1.13954,1.13608,1.13942,0.000790188,0.000620631,0.001861894
6/9/16 2:54,UP,1.13949,1.14157,1.13875,1.14145,0.001078158,0.000542163,0.001626488
6/9/16 7:45,DOWN,1.1414,1.14145,1.13814,1.13855,-0.000913026,0.000572646,0.001717939
6/9/16 9:13,DOWN,1.13851,1.1388,1.13511,1.13622,-0.0002552,0.000615236,0.001845708
6/9/16 11:08,DOWN,1.13618,1.13628,1.13367,1.13371,-0.001119589,0.000677529,0.002032588
6/9/16 13:13,DOWN,1.13368,1.13528,1.13116,1.13148,-0.001413078,0.000831234,0.002493702
6/10/16 0:55,DOWN,1.13149,1.1337,1.1292,1.13006,-0.000831468,0.000794634,0.002383903
6/10/16 9:53,DOWN,1.13003,1.13217,1.12827,1.12834,-0.001585144,0.00079793,0.002393791
6/10/16 16:37,DOWN,1.12828,1.13126,1.12722,1.12769,-0.000248264,0.000761832,0.002285496
6/12/16 23:28,DOWN,1.12769,1.12833,1.12447,1.12477,-0.000479983,0.000719717,0.00215915
6/13/16 6:28,UP,1.12476,1.12625,1.12319,1.12607,0.000870662,0.000634128,0.001902384
6/13/16 13:20,DOWN,1.12607,1.12784,1.12375,1.1245,-0.001075455,0.000625112,0.001875335
6/13/16 14:14,UP,1.1245,1.12864,1.12449,1.12814,0.001472532,0.000739252,0.002217757
6/14/16 6:18,DOWN,1.12818,1.13031,1.12736,1.12754,-0.000789018,0.000615589,0.001846767
6/14/16 8:02,DOWN,1.12754,1.1283,1.12456,1.12456,-0.001279682,0.000679785,0.002039354
6/14/16 9:34,DOWN,1.12456,1.12561,1.1211,1.12186,-0.000392129,0.000704312,0.002112936
6/14/16 12:58,UP,1.12181,1.12401,1.12083,1.12386,0.000792227,0.000650898,0.001952695
6/14/16 14:01,DOWN,1.12382,1.12416,1.12013,1.1202,-0.001543176,0.000761027,0.002283082
6/15/16 7:14,UP,1.12018,1.12296,1.11887,1.12228,0.000356481,0.000836806,0.002510418
6/15/16 15:29,UP,1.12229,1.12457,1.12088,1.12431,0.000907635,0.000830429,0.002491288
6/15/16 18:03,UP,1.12436,1.1299,1.12329,1.12701,0.002718842,0.001014695,0.003044086
6/16/16 6:58,UP,1.12699,1.1295,1.12477,1.12913,0.000744212,0.000858071,0.002574213
6/16/16 9:40,DOWN,1.12912,1.12939,1.12506,1.12567,-0.000603902,0.000881339,0.002644018
6/16/16 10:41,DOWN,1.12568,1.1258,1.12048,1.1206,-0.001542625,0.001152015,0.003456045
6/16/16 13:16,DOWN,1.12064,1.12159,1.11526,1.11538,-0.001907842,0.001159906,0.003479717
6/16/16 16:19,UP,1.11544,1.11769,1.11309,1.11763,0.002069013,0.001135526,0.003406577
6/16/16 17:17,UP,1.11768,1.12436,1.11763,1.12294,0.001443683,0.001222779,0.003668336
6/17/16 1:03,UP,1.12293,1.12719,1.12179,1.12711,0.001127411,0.001111395,0.003334186
6/17/16 6:55,DOWN,1.12711,1.1272,1.12283,1.1232,-0.000969971,0.001002444,0.003007332
6/17/16 11:53,UP,1.12317,1.12681,1.12228,1.12649,0.000772609,0.000937241,0.002811723
6/17/16 14:16,UP,1.12638,1.12966,1.12434,1.12934,0.001958812,0.001065615,0.003196846
6/17/16 15:00,DOWN,1.12927,1.12964,1.12421,1.12459,-0.003089683,0.001283562,0.003850687
6/19/16 21:49,UP,1.12454,1.13381,1.12421,1.13195,0.003265186,0.001366479,0.004099438
6/20/16 4:09,UP,1.13179,1.13781,1.1308,1.13746,0.001460458,0.001239056,0.003717168
6/20/16 9:50,DOWN,1.13746,1.13827,1.13298,1.13298,-0.000935148,0.001097015,0.003291045
6/20/16 15:20,DOWN,1.13303,1.13576,1.13132,1.13132,-0.002374931,0.001087734,0.003263201
6/21/16 1:32,UP,1.13132,1.13435,1.1302,1.13421,0.001552946,0.000928992,0.002786975
6/21/16 12:03,DOWN,1.13421,1.13498,1.13103,1.13168,-0.000379894,0.000782146,0.002346437
6/21/16 13:13,DOWN,1.13169,1.132,1.12629,1.1287,-0.000442889,0.000836311,0.002508934
6/21/16 13:54,DOWN,1.12863,1.12874,1.1243,1.12472,-0.001528101,0.000992312,0.002976937
6/22/16 1:15,DOWN,1.12472,1.12819,1.12364,1.12469,-0.00019559,0.000891163,0.002673488
6/22/16 10:03,UP,1.12471,1.12928,1.12421,1.12906,0.001595519,0.000898838,0.002696513
6/22/16 14:02,UP,1.129,1.1329,1.1277,1.13283,0.002280079,0.001183679,0.003551037
6/22/16 15:17,DOWN,1.13282,1.13379,1.12766,1.12855,-0.000903406,0.001201937,0.003605812
6/22/16 21:29,UP,1.12853,1.13341,1.12691,1.13341,0.002615004,0.001317882,0.003953647
6/23/16 9:32,UP,1.13327,1.14007,1.13166,1.13796,0.001591832,0.001274163,0.003822489
6/23/16 14:51,DOWN,1.13787,1.14217,1.13574,1.1367,-0.00054529,0.001204231,0.003612693
6/23/16 22:20,UP,1.13682,1.14288,1.13403,1.1406,0.001140401,0.001373243,0.004119729
6/23/16 23:18,DOWN,1.1406,1.14087,1.12952,1.12955,-0.007303616,0.002280418,0.006841254
6/24/16 1:17,DOWN,1.12975,1.13566,1.11788,1.1221,-0.004179827,0.002362978,0.007088934
6/24/16 2:30,DOWN,1.1225,1.12982,1.11302,1.11691,-0.004573601,0.003013261,0.009039783
6/24/16 2:56,DOWN,1.11719,1.1207,1.10345,1.10367,-0.003888522,0.003545793,0.010637379
6/24/16 3:51,DOWN,1.10388,1.10798,1.09114,1.09149,-0.005317995,0.003534078,0.010602233
6/24/16 6:20,UP,1.09136,1.10846,1.09118,1.10707,0.004817061,0.003589341,0.010768024
6/24/16 8:10,UP,1.10711,1.11894,1.10079,1.11475,0.000358889,0.003557649,0.010672947
6/24/16 10:55,DOWN,1.11464,1.11808,1.10494,1.10497,-0.002133527,0.002993491,0.008980472
6/24/16 16:08,UP,1.10497,1.11449,1.10351,1.11436,0.001598606,0.002613114,0.007839342
6/26/16 21:53,DOWN,1.11445,1.11805,1.10055,1.10484,-0.005100831,0.002632826,0.007898477
6/27/16 2:31,DOWN,1.10443,1.10751,1.09842,1.09906,-0.000545772,0.002303,0.006909001
6/27/16 7:58,UP,1.09907,1.10682,1.09863,1.10665,0.001293024,0.001889457,0.005668372
6/27/16 10:52,DOWN,1.10666,1.10839,1.10063,1.10116,-0.000562884,0.001642346,0.004927039
6/27/16 16:11,UP,1.10111,1.10321,1.09706,1.1031,0.001487826,0.00155431,0.004662931
6/28/16 1:51,UP,1.10305,1.10538,1.09955,1.10525,0.003071893,0.001435966,0.004307897
6/28/16 10:18,UP,1.10531,1.11119,1.10399,1.10937,0.000531975,0.00128529,0.003855869
6/28/16 15:21,DOWN,1.10934,1.10971,1.10432,1.10513,-0.000832135,0.001158185,0.003474554
6/29/16 7:30,UP,1.10514,1.11037,1.10346,1.1101,0.00267902,0.001225008,0.003675024
6/29/16 9:45,DOWN,1.11011,1.11011,1.10516,1.10578,-0.00035263,0.001252253,0.00375676
6/29/16 13:21,UP,1.10578,1.11183,1.10573,1.10982,0.000135166,0.001182432,0.003547297
6/30/16 9:59,UP,1.10986,1.11382,1.10852,1.11261,0.000170784,0.000975248,0.002925745
6/30/16 12:13,DOWN,1.11266,1.11548,1.10909,1.10974,-0.002124366,0.001238317,0.003714951
6/30/16 16:02,DOWN,1.10971,1.11243,1.10243,1.10474,-0.004894136,0.001608618,0.004825854
6/30/16 20:10,UP,1.10476,1.11032,1.10312,1.11014,0.001117601,0.001528849,0.004586547
7/1/16 12:01,UP,1.11004,1.1139,1.1072,1.11232,0.000521569,0.001102463,0.003307389
7/4/16 8:21,DOWN,1.11237,1.11699,1.11101,1.11109,-0.001555819,0.001039056,0.003117169
7/4/16 15:32,UP,1.11108,1.11483,1.10978,1.11442,0.000520586,0.000957387,0.00287216
7/5/16 6:08,DOWN,1.1145,1.116,1.11212,1.11269,-0.000116827,0.000866638,0.002599915
7/5/16 7:32,UP,1.11265,1.11862,1.11196,1.11757,0.003962851,0.001271033,0.003813099
7/5/16 14:58,DOWN,1.1176,1.1176,1.11152,1.11152,-0.00201323,0.001250318,0.003750955
7/5/16 18:57,DOWN,1.11151,1.1117,1.10661,1.10728,-0.001371792,0.001257546,0.003772639
7/6/16 12:46,UP,1.10727,1.10881,1.10363,1.10816,0.001065396,0.000980485,0.002941456
7/6/16 14:21,DOWN,1.10822,1.10851,1.10288,1.10465,-0.00095912,0.001052772,0.003158317
7/6/16 16:34,UP,1.10459,1.10968,1.10445,1.10899,0.001633449,0.001192577,0.003577732
7/7/16 8:10,DOWN,1.10895,1.11121,1.10565,1.10672,-0.000848996,0.000946954,0.002840862
7/7/16 15:38,DOWN,1.10672,1.11017,1.10587,1.10643,-0.000542138,0.00089818,0.00269454
7/8/16 12:30,DOWN,1.10642,1.10901,1.10112,1.10148,-0.004511,0.001268065,0.003804195
7/8/16 13:20,UP,1.10158,1.11203,1.10018,1.10793,0.00256663,0.001434931,0.004304792
7/11/16 1:12,DOWN,1.10784,1.10863,1.10271,1.10392,-0.000552424,0.001121511,0.003364533
7/11/16 13:21,UP,1.10391,1.10748,1.10156,1.10697,0.002270025,0.001092213,0.00327664
7/12/16 2:01,UP,1.10698,1.10821,1.10353,1.1075,0.001228746,0.000951707,0.002855122
7/12/16 7:25,UP,1.10755,1.11267,1.10734,1.11155,0.001494526,0.001003554,0.003010662
7/12/16 11:40,DOWN,1.11151,1.11231,1.10798,1.10827,-0.000640433,0.000950303,0.002850908
7/12/16 19:11,DOWN,1.10829,1.11057,1.10607,1.10626,-0.000840317,0.000932826,0.002798479
7/13/16 10:00,UP,1.10626,1.10812,1.10421,1.10788,0.001779754,0.000895161,0.002685483
7/13/16 14:40,UP,1.1079,1.11195,1.10667,1.11157,0.002792744,0.001037738,0.003113214
7/14/16 11:21,UP,1.11157,1.11511,1.10872,1.11427,0.003037986,0.001096805,0.003290416
7/14/16 13:11,DOWN,1.11427,1.11651,1.11069,1.11119,-0.001977902,0.001280202,0.003840605
7/15/16 8:31,UP,1.11114,1.11492,1.10977,1.11453,0.000996432,0.000931688,0.002795065
7/15/16 12:32,DOWN,1.11449,1.11477,1.11063,1.11105,-0.001654721,0.000954621,0.002863864
7/15/16 14:34,DOWN,1.11111,1.11247,1.10715,1.10752,-0.000469407,0.0011945,0.003583501
7/15/16 20:52,DOWN,1.10753,1.10768,1.10245,1.10371,-0.001204301,0.001068713,0.003206139
7/18/16 13:57,UP,1.10367,1.1073,1.10251,1.10637,0.000650989,0.000782116,0.002346347
7/19/16 11:50,DOWN,1.10637,1.10845,1.10278,1.10309,-0.002336153,0.000862885,0.002588655
7/20/16 1:13,DOWN,1.1031,1.10377,1.09998,1.10084,-0.000853529,0.000720476,0.002161429
7/21/16 0:04,UP,1.10085,1.10353,1.09813,1.10168,0.000626512,0.000746463,0.00223939
7/21/16 6:46,UP,1.10162,1.10476,1.10074,1.10415,0.00062511,0.000695945,0.002087835
7/21/16 9:17,DOWN,1.1041,1.10429,1.10049,1.10107,-0.002086699,0.000827815,0.002483446
7/21/16 12:44,UP,1.10105,1.10608,1.1009,1.10442,0.002266197,0.000964424,0.002893272
7/21/16 13:39,DOWN,1.10435,1.10583,1.10069,1.10102,-0.000808015,0.001069187,0.003207561
7/21/16 20:50,UP,1.10103,1.1028,1.09794,1.1027,0.000625933,0.0009891,0.0029673
7/22/16 14:52,DOWN,1.10263,1.10414,1.0995,1.09971,-0.00151743,0.000781306,0.002343919
7/22/16 17:17,DOWN,1.09964,1.0998,1.09562,1.09637,-0.000401244,0.000933255,0.002799766
7/25/16 8:56,UP,1.0964,1.09876,1.0952,1.09851,0.000737634,0.000890608,0.002671823
7/26/16 4:54,UP,1.0985,1.10034,1.09678,1.10025,0.001355155,0.000677128,0.002031384
7/26/16 12:26,DOWN,1.10026,1.10301,1.09921,1.09935,-0.000618356,0.000664717,0.00199415
7/27/16 9:32,UP,1.09936,1.10068,1.09784,1.10037,0.000754576,0.00056422,0.001692661
7/27/16 18:07,DOWN,1.10042,1.10081,1.09619,1.09848,-0.000609748,0.000516696,0.001550088
7/27/16 19:03,UP,1.09845,1.10365,1.09703,1.10345,0.002913297,0.001002638,0.003007915
7/28/16 0:15,UP,1.10356,1.1074,1.10331,1.10697,0.00087665,0.001038996,0.003116988
7/28/16 7:26,UP,1.10696,1.11141,1.1059,1.11068,0.001315375,0.000990587,0.002971762
7/28/16 16:33,DOWN,1.11066,1.11197,1.10791,1.10811,-0.000577393,0.000766076,0.002298228
7/29/16 7:16,UP,1.10816,1.1102,1.10685,1.10968,0.001118064,0.00063778,0.00191334
7/29/16 11:09,UP,1.10962,1.11135,1.10835,1.11116,5.40E-05,0.000589117,0.001767351
7/29/16 12:47,UP,1.11117,1.11478,1.11047,1.11448,0.001841117,0.000757489,0.002272466
7/29/16 14:44,UP,1.11447,1.11775,1.11447,1.11698,-1.79E-05,0.000731263,0.002193789
7/29/16 17:39,DOWN,1.11692,1.11977,1.11547,1.11592,-0.000456918,0.000745774,0.002237321
8/1/16 11:28,DOWN,1.11596,1.11892,1.11574,1.11592,-0.000215046,0.00068837,0.002065109
8/2/16 4:32,UP,1.11597,1.11793,1.11551,1.11752,0.000554954,0.000530577,0.00159173
8/2/16 7:22,UP,1.11752,1.1203,1.11717,1.11991,0.001411824,0.000591608,0.001774824
8/2/16 13:29,UP,1.11984,1.12132,1.11869,1.12122,0.000597742,0.000567691,0.001703073
8/3/16 2:54,DOWN,1.12118,1.12339,1.1209,1.12098,-0.000481605,0.000497832,0.001493497
8/3/16 9:17,DOWN,1.12102,1.12174,1.11937,1.11949,-0.000491174,0.000522451,0.001567352
8/3/16 13:53,DOWN,1.1195,1.1205,1.11759,1.11817,-5.37E-05,0.000506406,0.001519217
8/3/16 17:46,DOWN,1.11817,1.11858,1.11495,1.11583,-0.001039045,0.000597595,0.001792786
8/4/16 6:51,DOWN,1.11587,1.11589,1.11317,1.1133,-0.000628564,0.000590046,0.001770139
8/4/16 12:31,UP,1.11335,1.1142,1.11138,1.11405,0.001167595,0.000606593,0.001819778
8/4/16 20:12,DOWN,1.11399,1.11492,1.11263,1.11272,-0.000494162,0.000516749,0.001550246
8/5/16 8:58,UP,1.11272,1.11515,1.11257,1.11513,0.000816382,0.000482077,0.001446232
8/5/16 12:06,UP,1.11508,1.11615,1.114,1.11613,0.000358445,0.000519682,0.001559046
8/5/16 12:32,DOWN,1.11614,1.11615,1.11012,1.11012,-0.005399227,0.001415261,0.004245784
8/5/16 13:36,DOWN,1.11016,1.11098,1.10548,1.10548,-0.001753356,0.001376639,0.004129918
8/5/16 17:37,UP,1.10547,1.11057,1.10458,1.10974,0.001199198,0.001194801,0.003584403
8/8/16 14:06,DOWN,1.10974,1.11053,1.10736,1.10764,-0.000343013,0.000791326,0.002373979
8/9/16 9:12,UP,1.1076,1.10963,1.10705,1.10958,0.000937731,0.000658945,0.001976834
8/9/16 14:05,UP,1.10963,1.11157,1.10747,1.11138,0.001711049,0.000752052,0.002256157
8/10/16 0:53,UP,1.11138,1.11455,1.11006,1.11381,0.001392589,0.000716909,0.002150728
8/10/16 9:30,UP,1.11375,1.11842,1.11367,1.11751,0.002167877,0.000812188,0.002436565
8/10/16 14:54,DOWN,1.11751,1.11904,1.11601,1.11622,-0.000841774,0.000744915,0.002234744
8/10/16 22:10,UP,1.11619,1.11856,1.11591,1.11839,0.000661884,0.000642475,0.001927424
8/11/16 5:31,DOWN,1.11841,1.11918,1.11625,1.11639,-0.001029576,0.000663295,0.001989884
8/11/16 8:15,DOWN,1.1164,1.117,1.11365,1.11404,-0.000870326,0.000673893,0.002021678
8/11/16 13:56,UP,1.11403,1.1165,1.11379,1.1165,0.000905022,0.000613644,0.001840932
8/11/16 17:45,DOWN,1.11652,1.11823,1.11425,1.1145,-0.001022357,0.00064582,0.001937459
8/12/16 12:30,UP,1.11447,1.11893,1.11311,1.11867,0.003366796,0.000991374,0.002974121
8/12/16 14:52,DOWN,1.11869,1.12216,1.11686,1.1173,-0.000223729,0.001057672,0.003173017
8/15/16 12:03,UP,1.11732,1.11858,1.11536,1.1184,0.000706616,0.000679795,0.002039384
8/15/16 14:58,UP,1.11841,1.12037,1.11713,1.12024,0.000946674,0.000692388,0.002077163
8/16/16 0:24,DOWN,1.12021,1.12023,1.11786,1.11798,-0.000545478,0.000639342,0.001918027
8/16/16 5:32,UP,1.11793,1.12121,1.11773,1.12095,0.00113361,0.000677967,0.002033902
8/16/16 6:36,UP,1.121,1.12372,1.12081,1.12372,0.001603107,0.000776229,0.002328686
8/16/16 7:58,UP,1.12366,1.12724,1.12318,1.12721,0.000789872,0.000936396,0.002809189
8/16/16 11:27,UP,1.12722,1.13,1.1255,1.12932,0.000877018,0.000827834,0.002483502
8/16/16 12:49,DOWN,1.12935,1.13227,1.12615,1.12633,-0.001791829,0.000947181,0.002841544
8/17/16 1:34,UP,1.12632,1.12904,1.1246,1.12885,0.001187754,0.000868515,0.002605545
8/17/16 6:52,DOWN,1.12889,1.12901,1.12576,1.12592,-0.000648149,0.000843405,0.002530214
8/17/16 18:12,UP,1.12593,1.1316,1.12408,1.13142,0.004508921,0.00122078,0.003662339
8/18/16 7:27,UP,1.13134,1.13305,1.12772,1.13199,0.000185531,0.001031523,0.00309457
8/18/16 15:54,UP,1.13195,1.13401,1.13054,1.13348,0.000202936,0.000805377,0.00241613
8/18/16 20:35,UP,1.13349,1.13667,1.13255,1.13568,0.000255386,0.00077423,0.002322689
8/19/16 3:17,DOWN,1.13562,1.13603,1.13277,1.13297,-0.000855791,0.000713562,0.002140686
8/19/16 8:40,DOWN,1.13298,1.13492,1.1305,1.13087,-0.001634572,0.00075625,0.002268751
8/21/16 23:47,DOWN,1.13087,1.13334,1.13019,1.13042,-0.000901913,0.000651005,0.001953015
8/22/16 3:45,DOWN,1.13037,1.13049,1.12711,1.12731,-0.001542307,0.000696118,0.002088353
8/22/16 9:52,UP,1.12731,1.13002,1.1272,1.12945,2.66E-05,0.000607985,0.001823954
8/22/16 13:53,UP,1.12946,1.1315,1.12914,1.13134,0.000229842,0.000556246,0.001668739
8/23/16 2:43,UP,1.13135,1.13344,1.13061,1.13303,0.000618003,0.000528385,0.001585155
8/23/16 10:19,DOWN,1.13302,1.13553,1.1322,1.13259,-0.000556093,0.000557528,0.001672583
8/23/16 14:39,DOWN,1.13255,1.13488,1.13217,1.13247,-0.000467894,0.000544828,0.001634483
8/23/16 22:59,DOWN,1.13242,1.13268,1.13025,1.1304,-0.000389167,0.000570184,0.001710553
8/24/16 9:14,DOWN,1.13038,1.13119,1.12806,1.12811,-0.001328774,0.000634123,0.001902369
8/24/16 11:36,DOWN,1.12811,1.12835,1.12565,1.12565,-0.00179291,0.000716006,0.002148018
8/25/16 1:50,UP,1.12563,1.12752,1.12452,1.12739,0.000292754,0.000619037,0.001857111
8/25/16 9:25,UP,1.12738,1.12916,1.12652,1.12896,0.000363232,0.000593619,0.001780856
8/25/16 15:57,DOWN,1.12896,1.12978,1.12712,1.12731,-0.000496634,0.000554736,0.001664207
8/26/16 6:04,UP,1.12728,1.12956,1.12712,1.12923,0.000354286,0.000478981,0.001436943
8/26/16 12:54,UP,1.12923,1.13106,1.12829,1.13039,0.001301282,0.00052534,0.001576019
8/26/16 14:08,DOWN,1.13034,1.13087,1.1242,1.12704,-0.002658303,0.000926903,0.00278071
8/26/16 14:18,UP,1.12708,1.1341,1.12708,1.13337,0.005600768,0.001640036,0.004920107
8/26/16 14:56,DOWN,1.1333,1.13371,1.12633,1.12759,-0.000567421,0.001684851,0.005054552
8/26/16 17:52,DOWN,1.12755,1.12841,1.12133,1.12133,-0.001719691,0.001498916,0.004496749
8/29/16 11:23,DOWN,1.12132,1.1215,1.11709,1.11756,-0.000769238,0.000939871,0.002819612
8/29/16 17:57,UP,1.11754,1.11932,1.11579,1.11898,0.000500581,0.00071128,0.002133841
8/30/16 7:40,DOWN,1.11899,1.11927,1.11554,1.11659,-0.000752008,0.000583638,0.001750914
8/30/16 14:05,DOWN,1.1166,1.11776,1.11419,1.11426,-0.001246687,0.000588691,0.001766074
8/31/16 4:36,UP,1.11425,1.11613,1.1132,1.11584,0.000537856,0.000626885,0.001880655
8/31/16 7:37,DOWN,1.11579,1.11623,1.11295,1.11365,-0.000224462,0.000603513,0.001810539
8/31/16 12:30,DOWN,1.1136,1.11511,1.11251,1.11287,-0.000332418,0.000586759,0.001760278
8/31/16 16:17,UP,1.11291,1.11636,1.11231,1.11601,0.001300116,0.00066932,0.002007959
9/1/16 7:43,DOWN,1.11601,1.11663,1.11317,1.1132,-0.001194041,0.000650898,0.001952693
9/1/16 14:14,UP,1.11321,1.11793,1.11275,1.11635,0.001236936,0.000667724,0.002003171
9/1/16 15:03,UP,1.11639,1.11992,1.11613,1.11925,0.000330633,0.000757541,0.002272623
9/2/16 8:57,DOWN,1.11931,1.12085,1.11786,1.11822,-0.000366587,0.000574564,0.001723693
9/2/16 12:33,UP,1.11816,1.12511,1.11566,1.12284,0.003345335,0.000959061,0.002877183
9/2/16 14:14,DOWN,1.12287,1.12527,1.11706,1.1174,-0.002609801,0.001162702,0.003488107
9/5/16 6:22,UP,1.1174,1.11805,1.11505,1.11799,0.000107341,0.000815889,0.002447667
9/5/16 13:09,DOWN,1.11798,1.11827,1.11472,1.11511,-0.000690277,0.000764732,0.002294195
9/6/16 7:31,UP,1.11506,1.11694,1.11397,1.11663,0.001003521,0.000629719,0.001889157
9/6/16 14:06,UP,1.11664,1.12126,1.11544,1.12064,0.004032606,0.001131027,0.003393081
9/6/16 16:56,UP,1.12065,1.1256,1.12057,1.12419,9.79E-05,0.001030864,0.003092593
9/7/16 15:36,DOWN,1.12419,1.1271,1.12287,1.12374,-0.000195756,0.000632138,0.001896414
9/8/16 2:55,UP,1.12377,1.12576,1.12294,1.12576,0.000506453,0.000571224,0.001713673
9/8/16 8:41,UP,1.12577,1.12795,1.1245,1.12726,0.000434777,0.000541534,0.001624602
9/8/16 10:38,UP,1.12721,1.13005,1.12684,1.12943,0.00136445,0.000618386,0.001855159
9/8/16 12:52,UP,1.12948,1.13275,1.12737,1.13173,0.002211451,0.000879146,0.002637438
9/8/16 14:14,DOWN,1.1317,1.13261,1.1266,1.12769,-0.001152135,0.001125265,0.003375794
9/8/16 17:12,DOWN,1.1277,1.12856,1.12407,1.12464,-0.000408936,0.001021674,0.003065021
9/9/16 2:50,UP,1.12465,1.12804,1.12446,1.12784,0.000611976,0.000864302,0.002592907
9/9/16 12:34,DOWN,1.12787,1.12852,1.12471,1.12499,-0.001572111,0.0007357,0.002207099
9/9/16 13:40,DOWN,1.12505,1.12561,1.12091,1.12118,-0.00193359,0.000858643,0.002575929
9/11/16 22:05,UP,1.12118,1.12381,1.11984,1.1236,0.000329353,0.000839822,0.002519466
9/12/16 9:44,DOWN,1.12354,1.12642,1.12141,1.12197,-0.001478447,0.000821613,0.002464838
9/12/16 16:25,UP,1.12197,1.12427,1.12103,1.12381,0.000640883,0.000721727,0.00216518
9/13/16 7:17,DOWN,1.12386,1.12684,1.12184,1.12236,-0.000623491,0.0006265,0.001879499
9/13/16 12:31,UP,1.12237,1.12548,1.12167,1.12421,0.000382564,0.000570209,0.001710626
9/13/16 14:47,UP,1.12427,1.12519,1.12236,1.125,0.000373403,0.000598803,0.00179641
9/13/16 17:04,DOWN,1.12501,1.12608,1.1222,1.12258,-0.000810304,0.000588936,0.001766809
9/14/16 6:38,UP,1.12257,1.12349,1.12039,1.12322,0.000703583,0.000530158,0.001590475
9/14/16 14:30,UP,1.12323,1.12501,1.12144,1.1249,0.001859671,0.000645414,0.001936242
9/14/16 15:30,UP,1.12487,1.12736,1.12405,1.1267,0.000852409,0.000738217,0.002214652
9/14/16 18:07,DOWN,1.12666,1.12743,1.12425,1.12447,-0.00121761,0.0007707,0.0023121
9/15/16 7:18,DOWN,1.12447,1.12539,1.12219,1.12256,-0.000783615,0.000668522,0.002005567
9/15/16 11:57,UP,1.12254,1.12513,1.1219,1.12431,0.000124529,0.000580766,0.001742299
9/15/16 13:46,DOWN,1.1243,1.12845,1.12331,1.12343,-0.001609841,0.000744525,0.002233574
9/16/16 10:12,DOWN,1.12347,1.12531,1.122,1.12251,-0.000596699,0.000521921,0.001565763
9/16/16 12:46,DOWN,1.12248,1.12303,1.11953,1.11993,-0.001177951,0.000629951,0.001889852
9/16/16 13:21,DOWN,1.11996,1.12011,1.11685,1.11701,-0.00144031,0.000743219,0.002229657
9/16/16 18:23,DOWN,1.11701,1.11823,1.11506,1.1152,-0.000672299,0.000602593,0.001807778
9/19/16 2:59,UP,1.1152,1.11717,1.11495,1.11711,0.000814934,0.000537422,0.001612267
9/19/16 13:22,UP,1.11712,1.1177,1.11507,1.1175,0.000725095,0.000495884,0.001487651
9/20/16 0:38,DOWN,1.11749,1.11981,1.11702,1.11745,-0.000465237,0.000453167,0.001359502
9/20/16 7:03,UP,1.1175,1.12074,1.11688,1.12035,0.002556038,0.000734377,0.002203132
9/20/16 11:02,DOWN,1.12037,1.12136,1.11752,1.11803,-0.000205698,0.000625448,0.001876344
9/20/16 15:25,DOWN,1.11803,1.11876,1.11635,1.11651,-0.000519341,0.000550855,0.001652565
9/20/16 21:56,DOWN,1.11646,1.1173,1.11499,1.11528,-0.000367553,0.00050939,0.001528171
9/21/16 4:28,DOWN,1.11522,1.11569,1.11247,1.11281,-0.001786669,0.000607792,0.001823377
9/21/16 7:30,UP,1.1128,1.11538,1.11231,1.11461,0.00056538,0.000581281,0.001743844
9/21/16 15:01,DOWN,1.11464,1.1159,1.11335,1.11362,-0.000736066,0.000465734,0.001397202
9/21/16 16:07,UP,1.1136,1.11683,1.11353,1.11602,0.00071709,0.00058204,0.00174612
9/21/16 18:12,UP,1.11601,1.11968,1.11386,1.11818,0.003018377,0.000968686,0.002906058
9/21/16 19:51,UP,1.11826,1.11955,1.11352,1.11897,0.000348596,0.000977932,0.002933795
9/22/16 6:17,UP,1.11896,1.12274,1.11817,1.12218,0.001658863,0.000916057,0.002748171
9/22/16 14:05,UP,1.12218,1.12574,1.12208,1.12485,0.000328987,0.00068342,0.002050259
9/22/16 17:29,DOWN,1.12481,1.12518,1.12199,1.12207,-0.000552398,0.00063671,0.00191013
9/23/16 3:05,DOWN,1.12204,1.12233,1.11942,1.11963,-0.000410766,0.000594329,0.001782988
9/23/16 10:54,UP,1.11962,1.12187,1.11938,1.12173,0.000401247,0.000619152,0.001857455
9/23/16 17:15,UP,1.12169,1.12381,1.12012,1.12344,0.000525311,0.000710977,0.002132931
9/26/16 10:19,UP,1.12344,1.1247,1.1221,1.12459,0.000640438,0.000575021,0.001725064
9/26/16 15:41,UP,1.12456,1.12793,1.12423,1.12723,0.000887524,0.000595018,0.001785054
9/26/16 20:38,DOWN,1.12727,1.12757,1.12491,1.12526,-8.89E-05,0.000572594,0.001717781
9/27/16 11:57,DOWN,1.12525,1.12592,1.12238,1.12238,-0.001744766,0.000610658,0.001831973
9/27/16 13:03,DOWN,1.12235,1.12289,1.11981,1.12016,-0.000294557,0.000636727,0.001910181
9/27/16 17:21,UP,1.12013,1.12257,1.11909,1.12231,0.000623908,0.000648039,0.001944117
9/28/16 6:55,DOWN,1.12236,1.12262,1.11983,1.11983,-0.001044256,0.00057705,0.001731149
9/28/16 9:04,UP,1.11987,1.12238,1.11819,1.12206,0.001569775,0.000711075,0.002133224
9/28/16 14:59,DOWN,1.12206,1.12372,1.11892,1.11897,-0.001848207,0.000846257,0.002538771
9/28/16 18:58,UP,1.11902,1.1221,1.11872,1.12167,0.000303165,0.000742034,0.002226103
9/29/16 12:59,DOWN,1.12162,1.12361,1.12023,1.12031,-0.000954637,0.000598873,0.001796619
9/29/16 14:20,UP,1.12024,1.12332,1.11967,1.12303,0.001256321,0.00065605,0.001968149
9/29/16 17:16,DOWN,1.12302,1.125,1.12104,1.12133,-0.001229925,0.000793845,0.002381534
9/30/16 7:26,DOWN,1.12127,1.12274,1.11679,1.11712,-0.003181699,0.001010825,0.003032476
9/30/16 13:21,UP,1.11716,1.12104,1.11533,1.12073,0.002743045,0.001108837,0.003326512
9/30/16 15:27,UP,1.12072,1.1251,1.12008,1.12403,0.000142355,0.001016548,0.003049644
10/3/16 13:56,DOWN,1.124,1.12451,1.12208,1.12228,-0.000285093,0.000572293,0.00171688
10/4/16 2:20,DOWN,1.12224,1.12243,1.11976,1.11997,-0.000883562,0.000606768,0.001820304
10/4/16 6:52,DOWN,1.12,1.12026,1.11728,1.11738,-0.001064425,0.000643888,0.001931665
10/4/16 10:06,DOWN,1.11733,1.11812,1.11503,1.11568,-0.000842181,0.000614384,0.001843153
10/4/16 14:23,DOWN,1.11574,1.11754,1.11379,1.11421,-0.000959861,0.000670061,0.002010182
10/4/16 15:39,UP,1.11419,1.11873,1.11399,1.11873,0.002604553,0.000926764,0.002780291
10/5/16 2:38,UP,1.11876,1.1239,1.11768,1.12239,0.00094486,0.00095801,0.00287403
10/5/16 14:01,DOWN,1.12239,1.12335,1.11964,1.11971,-0.001187103,0.000771032,0.002313095
10/5/16 17:44,UP,1.11969,1.12202,1.11896,1.122,0.001382417,0.000819426,0.002458279
10/6/16 6:21,DOWN,1.12202,1.12206,1.11915,1.11953,-0.000410802,0.000676167,0.002028501
10/6/16 13:11,DOWN,1.11953,1.12097,1.11711,1.11714,-0.000984173,0.00071803,0.00215409
10/6/16 18:49,DOWN,1.11713,1.11868,1.11466,1.11469,-0.001273086,0.000754676,0.002264027
10/7/16 2:44,DOWN,1.11472,1.11552,1.11184,1.11289,-2.70E-05,0.000611865,0.001835596
10/7/16 7:33,DOWN,1.11289,1.11289,1.11044,1.11077,-0.000117029,0.00059975,0.001799251
10/7/16 10:14,UP,1.11078,1.1143,1.11069,1.11363,0.001338863,0.000673159,0.002019477
10/7/16 13:01,UP,1.11357,1.11796,1.11167,1.11724,0.002222223,0.000916056,0.002748167
10/7/16 15:48,DOWN,1.11729,1.12051,1.11499,1.11504,-0.002141127,0.000926589,0.002779767
10/7/16 19:09,UP,1.11509,1.11879,1.11468,1.11856,0.001028636,0.000872985,0.002618956
10/10/16 7:16,DOWN,1.1185,1.12047,1.11685,1.11699,-0.000859084,0.000777313,0.002331939
10/10/16 12:21,DOWN,1.11699,1.11856,1.11565,1.11594,-0.000206083,0.000685985,0.002057954
10/10/16 20:31,DOWN,1.11593,1.11647,1.11313,1.11365,-0.000143661,0.000653461,0.001960382
10/11/16 7:15,DOWN,1.11359,1.11427,1.11128,1.11159,-0.000638521,0.000619989,0.001859968
10/11/16 10:51,DOWN,1.1116,1.11168,1.108,1.10804,-0.001533065,0.000710093,0.00213028
10/11/16 14:59,DOWN,1.10809,1.10988,1.10581,1.10586,-0.001436762,0.000753682,0.002261046
10/12/16 1:04,DOWN,1.10583,1.1073,1.10412,1.10462,-0.000488736,0.000628412,0.001885236
10/12/16 9:01,DOWN,1.10468,1.10612,1.10167,1.1025,-0.0002358,0.000855965,0.002567896
10/12/16 18:17,UP,1.10249,1.10453,1.10044,1.10366,0.001106024,0.00075398,0.00226194
10/12/16 20:34,DOWN,1.10367,1.10476,1.10071,1.10089,-0.000517629,0.000773224,0.002319673
10/13/16 8:16,DOWN,1.10089,1.1038,1.0996,1.09982,-0.000799811,0.000812514,0.002437542
10/13/16 10:28,UP,1.09982,1.10296,1.09855,1.10203,0.000308569,0.00085141,0.002554231
10/13/16 17:01,UP,1.10203,1.10473,1.10168,1.10445,0.000353179,0.000729686,0.002189059
10/14/16 4:15,DOWN,1.10445,1.10593,1.10279,1.10296,-0.001322835,0.00075934,0.00227802
10/14/16 11:46,DOWN,1.10297,1.10309,1.10042,1.10075,-0.000508615,0.000648299,0.001944897
10/14/16 15:30,DOWN,1.1007,1.1028,1.09903,1.09913,-0.001136617,0.000777643,0.002332928
10/14/16 19:55,DOWN,1.09912,1.10145,1.09729,1.09739,-0.000974566,0.00079763,0.00239289
10/17/16 7:18,UP,1.0974,1.09946,1.09638,1.09875,0.000118323,0.000655518,0.001966554
10/17/16 12:40,UP,1.09869,1.10048,1.09718,1.09999,0.000263674,0.0006248,0.001874401
10/18/16 0:40,UP,1.10003,1.10195,1.09893,1.10148,0.000862848,0.00053052,0.00159156
10/18/16 12:02,DOWN,1.10148,1.10267,1.09909,1.09926,-0.001100135,0.000558311,0.001674934
10/18/16 14:13,DOWN,1.09922,1.10135,1.097,1.09792,-0.000418886,0.000644936,0.001934809
10/19/16 8:54,UP,1.09791,1.10048,1.09709,1.09966,6.37E-05,0.000596883,0.001790648
10/19/16 12:30,DOWN,1.0997,1.10035,1.0961,1.09673,-0.000902276,0.000666153,0.001998458
10/20/16 11:51,UP,1.09669,1.09877,1.09522,1.09832,0.000619319,0.000486796,0.001460388
10/20/16 13:08,DOWN,1.09833,1.10395,1.0954,1.09673,-0.002831689,0.000891446,0.002674337
10/20/16 14:36,DOWN,1.09668,1.09715,1.09206,1.09269,-0.001143312,0.001067155,0.003201465
10/21/16 2:06,DOWN,1.09267,1.0946,1.09022,1.09051,-0.001447815,0.000959028,0.002877084
10/21/16 12:19,DOWN,1.09047,1.09125,1.08778,1.08834,-0.000688886,0.000819981,0.002459944
10/24/16 8:06,UP,1.08838,1.08931,1.08593,1.08881,0.000744208,0.000700105,0.002100316
10/24/16 17:27,DOWN,1.08881,1.08999,1.0873,1.08732,-0.000698722,0.000564598,0.001693793
10/25/16 8:23,UP,1.08737,1.08886,1.0868,1.08886,0.001295771,0.000558703,0.001676109
10/25/16 12:21,DOWN,1.08888,1.08938,1.08655,1.08718,-0.000386246,0.000499048,0.001497143
10/25/16 14:23,DOWN,1.08713,1.08749,1.08509,1.08546,-0.000396067,0.000469428,0.001408284
10/25/16 15:27,UP,1.08547,1.08896,1.08526,1.08894,0.002141988,0.000699289,0.002097868
10/26/16 1:11,DOWN,1.08895,1.09053,1.08746,1.08763,-0.000955751,0.000628193,0.001884579
10/26/16 6:56,UP,1.08759,1.09149,1.08744,1.09137,0.001797522,0.000760589,0.002281767
10/26/16 13:39,UP,1.09139,1.0947,1.09,1.09399,0.001390376,0.00074755,0.002242649
10/26/16 15:58,DOWN,1.09399,1.09422,1.09079,1.09144,-0.000119102,0.000724615,0.002173844
10/27/16 10:18,UP,1.09145,1.09236,1.0892,1.09229,0.000723513,0.000603217,0.001809651
10/27/16 15:58,DOWN,1.09233,1.09425,1.0902,1.09042,-0.001521192,0.000808339,0.002425017
10/28/16 6:57,UP,1.09042,1.09192,1.08824,1.09127,0.000705849,0.000707112,0.002121337
10/28/16 13:51,UP,1.09126,1.09358,1.09027,1.09318,0.000768696,0.000580177,0.001740531
10/28/16 17:22,UP,1.09317,1.09673,1.09207,1.09673,0.002382638,0.000916258,0.002748773
10/31/16 6:57,DOWN,1.09667,1.09933,1.09609,1.09618,-0.000848041,0.000798599,0.002395798
10/31/16 14:38,DOWN,1.09622,1.09659,1.09389,1.09443,-0.000374554,0.000599201,0.001797602
10/31/16 18:16,UP,1.09444,1.09767,1.0936,1.09758,0.001376701,0.000722446,0.002167338
11/1/16 8:31,UP,1.09763,1.09906,1.096,1.09862,0.000191167,0.000675596,0.002026789
11/1/16 11:47,UP,1.0986,1.10242,1.0986,1.10219,0.001643535,0.000732275,0.002196825
11/1/16 14:48,UP,1.10217,1.1047,1.10094,1.10396,0.000126824,0.000721921,0.002165762
11/1/16 18:20,UP,1.104,1.10683,1.10374,1.10674,0.000849702,0.000671683,0.002015049
11/2/16 8:00,UP,1.1068,1.10767,1.10496,1.10767,0.000821882,0.000629502,0.001888505
11/2/16 14:30,UP,1.10769,1.11103,1.10719,1.11051,0.000675594,0.000838405,0.002515216
11/2/16 19:03,DOWN,1.11058,1.11235,1.10866,1.10923,-0.000738978,0.000744366,0.002233097
11/3/16 2:53,UP,1.10928,1.11202,1.10845,1.11191,0.000620746,0.000686103,0.00205831
11/3/16 8:45,DOWN,1.11195,1.11262,1.10954,1.10954,-0.000855844,0.000691503,0.00207451
11/3/16 12:02,DOWN,1.10954,1.11041,1.10656,1.10687,-0.000614156,0.000677349,0.002032046
11/3/16 15:51,UP,1.10686,1.10928,1.10597,1.10893,0.000622415,0.000798823,0.002396469
11/3/16 18:15,UP,1.10894,1.11209,1.10879,1.11161,0.001269236,0.000789801,0.002369403
11/4/16 2:22,DOWN,1.11162,1.11194,1.10878,1.10886,-0.001315802,0.000771829,0.002315488
11/4/16 14:56,UP,1.10887,1.1115,1.10798,1.11142,0.000341963,0.000640307,0.00192092
11/6/16 22:25,DOWN,1.11143,1.11422,1.1053,1.1082,-0.004842973,0.001345747,0.004037241
11/7/16 6:46,DOWN,1.10819,1.11107,1.10658,1.10674,-0.000442644,0.001099864,0.003299591
11/7/16 15:15,DOWN,1.10674,1.10739,1.10359,1.10359,-0.001340179,0.000873315,0.002619946
11/8/16 7:37,UP,1.10363,1.1055,1.10274,1.10536,0.000805492,0.000665012,0.001995037
11/8/16 12:39,DOWN,1.10536,1.10671,1.10358,1.10383,-0.000452866,0.000630823,0.001892468
11/8/16 17:29,DOWN,1.10379,1.10545,1.10201,1.10215,-0.001387233,0.000661533,0.001984598
11/9/16 0:36,UP,1.10217,1.10529,1.10048,1.10357,0.000516639,0.000807299,0.002421896
11/9/16 1:05,DOWN,1.10356,1.10523,1.09912,1.09983,-0.002107195,0.000967361,0.002902082
11/9/16 1:56,UP,1.09989,1.10467,1.09896,1.10345,0.000942943,0.001004489,0.003013466
11/9/16 2:19,UP,1.10344,1.11145,1.10343,1.11094,0.003751605,0.001499373,0.00449812
11/9/16 3:07,UP,1.11099,1.11722,1.11053,1.11604,0.001874448,0.001524438,0.004573313
11/9/16 3:32,UP,1.11614,1.12246,1.11587,1.12195,0.00344637,0.001719303,0.005157908
11/9/16 5:10,UP,1.12193,1.12999,1.11933,1.12955,0.003138913,0.002306632,0.006919896
11/9/16 6:46,DOWN,1.12962,1.12996,1.1216,1.12181,-0.002412826,0.00226933,0.006807989
11/9/16 8:00,DOWN,1.12173,1.12288,1.11045,1.11158,-0.006036191,0.002596504,0.007789513
11/9/16 12:25,DOWN,1.11159,1.11352,1.10292,1.10505,-0.003189334,0.002155237,0.006465711
11/9/16 14:27,DOWN,1.10509,1.10589,1.09741,1.09796,-0.001456187,0.002002162,0.006006486
11/9/16 20:59,DOWN,1.09801,1.09803,1.09091,1.09094,-0.002782712,0.001552709,0.004658127
11/10/16 9:39,DOWN,1.09093,1.09539,1.09053,1.09054,-0.001411148,0.001102201,0.003306603
11/11/16 2:29,UP,1.09052,1.09207,1.08648,1.09127,0.002734499,0.001070289,0.003210866
11/11/16 8:51,DOWN,1.09126,1.09237,1.08815,1.0884,-0.001129461,0.000924792,0.002774375
11/11/16 13:18,UP,1.08835,1.09091,1.08541,1.09044,0.002515909,0.001024354,0.003073062
11/11/16 15:15,DOWN,1.09045,1.09197,1.08682,1.08715,-0.000735598,0.001011724,0.003035171
11/11/16 16:43,DOWN,1.08715,1.08791,1.08365,1.08378,-0.001512078,0.001097813,0.003293438
11/13/16 23:32,DOWN,1.08371,1.08643,1.08255,1.0826,-0.001135509,0.001034241,0.003102722
11/14/16 1:15,DOWN,1.08265,1.08282,1.07851,1.07871,-0.001204418,0.001120269,0.003360808
11/14/16 8:33,DOWN,1.07871,1.08092,1.07535,1.07558,-0.001579295,0.001096868,0.003290604
11/14/16 11:59,UP,1.07552,1.07874,1.07283,1.07861,0.002097487,0.001178378,0.003535135
11/14/16 14:23,DOWN,1.07859,1.07891,1.07392,1.07422,-0.001562704,0.001144299,0.003432898
11/14/16 17:38,UP,1.07419,1.07512,1.0709,1.07505,0.002468045,0.001168647,0.003505942
11/15/16 0:18,UP,1.075,1.0767,1.07225,1.07643,0.001980723,0.001064111,0.003192334
11/15/16 8:20,UP,1.0765,1.07862,1.07453,1.07821,0.000825783,0.001003571,0.003010712
11/15/16 11:17,DOWN,1.07818,1.08168,1.07714,1.07714,-0.002170063,0.001214985,0.003644954
11/15/16 14:04,DOWN,1.07713,1.07784,1.0728,1.07299,-0.001024648,0.001143024,0.003429072
11/16/16 1:37,UP,1.07294,1.07519,1.0714,1.07486,0.00150831,0.000941415,0.002824245
11/16/16 7:42,DOWN,1.07485,1.07597,1.07172,1.07174,-0.003195293,0.001210779,0.003632336
11/16/16 15:58,DOWN,1.07174,1.07301,1.06729,1.06735,-0.001974907,0.001157765,0.003473294
11/17/16 8:01,UP,1.06734,1.07196,1.06661,1.07112,0.001345292,0.000994953,0.002984859
11/17/16 13:50,DOWN,1.07117,1.07458,1.06813,1.06878,-0.002747023,0.001091355,0.003274065
11/17/16 16:24,DOWN,1.0688,1.07154,1.06576,1.06656,-0.000627991,0.001035737,0.003107212
11/17/16 19:04,DOWN,1.06657,1.06666,1.06242,1.06265,-0.00133539,0.001062009,0.003186026
11/18/16 1:31,DOWN,1.06272,1.06352,1.05817,1.05852,-0.002302453,0.001084187,0.003252562
11/18/16 10:31,UP,1.05851,1.06225,1.05839,1.06185,0.001809802,0.001024564,0.003073691
11/18/16 14:58,DOWN,1.06194,1.06431,1.05971,1.05977,-0.001536888,0.001004121,0.003012362
11/21/16 0:43,UP,1.0598,1.06097,1.05692,1.06089,0.00115064,0.000925473,0.002776419
11/21/16 7:57,UP,1.06086,1.06363,1.0588,1.06266,0.000404727,0.000904987,0.00271496
11/21/16 16:36,DOWN,1.06264,1.06494,1.0605,1.06056,-0.001535744,0.000977047,0.002931142
11/22/16 0:08,UP,1.0605,1.06408,1.05899,1.06376,0.000959323,0.00090252,0.002707561
11/22/16 7:30,DOWN,1.06373,1.06501,1.06045,1.06115,-0.000725365,0.00081701,0.00245103
11/22/16 9:12,UP,1.06111,1.06465,1.06064,1.06456,0.001043228,0.000903031,0.002709094
11/22/16 13:14,DOWN,1.06452,1.06583,1.06047,1.06169,-0.00034844,0.000852631,0.002557894
11/22/16 15:38,DOWN,1.06169,1.06271,1.05841,1.0587,-0.002716624,0.001045648,0.003136944
11/22/16 17:03,UP,1.05871,1.06256,1.05838,1.06204,0.00090433,0.001046573,0.00313972
11/23/16 13:12,DOWN,1.062,1.06439,1.06003,1.06032,-0.001027464,0.000878415,0.002635244
11/23/16 13:57,DOWN,1.06027,1.06041,1.05571,1.05584,-0.001410204,0.001118423,0.003355269
11/24/16 3:14,DOWN,1.05585,1.05665,1.0525,1.05308,-0.000541123,0.000845618,0.002536854
11/24/16 9:18,UP,1.05305,1.05783,1.05179,1.05689,0.000785632,0.001052612,0.003157837
11/25/16 0:26,DOWN,1.05685,1.05857,1.05409,1.05429,-0.001393332,0.001047418,0.003142253
11/25/16 4:03,UP,1.05436,1.05781,1.05384,1.05773,0.001352867,0.001035575,0.003106724
11/25/16 14:08,UP,1.05771,1.06151,1.0565,1.06139,0.002093787,0.00101951,0.00305853
11/28/16 1:16,UP,1.06141,1.06387,1.05836,1.06378,0.001467545,0.001083446,0.003250337
11/28/16 10:03,DOWN,1.06377,1.0686,1.06297,1.06339,-0.001916555,0.001162326,0.003486977
11/28/16 12:36,DOWN,1.06339,1.064,1.05837,1.05839,-0.001774707,0.001232958,0.003698874
11/28/16 22:02,UP,1.05836,1.06179,1.05635,1.06128,0.001518188,0.00120345,0.003610349
11/29/16 12:32,DOWN,1.06129,1.06223,1.0579,1.05799,-0.001614968,0.001097352,0.003292057
11/29/16 15:16,UP,1.05803,1.06189,1.05648,1.06189,0.001262698,0.001125291,0.003375873
11/29/16 23:05,UP,1.06184,1.06551,1.06066,1.06485,0.000413289,0.00102299,0.00306897
11/30/16 8:09,DOWN,1.06485,1.06605,1.06194,1.0623,-0.000517611,0.000909289,0.002727866
11/30/16 11:09,UP,1.06235,1.06648,1.06207,1.0657,0.000995146,0.000953606,0.002860819
11/30/16 14:00,DOWN,1.0657,1.06669,1.06138,1.06273,-0.000141136,0.000915925,0.002747774
11/30/16 15:10,DOWN,1.06272,1.0634,1.05826,1.05836,-0.001321927,0.001165749,0.003497246
12/1/16 5:38,UP,1.05832,1.06167,1.05527,1.06098,0.00104675,0.001043153,0.00312946
12/1/16 14:55,DOWN,1.06103,1.06408,1.05914,1.05944,-0.001094319,0.001109676,0.003329027
12/1/16 16:32,UP,1.0595,1.06322,1.05845,1.06289,0.001610117,0.00117497,0.003524909
12/1/16 22:03,UP,1.0629,1.06691,1.06204,1.06635,0.000187573,0.00110336,0.003310079
12/2/16 10:15,DOWN,1.06651,1.06901,1.06402,1.06434,-0.001492769,0.001012617,0.00303785
12/4/16 22:46,DOWN,1.06428,1.06814,1.05568,1.05607,-0.006973272,0.002107151,0.006321452
12/5/16 7:30,UP,1.05608,1.05954,1.05058,1.05933,0.002514179,0.001970945,0.005912834
12/5/16 11:18,UP,1.05933,1.06911,1.05928,1.06768,0.0030956,0.001972403,0.00591721
12/5/16 17:53,UP,1.06771,1.07684,1.06743,1.07641,0.002958637,0.001925308,0.005775923
12/6/16 11:48,DOWN,1.07639,1.07968,1.07291,1.07346,-0.003032307,0.001546317,0.00463895
12/7/16 14:24,UP,1.07351,1.07536,1.06985,1.0741,0.001304267,0.000938469,0.002815407
12/8/16 3:38,UP,1.07411,1.07825,1.07384,1.07781,0.001011822,0.000969209,0.002907626
12/8/16 9:25,UP,1.07787,1.07986,1.07586,1.07976,0.00180759,0.001039793,0.003119378
12/8/16 13:32,DOWN,1.07978,1.08739,1.07194,1.07249,-0.003546186,0.001442638,0.004327914
12/8/16 14:01,DOWN,1.07257,1.07287,1.06393,1.06634,-0.000665607,0.001823186,0.005469557
12/8/16 16:03,DOWN,1.0663,1.06796,1.0606,1.06073,-0.000998813,0.001715981,0.005147943
12/9/16 12:10,DOWN,1.0608,1.06316,1.05663,1.05675,-0.002060804,0.001329872,0.003989615
12/12/16 8:07,UP,1.05668,1.0581,1.05252,1.05782,0.001239163,0.00097046,0.00291138
12/12/16 11:26,UP,1.05782,1.06145,1.05622,1.06123,0.001603199,0.000982372,0.002947116
12/12/16 17:38,UP,1.06124,1.06421,1.05907,1.06361,0.002871712,0.001207393,0.003622178
12/13/16 10:31,DOWN,1.06363,1.06521,1.06058,1.06081,-0.00148832,0.00105375,0.00316125
12/13/16 16:17,UP,1.06081,1.06674,1.06037,1.06613,0.002225468,0.001144487,0.003433461
12/13/16 20:13,DOWN,1.06612,1.06614,1.06147,1.06243,2.82E-05,0.001152315,0.003456946
12/14/16 7:28,UP,1.06244,1.06579,1.06162,1.06566,0.001023364,0.001011297,0.003033891
12/14/16 15:36,UP,1.0656,1.06652,1.06121,1.06553,0.001070463,0.000956658,0.002869974
12/14/16 19:07,DOWN,1.06558,1.06705,1.05747,1.05806,-0.005626543,0.001634869,0.004904608
12/14/16 20:39,DOWN,1.05802,1.05932,1.05102,1.05213,-0.002278489,0.001628691,0.004886074
12/15/16 0:20,DOWN,1.05218,1.05404,1.04698,1.04747,-0.004058695,0.001767958,0.005303874
12/15/16 11:36,DOWN,1.04753,1.05234,1.04142,1.04157,-0.005772643,0.001957735,0.005873205
12/15/16 16:47,DOWN,1.04164,1.04487,1.03741,1.03797,-0.002040365,0.001580204,0.004740611
12/16/16 2:51,UP,1.03806,1.04317,1.03663,1.04294,0.001036071,0.001249528,0.003748584
12/16/16 10:10,UP,1.04295,1.0472,1.04254,1.04705,0.003147108,0.001315625,0.003946875
12/16/16 14:37,DOWN,1.04699,1.04726,1.04094,1.04223,-0.000987778,0.001276964,0.003830892
12/16/16 16:28,UP,1.04229,1.04596,1.04006,1.04581,0.003448246,0.001536173,0.004608519
12/19/16 8:52,UP,1.04585,1.04798,1.04252,1.04686,0.000936571,0.00110355,0.003310649
12/19/16 11:53,DOWN,1.04686,1.04707,1.04333,1.04338,-0.000881361,0.001080132,0.003240397
12/19/16 19:31,DOWN,1.04334,1.04523,1.04038,1.04084,-0.00157441,0.001052053,0.003156159
12/20/16 6:38,DOWN,1.04078,1.04183,1.0379,1.03793,-0.002059673,0.000962208,0.002886625
12/20/16 12:43,DOWN,1.03791,1.03983,1.03525,1.0353,-0.002681613,0.001032025,0.003096074
12/20/16 16:54,UP,1.03529,1.03962,1.03522,1.03952,0.002137885,0.001027234,0.003081701
12/21/16 12:25,UP,1.03958,1.0433,1.03824,1.0429,0.002438487,0.001018746,0.003056238
12/22/16 8:53,UP,1.0429,1.04566,1.0418,1.04447,0.000766232,0.000800681,0.002402044
12/22/16 15:08,UP,1.04453,1.04996,1.04293,1.0494,0.003914647,0.001273475,0.003820425
12/22/16 17:23,DOWN,1.04941,1.04996,1.04373,1.04408,-0.001406948,0.001304824,0.003914471
12/25/16 21:03,UP,1.04406,1.04693,1.04264,1.04693,0.002027021,0.00104751,0.003142529
12/27/16 1:50,DOWN,1.04693,1.04713,1.04279,1.04432,-0.000545661,0.000662398,0.001987194
12/27/16 16:07,UP,1.04424,1.04606,1.04323,1.04578,0.000392129,0.000514172,0.001542517
12/28/16 4:17,UP,1.04578,1.04755,1.04511,1.0473,0.000353352,0.000492753,0.001478258
12/28/16 8:16,DOWN,1.04724,1.04801,1.04535,1.04549,-0.001166237,0.000606766,0.001820298
12/28/16 10:49,DOWN,1.04549,1.04549,1.0432,1.04338,-0.000124587,0.000644809,0.001934428
12/28/16 12:13,DOWN,1.04339,1.04385,1.04016,1.04041,-0.001210328,0.000779112,0.002337336
12/28/16 20:23,UP,1.04036,1.04189,1.03721,1.04142,0.000826137,0.00074919,0.00224757
12/29/16 2:33,UP,1.04148,1.04402,1.04062,1.04363,0.000479212,0.000678114,0.002034341
12/29/16 5:35,UP,1.04357,1.04652,1.04293,1.04588,0.000334702,0.000711397,0.002134191
12/29/16 10:03,UP,1.04589,1.04801,1.04425,1.04698,0.001223312,0.000748592,0.002245777
12/29/16 12:59,DOWN,1.04695,1.04771,1.04469,1.04484,-0.000985311,0.000738418,0.002215255
12/29/16 16:00,UP,1.04485,1.0492,1.04454,1.04904,0.002605771,0.000920436,0.002761308
12/29/16 23:30,UP,1.04907,1.05187,1.04673,1.05136,0.001923169,0.001034634,0.003103902
12/29/16 23:48,UP,1.05123,1.06577,1.0512,1.05843,0.006702114,0.001923887,0.00577166
12/30/16 3:41,DOWN,1.0583,1.06284,1.05203,1.05239,-0.001092154,0.001597284,0.004791853
12/30/16 9:37,UP,1.05239,1.05645,1.05057,1.05598,0.002237392,0.001476791,0.004430372
12/30/16 17:23,DOWN,1.05594,1.05917,1.05252,1.05413,-0.00122301,0.00141885,0.00425655
1/2/17 9:13,DOWN,1.05409,1.05477,1.04766,1.04808,-0.003172202,0.001389705,0.004169114
1/2/17 21:59,DOWN,1.04809,1.04905,1.04501,1.04537,-0.00051643,0.001006755,0.003020266
1/3/17 8:38,DOWN,1.04551,1.04905,1.04204,1.04265,-0.002892279,0.001163715,0.003491145
1/3/17 11:35,DOWN,1.04266,1.04442,1.03815,1.03887,-0.000769771,0.001168448,0.003505343
1/3/17 16:21,UP,1.03886,1.04149,1.03402,1.04101,0.002077064,0.001368962,0.004106885
1/4/17 8:08,UP,1.04104,1.04339,1.03898,1.04279,0.001093819,0.001025326,0.003075977
1/4/17 15:11,UP,1.0428,1.04707,1.04152,1.04698,0.002247074,0.001018129,0.003054386
1/5/17 0:11,UP,1.04695,1.05407,1.04518,1.05279,0.004102287,0.001424641,0.004273922
1/5/17 6:35,UP,1.0528,1.05638,1.05099,1.05559,0.001393557,0.001355971,0.004067913
1/5/17 8:56,DOWN,1.05559,1.05753,1.05048,1.05127,-0.000998293,0.001507214,0.004521641
1/5/17 13:52,UP,1.05129,1.05428,1.04823,1.05293,0.000550996,0.001244607,0.003733822
1/5/17 15:42,UP,1.05287,1.05894,1.05234,1.05846,0.00351125,0.00141335,0.004240051
1/6/17 13:03,DOWN,1.05841,1.06156,1.05705,1.0577,-0.000453712,0.000825444,0.002476333
1/6/17 13:52,DOWN,1.0577,1.06245,1.05458,1.05521,-0.000918826,0.001009982,0.003029946
1/6/17 16:00,UP,1.05523,1.05834,1.05354,1.05759,0.00074726,0.001095281,0.003285843
1/6/17 18:33,DOWN,1.05759,1.05829,1.05355,1.05405,-0.000246637,0.001063412,0.003190235
1/9/17 10:43,DOWN,1.05399,1.05562,1.05118,1.0515,-0.000694005,0.000912861,0.002738582
1/9/17 15:32,UP,1.05147,1.05507,1.05109,1.05467,0.000986577,0.00088551,0.002656529
1/9/17 23:16,UP,1.05468,1.05892,1.05461,1.05861,0.001238238,0.000864114,0.002592341
1/10/17 3:53,UP,1.05866,1.06276,1.05757,1.0617,0.000574715,0.000802161,0.002406483
1/10/17 10:48,DOWN,1.06164,1.06205,1.058,1.05862,-0.000500527,0.000901705,0.002705114
1/10/17 14:56,UP,1.05863,1.0605,1.05585,1.05961,0.001133134,0.00087452,0.002623559
1/10/17 17:36,DOWN,1.05966,1.06026,1.05517,1.05562,-0.001722621,0.000910998,0.002732995
1/11/17 10:05,DOWN,1.05562,1.05673,1.05291,1.05305,-0.001470833,0.000780817,0.002342451
1/11/17 13:12,DOWN,1.05306,1.05325,1.04939,1.04998,-0.001341982,0.000855177,0.002565532
1/11/17 15:01,DOWN,1.04998,1.05158,1.04735,1.04737,-0.002222149,0.000980014,0.002940041
1/11/17 16:35,UP,1.04732,1.05169,1.04539,1.05126,0.00416558,0.001343012,0.004029037
1/11/17 17:44,UP,1.0512,1.05453,1.04728,1.05408,0.001946718,0.001673879,0.005021636
1/11/17 18:26,UP,1.05408,1.06201,1.05402,1.06028,0.000764241,0.001795193,0.005385578
1/12/17 6:53,UP,1.06029,1.06389,1.05642,1.06272,0.001704629,0.001265459,0.003796378
1/12/17 12:35,UP,1.06271,1.06798,1.06195,1.06714,0.001021944,0.001130207,0.003390621
1/12/17 19:24,DOWN,1.06715,1.0685,1.06304,1.06373,-0.000545103,0.001146118,0.003438353
1/13/17 3:04,DOWN,1.06367,1.06428,1.06036,1.06049,-0.001309857,0.00100189,0.003005671
1/13/17 8:26,UP,1.06052,1.0644,1.0604,1.0637,0.000639482,0.000903602,0.002710806
1/13/17 14:40,DOWN,1.0637,1.06753,1.0618,1.06192,-0.000809526,0.000974703,0.002924109
1/13/17 17:47,UP,1.06183,1.06422,1.05962,1.06367,0.000931173,0.000983746,0.002951239
1/16/17 4:06,DOWN,1.06368,1.06533,1.05912,1.06086,-0.001215256,0.001024979,0.003074937
1/16/17 8:56,DOWN,1.06091,1.06298,1.05892,1.05892,-0.00044375,0.001090616,0.003271847
1/17/17 2:57,UP,1.05899,1.06207,1.05795,1.06207,0.001413335,0.000746362,0.002239086
1/17/17 5:33,UP,1.06209,1.06498,1.06145,1.06492,0.000676336,0.000812333,0.002436999
1/17/17 9:40,UP,1.06493,1.06809,1.06401,1.06745,0.001012269,0.000867314,0.002601943
1/17/17 11:30,UP,1.06752,1.07169,1.06575,1.07152,0.00288792,0.001189574,0.003568722
1/17/17 13:41,DOWN,1.0715,1.07197,1.06673,1.06708,-0.001339209,0.001075252,0.003225755
1/17/17 14:56,UP,1.06701,1.07166,1.06698,1.07099,0.00091546,0.00107498,0.003224941
1/18/17 6:00,DOWN,1.07099,1.07169,1.06811,1.06837,-0.000898162,0.000797,0.002391
1/18/17 12:58,DOWN,1.06837,1.0705,1.0669,1.06691,-0.001367502,0.000749426,0.002248278
1/18/17 15:13,UP,1.06695,1.06916,1.06556,1.06887,0.000552137,0.000719402,0.002158205
1/18/17 18:07,DOWN,1.06882,1.07033,1.06737,1.06756,-0.000655486,0.000706661,0.002119983
1/18/17 20:19,DOWN,1.0675,1.06791,1.06398,1.06495,-0.001182455,0.00073784,0.002213519
1/19/17 8:27,UP,1.06494,1.06551,1.06221,1.06516,0.000751343,0.000606783,0.001820349
1/19/17 13:01,UP,1.06518,1.06749,1.06457,1.06734,0.00085295,0.000624312,0.001872935
1/19/17 13:34,DOWN,1.06734,1.06769,1.06399,1.06399,-0.00314358,0.000979441,0.002938323
1/19/17 14:19,DOWN,1.06398,1.06461,1.05892,1.06041,-0.000264014,0.001032528,0.003097584
1/19/17 16:25,UP,1.0605,1.06357,1.05892,1.06329,0.000611497,0.001143026,0.003429077
1/19/17 20:09,UP,1.06331,1.06693,1.06146,1.06693,0.002101689,0.001229207,0.003687621
1/20/17 7:21,UP,1.06696,1.06938,1.06523,1.06902,0.000945237,0.001051297,0.00315389
1/20/17 9:45,DOWN,1.06906,1.06924,1.0646,1.06487,-0.001173164,0.001045525,0.003136576
1/20/17 15:19,UP,1.06486,1.06809,1.0625,1.06777,0.001583992,0.001017735,0.003053204
1/20/17 20:00,UP,1.06782,1.071,1.06632,1.0705,0.000990682,0.000944,0.002832
1/23/17 1:14,UP,1.07044,1.07319,1.06895,1.07307,0.001548161,0.000977591,0.002932772
1/23/17 22:18,UP,1.07305,1.07704,1.07093,1.07674,0.001877795,0.001030555,0.003091666
1/24/17 9:44,DOWN,1.07666,1.0773,1.07338,1.07375,-0.001321594,0.000901916,0.002705747
1/24/17 14:58,UP,1.07379,1.07668,1.07252,1.07586,0.00079968,0.000802839,0.002408517
1/24/17 19:22,DOWN,1.07586,1.07751,1.07246,1.07281,-0.001145865,0.000857914,0.002573742
1/25/17 9:32,UP,1.07287,1.07494,1.07112,1.07442,0.00127592,0.000772543,0.002317628
1/25/17 14:25,DOWN,1.07443,1.077,1.07199,1.07223,-0.001938003,0.000866314,0.002598943
1/25/17 21:54,UP,1.07223,1.07547,1.07201,1.07471,0.000251262,0.000753229,0.002259687
1/26/17 7:59,DOWN,1.07475,1.07659,1.07295,1.07301,-0.001248044,0.000730552,0.002191657
1/26/17 13:14,DOWN,1.07297,1.07442,1.06924,1.06971,-0.003173391,0.001073421,0.003220262
1/26/17 16:39,DOWN,1.06971,1.07069,1.06583,1.06633,-0.000393797,0.001115695,0.003347084
1/27/17 13:34,UP,1.06639,1.0709,1.06576,1.07021,0.002451119,0.001115263,0.00334579
1/30/17 1:32,UP,1.07023,1.07339,1.06789,1.0733,0.001202624,0.001054959,0.003164877
1/30/17 8:11,DOWN,1.07328,1.07407,1.06944,1.06952,-0.001476208,0.001032773,0.003098319
1/30/17 12:03,DOWN,1.06954,1.07022,1.06559,1.06646,-0.001892325,0.001027409,0.003082226
1/30/17 15:23,UP,1.06644,1.0674,1.06202,1.06709,0.001153332,0.001122587,0.003367761
1/31/17 0:00,UP,1.06705,1.07096,1.06655,1.07078,0.001149356,0.001052387,0.003157162
1/31/17 11:53,UP,1.07077,1.07478,1.06844,1.07476,0.003859461,0.001266331,0.003798994
1/31/17 15:09,UP,1.0747,1.08016,1.07427,1.07867,0.00025034,0.00110003,0.003300089
2/1/17 13:25,DOWN,1.07867,1.08124,1.07617,1.07688,-0.002300302,0.000976365,0.002929094
2/1/17 19:06,UP,1.07688,1.07829,1.07303,1.07816,0.002786397,0.001109441,0.003328322
2/2/17 8:49,UP,1.07809,1.0815,1.07354,1.08084,0.001481427,0.001004696,0.003014088
2/2/17 19:05,DOWN,1.08089,1.08291,1.07719,1.07743,-0.001604385,0.000825634,0.002476903
2/3/17 9:38,DOWN,1.07748,1.07778,1.07408,1.07429,-0.001125691,0.000744304,0.002232913
2/3/17 14:16,UP,1.07429,1.07825,1.07119,1.07695,0.001486782,0.000803472,0.002410417
2/6/17 7:22,DOWN,1.07696,1.07977,1.07565,1.07588,-0.001532453,0.000852113,0.002556339
2/6/17 12:57,DOWN,1.07583,1.0759,1.07301,1.07318,-0.001071008,0.000777922,0.002333765
2/6/17 16:07,UP,1.07317,1.07428,1.07055,1.074,0.000633348,0.000784148,0.002352444
2/7/17 2:31,DOWN,1.07396,1.07554,1.07211,1.07252,-0.00050336,0.00079611,0.002388329
2/7/17 6:19,DOWN,1.07251,1.07271,1.06949,1.06993,-0.00101824,0.000776951,0.002330852
2/7/17 8:13,DOWN,1.06993,1.07042,1.06663,1.06689,-0.002088006,0.000884741,0.002654223
2/7/17 16:18,UP,1.06694,1.069,1.0656,1.06883,0.000374311,0.000877012,0.002631037
2/8/17 0:10,DOWN,1.06882,1.07064,1.06677,1.06691,-0.000983667,0.000882313,0.00264694
2/8/17 7:59,DOWN,1.06692,1.06913,1.0655,1.06571,-0.000741015,0.000842832,0.002528497
2/8/17 14:25,UP,1.06566,1.06933,1.06405,1.06894,0.001985242,0.00093246,0.00279738
2/9/17 6:38,DOWN,1.06893,1.07143,1.0676,1.0676,-0.001011103,0.000792318,0.002376953
2/9/17 9:54,UP,1.06765,1.07098,1.06701,1.0704,0.000298998,0.000825612,0.002476835
2/9/17 15:03,DOWN,1.0704,1.07044,1.06561,1.06614,-0.002061393,0.000904075,0.002712224
2/10/17 8:30,DOWN,1.06618,1.06805,1.0636,1.06383,-0.001193088,0.000777341,0.002332023
2/10/17 17:19,UP,1.06381,1.06526,1.06076,1.06458,6.58E-05,0.000784782,0.002354347
2/13/17 2:34,DOWN,1.06459,1.06532,1.06118,1.06191,-0.000207152,0.000771855,0.002315564
2/13/17 8:05,UP,1.0619,1.0645,1.06139,1.06429,0.000535712,0.000719208,0.002157624
2/13/17 13:40,DOWN,1.06429,1.06586,1.06227,1.06247,-0.000489306,0.000778425,0.002335274
2/13/17 17:58,DOWN,1.06252,1.06252,1.0592,1.05976,-0.00050942,0.000693347,0.00208004
2/14/17 6:18,UP,1.05982,1.06233,1.05913,1.06177,0.000546407,0.000643317,0.001929951
2/14/17 14:22,DOWN,1.06185,1.06338,1.06058,1.06093,-0.000490016,0.000603851,0.001811552
2/14/17 15:10,DOWN,1.06095,1.06151,1.05771,1.05828,-0.002906156,0.000915531,0.002746594
2/15/17 9:04,DOWN,1.05834,1.06009,1.05525,1.05543,-0.001259357,0.000694681,0.002084043
2/15/17 13:41,DOWN,1.05544,1.05613,1.05215,1.05215,-0.003377837,0.001044921,0.003134762
2/15/17 15:03,UP,1.05214,1.05687,1.05213,1.05677,0.002491818,0.001203747,0.003611242
2/16/17 0:27,UP,1.05677,1.06198,1.0561,1.06146,0.001508495,0.001101178,0.003303533
2/16/17 12:26,UP,1.06146,1.06424,1.05998,1.06424,0.001288133,0.000943945,0.002831836
2/16/17 15:55,UP,1.06416,1.06766,1.06301,1.06761,0.001227793,0.000968598,0.002905794
2/17/17 8:30,DOWN,1.06759,1.06797,1.06409,1.06445,-0.001173626,0.000837923,0.002513768
2/17/17 15:39,DOWN,1.06445,1.06674,1.06254,1.06317,-0.001165644,0.00081296,0.002438881
2/17/17 19:59,DOWN,1.06319,1.0635,1.06059,1.0606,-0.000443047,0.000741739,0.002225216
2/21/17 0:37,DOWN,1.06065,1.06333,1.05993,1.06006,-0.001310388,0.000686574,0.002059722
2/21/17 8:03,DOWN,1.06003,1.06017,1.05709,1.0574,-0.000983061,0.000701779,0.002105336
2/21/17 9:46,DOWN,1.05734,1.05745,1.05426,1.05458,-0.000559308,0.000743062,0.002229186
2/22/17 2:29,UP,1.05462,1.05567,1.05256,1.0553,0.000341193,0.000638391,0.001915173
2/22/17 7:00,DOWN,1.0553,1.05536,1.05198,1.05261,-0.001699091,0.000734999,0.002204998
2/22/17 11:31,DOWN,1.05261,1.05291,1.04942,1.04983,-0.000533277,0.000734168,0.002202505
2/22/17 15:39,UP,1.04982,1.05326,1.04936,1.05218,0.000522861,0.00066781,0.002003429
2/22/17 16:52,UP,1.05228,1.05496,1.05144,1.05458,0.000739905,0.000684468,0.002053404
2/22/17 19:59,UP,1.05461,1.05727,1.05298,1.05714,0.001078963,0.000865232,0.002595697
2/23/17 7:22,DOWN,1.05707,1.05742,1.05403,1.05409,-0.001393596,0.00084103,0.002523089
2/23/17 13:13,UP,1.0541,1.05732,1.05375,1.05722,0.000643403,0.000801806,0.002405417
2/24/17 8:09,UP,1.05726,1.06014,1.05635,1.05976,0.00080239,0.000706953,0.00212086
2/24/17 12:37,UP,1.05977,1.06182,1.05706,1.06128,0.000744661,0.000783745,0.002351234
2/24/17 14:50,DOWN,1.06133,1.06181,1.05704,1.05743,-0.000888553,0.000915475,0.002746426
2/27/17 0:00,DOWN,1.05736,1.05972,1.05519,1.05525,-0.00082411,0.000857174,0.002571523
2/27/17 8:01,UP,1.05521,1.05827,1.05515,1.05818,0.00138068,0.000824713,0.002474138
2/27/17 14:02,UP,1.05822,1.06017,1.05669,1.06005,0.001586088,0.00085842,0.00257526
2/27/17 16:53,UP,1.06,1.06309,1.05879,1.06293,0.000960072,0.000891271,0.002673813
2/27/17 18:58,DOWN,1.06297,1.06297,1.0589,1.05903,-0.001339952,0.00095741,0.002872231
2/28/17 14:57,UP,1.05908,1.0608,1.05696,1.06054,0.000528172,0.000707077,0.00212123
2/28/17 20:18,DOWN,1.06051,1.06305,1.05913,1.05977,1.89E-05,0.000861112,0.002583337
3/1/17 0:27,DOWN,1.05972,1.05982,1.05634,1.05665,-0.000444703,0.000862612,0.002587835
3/1/17 4:55,DOWN,1.05658,1.05897,1.05508,1.05515,-0.000663193,0.000836981,0.002510943
3/1/17 12:04,DOWN,1.05509,1.05607,1.05259,1.05317,-0.000531587,0.000723252,0.002169755
3/1/17 15:57,UP,1.05321,1.056,1.0514,1.05583,0.001478603,0.000772658,0.002317974
3/2/17 0:08,DOWN,1.05589,1.0572,1.05306,1.05311,-0.001394892,0.000839757,0.002519272
3/2/17 12:32,DOWN,1.05311,1.05458,1.05081,1.05125,-0.000969803,0.00075906,0.002277179
3/2/17 19:18,DOWN,1.05125,1.05286,1.04981,1.0499,-0.001104257,0.000732705,0.002198115
3/3/17 2:58,UP,1.04987,1.05228,1.04949,1.05226,0.000665456,0.000674718,0.002024153
3/3/17 11:14,UP,1.05221,1.05451,1.05106,1.05437,0.001091294,0.000739971,0.002219912
3/3/17 18:05,UP,1.05442,1.05744,1.05373,1.05636,0.000558678,0.000620722,0.001862165
3/3/17 19:11,UP,1.05643,1.06007,1.05536,1.05966,0.002390413,0.000844675,0.002534024
3/6/17 6:48,DOWN,1.05974,1.06249,1.05921,1.05939,-0.000802027,0.000810376,0.002431127
3/6/17 8:30,UP,1.0594,1.06404,1.05934,1.06337,0.0030893,0.001074827,0.003224482
3/6/17 10:38,DOWN,1.06328,1.0636,1.05847,1.05913,-0.000811658,0.001080171,0.003240514
3/7/17 1:02,DOWN,1.05914,1.06083,1.05727,1.05738,-0.000576731,0.000801048,0.002403145
3/7/17 7:43,UP,1.05735,1.05988,1.05729,1.05981,0.001066798,0.000750291,0.002250874
3/7/17 10:08,DOWN,1.0598,1.06028,1.05582,1.05624,-0.001277303,0.000806644,0.002419932
3/8/17 7:59,DOWN,1.05626,1.05891,1.0556,1.05593,-0.000965507,0.000666024,0.001998071
3/8/17 17:57,DOWN,1.05598,1.05641,1.05348,1.05386,-0.000758826,0.000622271,0.001866812
3/9/17 9:03,UP,1.05391,1.0563,1.0525,1.05536,0.000549727,0.000623635,0.001870905
3/9/17 14:05,UP,1.0554,1.06042,1.05423,1.06042,0.004233691,0.001207978,0.003623934
3/9/17 23:44,DOWN,1.06037,1.06155,1.05667,1.05765,-0.00013236,0.000933884,0.002801653
3/10/17 8:48,UP,1.05766,1.06189,1.05738,1.06157,0.001300807,0.000887416,0.002662247
3/10/17 13:57,UP,1.06162,1.0645,1.05966,1.06392,0.001043856,0.000920879,0.002762636
3/10/17 16:24,UP,1.06389,1.06706,1.06199,1.06684,0.00169804,0.001007038,0.003021115
3/13/17 3:38,UP,1.06684,1.07011,1.06619,1.06971,0.00044882,0.000879198,0.002637593
3/13/17 8:23,DOWN,1.06971,1.07147,1.06723,1.06742,-0.001909326,0.000971698,0.002915093
3/13/17 23:35,DOWN,1.06745,1.06858,1.0645,1.06459,-0.000826268,0.000749152,0.002247455
3/14/17 11:35,DOWN,1.06464,1.06628,1.063,1.06346,-0.000432457,0.000638687,0.00191606
3/14/17 18:01,DOWN,1.06347,1.0647,1.06152,1.06185,-0.001402228,0.00064648,0.001939441
3/15/17 6:42,UP,1.0619,1.063,1.05999,1.06293,0.000847075,0.000594702,0.001784107
3/15/17 13:24,DOWN,1.06299,1.06396,1.06073,1.06096,-0.001525754,0.000642764,0.001928291
3/15/17 15:49,UP,1.06092,1.06369,1.06089,1.06359,0.000912422,0.000652982,0.001958945
3/15/17 18:10,UP,1.06365,1.06963,1.06224,1.0684,0.004954221,0.001370241,0.004110723
3/15/17 20:40,UP,1.06849,1.07404,1.06655,1.07263,0.000699461,0.001263353,0.003790058
3/16/17 19:09,UP,1.07262,1.0756,1.07057,1.07479,0.002254141,0.001021138,0.003063414
3/17/17 7:10,UP,1.07478,1.07827,1.07412,1.07791,0.000621766,0.000865305,0.002595914
3/17/17 11:05,DOWN,1.07785,1.07818,1.07382,1.07417,-0.002770394,0.001074835,0.003224505
3/20/17 2:40,UP,1.07415,1.07624,1.07275,1.07617,0.000520499,0.000905603,0.00271681
3/20/17 16:32,DOWN,1.07616,1.07776,1.07399,1.07441,-0.001013996,0.00067334,0.002020021
3/21/17 1:24,UP,1.0744,1.07677,1.07192,1.07632,0.000938823,0.000840236,0.002520708
3/21/17 7:18,UP,1.07635,1.07881,1.07524,1.07854,0.001939685,0.000896982,0.002690947
3/21/17 13:51,UP,1.07853,1.08162,1.07784,1.08142,0.00075855,0.000750341,0.002251022
3/22/17 1:47,DOWN,1.08143,1.08195,1.07931,1.07953,-0.000666735,0.000632404,0.001897212
3/22/17 9:00,DOWN,1.07954,1.08189,1.07844,1.07878,-0.000806142,0.000605133,0.001815398
3/22/17 13:01,UP,1.07879,1.08053,1.07759,1.08006,0.00108386,0.000682803,0.002048408
3/22/17 19:08,DOWN,1.08005,1.0825,1.07934,1.07956,-0.000657459,0.000646373,0.00193912
3/23/17 9:03,DOWN,1.07952,1.08052,1.077,1.07763,-0.001298304,0.000679964,0.002039892
3/24/17 0:49,DOWN,1.07758,1.07951,1.0768,1.07698,-0.001336179,0.000607529,0.001822586
3/24/17 8:30,UP,1.07699,1.07901,1.07604,1.07886,0.001604832,0.000666484,0.001999452
3/24/17 15:53,UP,1.07891,1.08128,1.07878,1.08094,0.001138546,0.000638071,0.001914213
3/26/17 22:28,UP,1.08089,1.08391,1.07907,1.08346,0.0029949,0.000978594,0.002935783
3/27/17 6:52,UP,1.08341,1.08698,1.08341,1.08665,0.001491933,0.000916501,0.002749504
3/27/17 12:14,UP,1.08664,1.089,1.08534,1.08882,0.000955619,0.000863728,0.002591185
3/27/17 16:19,DOWN,1.08882,1.09063,1.08708,1.0875,-0.000615902,0.000778346,0.002335039
3/28/17 6:57,DOWN,1.08745,1.08773,1.08487,1.0852,-0.000267196,0.000652116,0.001956347
3/28/17 16:35,DOWN,1.08516,1.08724,1.08403,1.08435,-0.000728282,0.000668819,0.002006458
3/28/17 18:19,DOWN,1.08431,1.08456,1.07989,1.08022,-0.001997596,0.00084702,0.00254106
3/29/17 6:35,DOWN,1.08025,1.08268,1.0788,1.07906,-0.001925748,0.000844518,0.002533554
3/29/17 11:54,DOWN,1.07907,1.08009,1.07502,1.0751,-0.003528323,0.001128793,0.003386379
3/30/17 7:56,DOWN,1.07508,1.07738,1.0735,1.07379,-0.001554031,0.000896704,0.002690111
3/30/17 16:54,DOWN,1.07379,1.07536,1.0711,1.07138,-0.001166039,0.000943835,0.002831506
3/30/17 21:47,DOWN,1.07133,1.07165,1.06719,1.06797,-0.000402552,0.000927885,0.002783656
3/31/17 20:00,DOWN,1.068,1.0702,1.06644,1.06682,-0.001021207,0.000899293,0.00269788
4/3/17 11:36,DOWN,1.06683,1.06815,1.06501,1.06522,-0.000394207,0.000785147,0.002355441
4/4/17 0:27,UP,1.06518,1.068,1.06424,1.06716,0.000431144,0.000746589,0.002239768
4/4/17 10:38,DOWN,1.06715,1.06748,1.06444,1.0646,-0.000769946,0.000701635,0.002104904
4/4/17 19:25,UP,1.06459,1.06732,1.06356,1.06685,0.000862724,0.000622834,0.001868502
4/5/17 9:56,DOWN,1.0668,1.06894,1.06621,1.06645,-0.000806089,0.000710296,0.002130887
4/5/17 15:50,DOWN,1.06646,1.06862,1.06519,1.06558,-0.00067546,0.00077964,0.002338921
4/5/17 19:48,UP,1.06554,1.06788,1.06348,1.06779,0.000833845,0.000809603,0.002428809
4/6/17 8:19,DOWN,1.06783,1.06845,1.06307,1.06468,-0.001210898,0.000808914,0.002426742
4/6/17 17:18,DOWN,1.06462,1.06757,1.06437,1.06439,-0.001079848,0.000720237,0.00216071
4/7/17 7:39,DOWN,1.06439,1.06607,1.0632,1.06341,-0.001062055,0.000630245,0.001890736
4/7/17 12:36,UP,1.06342,1.06671,1.06225,1.0655,0.001784792,0.000729159,0.002187476
4/7/17 13:05,DOWN,1.06555,1.06572,1.06103,1.06171,-0.000640271,0.000988073,0.002964219
4/7/17 17:04,DOWN,1.06175,1.06339,1.05944,1.05992,-0.00106555,0.000856933,0.002570799
4/10/17 2:10,DOWN,1.05987,1.06031,1.05722,1.05722,-0.000463372,0.000813388,0.002440165
4/10/17 14:28,UP,1.05722,1.06008,1.05698,1.05941,5.66E-05,0.000652924,0.001958771
4/11/17 2:47,DOWN,1.05941,1.06069,1.05807,1.05838,-0.000462865,0.00056511,0.001695329
4/11/17 8:59,UP,1.05833,1.06053,1.05786,1.06003,0.000377419,0.000589185,0.001767555
4/11/17 14:52,UP,1.06009,1.06258,1.05991,1.06186,0.000310824,0.000528853,0.001586558
4/11/17 17:36,DOWN,1.06186,1.06303,1.06018,1.06039,-0.000386575,0.000536405,0.001609215
4/12/17 7:26,UP,1.06042,1.06217,1.05949,1.06211,0.000452033,0.000524331,0.001572993
4/12/17 10:40,DOWN,1.06207,1.06242,1.05999,1.06006,-0.000914624,0.000597511,0.001792532
4/12/17 17:50,DOWN,1.06006,1.06224,1.05889,1.05938,-0.000924642,0.00060717,0.001821509
4/12/17 19:20,UP,1.05936,1.06545,1.05927,1.06445,0.004349716,0.001212896,0.003638689
4/13/17 10:09,DOWN,1.06442,1.06779,1.06382,1.06427,-0.000159721,0.0009151,0.002745301
4/13/17 14:02,DOWN,1.06432,1.06447,1.06107,1.06127,-0.000791191,0.000870721,0.002612163
4/14/17 6:44,DOWN,1.06125,1.06346,1.06062,1.06098,-8.48E-05,0.000654757,0.00196427
4/16/17 23:02,DOWN,1.06097,1.06302,1.06029,1.06045,-0.000565638,0.000675213,0.002025638
4/17/17 7:19,UP,1.06045,1.06519,1.06043,1.06439,0.002219694,0.000814939,0.002444817
4/17/17 14:09,UP,1.06443,1.06626,1.06187,1.06577,0.001060829,0.000841301,0.002523902
4/18/17 10:46,UP,1.06574,1.06708,1.06351,1.06629,0.00097582,0.00063398,0.001901941
4/18/17 12:27,UP,1.06629,1.06901,1.06615,1.06899,0.0009359,0.000655304,0.001965913
4/18/17 15:36,UP,1.069,1.07065,1.06832,1.07055,0.000560617,0.000580254,0.001740763
4/18/17 18:31,UP,1.07056,1.0733,1.06962,1.07288,0.000522096,0.000643225,0.001929676
4/19/17 6:24,DOWN,1.07283,1.07364,1.07127,1.0714,-0.000765061,0.000576884,0.001730653
4/19/17 16:00,DOWN,1.07142,1.07372,1.06998,1.07067,-0.000382864,0.00055807,0.001674209
4/20/17 4:57,UP,1.07062,1.07272,1.07049,1.07267,0.001175329,0.000579257,0.001737771
4/20/17 8:05,UP,1.07272,1.07501,1.0721,1.07497,0.000874826,0.000651915,0.001955744
4/20/17 9:40,UP,1.07497,1.07777,1.07493,1.07741,0.00054776,0.000687299,0.002061897
4/20/17 11:49,DOWN,1.07745,1.07748,1.07421,1.07467,-0.000446549,0.000735557,0.002206671
4/20/17 17:43,DOWN,1.07468,1.07771,1.07261,1.07275,-0.001704443,0.000834869,0.002504607
4/21/17 9:11,DOWN,1.07277,1.07383,1.0696,1.07003,-0.001652793,0.000789635,0.002368905
4/21/17 20:54,UP,1.07006,1.07303,1.06822,1.07257,0.002184059,0.000989682,0.002969047
4/23/17 22:20,UP,1.07257,1.08976,1.07171,1.08805,0.014329466,0.00363878,0.010916339
4/24/17 22:38,UP,1.08806,1.08903,1.08207,1.08681,0.000202448,0.001332092,0.003996276
4/25/17 12:23,UP,1.08682,1.08991,1.08514,1.08929,0.001157386,0.000940552,0.002821657
4/25/17 14:20,UP,1.08927,1.09225,1.08796,1.09218,0.000732748,0.000921156,0.002763467
4/26/17 5:38,UP,1.09218,1.09502,1.09171,1.0945,0.000392951,0.000685602,0.002056805
4/26/17 7:56,DOWN,1.09444,1.0951,1.09047,1.09125,-0.000906805,0.000721949,0.002165847
4/26/17 10:32,DOWN,1.09125,1.09187,1.08855,1.08864,-0.00130353,0.000729568,0.002188703
4/26/17 15:42,DOWN,1.08859,1.08984,1.08634,1.0864,-0.001664667,0.000806732,0.002420196
4/26/17 18:11,UP,1.08643,1.09127,1.08557,1.09008,0.000954514,0.000869553,0.002608659
4/27/17 11:46,DOWN,1.09006,1.09215,1.08841,1.08848,-0.00126702,0.000757066,0.002271199
4/27/17 12:42,UP,1.0885,1.09332,1.08798,1.09307,0.003454963,0.001100874,0.003302623
4/27/17 13:05,DOWN,1.09314,1.09331,1.08648,1.08709,-0.002058427,0.001409832,0.004229497
4/28/17 7:28,UP,1.08716,1.08901,1.08516,1.08862,0.000349127,0.000919522,0.002758566
4/28/17 9:05,UP,1.08864,1.09374,1.08833,1.09355,0.003747124,0.001253007,0.00375902
4/28/17 14:29,DOWN,1.09357,1.09477,1.08945,1.09049,-0.001283003,0.001038536,0.003115608
5/1/17 12:40,UP,1.09049,1.09164,1.08833,1.09157,0.001310899,0.000835103,0.002505308
5/2/17 6:12,UP,1.09163,1.09256,1.08963,1.09203,0.000567911,0.000619836,0.001859509
5/2/17 14:26,DOWN,1.09202,1.09231,1.08881,1.08929,-0.001421934,0.000635548,0.001906643
5/2/17 17:53,UP,1.08933,1.09179,1.08925,1.09148,0.000889097,0.000628248,0.001884743
5/3/17 5:04,UP,1.09152,1.09371,1.09142,1.09348,0.000201213,0.000593935,0.001781806
5/3/17 8:51,DOWN,1.09345,1.09355,1.0908,1.09143,-0.000549586,0.000587983,0.001763949
5/3/17 18:21,DOWN,1.09148,1.09274,1.0894,1.09035,-0.000678451,0.000468075,0.001404226
5/3/17 20:55,DOWN,1.09032,1.09069,1.08829,1.08829,-0.000872548,0.000529535,0.001588606
5/4/17 7:45,UP,1.08829,1.09044,1.08748,1.09026,0.001514547,0.000737834,0.002213503
5/4/17 9:34,UP,1.09022,1.09347,1.09018,1.09288,0.000814694,0.000747288,0.002241864
5/4/17 14:41,UP,1.09293,1.09469,1.09184,1.09456,0.00087745,0.000652693,0.00195808
5/4/17 15:58,UP,1.09461,1.09691,1.09311,1.09659,0.001926,0.000780645,0.002341934
5/5/17 9:03,DOWN,1.09672,1.09901,1.09566,1.0961,-0.000747827,0.000596063,0.001788189
5/5/17 12:37,UP,1.09613,1.09847,1.09488,1.09809,0.001777389,0.000672401,0.002017204
5/5/17 15:28,UP,1.09812,1.09928,1.09653,1.09893,0.000145607,0.000632629,0.001897888
5/7/17 23:49,DOWN,1.09901,1.10072,1.09756,1.09757,-0.001529484,0.000691218,0.002073654
5/8/17 6:02,UP,1.09756,1.0997,1.0957,1.09917,0.001001256,0.000808607,0.00242582
5/8/17 7:44,DOWN,1.09919,1.09928,1.09548,1.09609,-0.000337507,0.000875775,0.002627326
5/8/17 14:25,DOWN,1.0961,1.09657,1.09311,1.09369,-0.00063983,0.000772195,0.002316585
5/9/17 6:30,DOWN,1.09369,1.09411,1.09027,1.09039,-0.001786754,0.000712475,0.002137426
5/9/17 9:30,DOWN,1.09043,1.09264,1.08935,1.08988,-0.000935445,0.000709288,0.002127865
5/9/17 12:54,DOWN,1.08983,1.09078,1.0874,1.0883,-4.59E-05,0.000642177,0.00192653
5/9/17 15:58,DOWN,1.08832,1.09069,1.08715,1.08728,-0.001185744,0.000682958,0.002048873
5/10/17 0:59,UP,1.08729,1.08998,1.08634,1.0895,0.000808036,0.000649515,0.001948545
5/10/17 9:25,DOWN,1.0895,1.08984,1.08645,1.08728,-0.000524107,0.000616554,0.001849663
5/10/17 17:44,DOWN,1.08727,1.08831,1.08549,1.08605,-0.000589118,0.000602268,0.001806805
5/11/17 7:41,UP,1.08604,1.08873,1.08532,1.08857,0.000863891,0.000577049,0.001731148
5/11/17 11:52,DOWN,1.08856,1.08934,1.08609,1.0862,-0.000616639,0.000558426,0.001675278
5/11/17 14:12,UP,1.08617,1.08731,1.08393,1.08692,0.000377284,0.000611097,0.00183329
5/12/17 12:35,UP,1.08691,1.0896,1.08557,1.08854,0.001158184,0.0005188,0.001556401
5/12/17 13:05,UP,1.08848,1.09236,1.08776,1.09192,0.001411355,0.000719872,0.002159617
5/15/17 6:26,UP,1.09191,1.09429,1.0911,1.09406,0.000804667,0.000615488,0.001846463
5/15/17 10:45,UP,1.09407,1.09682,1.09323,1.09667,0.000848382,0.000608396,0.001825189
5/16/17 1:27,UP,1.09661,1.09898,1.09637,1.09852,0.000355086,0.00047101,0.001413029
5/16/17 6:33,UP,1.09853,1.10112,1.09833,1.10085,0.00115432,0.000540342,0.001621026
5/16/17 7:26,UP,1.10078,1.10326,1.10067,1.10319,0.001396927,0.000636264,0.001908793
5/16/17 10:50,UP,1.10313,1.10592,1.10247,1.10557,0.000515704,0.000731831,0.002195493
5/16/17 17:45,UP,1.10556,1.10891,1.10505,1.10847,0.000902552,0.000725814,0.002177442
5/17/17 2:51,UP,1.10853,1.11141,1.10802,1.11095,0.001026676,0.000691156,0.002073467
5/17/17 7:45,DOWN,1.1109,1.11225,1.10822,1.10823,-0.000928978,0.000783965,0.002351896
5/17/17 11:13,UP,1.10823,1.11132,1.10816,1.11064,0.000270151,0.000717168,0.002151505
5/17/17 14:12,UP,1.11064,1.11338,1.11011,1.11306,0.001510493,0.000762656,0.002287968
5/17/17 19:56,UP,1.11301,1.11583,1.11297,1.11564,0.000842921,0.00073928,0.002217839
5/18/17 4:59,DOWN,1.11564,1.11723,1.1139,1.1144,-0.001201718,0.00071651,0.002149529
5/18/17 9:45,DOWN,1.11443,1.1146,1.11076,1.11093,-0.001151525,0.000858988,0.002576964
5/18/17 11:11,UP,1.11094,1.11395,1.11089,1.11388,0.000754405,0.000878329,0.002634987
5/18/17 17:37,DOWN,1.11387,1.11401,1.11027,1.11065,-0.001763177,0.000926922,0.002780767
5/19/17 6:53,UP,1.11068,1.11271,1.10757,1.11244,0.000818356,0.00086078,0.00258234
5/19/17 9:38,UP,1.11245,1.11629,1.11213,1.11603,0.001022,0.000830828,0.002492485
5/19/17 13:32,UP,1.11602,1.11912,1.11559,1.11906,0.000625721,0.000742165,0.002226496
5/22/17 7:04,DOWN,1.1191,1.12121,1.11802,1.11865,-8.94E-05,0.000614682,0.001844047
5/22/17 10:05,UP,1.11859,1.12281,1.11614,1.1228,0.004060602,0.001189023,0.003567068
5/22/17 14:07,UP,1.12277,1.12638,1.12108,1.12588,0.000995273,0.000958758,0.002876275
5/23/17 6:29,DOWN,1.12583,1.12592,1.12233,1.12306,-0.000676494,0.000789452,0.002368357
5/23/17 7:47,UP,1.12305,1.12686,1.12219,1.12563,0.00085322,0.000795353,0.00238606
5/23/17 11:50,DOWN,1.12566,1.1263,1.12266,1.12277,-0.000961444,0.00080356,0.00241068
5/23/17 15:58,DOWN,1.12277,1.12493,1.11933,1.11984,-0.002987033,0.001156862,0.003470585
5/24/17 15:42,DOWN,1.11984,1.1209,1.117,1.11706,-0.000850085,0.000646179,0.001938536
5/24/17 18:06,UP,1.11706,1.12165,1.11685,1.12092,0.002000358,0.000808408,0.002425223
5/24/17 23:57,UP,1.12093,1.12336,1.11828,1.123,0.00120286,0.000802614,0.002407842
5/25/17 10:31,DOWN,1.12304,1.12507,1.12116,1.12116,-0.001149933,0.00081686,0.002450581
5/26/17 2:15,DOWN,1.12121,1.12264,1.1185,1.11882,-0.001536153,0.0007823,0.002346901
5/26/17 7:37,UP,1.11886,1.12196,1.11867,1.12188,0.000659825,0.000789935,0.002369806
5/26/17 12:01,DOWN,1.12189,1.12349,1.11907,1.11926,-0.000875195,0.00083459,0.002503771
5/26/17 16:26,DOWN,1.1193,1.12003,1.11606,1.11636,-0.001271183,0.000844754,0.002534263
5/29/17 20:59,DOWN,1.11636,1.11902,1.11618,1.1163,-0.000716397,0.000689308,0.002067923
5/29/17 23:43,DOWN,1.11643,1.11698,1.11275,1.11279,-0.000808451,0.00087641,0.002629229
5/30/17 8:11,UP,1.11279,1.11493,1.11094,1.11427,0.000538614,0.000821416,0.002464249
5/30/17 11:44,UP,1.11423,1.11731,1.11366,1.1173,0.001854399,0.000861817,0.002585452
5/30/17 14:02,UP,1.11733,1.12058,1.11543,1.11993,0.001787422,0.000887459,0.002662378
5/31/17 5:31,DOWN,1.11997,1.12015,1.11694,1.11729,-0.000205834,0.000750265,0.002250794
5/31/17 10:28,UP,1.11724,1.121,1.11645,1.12075,0.001875503,0.000878744,0.002636233
5/31/17 14:01,UP,1.12071,1.12424,1.1206,1.12365,0.001023974,0.000796298,0.002388895
6/1/17 8:59,DOWN,1.12365,1.12571,1.12209,1.12255,-0.000810326,0.000671359,0.002014078
6/1/17 12:19,DOWN,1.12261,1.12373,1.12021,1.12043,-0.001462654,0.000713986,0.002141957
6/2/17 12:35,UP,1.12046,1.12701,1.12021,1.12651,0.004198734,0.001128255,0.003384766
6/5/17 10:28,DOWN,1.12653,1.12855,1.12454,1.12469,-0.001705682,0.000832494,0.002497481
6/6/17 0:44,UP,1.1247,1.12646,1.12342,1.12601,0.000106577,0.000604934,0.001814801
6/6/17 7:49,DOWN,1.12602,1.12781,1.12423,1.12483,-0.00039998,0.000651996,0.001955988
6/6/17 13:45,UP,1.12482,1.12759,1.12404,1.12734,0.000825291,0.000615464,0.001846391
6/7/17 7:21,DOWN,1.12735,1.12842,1.12478,1.12482,-0.002149144,0.000775216,0.002325647
6/7/17 10:28,DOWN,1.12478,1.12772,1.12103,1.12176,-0.002315104,0.001119658,0.003358973
6/7/17 14:05,UP,1.12181,1.12686,1.12041,1.12624,0.002854261,0.001185289,0.003555866
6/8/17 9:57,DOWN,1.12618,1.12828,1.12229,1.12364,-0.000498256,0.000892803,0.002678408
6/8/17 12:43,DOWN,1.12359,1.1263,1.12059,1.12083,-0.001720457,0.000897115,0.002691344
6/8/17 23:14,DOWN,1.12083,1.12379,1.11947,1.11976,-0.00089265,0.000782457,0.002347372
6/9/17 5:47,UP,1.11971,1.12149,1.11792,1.12123,0.000651283,0.000761379,0.002284137
6/9/17 8:23,DOWN,1.12117,1.12161,1.11803,1.11852,-0.000750711,0.000768388,0.002305164
6/9/17 16:09,UP,1.11852,1.11953,1.11663,1.11939,0.000554027,0.000674283,0.00202285
6/12/17 7:41,UP,1.11939,1.12169,1.11909,1.12156,0.000294276,0.000552508,0.001657523
6/12/17 14:11,DOWN,1.12152,1.12325,1.1202,1.12044,-0.000571041,0.00052656,0.001579681
6/13/17 3:10,DOWN,1.12048,1.12102,1.11899,1.11908,-0.000187637,0.00042792,0.001283759
6/13/17 7:46,UP,1.11912,1.12132,1.11853,1.12095,0.001419447,0.000555659,0.001666977
6/13/17 16:11,DOWN,1.12095,1.1225,1.11921,1.11963,-0.000857059,0.000533248,0.001599745
6/14/17 1:15,UP,1.11964,1.12157,1.11961,1.12142,0.000276473,0.000487065,0.001461196
6/14/17 9:42,DOWN,1.12133,1.12257,1.1205,1.12062,-0.000142768,0.000451655,0.001354965
6/14/17 12:33,UP,1.12066,1.12519,1.11976,1.12518,0.004587552,0.00119559,0.00358677
6/14/17 14:10,UP,1.12513,1.12891,1.12469,1.1289,0.001010343,0.001061403,0.003184208
6/14/17 18:15,DOWN,1.12891,1.12961,1.12513,1.12532,-0.001092426,0.000853427,0.00256028
6/14/17 18:53,DOWN,1.12533,1.12599,1.12077,1.12183,-0.000686143,0.000931102,0.002793307
6/15/17 7:23,DOWN,1.12188,1.1229,1.118,1.11837,-0.001599264,0.000793978,0.002381935
6/15/17 10:18,DOWN,1.11839,1.11955,1.11559,1.11624,-0.000456787,0.00074087,0.002222611
6/15/17 13:35,DOWN,1.11625,1.11723,1.11433,1.11457,-0.000403662,0.000668735,0.002006204
6/16/17 7:52,UP,1.11457,1.11666,1.11322,1.11625,0.000851426,0.000587244,0.001761733
6/16/17 14:15,UP,1.11626,1.119,1.11571,1.11894,0.001225123,0.000650665,0.001951995
6/19/17 12:25,DOWN,1.11894,1.12131,1.11793,1.11793,-0.001028158,0.00068865,0.002065949
6/19/17 15:59,DOWN,1.11788,1.11863,1.1159,1.11591,-0.000680827,0.000595405,0.001786216
6/20/17 11:56,DOWN,1.1159,1.11653,1.11409,1.11423,-0.000511433,0.000496648,0.001489943
6/20/17 14:58,DOWN,1.11425,1.11631,1.11289,1.11291,-0.001454585,0.000629682,0.001889047
6/21/17 9:03,UP,1.1129,1.11496,1.11189,1.1147,0.001544208,0.000577688,0.001733065
6/21/17 18:58,UP,1.11467,1.11666,1.11301,1.11644,0.00111129,0.000589966,0.001769898
6/22/17 15:51,DOWN,1.11649,1.11782,1.11464,1.11484,-0.001039967,0.000614146,0.001842437
6/23/17 5:44,UP,1.11479,1.11662,1.11393,1.1166,0.000555411,0.000530425,0.001591276
6/23/17 8:11,UP,1.11661,1.11882,1.11633,1.11873,0.001592357,0.000634084,0.001902252
6/23/17 14:02,UP,1.11874,1.11968,1.11616,1.11894,0.000661559,0.000647556,0.001942669
6/26/17 8:50,DOWN,1.11894,1.12092,1.11818,1.11833,-0.000956326,0.000597683,0.001793048
6/26/17 12:41,UP,1.11828,1.12118,1.11718,1.12071,0.00186663,0.000696211,0.002088633
6/26/17 15:42,DOWN,1.12076,1.12201,1.11914,1.11926,-0.000866269,0.000717657,0.002152972
6/27/17 8:12,UP,1.11926,1.12252,1.11756,1.12231,0.003543618,0.001025964,0.003077892
6/27/17 9:46,UP,1.12233,1.12654,1.12213,1.12609,0.000648471,0.00096826,0.002904781
6/27/17 13:00,UP,1.12609,1.12841,1.12467,1.12829,-2.66E-05,0.000834625,0.002503875
6/27/17 16:02,UP,1.1283,1.13325,1.12748,1.13229,0.002573321,0.000969454,0.002908361
6/27/17 18:06,UP,1.13234,1.13423,1.13061,1.13415,0.001173373,0.00099205,0.002976149
6/28/17 6:18,UP,1.13409,1.13791,1.13296,1.13776,0.001574506,0.000863233,0.002589698
6/28/17 12:22,DOWN,1.1378,1.13886,1.12914,1.13135,-0.005676174,0.00156329,0.004689871
6/28/17 14:04,UP,1.13131,1.1382,1.13066,1.13819,0.002022797,0.001543545,0.004630635
6/29/17 2:15,UP,1.13813,1.14196,1.13492,1.14171,0.002060437,0.001194693,0.00358408
6/29/17 15:33,UP,1.14178,1.14353,1.13881,1.14283,0.000533905,0.000846097,0.002538292
6/30/17 7:26,DOWN,1.14289,1.14458,1.14137,1.14156,-0.000254006,0.000813991,0.002441973
6/30/17 14:12,UP,1.14151,1.1428,1.13921,1.14234,0.000612965,0.000670331,0.002010994
7/3/17 7:20,DOWN,1.14239,1.14293,1.13955,1.1401,-0.000736506,0.000584733,0.001754198
7/3/17 10:02,DOWN,1.14009,1.14089,1.13713,1.13732,-0.000843734,0.000614745,0.001844234
7/4/17 5:36,DOWN,1.13729,1.13796,1.13512,1.13547,-0.001460882,0.000606806,0.001820419
7/4/17 9:39,DOWN,1.13546,1.13748,1.13361,1.13451,-0.000748942,0.000588318,0.001764954
7/5/17 2:12,UP,1.13446,1.13688,1.13258,1.13668,0.000800898,0.000539543,0.00161863
7/5/17 9:01,DOWN,1.13667,1.13682,1.13176,1.13275,-0.002001967,0.000731627,0.002194881
7/5/17 19:30,UP,1.13279,1.13572,1.13124,1.13494,0.001251951,0.000677668,0.002033005
7/6/17 9:27,UP,1.13494,1.13678,1.13298,1.13607,0.000678005,0.000724931,0.002174792
7/6/17 12:22,UP,1.13603,1.13979,1.13574,1.13938,0.000676035,0.000801042,0.002403125
7/6/17 16:09,UP,1.13936,1.14106,1.13815,1.14101,0.00026296,0.000679525,0.002038575
7/7/17 13:06,DOWN,1.14096,1.14403,1.13807,1.13835,-0.00344642,0.000997856,0.002993568
7/10/17 8:01,UP,1.13839,1.14185,1.13795,1.14161,0.00118324,0.000713448,0.002140345
7/10/17 9:42,DOWN,1.14157,1.14164,1.13854,1.13874,-0.000816359,0.000739652,0.002218957
7/10/17 18:24,UP,1.13873,1.14081,1.13817,1.14064,0.000306892,0.000570795,0.001712386
7/11/17 5:24,DOWN,1.14069,1.14081,1.138,1.13885,-0.000544261,0.000506575,0.001519726
7/11/17 12:20,UP,1.13885,1.14094,1.13827,1.14085,0.0010875,0.000486411,0.001459232
7/11/17 15:02,UP,1.14081,1.14251,1.13936,1.1417,0.000411752,0.000520124,0.001560371
7/11/17 16:25,UP,1.14176,1.14377,1.14147,1.14358,0.000551053,0.000541345,0.001624035
7/11/17 17:36,UP,1.14358,1.14719,1.14318,1.14667,0.002042777,0.000730453,0.00219136
7/12/17 5:14,UP,1.14664,1.14898,1.14599,1.14874,0.000731503,0.000647967,0.001943902
7/12/17 7:12,DOWN,1.14874,1.14885,1.1453,1.14626,-0.000130852,0.000708386,0.002125158
7/12/17 12:30,DOWN,1.14626,1.14646,1.14265,1.14366,-0.001729787,0.000742991,0.002228973
7/12/17 12:56,UP,1.14375,1.14799,1.14372,1.14714,-2.62E-05,0.001008685,0.003026054
7/12/17 13:25,DOWN,1.14715,1.1472,1.14121,1.1426,-0.001049685,0.001201933,0.003605799
7/13/17 2:09,UP,1.14265,1.14372,1.13916,1.14355,0.000297364,0.000872645,0.002617936
7/13/17 8:12,DOWN,1.1436,1.14562,1.14069,1.14134,-0.000989575,0.000907634,0.002722902
7/13/17 11:04,DOWN,1.14127,1.14159,1.13764,1.13851,-0.000755088,0.000822527,0.00246758
7/13/17 12:54,UP,1.13846,1.14196,1.13705,1.14165,0.000578278,0.00083697,0.00251091
7/13/17 16:26,DOWN,1.14166,1.14187,1.13826,1.13851,-0.000474192,0.000811626,0.002434878
7/14/17 6:17,UP,1.13854,1.14128,1.13834,1.14116,0.000569758,0.000690484,0.002071452
7/14/17 12:34,UP,1.14121,1.14458,1.14072,1.14394,0.002161539,0.000758968,0.002276904
7/14/17 18:11,UP,1.14395,1.14692,1.14276,1.14679,0.000628037,0.000825802,0.002477406
7/17/17 7:43,DOWN,1.14673,1.14753,1.14362,1.14373,-0.001555102,0.0007549,0.002264701
7/17/17 11:26,UP,1.14373,1.14668,1.14347,1.14654,0.000601992,0.000682461,0.002047382
7/18/17 1:13,UP,1.14659,1.15266,1.14605,1.15217,0.003495169,0.000984331,0.002952992
7/18/17 9:27,UP,1.15217,1.15459,1.15111,1.15426,0.001196286,0.000758267,0.002274802
7/18/17 13:32,UP,1.1543,1.15789,1.15411,1.15774,0.001426207,0.000737071,0.002211212
7/18/17 19:31,DOWN,1.15783,1.15835,1.15532,1.15553,-0.000553705,0.000664143,0.001992428
7/19/17 6:02,DOWN,1.15556,1.156,1.15311,1.15325,-0.000485466,0.00057367,0.001721009
7/19/17 14:30,DOWN,1.15327,1.15478,1.15119,1.15141,-0.001171789,0.000640657,0.00192197
7/20/17 8:09,DOWN,1.15145,1.15331,1.1496,1.15015,-0.000608431,0.000609567,0.001828701
7/20/17 11:48,DOWN,1.15015,1.15136,1.14818,1.14851,-0.001166049,0.000646386,0.001939157
7/20/17 12:41,UP,1.1485,1.15244,1.14792,1.15181,0.002059751,0.000812175,0.002436524
7/20/17 12:54,UP,1.1518,1.15669,1.15033,1.15656,0.001730763,0.001040824,0.003122472
7/20/17 14:24,UP,1.15656,1.15937,1.15412,1.15893,0.001675361,0.001003503,0.003010509
7/20/17 14:50,UP,1.15896,1.16585,1.15886,1.16311,0.000128973,0.001137676,0.003413029
7/21/17 6:43,UP,1.16316,1.16561,1.16177,1.16488,0.000180292,0.00072069,0.002162069
7/21/17 12:21,DOWN,1.16486,1.16771,1.16353,1.16427,-7.73E-05,0.00064424,0.00193272
7/21/17 14:58,UP,1.16424,1.16671,1.16356,1.16609,0.000308772,0.000614792,0.001844376
7/21/17 17:22,UP,1.16608,1.16831,1.16483,1.16785,0.000770944,0.000680724,0.002042173
7/24/17 6:23,DOWN,1.16786,1.16845,1.16555,1.16575,-0.001174519,0.000630168,0.001890504
7/24/17 13:39,DOWN,1.16577,1.16616,1.16301,1.16356,-0.000944928,0.000555724,0.001667172
7/25/17 2:38,UP,1.16357,1.16547,1.16255,1.16537,0.001245015,0.000530843,0.001592528
7/25/17 7:43,DOWN,1.16539,1.16693,1.16431,1.16478,-0.000317606,0.000512134,0.001536403
7/25/17 12:09,UP,1.16476,1.16802,1.16468,1.16788,0.001739705,0.000673433,0.002020298
7/25/17 14:59,DOWN,1.16789,1.17125,1.16572,1.16631,-0.001062617,0.000716172,0.002148517
7/26/17 0:45,DOWN,1.16631,1.16711,1.16379,1.16388,-0.00045527,0.000555594,0.001666783
7/26/17 6:51,DOWN,1.16382,1.16541,1.16207,1.16304,-0.000593097,0.000542665,0.001627995
7/26/17 11:49,UP,1.16309,1.16518,1.16126,1.16491,0.000721346,0.000561947,0.001685842
7/26/17 14:25,DOWN,1.16492,1.16558,1.16247,1.16287,-0.000189169,0.000507665,0.001522996
7/26/17 18:07,UP,1.16288,1.1694,1.16219,1.16859,0.004709039,0.001251579,0.003754737
7/26/17 19:10,UP,1.16866,1.17402,1.1682,1.17386,0.001406608,0.001288492,0.003865477
7/27/17 3:48,UP,1.1739,1.1777,1.172,1.17632,0.001744243,0.001085849,0.003257547
7/27/17 7:21,DOWN,1.17633,1.17633,1.17161,1.17166,-0.001117447,0.000980277,0.002940831
7/27/17 11:50,DOWN,1.17165,1.17337,1.16923,1.16968,-0.001136417,0.000822172,0.002466517
7/27/17 14:50,DOWN,1.16969,1.17063,1.16708,1.16729,-0.001155857,0.000769582,0.002308747
7/27/17 18:31,UP,1.16734,1.16873,1.16501,1.16867,0.001130127,0.000760358,0.002281075
7/28/17 7:00,UP,1.16862,1.17071,1.16707,1.17062,0.001153901,0.00060541,0.001816229
7/28/17 11:56,UP,1.17063,1.1724,1.16913,1.17189,0.000546276,0.000548105,0.001644315
7/28/17 15:06,UP,1.17186,1.17542,1.17147,1.17493,0.00089407,0.00060311,0.001809329
7/31/17 3:00,DOWN,1.17495,1.17644,1.17346,1.17354,-0.000783646,0.000604444,0.001813331
7/31/17 14:07,UP,1.17356,1.17557,1.1723,1.17506,0.000451143,0.000645496,0.001936488
7/31/17 15:02,UP,1.17512,1.17977,1.17486,1.17936,0.00287858,0.000929596,0.002788788
7/31/17 18:34,UP,1.17931,1.18324,1.17837,1.18304,0.000718746,0.000939241,0.002817722
8/1/17 9:26,DOWN,1.183,1.18461,1.18071,1.1813,-0.00068545,0.000715338,0.002146013
8/1/17 14:11,UP,1.18125,1.18392,1.18047,1.18332,0.000481812,0.000615373,0.001846119
8/1/17 14:45,DOWN,1.18329,1.18338,1.18003,1.18037,-0.002310164,0.000810411,0.002431233
8/2/17 4:18,UP,1.18038,1.18378,1.1785,1.18228,0.00099857,0.000745981,0.002237944
8/2/17 8:30,UP,1.18232,1.18628,1.18171,1.18528,0.001714144,0.000836636,0.002509908
8/2/17 11:12,DOWN,1.18529,1.18688,1.18238,1.18258,-0.000464977,0.000803795,0.002411385
8/2/17 15:06,UP,1.18263,1.18631,1.18182,1.18628,0.000969887,0.000767875,0.002303624
8/2/17 17:24,UP,1.18628,1.19106,1.18548,1.18938,0.001868263,0.000837504,0.002512511
8/2/17 18:47,DOWN,1.18937,1.18969,1.18596,1.18606,-0.001659584,0.000926156,0.002778469
8/3/17 10:58,DOWN,1.18604,1.1862,1.18304,1.18344,-0.001013479,0.000675348,0.002026045
8/3/17 12:30,UP,1.18344,1.18745,1.18338,1.18662,0.001197393,0.000693902,0.002081707
8/3/17 14:59,UP,1.18661,1.18934,1.18428,1.18784,0.000404176,0.000726869,0.002180607
8/4/17 12:34,DOWN,1.18779,1.18896,1.18251,1.18371,-0.002876632,0.000873863,0.00262159
8/4/17 13:55,DOWN,1.18366,1.18667,1.17913,1.17928,-0.003343904,0.001267359,0.003802076
8/4/17 14:22,DOWN,1.17933,1.18008,1.1733,1.17357,-0.002646529,0.001454043,0.00436213
8/4/17 19:57,UP,1.17364,1.17818,1.17282,1.17799,0.001189172,0.001226163,0.003678488
8/8/17 1:37,UP,1.17795,1.18153,1.17693,1.18151,0.001194101,0.000773044,0.002319132
8/8/17 14:21,DOWN,1.18152,1.18242,1.17666,1.17674,-0.00335111,0.00101281,0.00303843
8/8/17 16:08,DOWN,1.17676,1.17711,1.17152,1.17311,-0.000945755,0.000949077,0.002847232
8/9/17 2:23,DOWN,1.17314,1.177,1.17192,1.17231,-0.00115943,0.000921002,0.002763007
8/9/17 13:17,DOWN,1.17235,1.17624,1.16895,1.16925,-0.004292676,0.00134183,0.004025491
8/9/17 15:03,UP,1.16931,1.17495,1.1689,1.17393,0.000622036,0.001240682,0.003722047
8/10/17 7:46,DOWN,1.17397,1.17706,1.17159,1.17203,-0.001014817,0.000942197,0.002826592
8/10/17 13:32,UP,1.17204,1.17492,1.17041,1.17466,0.000757953,0.000841927,0.00252578
8/10/17 16:56,UP,1.17467,1.17623,1.17179,1.17538,2.55E-05,0.0008282,0.0024846
8/11/17 12:32,UP,1.17533,1.18192,1.17485,1.18139,0.004768459,0.001311767,0.003935302
8/11/17 17:15,UP,1.18133,1.18476,1.17771,1.18299,0.001074128,0.001177403,0.003532208
8/14/17 8:34,DOWN,1.18301,1.18451,1.17954,1.17995,-0.000914874,0.001018196,0.003054589
8/15/17 5:52,DOWN,1.17995,1.18074,1.1765,1.17699,-0.000934151,0.000749431,0.002248293
8/15/17 7:15,DOWN,1.17695,1.17708,1.17207,1.17309,-0.000911705,0.000821664,0.002464991
8/15/17 9:32,UP,1.1731,1.17692,1.17296,1.17591,-2.55E-05,0.000797552,0.002392655
8/15/17 12:32,DOWN,1.17586,1.17615,1.17118,1.17124,-0.002140735,0.000895232,0.002685697
8/15/17 15:39,UP,1.17126,1.17341,1.16872,1.17266,0.000750712,0.000920157,0.002760472
8/16/17 8:05,DOWN,1.17266,1.17583,1.17024,1.17024,-0.004195453,0.001254781,0.003764344
8/16/17 13:14,DOWN,1.17028,1.174,1.16811,1.16921,-0.001461458,0.001179905,0.003539714
8/16/17 17:32,UP,1.16926,1.17368,1.16909,1.1733,0.001851197,0.001109619,0.003328856
8/16/17 23:16,UP,1.17336,1.17798,1.1731,1.17733,0.000161395,0.001059566,0.003178699
8/17/17 8:16,DOWN,1.17733,1.17902,1.17331,1.17381,-0.001821463,0.000951703,0.00285511
8/17/17 10:59,DOWN,1.17381,1.17445,1.16902,1.16985,-0.00063236,0.00091937,0.002758111
8/17/17 14:01,UP,1.16984,1.17325,1.16623,1.17325,0.001441482,0.000982252,0.002946755
8/18/17 9:08,UP,1.17333,1.17746,1.17085,1.17591,0.001727814,0.001098562,0.003295687
8/21/17 7:11,DOWN,1.17586,1.17679,1.17294,1.17343,-0.000570813,0.000709357,0.002128072
8/21/17 12:31,UP,1.17339,1.177,1.17311,1.17658,0.000603626,0.000689144,0.002067433
8/21/17 14:06,UP,1.17656,1.18056,1.17649,1.17976,0.001450499,0.000777484,0.002332453
8/22/17 6:51,DOWN,1.17982,1.18284,1.1791,1.17918,-0.000635833,0.000675885,0.002027656
8/22/17 9:37,DOWN,1.17918,1.17951,1.17622,1.17629,-0.000637395,0.000671887,0.002015662
8/23/17 8:00,UP,1.17628,1.17863,1.17402,1.17863,0.001078103,0.000699651,0.002098952
8/23/17 12:07,UP,1.17857,1.18082,1.17752,1.18057,0.000711774,0.000685845,0.002057535
8/24/17 4:26,DOWN,1.18052,1.18236,1.17869,1.17996,-0.000355881,0.000659492,0.001978475
8/24/17 16:55,UP,1.17997,1.18106,1.17841,1.18085,0.000753979,0.000579848,0.001739544
8/25/17 2:42,DOWN,1.1809,1.1815,1.17876,1.17942,-0.000118695,0.000502621,0.001507862
8/25/17 10:29,UP,1.17946,1.1807,1.17733,1.18037,0.000432161,0.000531241,0.001593723
8/25/17 14:07,UP,1.18042,1.18623,1.17856,1.18555,0.004709313,0.001307906,0.003923719
8/25/17 19:10,UP,1.1856,1.19325,1.18442,1.19285,0.004023677,0.001429664,0.004288991
8/28/17 15:06,UP,1.19279,1.196,1.19039,1.19543,0.000870358,0.000863031,0.002589093
8/29/17 6:16,UP,1.19548,1.19864,1.19537,1.19794,0.00055945,0.000595012,0.001785037
8/29/17 6:58,UP,1.19798,1.20182,1.19769,1.20121,0.001608005,0.000733799,0.002201398
8/29/17 7:56,UP,1.2012,1.20452,1.20074,1.20434,0.001653724,0.000795971,0.002387914
8/29/17 13:14,DOWN,1.20433,1.20706,1.20276,1.2028,-0.00054026,0.000873231,0.002619694
8/29/17 17:28,DOWN,1.20285,1.20384,1.20033,1.20037,-0.000766137,0.000748896,0.002246688
8/29/17 20:03,DOWN,1.20041,1.20101,1.19629,1.19642,-0.001503358,0.000795716,0.002387148
8/30/17 6:28,DOWN,1.19642,1.19846,1.19449,1.19478,-0.001304828,0.000762322,0.002286967
8/30/17 11:53,DOWN,1.19477,1.19692,1.19244,1.19273,-0.000863192,0.000825224,0.002475673
8/30/17 18:22,DOWN,1.19273,1.19381,1.18847,1.18856,-0.001185606,0.000858163,0.00257449
8/31/17 10:20,DOWN,1.18851,1.19059,1.1846,1.18566,-0.001584359,0.0008588,0.002576399
8/31/17 14:31,UP,1.18566,1.18733,1.18229,1.18719,0.001525772,0.000968662,0.002905986
8/31/17 18:28,UP,1.18716,1.19099,1.18628,1.19072,0.001302581,0.000973202,0.002919605
9/1/17 6:59,DOWN,1.19073,1.19234,1.18825,1.18851,-0.001412536,0.000823667,0.002471
9/1/17 11:50,UP,1.18856,1.19296,1.1879,1.19211,0.00057058,0.000847471,0.002542412
9/1/17 12:35,UP,1.19213,1.19801,1.19118,1.19717,0.004378206,0.001336367,0.0040091
9/1/17 12:55,DOWN,1.19716,1.19725,1.19031,1.19066,-0.000940213,0.001667174,0.005001521
9/1/17 17:13,DOWN,1.19066,1.19213,1.18498,1.18617,-0.001171153,0.001284853,0.003854558
9/4/17 6:07,UP,1.18616,1.18995,1.1852,1.18988,0.001261427,0.001013142,0.003039425
9/5/17 7:52,DOWN,1.1899,1.19223,1.18682,1.1872,-0.002557374,0.000914086,0.002742257
9/5/17 14:33,UP,1.18724,1.19237,1.18714,1.19208,0.001544713,0.000942326,0.002826977
9/6/17 8:23,UP,1.19208,1.19475,1.18949,1.19449,0.001583518,0.000847677,0.002543031
9/6/17 18:30,DOWN,1.1945,1.19505,1.1911,1.19147,-0.000587337,0.000818335,0.002455004
9/7/17 7:48,UP,1.19142,1.19572,1.19079,1.1955,0.001825169,0.000883266,0.002649797
9/7/17 12:46,UP,1.19541,1.20292,1.19363,1.20257,0.003456911,0.001177479,0.003532438
9/7/17 13:42,DOWN,1.20266,1.20594,1.1991,1.19929,-0.003055471,0.001462267,0.004386801
9/8/17 2:47,UP,1.1993,1.20631,1.1976,1.20558,0.002583004,0.00126799,0.00380397
9/8/17 12:56,DOWN,1.20556,1.20928,1.20345,1.20406,-0.002074156,0.001043666,0.003130997
9/11/17 1:46,DOWN,1.2041,1.2051,1.19991,1.20054,-0.000666145,0.000884442,0.002653325
9/11/17 12:40,DOWN,1.2005,1.20298,1.19895,1.19903,-0.000708655,0.000818616,0.002455848
9/11/17 20:17,DOWN,1.19893,1.19932,1.19478,1.19501,-0.001154136,0.000813726,0.002441177
9/12/17 11:09,DOWN,1.19502,1.19818,1.19263,1.19321,-0.00252779,0.001014389,0.003043166
9/12/17 16:18,UP,1.19321,1.1974,1.19264,1.19663,0.000426288,0.000882047,0.00264614
9/13/17 8:49,UP,1.19668,1.19952,1.19543,1.19856,4.17E-05,0.000625756,0.001877267
9/13/17 13:09,DOWN,1.19856,1.19898,1.19548,1.19559,-0.002247408,0.000818519,0.002455556
9/13/17 14:15,DOWN,1.1956,1.19606,1.19125,1.19125,-0.00340239,0.001135631,0.003406893
9/14/17 2:19,DOWN,1.19125,1.19199,1.18703,1.18783,-6.73E-05,0.00097649,0.00292947
9/14/17 12:30,DOWN,1.1878,1.191,1.18623,1.18623,-0.002475374,0.001109377,0.003328131
9/14/17 18:25,UP,1.18683,1.19223,1.18379,1.19156,0.001570604,0.001151082,0.003453246
9/15/17 9:24,UP,1.19157,1.19546,1.19008,1.19491,0.001406953,0.000991482,0.002974447
9/15/17 13:35,UP,1.19487,1.19882,1.19349,1.19751,0.000434329,0.000885365,0.002656096
9/15/17 17:01,DOWN,1.19753,1.19812,1.19399,1.19442,-0.001096166,0.000857027,0.00257108
9/18/17 10:49,UP,1.19446,1.19614,1.1915,1.19555,0.000535462,0.000871883,0.002615649
9/18/17 16:22,DOWN,1.19562,1.19696,1.19222,1.19253,-0.002035611,0.000932951,0.002798854
9/19/17 0:02,UP,1.19255,1.19616,1.1924,1.19602,0.000844824,0.000911166,0.002733497
9/19/17 6:12,UP,1.19604,1.20022,1.196,1.19957,0.000658786,0.000919215,0.002757646
9/20/17 1:41,UP,1.19954,1.20114,1.19539,1.20065,0.001450266,0.000970168,0.002910505
9/20/17 18:04,DOWN,1.20065,1.20336,1.19586,1.19619,-0.003071712,0.001068348,0.003205044
9/20/17 18:33,DOWN,1.19615,1.19624,1.18821,1.18846,-0.002697333,0.001501132,0.004503397
9/21/17 9:00,UP,1.18845,1.19185,1.18612,1.19133,0.000218267,0.001142676,0.003428029
9/21/17 15:47,UP,1.19132,1.19536,1.18907,1.19526,0.002177628,0.001140747,0.003422241
9/22/17 6:21,UP,1.19523,1.19743,1.19279,1.19639,0.000418011,0.000868307,0.002604921
9/22/17 13:42,DOWN,1.19637,1.20045,1.19576,1.19654,-0.000442846,0.000736349,0.002209048
9/22/17 17:08,DOWN,1.19655,1.19839,1.19369,1.19407,-0.001238691,0.00080232,0.002406959
9/25/17 6:20,DOWN,1.19411,1.19769,1.19169,1.19183,-0.001090165,0.00083158,0.002494739
9/25/17 9:56,DOWN,1.19185,1.19245,1.18801,1.18853,-0.00068969,0.000865826,0.002597479
9/25/17 16:09,DOWN,1.1885,1.18902,1.18423,1.18459,-0.001113689,0.000782653,0.00234796
9/26/17 7:55,DOWN,1.18453,1.18617,1.18119,1.18137,-0.002029479,0.000868289,0.002604868
9/26/17 12:13,DOWN,1.18135,1.18293,1.17823,1.17883,-0.000356222,0.00082656,0.00247968
9/26/17 18:14,UP,1.17886,1.18106,1.17577,1.18059,0.000754145,0.000840884,0.002522651
9/27/17 6:00,DOWN,1.1806,1.18061,1.17704,1.17718,-0.000636913,0.000748419,0.002245258
9/27/17 8:18,DOWN,1.17714,1.17797,1.17422,1.17452,-0.000383062,0.000725174,0.002175522
9/27/17 12:49,DOWN,1.17451,1.17571,1.1723,1.17235,-0.001270145,0.000722704,0.002168111
9/27/17 16:21,UP,1.17234,1.17622,1.17171,1.17607,0.001412478,0.000720425,0.002161275
9/28/17 1:58,DOWN,1.17611,1.17769,1.17333,1.17372,-0.001030379,0.000624134,0.001872402
9/28/17 7:52,UP,1.17372,1.17571,1.17211,1.17528,0.00103859,0.000671304,0.002013913
9/28/17 11:05,UP,1.17525,1.17839,1.17495,1.17777,0.000620008,0.000629819,0.001889457
9/28/17 14:04,UP,1.17779,1.17971,1.17664,1.17966,0.000822609,0.000743367,0.002230102
9/29/17 6:11,DOWN,1.17969,1.18043,1.17725,1.17729,-0.000645342,0.000654227,0.00196268
9/29/17 8:50,UP,1.17734,1.1809,1.17729,1.18001,0.000559474,0.00076475,0.00229425
9/29/17 12:46,UP,1.17997,1.18326,1.17886,1.18308,0.002267843,0.000907477,0.002722432
10/2/17 1:00,DOWN,1.18304,1.1832,1.17876,1.17891,-0.001330853,0.000920925,0.002762776
10/2/17 7:07,DOWN,1.1789,1.17915,1.17544,1.17593,-0.000306094,0.000834979,0.002504936
10/2/17 21:42,DOWN,1.17593,1.17634,1.173,1.17329,-0.000238617,0.000777316,0.002331948
10/3/17 2:37,DOWN,1.1733,1.17406,1.17018,1.17099,2.56E-05,0.00077503,0.00232509
10/3/17 7:20,UP,1.17102,1.1732,1.16963,1.17314,0.001279438,0.000780796,0.002342389
10/3/17 13:47,UP,1.17313,1.17623,1.17302,1.17599,0.000757096,0.000748957,0.00224687
10/3/17 21:26,DOWN,1.17594,1.17738,1.1739,1.17414,-0.000519394,0.000651534,0.001954601
10/4/17 1:00,UP,1.17414,1.178,1.17351,1.17758,0.001053562,0.000754122,0.002262366
10/5/17 0:44,DOWN,1.17759,1.17892,1.17464,1.17555,-0.000348712,0.000546154,0.001638461
10/5/17 8:46,UP,1.17555,1.1779,1.17479,1.17753,0.000297277,0.000507649,0.001522946
10/5/17 11:12,DOWN,1.17754,1.17775,1.17361,1.17394,-0.001897784,0.000683116,0.002049349
10/5/17 15:33,DOWN,1.17388,1.17495,1.17049,1.17108,-0.000239067,0.0007483,0.002244899
10/6/17 10:45,UP,1.17104,1.17158,1.16859,1.17146,0.000965074,0.000642492,0.001927476
10/6/17 12:55,DOWN,1.17143,1.17148,1.16694,1.16832,-0.000462095,0.000781906,0.002345719
10/6/17 14:32,UP,1.16827,1.17329,1.16804,1.17261,0.00328012,0.001095601,0.003286804
10/9/17 16:54,UP,1.1726,1.17561,1.17176,1.17489,0.000578945,0.000733779,0.002201337
10/10/17 2:02,UP,1.17486,1.17824,1.17387,1.1778,0.001010869,0.000832255,0.002496765
10/10/17 9:58,UP,1.17779,1.18009,1.17623,1.17997,0.001569067,0.000820397,0.002461191
10/10/17 14:57,UP,1.17992,1.18182,1.17734,1.18161,0.000863602,0.000749453,0.002248358
10/11/17 6:30,UP,1.18157,1.18344,1.17951,1.18282,0.001277426,0.000732781,0.002198344
10/11/17 13:01,UP,1.18282,1.18468,1.18014,1.1843,0.000726431,0.000820377,0.002461132
10/12/17 1:40,UP,1.18433,1.18759,1.18369,1.18719,0.00084268,0.000679373,0.002038118
10/12/17 9:32,DOWN,1.18718,1.18799,1.1851,1.1852,-0.000834953,0.000646287,0.001938861
10/12/17 20:37,DOWN,1.18516,1.1862,1.18269,1.18315,-0.000363371,0.000663589,0.001990766
10/13/17 7:06,DOWN,1.18318,1.18517,1.18199,1.18208,-0.001707394,0.00072743,0.002182291
10/13/17 12:40,UP,1.18214,1.18675,1.18053,1.18612,0.004385212,0.001265768,0.003797304
10/13/17 17:14,DOWN,1.18608,1.18751,1.18201,1.18262,-0.001453341,0.001111219,0.003333657
10/16/17 7:04,DOWN,1.1826,1.18269,1.17805,1.17853,-0.000822721,0.00092408,0.002772241
10/16/17 15:51,UP,1.1785,1.18189,1.17842,1.18117,0.000728357,0.000726427,0.002179282
10/17/17 1:03,DOWN,1.18117,1.18121,1.17842,1.1786,-0.000771805,0.000611506,0.001834517
10/17/17 6:34,DOWN,1.17862,1.17869,1.17566,1.17618,-0.000679937,0.000622863,0.00186859
10/17/17 13:02,DOWN,1.17617,1.17753,1.17479,1.1749,-0.000646654,0.000576262,0.001728785
10/17/17 17:46,UP,1.17491,1.1765,1.17361,1.17636,0.000867458,0.000552584,0.001657751
10/18/17 8:53,DOWN,1.17637,1.17809,1.1744,1.17481,-0.001420497,0.000621439,0.001864318
10/18/17 13:06,UP,1.17483,1.177,1.17301,1.17669,0.000314491,0.000672788,0.002018365
10/18/17 18:54,UP,1.17665,1.1804,1.17599,1.18027,0.001246254,0.00072485,0.002174549
10/19/17 7:20,UP,1.18026,1.18225,1.17862,1.18112,3.39E-05,0.000602169,0.001806508
10/19/17 10:17,UP,1.18108,1.18179,1.1768,1.18153,0.000956845,0.000697088,0.002091264
10/19/17 12:28,UP,1.18154,1.18424,1.18131,1.18423,0.000405409,0.000693537,0.002080612
10/20/17 2:03,DOWN,1.18419,1.18583,1.18159,1.18211,-0.001099124,0.000760828,0.002282485
10/20/17 13:55,DOWN,1.18206,1.18266,1.17857,1.17942,-0.000194992,0.000723929,0.002171788
10/22/17 23:36,DOWN,1.17941,1.17994,1.17572,1.17587,-0.00093504,0.000714305,0.002142914
10/23/17 8:31,DOWN,1.17581,1.17776,1.17402,1.17445,-0.001165824,0.000687495,0.002062484
10/24/17 0:21,UP,1.17445,1.17637,1.1725,1.1756,0.00053604,0.000606029,0.001818086
10/24/17 14:16,UP,1.1756,1.17757,1.17427,1.17748,0.001495836,0.00067301,0.002019031
10/25/17 0:15,DOWN,1.17761,1.17932,1.17562,1.1759,-0.000408115,0.000699495,0.002098485
10/25/17 10:33,UP,1.1759,1.17752,1.17529,1.17736,0.000475754,0.000513813,0.001541438
10/25/17 13:20,UP,1.17735,1.17994,1.17696,1.17963,0.001569519,0.000609015,0.001827045
10/25/17 14:51,UP,1.17962,1.18173,1.17854,1.18138,0.000364047,0.000727528,0.002182583
10/26/17 2:17,UP,1.18138,1.18311,1.17999,1.18293,0.000904943,0.000586587,0.00175976
10/26/17 8:40,DOWN,1.18294,1.18369,1.18125,1.18144,-0.000490806,0.000528403,0.001585208
10/26/17 11:48,DOWN,1.18147,1.18191,1.177,1.17711,-0.003112955,0.000944094,0.002832281
10/26/17 13:03,UP,1.17707,1.17857,1.17383,1.17835,0.002259946,0.001049223,0.00314767
10/26/17 13:37,DOWN,1.17829,1.17841,1.17267,1.17329,-0.001992406,0.001229683,0.00368905
10/26/17 16:25,DOWN,1.1733,1.17352,1.16878,1.16911,-0.000957535,0.001091965,0.003275894
10/26/17 19:13,DOWN,1.1691,1.16917,1.16499,1.1651,-0.001183747,0.00102405,0.003072151
10/27/17 11:05,DOWN,1.16506,1.16582,1.16156,1.16216,-0.000473145,0.000756733,0.0022702
10/27/17 13:51,DOWN,1.16219,1.1623,1.15855,1.1588,-0.00106088,0.000746919,0.002240758
10/27/17 15:24,DOWN,1.15881,1.16244,1.1576,1.15811,-7.77E-05,0.00088284,0.002648519
10/27/17 20:50,UP,1.15811,1.16091,1.15744,1.16068,0.000560173,0.000763807,0.00229142
10/30/17 8:31,UP,1.16061,1.16338,1.15937,1.16331,0.001419373,0.000748514,0.002245543
10/30/17 13:05,DOWN,1.16334,1.16421,1.16049,1.1606,-0.001902377,0.000794495,0.002383486
10/30/17 16:47,UP,1.16064,1.16445,1.16035,1.16442,0.001160048,0.000763872,0.002291617
10/31/17 10:56,DOWN,1.16441,1.1658,1.1625,1.16308,-8.60E-05,0.000683833,0.002051499
10/31/17 15:33,UP,1.16307,1.16597,1.16265,1.16591,0.002258297,0.000804443,0.002413329
11/1/17 3:14,DOWN,1.16591,1.16614,1.16292,1.16296,-0.000550169,0.000744134,0.002232402
11/1/17 12:27,DOWN,1.16295,1.16574,1.16143,1.16182,-0.001728549,0.0007636,0.002290801
11/2/17 1:20,UP,1.16178,1.16435,1.16062,1.16413,0.000455379,0.000692118,0.002076353
11/2/17 8:56,DOWN,1.16409,1.16719,1.16258,1.1634,-0.000360946,0.000740527,0.002221581
11/2/17 12:15,UP,1.16343,1.16677,1.16318,1.16625,0.000703356,0.000705035,0.002115106
11/2/17 14:08,UP,1.16621,1.16792,1.16352,1.16717,0.002066958,0.000854588,0.002563763
11/3/17 3:53,DOWN,1.1672,1.16875,1.16479,1.16568,-0.000445992,0.000650011,0.001950032
11/3/17 9:12,DOWN,1.1657,1.16679,1.16405,1.16411,-0.000566796,0.000670843,0.00201253
11/3/17 12:30,UP,1.16412,1.16955,1.16388,1.16809,0.003069539,0.000972892,0.002918675
11/3/17 13:42,DOWN,1.16804,1.16907,1.16438,1.16458,-0.000884048,0.000951241,0.002853722
11/3/17 15:05,DOWN,1.16462,1.16503,1.16055,1.16101,-0.000697425,0.000934618,0.002803853
11/6/17 12:24,DOWN,1.16099,1.16243,1.15878,1.15881,-0.000698749,0.00079824,0.002394721
11/6/17 18:26,UP,1.15879,1.16163,1.15801,1.16115,0.000370391,0.000663722,0.001991166
11/7/17 8:00,DOWN,1.1611,1.16161,1.15854,1.15895,-0.000552072,0.000621922,0.001865766
11/7/17 10:11,DOWN,1.15894,1.15941,1.15596,1.15631,-0.000734827,0.00066774,0.00200322
11/7/17 15:53,UP,1.1563,1.15905,1.15541,1.15873,0.000811562,0.000636436,0.001909308
11/7/17 23:19,UP,1.15869,1.15997,1.15641,1.15984,0.000966117,0.000693377,0.00208013
11/8/17 16:05,DOWN,1.15983,1.16114,1.15801,1.15801,-0.001173739,0.000713493,0.00214048
11/9/17 5:46,UP,1.15804,1.1605,1.15793,1.16034,0.000482734,0.000639873,0.001919619
11/9/17 11:36,UP,1.16031,1.16353,1.15897,1.16317,0.001832881,0.00074481,0.002234429
11/9/17 13:51,DOWN,1.1632,1.16445,1.16035,1.1604,-0.001997315,0.000835681,0.002507043
11/9/17 16:39,UP,1.16039,1.16452,1.16003,1.16399,0.000756306,0.00084488,0.00253464
11/10/17 14:32,UP,1.16394,1.1664,1.16229,1.1663,0.001570297,0.000734745,0.002204234
11/13/17 1:01,DOWN,1.16636,1.16781,1.16447,1.16468,-0.001235627,0.000759118,0.002277354
11/13/17 13:42,UP,1.16471,1.16753,1.16373,1.16667,0.000900403,0.000686402,0.002059205
11/14/17 7:20,UP,1.16662,1.16843,1.16549,1.16807,0.000702259,0.000555409,0.001666227
11/14/17 8:52,UP,1.16811,1.17031,1.16808,1.17019,0.000658229,0.000602514,0.001807541
11/14/17 11:28,UP,1.17019,1.1725,1.17013,1.17236,0.000264459,0.000576786,0.001730358
11/14/17 13:17,UP,1.17238,1.17472,1.17224,1.17468,0.000204332,0.00064002,0.001920059
11/14/17 17:43,UP,1.17469,1.17748,1.17387,1.1774,0.00072219,0.000656578,0.001969735
11/15/17 7:24,UP,1.17743,1.18171,1.17715,1.18144,0.001897791,0.000776894,0.002330682
11/15/17 9:11,UP,1.18149,1.18474,1.18034,1.18399,0.000794241,0.000781172,0.002343516
11/15/17 14:31,DOWN,1.18399,1.1861,1.18157,1.18204,-0.000718837,0.000730077,0.002190232
11/15/17 16:45,DOWN,1.18206,1.1829,1.17904,1.17906,-0.000330717,0.000722006,0.002166017
11/15/17 23:09,DOWN,1.17905,1.18037,1.17684,1.17764,-0.000755463,0.000655061,0.001965183
11/16/17 11:16,DOWN,1.17764,1.18011,1.17628,1.1765,-0.000637281,0.000712569,0.002137706
11/17/17 1:30,UP,1.1765,1.18009,1.17565,1.17989,0.001212712,0.000754769,0.002264308
11/17/17 8:09,DOWN,1.17991,1.1822,1.17847,1.17889,-0.000763139,0.000805085,0.002415254
11/19/17 23:10,DOWN,1.1789,1.18127,1.17508,1.17514,-0.003754198,0.001158199,0.003474598
11/20/17 8:15,UP,1.17522,1.17739,1.17222,1.1772,0.001572762,0.001056788,0.003170363
11/20/17 14:49,DOWN,1.17731,1.18087,1.17575,1.17596,-0.001011428,0.000950138,0.002850415
11/21/17 9:35,DOWN,1.17592,1.17612,1.17198,1.1722,-0.001193623,0.000924139,0.002772416
11/21/17 18:24,UP,1.17219,1.17521,1.17131,1.17448,0.000536552,0.000728072,0.002184217
11/22/17 8:08,UP,1.1745,1.17681,1.17322,1.17652,0.001114074,0.000641018,0.001923054
11/22/17 12:28,DOWN,1.17652,1.17732,1.17404,1.17404,-0.00108115,0.00068914,0.00206742
11/22/17 14:39,UP,1.17407,1.17746,1.17354,1.17715,0.001053947,0.00069839,0.00209517
11/22/17 18:10,UP,1.17719,1.17986,1.17708,1.17974,0.000703792,0.000706081,0.002118242
11/23/17 2:06,UP,1.17979,1.18274,1.1793,1.18215,0.000516142,0.000676066,0.002028197
11/23/17 11:52,UP,1.18215,1.18515,1.18171,1.1847,0.00061638,0.000583778,0.001751333
11/24/17 9:09,UP,1.18474,1.18747,1.18367,1.18746,0.001694123,0.000643871,0.001931614
11/24/17 13:26,UP,1.18742,1.18842,1.18552,1.18821,0.000926191,0.000653821,0.001961464
11/24/17 14:19,UP,1.18821,1.19136,1.18773,1.19101,0.001024866,0.000735077,0.00220523
11/24/17 16:25,UP,1.19101,1.19445,1.19075,1.19414,0.000837774,0.000733439,0.002200317
11/27/17 7:39,DOWN,1.1941,1.19415,1.19118,1.19189,-0.000251669,0.000583118,0.001749355
11/27/17 8:28,UP,1.1919,1.19573,1.1918,1.19548,0.001749782,0.000757211,0.002271632
11/27/17 15:21,DOWN,1.1954,1.19614,1.19206,1.19279,-0.000494516,0.000690248,0.002070744
11/27/17 19:50,DOWN,1.19281,1.19326,1.18957,1.18957,-0.00075629,0.00072038,0.002161139
11/28/17 10:36,DOWN,1.18957,1.19201,1.18752,1.18781,-0.000950878,0.000710573,0.00213172
11/28/17 18:07,DOWN,1.18782,1.19006,1.1863,1.18652,-0.000631901,0.000656145,0.001968436
11/28/17 19:53,DOWN,1.18646,1.18688,1.18268,1.18301,-0.001503506,0.000713951,0.002141854
11/29/17 4:56,UP,1.18306,1.18564,1.18303,1.18531,0.000388159,0.000595348,0.001786043
11/29/17 9:17,UP,1.18527,1.18831,1.18478,1.18747,0.001188104,0.000604297,0.001812891
11/29/17 11:10,DOWN,1.18743,1.18754,1.18369,1.18374,-0.001308553,0.00071204,0.002136119
11/29/17 16:07,UP,1.18369,1.18548,1.18173,1.18505,0.000405128,0.000603205,0.001809614
11/30/17 6:43,UP,1.18506,1.18712,1.1846,1.18664,8.43E-05,0.00049855,0.00149565
11/30/17 8:59,DOWN,1.18659,1.1876,1.18412,1.18459,-0.000708855,0.000547756,0.001643267
11/30/17 10:02,DOWN,1.1846,1.18468,1.18091,1.18172,-0.001319239,0.000662258,0.001986775
11/30/17 12:31,UP,1.18175,1.18468,1.18125,1.18444,0.000802389,0.000659005,0.001977014
11/30/17 14:37,UP,1.18448,1.18897,1.18407,1.18885,0.001919661,0.000804056,0.002412168
12/1/17 5:35,UP,1.18888,1.19317,1.18853,1.19204,0.000545432,0.000825361,0.002476083
12/1/17 10:01,DOWN,1.19205,1.19406,1.18996,1.19033,-0.001158671,0.000831404,0.002494212
12/1/17 13:56,DOWN,1.19032,1.19114,1.18633,1.18685,-0.001187314,0.00084528,0.002535839
12/1/17 16:15,UP,1.18682,1.19122,1.18507,1.19112,0.003439652,0.001112913,0.003338739
12/1/17 18:37,DOWN,1.19112,1.19348,1.18861,1.18904,-0.001386712,0.001059585,0.003178754
12/4/17 0:00,DOWN,1.18906,1.19007,1.18558,1.18573,-0.000885139,0.001094205,0.003282615
12/4/17 14:51,DOWN,1.18581,1.18788,1.18338,1.18396,-0.000236467,0.000855447,0.002566342
12/4/17 23:04,UP,1.18391,1.18699,1.1829,1.18684,0.000396088,0.000799425,0.002398274
12/5/17 13:23,DOWN,1.18681,1.18769,1.18417,1.18455,-0.000826976,0.000668757,0.002006272
12/5/17 14:10,DOWN,1.18458,1.18466,1.18145,1.18147,-0.002147557,0.000826816,0.002480447
12/5/17 18:25,DOWN,1.18145,1.18432,1.18006,1.18041,-0.00043196,0.000751593,0.002254779
12/6/17 2:12,UP,1.18036,1.18315,1.18009,1.18269,0.000194491,0.000631805,0.001895415
12/6/17 9:37,DOWN,1.18268,1.18483,1.18123,1.18205,-0.000346795,0.000612152,0.001836457
12/6/17 12:12,DOWN,1.18206,1.18336,1.18085,1.18088,-0.000804161,0.000652691,0.001958072
12/6/17 15:09,DOWN,1.18088,1.18239,1.17855,1.17927,-0.00017806,0.000623888,0.001871663
12/7/17 10:19,DOWN,1.17926,1.18089,1.17799,1.17843,-0.000687119,0.000516458,0.001549374
12/7/17 18:24,UP,1.17843,1.18151,1.1776,1.18078,0.001262675,0.000574021,0.001722064
12/7/17 19:31,DOWN,1.18074,1.18081,1.17774,1.17791,-0.001501534,0.000689504,0.002068512
12/8/17 7:12,DOWN,1.17795,1.1781,1.17477,1.17485,-0.001012383,0.000619072,0.001857217
12/8/17 13:49,UP,1.1749,1.17642,1.17301,1.17594,0.002136744,0.000730729,0.002192186
12/11/17 2:19,UP,1.17595,1.17781,1.17466,1.17773,0.000492594,0.000574092,0.001722277
12/11/17 13:00,UP,1.17768,1.18036,1.17751,1.17954,0.000279809,0.000511958,0.001535875
12/11/17 15:24,UP,1.17953,1.1812,1.17766,1.18075,0.001288147,0.000622118,0.001866353
12/11/17 20:40,DOWN,1.18074,1.18075,1.17801,1.1781,-0.000967192,0.000599229,0.001797687
12/12/17 13:38,DOWN,1.17813,1.1793,1.17554,1.17562,-0.001275109,0.000660905,0.001982716
12/12/17 15:51,DOWN,1.17566,1.17585,1.17238,1.1725,-0.00106553,0.000688166,0.002064499
12/13/17 2:48,UP,1.17247,1.1749,1.17174,1.17483,0.000391623,0.000599616,0.001798849
12/13/17 12:33,DOWN,1.17479,1.17629,1.17333,1.17353,-0.000511147,0.000624368,0.001873103
12/13/17 14:34,UP,1.17348,1.17712,1.17293,1.17621,0.000229577,0.00074094,0.00222282
12/13/17 19:07,UP,1.17623,1.17975,1.17475,1.17856,0.001010217,0.000716522,0.002149565
12/13/17 20:15,UP,1.17847,1.18251,1.17814,1.18201,0.000634714,0.000784306,0.002352918
12/14/17 7:52,DOWN,1.18202,1.18439,1.18107,1.18145,-0.000465421,0.000671671,0.002015012
12/14/17 13:47,UP,1.18147,1.18628,1.1812,1.18383,0.000371744,0.000576747,0.001730241
12/14/17 14:03,DOWN,1.18384,1.18415,1.18019,1.18035,-0.00294394,0.000912516,0.002737549
12/14/17 15:29,DOWN,1.18029,1.1827,1.17817,1.1784,-0.001450068,0.000972022,0.002916065
12/15/17 10:43,UP,1.17842,1.18051,1.17645,1.18024,0.000525455,0.000746237,0.002238712
12/15/17 14:51,DOWN,1.1802,1.18125,1.17722,1.17769,-0.000568749,0.000735865,0.002207596
12/15/17 21:48,DOWN,1.1777,1.17831,1.17498,1.17506,-0.000416913,0.000779762,0.002339285
12/18/17 7:57,UP,1.17505,1.178,1.17379,1.17777,0.000900411,0.000693344,0.002080033
12/18/17 14:13,UP,1.17784,1.17998,1.17752,1.17987,0.000305165,0.000600793,0.00180238
12/18/17 15:43,UP,1.17988,1.18346,1.17962,1.18316,0.001691819,0.000710549,0.002131648
12/18/17 17:34,DOWN,1.18312,1.18316,1.17966,1.17993,-0.000466021,0.000772287,0.002316862
12/19/17 7:46,UP,1.17994,1.18053,1.17754,1.18019,0.000661129,0.000636892,0.001910675
12/19/17 12:14,UP,1.18023,1.18196,1.17911,1.18184,0.000550141,0.000596494,0.001789481
12/19/17 18:39,UP,1.18189,1.1849,1.18047,1.18448,0.000591151,0.000808334,0.002425001
12/20/17 14:50,UP,1.18453,1.18583,1.18289,1.18544,0.000573791,0.000556493,0.001669479
12/20/17 15:35,UP,1.18548,1.18901,1.18518,1.18874,0.001742857,0.000718712,0.002156136
12/21/17 3:58,DOWN,1.18873,1.19019,1.18643,1.18657,-0.000404446,0.00059778,0.001793341
12/21/17 12:48,DOWN,1.18657,1.18898,1.18518,1.18537,-0.00112981,0.000616634,0.001849902
12/21/17 21:42,UP,1.18533,1.18792,1.18494,1.1876,0.000210531,0.00055618,0.001668539
12/22/17 0:20,DOWN,1.18765,1.18773,1.18169,1.18361,-0.002514557,0.000832788,0.002498365
12/22/17 16:15,DOWN,1.18365,1.18622,1.18256,1.18337,-0.000143647,0.00061754,0.001852621
12/22/17 20:44,UP,1.18332,1.18588,1.18299,1.18587,0.000649523,0.000599417,0.001798251
12/26/17 12:12,DOWN,1.18582,1.18759,1.18472,1.18528,-0.000556675,0.000571897,0.00171569
12/27/17 5:56,UP,1.18522,1.18807,1.18465,1.18795,0.001423632,0.0006037,0.001811101
12/27/17 12:04,UP,1.18796,1.18954,1.18644,1.1891,0.000201854,0.000508671,0.001526013
12/28/17 3:02,UP,1.18915,1.19111,1.18845,1.1909,0.00061317,0.000496204,0.001488613
12/28/17 5:54,UP,1.19089,1.19331,1.19079,1.19329,0.001400472,0.000596524,0.001789573
12/28/17 14:44,UP,1.19326,1.19494,1.19233,1.19484,3.35E-05,0.00052473,0.001574189
12/28/17 23:57,DOWN,1.19482,1.19592,1.1936,1.19392,-5.03E-05,0.000495834,0.001487503
12/29/17 8:05,UP,1.19391,1.19589,1.19369,1.19572,0.000527018,0.000468108,0.001404325
12/29/17 9:52,UP,1.19576,1.19879,1.19559,1.19863,0.000993293,0.000545679,0.001637037
12/29/17 15:59,UP,1.19859,1.20075,1.19733,1.20067,0.001041628,0.000554025,0.001662075
12/29/17 21:49,DOWN,1.20065,1.20257,1.19926,1.19937,-0.000733449,0.000589765,0.001769295
1/2/18 1:20,UP,1.19938,1.20233,1.19909,1.20223,0.000565776,0.000689284,0.002067852
1/2/18 8:33,UP,1.20222,1.20438,1.20078,1.20418,0.00055655,0.000667616,0.002002848
1/2/18 10:07,UP,1.20423,1.20778,1.20407,1.2071,0.000903399,0.000695216,0.002085648
1/2/18 14:38,DOWN,1.20707,1.20814,1.20438,1.20455,-0.000921082,0.000642085,0.001926254
1/2/18 21:47,UP,1.2046,1.20654,1.2026,1.20595,0.000605515,0.000583139,0.001749417
1/3/18 2:44,DOWN,1.20591,1.20664,1.20426,1.20434,-0.000298874,0.000585164,0.001755492
1/3/18 10:01,DOWN,1.20438,1.20608,1.20311,1.20363,-0.000257521,0.000548295,0.001644886
1/3/18 15:02,DOWN,1.20362,1.20408,1.20077,1.20114,-0.00105677,0.000604448,0.001813345
1/3/18 17:02,UP,1.2011,1.20326,1.20033,1.20307,0.000673504,0.000633288,0.001899865
1/4/18 1:02,DOWN,1.20303,1.20319,1.20011,1.20096,-7.49E-05,0.000571184,0.001713551
1/4/18 6:53,UP,1.20093,1.20383,1.20048,1.20293,0.000191218,0.000529854,0.001589562
1/4/18 9:51,UP,1.20298,1.20455,1.20215,1.20449,0.001237804,0.000567621,0.001702862
1/4/18 12:40,UP,1.20444,1.20746,1.20402,1.20656,0.000389613,0.000543475,0.001630425
1/5/18 7:56,DOWN,1.20653,1.2089,1.2055,1.20587,-0.000257043,0.000595993,0.001787978
1/5/18 13:32,UP,1.20588,1.20832,1.20415,1.2074,0.002081011,0.000733595,0.002200784
1/5/18 14:14,DOWN,1.20735,1.20792,1.20292,1.20316,-0.001503241,0.00083282,0.00249846
1/8/18 5:35,DOWN,1.20309,1.20526,1.2017,1.20185,-0.000740251,0.000802018,0.002406054
1/8/18 9:48,DOWN,1.2019,1.20231,1.19833,1.19898,-0.00025852,0.000763732,0.002291196
1/8/18 13:02,DOWN,1.19901,1.20095,1.19701,1.1971,-0.001118746,0.000788154,0.002364462
1/9/18 6:46,DOWN,1.19706,1.19822,1.19517,1.1954,-0.001053485,0.000622478,0.001867433
1/9/18 8:32,DOWN,1.19541,1.19712,1.19363,1.19383,-0.000535946,0.000689351,0.002068052
1/9/18 14:02,DOWN,1.19379,1.19466,1.19156,1.19245,-1.68E-05,0.000564853,0.001694559
1/9/18 21:07,UP,1.19241,1.19392,1.19165,1.19368,0.000569829,0.000475446,0.001426339
1/10/18 6:48,DOWN,1.19368,1.19496,1.1923,1.19258,-0.000184457,0.000453651,0.001360954
1/10/18 8:30,UP,1.19263,1.19551,1.1925,1.19522,0.001113385,0.000513709,0.001541128
1/10/18 10:41,UP,1.19521,1.19765,1.19315,1.19717,0.002986488,0.000877474,0.002632421
1/10/18 12:00,UP,1.19711,1.20165,1.19699,1.20066,0.000433189,0.00095695,0.00287085
1/10/18 16:14,DOWN,1.20065,1.20182,1.19709,1.19736,-0.000851511,0.0008087,0.002426101
1/10/18 22:45,DOWN,1.19736,1.19769,1.19404,1.19478,-0.000686083,0.000695386,0.002086157
1/11/18 6:51,DOWN,1.1949,1.19704,1.19364,1.19392,-0.00099622,0.000652028,0.001956084
1/11/18 12:32,UP,1.19388,1.19854,1.19293,1.19836,0.003092329,0.000918359,0.002755078
1/11/18 13:35,UP,1.19835,1.20354,1.19746,1.20332,0.001338861,0.000963263,0.002889788
1/12/18 0:14,UP,1.20332,1.20658,1.2019,1.20619,0.002523514,0.00092887,0.002786609
1/12/18 8:31,UP,1.20623,1.2076,1.204,1.20707,0.00093659,0.000813719,0.002441156
1/12/18 9:02,UP,1.20712,1.21224,1.20697,1.21209,0.000817105,0.001118796,0.003356388
1/12/18 15:54,UP,1.21205,1.21554,1.21115,1.21503,0.000469234,0.000786333,0.002358998
1/12/18 18:59,UP,1.21501,1.21669,1.21219,1.21617,0.000608653,0.000818869,0.002456608
1/12/18 21:24,UP,1.21621,1.22185,1.21605,1.21951,0.000943447,0.000867464,0.002602393
1/15/18 5:32,UP,1.21955,1.22404,1.21873,1.22237,0.001113212,0.000770611,0.002311833
1/15/18 9:17,UP,1.22236,1.22458,1.22013,1.22421,0.001029765,0.000763289,0.002289866
1/15/18 10:30,UP,1.22417,1.2288,1.22393,1.22877,0.002411819,0.000945149,0.002835446
1/15/18 12:28,DOWN,1.22876,1.22968,1.22514,1.2252,-0.000220348,0.000919275,0.002757825
1/16/18 7:11,DOWN,1.22523,1.22929,1.22157,1.22224,-0.003911374,0.00116834,0.003505019
1/16/18 10:43,DOWN,1.22226,1.22678,1.22049,1.22078,-0.002029427,0.001168171,0.003504514
1/16/18 17:24,UP,1.22081,1.22475,1.21951,1.2239,0.000359571,0.000845154,0.002535462
1/16/18 19:17,UP,1.22389,1.22748,1.2233,1.22732,0.000912974,0.000872973,0.002618919
1/17/18 0:54,UP,1.22727,1.23234,1.22539,1.23116,0.003001674,0.001035946,0.003107839
1/17/18 2:54,DOWN,1.23111,1.2312,1.22723,1.22737,-0.000969083,0.001004145,0.003012434
1/17/18 6:59,DOWN,1.22732,1.22757,1.22149,1.22173,-0.001897146,0.000992664,0.002977992
1/17/18 12:04,DOWN,1.22168,1.225,1.22034,1.22087,-0.000712353,0.000884697,0.002654091
1/17/18 15:41,UP,1.22083,1.22408,1.21962,1.2238,0.00104647,0.000772458,0.002317375
1/17/18 18:29,UP,1.22375,1.22685,1.22256,1.22656,0.001027791,0.000784547,0.00235364
1/17/18 20:05,DOWN,1.22657,1.22881,1.22238,1.22287,-0.002181008,0.00106282,0.003188459
1/17/18 22:36,DOWN,1.22283,1.22318,1.2177,1.21842,-0.001476233,0.001049114,0.003147341
1/18/18 10:19,UP,1.21842,1.222,1.21651,1.22189,0.00090065,0.000915515,0.002746546
1/18/18 14:44,UP,1.22185,1.22557,1.22141,1.22543,0.000800039,0.000831298,0.002493893
1/18/18 18:16,DOWN,1.22547,1.22652,1.22206,1.22239,-0.000580661,0.000774131,0.002322393
1/19/18 2:25,UP,1.22244,1.22563,1.22197,1.22504,0.000783955,0.000668563,0.002005688
1/19/18 7:44,UP,1.22508,1.22795,1.224,1.22779,0.001760808,0.000794865,0.002384596
1/19/18 11:48,DOWN,1.22782,1.22956,1.22558,1.22598,-0.000530048,0.000819042,0.002457126
1/19/18 16:00,DOWN,1.22599,1.22741,1.22186,1.22251,-0.001136359,0.000773226,0.002319677
1/22/18 4:24,DOWN,1.22256,1.22674,1.22149,1.22202,-0.000507228,0.000912298,0.002736893
1/22/18 10:00,UP,1.22198,1.2256,1.22138,1.22489,3.27E-05,0.000764352,0.002293056
1/22/18 17:13,DOWN,1.22487,1.22673,1.22241,1.22327,-0.000743631,0.000771867,0.0023156
1/22/18 20:59,UP,1.22325,1.22614,1.2224,1.22598,0.000195781,0.000735,0.002205
1/23/18 8:35,DOWN,1.22593,1.22761,1.2223,1.22278,-0.001397476,0.000704778,0.002114333
1/23/18 13:46,UP,1.22283,1.22647,1.22254,1.2262,0.001126062,0.000668062,0.002004185
1/23/18 15:05,UP,1.22621,1.22845,1.2251,1.22816,0.00132807,0.000741535,0.002224604
1/23/18 23:52,UP,1.2282,1.23135,1.22706,1.23094,0.000934682,0.000682144,0.002046431
1/24/18 4:12,UP,1.23093,1.23356,1.2293,1.23266,0.001550696,0.000757522,0.002272566
1/24/18 9:26,UP,1.23264,1.23562,1.23027,1.23499,0.000664194,0.000849139,0.002547416
1/24/18 13:59,UP,1.23495,1.23681,1.23294,1.2367,0.00029114,0.000805152,0.002415455
1/24/18 18:24,UP,1.23664,1.24119,1.2363,1.24091,0.002137813,0.000912487,0.002737461
1/25/18 2:46,UP,1.24096,1.24247,1.23845,1.24243,0.001369223,0.000841474,0.002524423
1/25/18 7:40,DOWN,1.24238,1.24596,1.24103,1.24163,-0.000112749,0.000891124,0.002673372
1/25/18 13:43,UP,1.24161,1.24798,1.23893,1.2477,0.005440758,0.001562144,0.004686431
1/25/18 19:06,DOWN,1.2477,1.25379,1.24166,1.24296,-0.004479237,0.001767232,0.005301697
1/26/18 2:58,UP,1.24294,1.24484,1.23638,1.24262,0.000281703,0.001622199,0.004866597
1/26/18 7:52,UP,1.24262,1.24938,1.24126,1.2481,0.002069282,0.001499307,0.004497921
1/26/18 13:15,DOWN,1.24806,1.2491,1.2427,1.24357,-0.00046629,0.001243774,0.003731322
1/29/18 1:31,DOWN,1.24351,1.24575,1.23957,1.24012,-0.001434316,0.000981317,0.00294395
1/29/18 10:18,UP,1.24012,1.24292,1.23851,1.24234,0.000748868,0.000833853,0.00250156
1/29/18 12:43,DOWN,1.24233,1.24251,1.23796,1.23808,-0.00135602,0.000892682,0.002678047
1/29/18 16:07,DOWN,1.23807,1.23895,1.23452,1.23462,-0.00198245,0.000926744,0.002780231
1/29/18 18:14,UP,1.23466,1.23771,1.23368,1.23756,0.001309885,0.000939987,0.002819961
1/30/18 6:58,DOWN,1.23752,1.23903,1.23495,1.23497,-0.000906494,0.000769123,0.00230737
1/30/18 9:05,UP,1.23496,1.23884,1.23347,1.23815,0.002442102,0.001071766,0.003215298
1/30/18 11:31,UP,1.2381,1.24411,1.23774,1.24344,0.001770852,0.001083043,0.003249128
1/30/18 16:42,DOWN,1.24337,1.24542,1.23857,1.23904,-0.001628967,0.001044991,0.003134972
1/31/18 3:21,UP,1.2391,1.24299,1.23838,1.24282,0.001965207,0.001008605,0.003025816
1/31/18 10:07,UP,1.24284,1.24629,1.2415,1.24545,0.000449738,0.000793411,0.002380233
1/31/18 16:56,DOWN,1.24548,1.24751,1.24237,1.24296,-0.001431041,0.000883785,0.002651356
2/1/18 3:41,UP,1.24299,1.24384,1.23869,1.24253,0.000185123,0.000803474,0.002410423
2/1/18 7:11,DOWN,1.2425,1.24283,1.23852,1.23904,-0.001226004,0.000875758,0.002627274
2/1/18 8:44,UP,1.23901,1.24393,1.2386,1.24324,0.000587348,0.000948865,0.002846595
2/1/18 15:45,UP,1.24325,1.24707,1.24247,1.24652,0.001428996,0.000835894,0.002507683
2/1/18 19:49,UP,1.24653,1.25063,1.24599,1.25053,0.001608612,0.000856537,0.002569612
2/2/18 9:30,DOWN,1.25046,1.25227,1.24838,1.24844,-0.000688623,0.000745025,0.002235076
2/2/18 13:47,DOWN,1.24844,1.24993,1.24512,1.24513,-0.002118016,0.000846322,0.002538965
2/2/18 17:23,UP,1.24518,1.24651,1.24094,1.2463,0.001107891,0.000971603,0.00291481
2/4/18 23:15,DOWN,1.24634,1.24909,1.24244,1.24316,-0.001904617,0.000971056,0.002913168
2/5/18 9:19,UP,1.24315,1.24751,1.24298,1.24727,0.001235459,0.000830912,0.002492736
2/5/18 13:00,DOWN,1.24724,1.24742,1.24363,1.24363,-0.000747531,0.000820085,0.002460255
2/5/18 14:40,DOWN,1.24368,1.24489,1.24072,1.24085,-0.000572025,0.000961861,0.002885582
2/5/18 21:18,DOWN,1.24082,1.24301,1.23829,1.23888,-0.000540665,0.000918136,0.002754409
2/6/18 7:16,UP,1.23887,1.23997,1.23508,1.23979,0.001024892,0.000814046,0.002442138
2/6/18 12:09,DOWN,1.23985,1.24346,1.23623,1.23646,-0.002770208,0.001022899,0.003068697
2/6/18 13:45,DOWN,1.23645,1.2366,1.2324,1.23282,-0.000583856,0.000980566,0.002941698
2/6/18 16:32,UP,1.23279,1.23712,1.23138,1.23687,0.001917965,0.001126711,0.003380132
2/7/18 10:02,DOWN,1.23687,1.24061,1.23497,1.23524,-0.001011437,0.00089578,0.002687341
2/7/18 15:30,DOWN,1.2352,1.23551,1.23079,1.23079,-0.002556062,0.000997666,0.002992999
2/7/18 18:06,DOWN,1.23086,1.23153,1.22558,1.22607,-0.000815282,0.001008178,0.003024535
2/8/18 8:32,DOWN,1.22603,1.2295,1.22355,1.22378,-0.002448421,0.001117337,0.003352011
2/8/18 13:55,UP,1.22383,1.22769,1.2212,1.22732,0.00036672,0.001152305,0.003456915
2/8/18 16:35,DOWN,1.22727,1.22951,1.22349,1.22498,-0.000522321,0.00113066,0.00339198
2/9/18 7:20,UP,1.22498,1.2278,1.22322,1.22721,0.000578716,0.000877161,0.002631482
2/9/18 11:26,DOWN,1.22717,1.22872,1.22496,1.2252,-0.000766928,0.00085094,0.002552819
2/9/18 13:59,UP,1.22525,1.22795,1.22272,1.22781,0.00070883,0.000939234,0.002817701
2/9/18 16:16,DOWN,1.22777,1.22799,1.22331,1.2238,-0.00132287,0.000960769,0.002882306
2/9/18 21:34,UP,1.2238,1.22469,1.22055,1.22465,0.001070266,0.000834658,0.002503975
2/12/18 3:53,UP,1.2246,1.22859,1.22426,1.22828,0.00085522,0.000861096,0.002583289
2/12/18 13:55,DOWN,1.22823,1.22974,1.2235,1.22422,-0.001999274,0.00098773,0.00296319
2/12/18 19:08,UP,1.22423,1.22901,1.22373,1.22821,0.000529366,0.000908293,0.002724878
2/13/18 6:28,UP,1.2282,1.23251,1.22792,1.23224,0.001307418,0.000889845,0.002669536
2/13/18 14:31,UP,1.23228,1.23562,1.23096,1.23493,0.000818195,0.000768536,0.002305609
2/14/18 3:21,UP,1.23498,1.23868,1.23439,1.23823,0.001155542,0.000777703,0.002333109
2/14/18 9:55,DOWN,1.23819,1.23927,1.23529,1.23545,-0.000946575,0.000742739,0.002228216
2/14/18 13:40,DOWN,1.23541,1.23579,1.22757,1.22886,-0.004797808,0.001377574,0.004132721
2/14/18 15:15,UP,1.22888,1.23798,1.22877,1.23723,0.004000783,0.001607882,0.004823645
2/14/18 18:20,UP,1.2373,1.24345,1.23594,1.2434,0.002173826,0.001591376,0.004774128
2/15/18 7:09,UP,1.24341,1.24741,1.24224,1.24736,0.00046509,0.001279596,0.003838787
2/16/18 1:27,UP,1.2473,1.25105,1.2457,1.25073,8.80E-05,0.000967389,0.002902166
2/16/18 10:33,DOWN,1.25071,1.25555,1.24985,1.25015,-0.002125484,0.001070248,0.003210743
2/16/18 13:30,DOWN,1.25015,1.25058,1.24532,1.24572,-0.001131235,0.001077833,0.003233499
2/16/18 19:00,DOWN,1.24572,1.24647,1.24102,1.24124,-0.002422059,0.001187517,0.003562552
2/19/18 7:18,DOWN,1.24127,1.24355,1.23893,1.23935,-0.001016146,0.001017262,0.003051786
2/19/18 14:33,DOWN,1.23926,1.24272,1.23701,1.23774,-0.001065892,0.001041908,0.003125723
2/20/18 7:20,DOWN,1.23775,1.24158,1.2369,1.23762,-0.000541215,0.000899359,0.002698077
2/20/18 10:19,DOWN,1.23763,1.23871,1.23373,1.23418,-0.000639896,0.000853444,0.002560331
2/21/18 5:07,DOWN,1.23422,1.23621,1.23168,1.23229,-0.000648987,0.000889432,0.002668295
2/21/18 19:05,UP,1.23224,1.23399,1.23,1.23364,0.000916408,0.000806392,0.002419177
2/21/18 20:17,DOWN,1.23368,1.23603,1.22809,1.22885,-0.001772445,0.001128906,0.003386719
2/22/18 14:08,UP,1.22891,1.23287,1.22594,1.23227,0.00245377,0.001075863,0.003227589
2/23/18 5:57,DOWN,1.23225,1.23524,1.22956,1.23029,-0.000390076,0.000783108,0.002349323
2/26/18 0:13,DOWN,1.23028,1.23212,1.22797,1.22825,-0.001000924,0.000867779,0.002603338
2/26/18 5:29,UP,1.22826,1.23192,1.22805,1.23167,0.000406035,0.000844132,0.002532397
2/26/18 13:52,DOWN,1.23164,1.23552,1.23081,1.23085,-0.001088086,0.00079512,0.002385361
2/27/18 0:49,UP,1.2309,1.23365,1.22777,1.23343,0.001679657,0.000781044,0.002343132
2/27/18 13:02,DOWN,1.23343,1.23466,1.2313,1.23145,-0.000292296,0.000696559,0.002089678
2/27/18 14:52,DOWN,1.23145,1.23145,1.22711,1.22773,-0.001229156,0.000908853,0.002726559
2/27/18 16:28,DOWN,1.22775,1.22791,1.22215,1.2236,-0.000506573,0.000939553,0.002818659
2/28/18 2:54,DOWN,1.22361,1.22551,1.2216,1.22163,-0.001562264,0.000867503,0.002602509
2/28/18 15:37,DOWN,1.22167,1.22417,1.21878,1.21901,-0.001352642,0.000839233,0.0025177
3/1/18 0:48,DOWN,1.219,1.22225,1.21835,1.21856,-0.000738304,0.000779647,0.002338941
3/1/18 12:18,DOWN,1.21855,1.22135,1.21797,1.21811,-0.000205215,0.000763944,0.002291833
3/1/18 16:58,UP,1.21807,1.22223,1.21547,1.22189,0.00247464,0.001091532,0.003274595
3/1/18 19:47,UP,1.22191,1.22376,1.21865,1.22362,0.002331871,0.001190296,0.003570887
3/2/18 3:32,UP,1.22362,1.22807,1.22357,1.22804,0.000667954,0.001035444,0.003106331
3/2/18 10:32,UP,1.22807,1.22951,1.22513,1.22945,0.001155656,0.000940426,0.002821277
3/2/18 15:27,UP,1.22945,1.23329,1.22821,1.23279,0.000933279,0.00081499,0.00244497
3/4/18 23:01,UP,1.23275,1.23653,1.23041,1.23458,0.00183226,0.000853259,0.002559776
3/5/18 7:07,DOWN,1.23447,1.23458,1.22869,1.22965,-0.001470881,0.001102116,0.003306348
3/5/18 9:52,UP,1.22958,1.23347,1.22687,1.23245,1.62E-05,0.001091193,0.00327358
3/5/18 16:26,UP,1.23246,1.23463,1.2284,1.2345,0.001743114,0.000974388,0.002923164
3/6/18 1:17,UP,1.23455,1.23602,1.23216,1.23598,0.001084748,0.000901616,0.002704848
3/6/18 11:40,UP,1.236,1.23919,1.23279,1.23881,0.00340421,0.001129075,0.003387226
3/7/18 4:18,UP,1.23877,1.24292,1.23815,1.24179,5.64E-05,0.000768702,0.002306105
3/7/18 15:36,DOWN,1.24177,1.24454,1.2388,1.23946,-0.001314225,0.000795472,0.002386415
3/8/18 9:26,DOWN,1.23948,1.24159,1.23821,1.23871,-0.001105378,0.000719514,0.002158543
3/8/18 12:49,UP,1.23874,1.24258,1.23687,1.24252,0.003369802,0.001064363,0.003193088
3/8/18 14:33,DOWN,1.24255,1.24463,1.23751,1.23769,-0.001009436,0.001375471,0.004126414
3/8/18 17:01,DOWN,1.23769,1.23794,1.23044,1.23135,-0.001330985,0.001307686,0.003923059
3/9/18 16:17,UP,1.23136,1.23345,1.22728,1.23285,0.000559835,0.001005579,0.003016736
3/12/18 7:58,UP,1.23286,1.23411,1.23024,1.23393,0.001183912,0.000818136,0.002454408
3/12/18 11:49,DOWN,1.23394,1.23399,1.22919,1.22939,-0.001349352,0.000848726,0.002546179
3/12/18 15:47,UP,1.22939,1.23267,1.22903,1.23223,5.68E-05,0.000761906,0.002285717
3/13/18 1:05,UP,1.23217,1.23458,1.23103,1.23412,0.000307959,0.00070996,0.002129881
3/13/18 8:13,DOWN,1.23417,1.23418,1.23144,1.23177,-0.000340915,0.000618659,0.001855977
3/13/18 12:37,UP,1.23176,1.23648,1.23174,1.23604,0.001595071,0.000741739,0.002225216
3/13/18 15:31,UP,1.23605,1.23959,1.23399,1.2394,0.001017138,0.001002333,0.003007
3/14/18 8:26,DOWN,1.2394,1.24129,1.23638,1.2369,-0.002245032,0.000924882,0.002774647
3/14/18 15:34,DOWN,1.23693,1.23976,1.23471,1.23557,-0.000550202,0.000784531,0.002353593
3/15/18 4:30,UP,1.23552,1.23839,1.2352,1.23814,0.000153468,0.000626788,0.001880364
3/15/18 11:30,DOWN,1.23814,1.23832,1.23507,1.23562,-0.000542091,0.000576804,0.001730413
3/15/18 13:44,DOWN,1.23558,1.23591,1.23259,1.23268,-0.001256633,0.000669887,0.002009661
3/15/18 16:49,DOWN,1.23272,1.23481,1.2311,1.23142,-0.000657561,0.000678633,0.002035898
3/16/18 9:12,UP,1.23147,1.23355,1.2295,1.23243,0.000535671,0.000579637,0.001738911
3/16/18 13:30,DOWN,1.23244,1.23366,1.22905,1.22936,-0.001154406,0.000663743,0.001991229
3/16/18 14:57,DOWN,1.22942,1.22989,1.22632,1.22642,-0.001841066,0.000769187,0.00230756
3/19/18 6:31,DOWN,1.22646,1.22956,1.22579,1.22635,-0.000342421,0.000608502,0.001825507
3/19/18 9:58,UP,1.22639,1.22892,1.22624,1.22847,0.000317518,0.000572305,0.001716914
3/19/18 12:05,UP,1.22847,1.23207,1.22761,1.2318,0.002991969,0.00092173,0.002765189
3/19/18 17:39,UP,1.23185,1.23451,1.22989,1.23411,0.000810629,0.000766891,0.002300674
3/20/18 9:44,DOWN,1.23411,1.2359,1.23271,1.23314,-0.000364856,0.000553284,0.001659853
3/20/18 11:38,DOWN,1.23316,1.23321,1.2299,1.22995,-0.000739594,0.000662091,0.001986273
3/20/18 13:41,DOWN,1.22998,1.23008,1.22708,1.22756,-0.000130331,0.000638286,0.001914857
3/20/18 17:12,DOWN,1.22749,1.22869,1.22454,1.22577,-0.000375204,0.0006313,0.001893901
3/21/18 6:48,UP,1.22581,1.22702,1.22397,1.22689,0.000570711,0.000587861,0.001763583
3/21/18 13:37,UP,1.22693,1.22952,1.22644,1.22938,0.000707924,0.000605415,0.001816244
3/21/18 16:33,DOWN,1.22938,1.22961,1.22569,1.2259,-0.000693128,0.00071793,0.002153789
3/21/18 18:15,UP,1.22586,1.23187,1.22509,1.2318,0.005054154,0.001410844,0.004232531
3/21/18 23:51,UP,1.23172,1.23502,1.22836,1.23465,0.000380747,0.00134106,0.004023179
3/22/18 10:42,DOWN,1.2347,1.23888,1.23205,1.23241,-0.000884055,0.001204801,0.003614404
3/22/18 16:16,DOWN,1.23246,1.23318,1.22858,1.22889,-0.001512417,0.000967794,0.002903381
3/22/18 23:38,UP,1.2288,1.23292,1.22852,1.23265,0.000754757,0.00093611,0.002808329
3/23/18 12:26,UP,1.2327,1.23601,1.23166,1.23573,0.001165983,0.000873846,0.002621538
3/23/18 18:21,UP,1.23577,1.23684,1.23225,1.2364,0.000121327,0.000799706,0.002399119
3/26/18 7:20,UP,1.23645,1.23839,1.23494,1.23815,0.001171788,0.000728155,0.002184464
3/26/18 9:57,UP,1.23821,1.24169,1.23742,1.2408,0.000596567,0.000703178,0.002109535
3/26/18 13:42,UP,1.24076,1.24344,1.2398,1.24301,0.001634467,0.000734805,0.002204414
3/26/18 18:51,UP,1.24306,1.24618,1.24272,1.24571,0.000425551,0.000646149,0.001938446
3/27/18 6:54,UP,1.24578,1.24766,1.24407,1.24708,0.001524721,0.000643648,0.001930945
3/27/18 9:06,DOWN,1.2471,1.24744,1.24252,1.24302,-0.001310463,0.000737225,0.002211675
3/27/18 11:19,DOWN,1.24303,1.24309,1.2394,1.24002,-0.001136432,0.000765255,0.002295766
3/27/18 16:39,UP,1.24003,1.24158,1.23724,1.24113,0.000378759,0.000798625,0.002395876
3/28/18 7:30,DOWN,1.24108,1.2422,1.23764,1.2384,-0.000936254,0.000690321,0.002070963
3/28/18 13:10,DOWN,1.23845,1.24089,1.23683,1.23684,-0.001986964,0.000855811,0.002567433
3/28/18 17:41,DOWN,1.23678,1.23701,1.23188,1.23209,-0.002342861,0.000947895,0.002843684
3/29/18 5:39,UP,1.23206,1.23349,1.23001,1.2333,0.000397387,0.000858298,0.002574895
3/29/18 7:43,DOWN,1.2333,1.23353,1.22953,1.23001,-0.000739558,0.000864573,0.002593718
3/29/18 11:33,UP,1.23001,1.23355,1.22972,1.23324,0.001127748,0.000812397,0.002437192
3/29/18 15:50,DOWN,1.23323,1.23359,1.22846,1.2285,-0.001203996,0.000970005,0.002910014
3/30/18 4:05,UP,1.22849,1.23185,1.22838,1.23142,-4.06E-05,0.00078898,0.002366939
4/2/18 12:00,UP,1.23141,1.23432,1.23053,1.23426,0.001183595,0.000733569,0.002200707
4/2/18 15:15,DOWN,1.2342,1.23454,1.22997,1.23051,-0.001916067,0.000839142,0.002517427
4/3/18 6:57,UP,1.23056,1.2325,1.2282,1.23225,0.000819975,0.000704503,0.002113509
4/3/18 10:42,DOWN,1.2322,1.23363,1.23023,1.23023,-0.000682566,0.000706505,0.002119516
4/3/18 13:26,DOWN,1.23019,1.23152,1.22604,1.22672,-0.00236937,0.000919952,0.002759855
4/4/18 3:05,UP,1.22677,1.22874,1.22535,1.22803,0.000390946,0.00064984,0.001949519
4/4/18 8:11,UP,1.22798,1.22955,1.2257,1.22955,0.001440588,0.000707791,0.002123374
4/4/18 12:17,DOWN,1.22947,1.23151,1.22708,1.22726,-0.00105871,0.000715767,0.0021473
4/4/18 14:18,UP,1.22726,1.23101,1.22712,1.2304,0.000943228,0.000807071,0.002421214
4/5/18 3:02,DOWN,1.2304,1.231,1.22738,1.2279,-0.00049666,0.00064201,0.001926029
4/5/18 12:22,DOWN,1.22785,1.22876,1.22489,1.2254,-0.000579235,0.000669896,0.002009689
4/5/18 14:44,DOWN,1.2254,1.22687,1.22308,1.22342,-0.000678196,0.000810419,0.002431258
4/5/18 23:40,UP,1.22347,1.22548,1.22182,1.22505,0.000596072,0.000762763,0.002288288
4/6/18 6:04,DOWN,1.22504,1.22601,1.22294,1.22299,-0.000850014,0.000716463,0.00214939
4/6/18 13:00,UP,1.22294,1.22571,1.22151,1.22475,0.000824998,0.000624742,0.001874225
4/6/18 14:52,UP,1.22469,1.22802,1.2244,1.2273,0.00053791,0.000669327,0.002007982
4/9/18 7:17,DOWN,1.22729,1.22912,1.22569,1.22643,-0.00082319,0.000533337,0.001600011
4/9/18 12:21,UP,1.22637,1.23051,1.22621,1.23042,0.001716334,0.000719605,0.002158815
4/10/18 6:13,DOWN,1.23046,1.23305,1.23024,1.23033,-0.000958633,0.000574151,0.001722454
4/10/18 11:31,UP,1.23032,1.2364,1.23026,1.23548,0.002642138,0.000832197,0.00249659
4/10/18 15:31,DOWN,1.2355,1.23778,1.23243,1.23276,-0.002042107,0.000878714,0.002636143
4/10/18 23:35,UP,1.23274,1.2362,1.23246,1.23607,0.000420777,0.000762661,0.002287984
4/11/18 7:29,UP,1.23602,1.23854,1.23525,1.23832,0.000912943,0.000674086,0.002022259
4/11/18 18:08,DOWN,1.23827,1.23971,1.23531,1.23552,-0.001762884,0.000746822,0.002240466
4/12/18 9:07,DOWN,1.23552,1.23798,1.23356,1.23359,-0.002388539,0.000842651,0.002527953
4/12/18 13:14,DOWN,1.23364,1.23519,1.23116,1.23171,-0.000454549,0.000791172,0.002373516
4/12/18 18:37,UP,1.23176,1.234,1.22992,1.23323,5.68E-05,0.00068666,0.002059981
4/13/18 11:12,DOWN,1.23329,1.23461,1.23099,1.23139,-0.001849854,0.000715621,0.002146862
4/13/18 17:18,UP,1.23145,1.23443,1.23069,1.23334,0.000300043,0.000631624,0.001894871
4/16/18 8:03,UP,1.23329,1.23633,1.2324,1.2361,0.001773273,0.000706693,0.002120078
4/16/18 13:18,UP,1.23612,1.23948,1.23528,1.2387,0.000718753,0.000719526,0.002158578
4/17/18 6:20,UP,1.23865,1.23982,1.23624,1.23969,0.000976527,0.000599749,0.001799248
4/17/18 9:49,DOWN,1.23972,1.2414,1.23646,1.23659,-0.001204201,0.000710289,0.002130868
4/17/18 13:00,DOWN,1.23651,1.23809,1.23451,1.23491,-0.00082563,0.000696388,0.002089164
4/17/18 18:22,UP,1.23488,1.23719,1.2336,1.23715,0.000695388,0.000652775,0.001958324
4/18/18 7:28,DOWN,1.23715,1.23824,1.23486,1.23556,-0.000566384,0.000547501,0.001642503
4/18/18 11:51,UP,1.23552,1.23929,1.23415,1.23854,0.000468403,0.000701888,0.002105665
4/19/18 1:33,DOWN,1.23858,1.23975,1.23678,1.23705,-0.000670726,0.000579713,0.00173914
4/19/18 7:26,UP,1.23705,1.23989,1.23645,1.23971,0.001000734,0.00063109,0.001893271
4/19/18 8:51,DOWN,1.23965,1.24004,1.23599,1.23725,-0.000807918,0.000639104,0.001917313
4/19/18 15:39,DOWN,1.23724,1.23857,1.23435,1.23435,-0.00152191,0.000723657,0.002170971
4/20/18 8:04,DOWN,1.23441,1.23587,1.23236,1.23254,-0.000859643,0.000599118,0.001797354
4/20/18 9:44,DOWN,1.23249,1.2334,1.22996,1.23002,-0.000682683,0.000687949,0.002063848
4/20/18 13:26,DOWN,1.22997,1.23121,1.22792,1.2282,-0.0010823,0.000729231,0.002187694
4/23/18 1:03,DOWN,1.2282,1.23003,1.22494,1.2268,-0.00022821,0.000580708,0.001742125
4/23/18 8:15,DOWN,1.22674,1.22897,1.22495,1.2254,-0.001492276,0.000703228,0.002109684
4/23/18 10:17,DOWN,1.2254,1.22576,1.22262,1.22284,-0.00016354,0.000749048,0.002247145
4/23/18 15:53,DOWN,1.22285,1.22458,1.22105,1.22151,-0.000392879,0.000744151,0.002232452
4/24/18 1:25,DOWN,1.22144,1.22232,1.21845,1.21853,-0.001828401,0.00073098,0.00219294
4/24/18 6:03,UP,1.21845,1.22197,1.21845,1.22143,0.000270212,0.000733799,0.002201398
4/24/18 8:03,DOWN,1.22144,1.22241,1.21889,1.21892,-0.000934817,0.000741867,0.002225602
4/24/18 11:39,UP,1.21891,1.22227,1.21816,1.22199,0.000728586,0.000742372,0.002227115
4/24/18 14:16,UP,1.22194,1.2235,1.21962,1.22299,0.000228973,0.000719977,0.00215993
4/24/18 18:08,UP,1.22294,1.2245,1.22092,1.22417,0.000384007,0.000686664,0.002059991
4/25/18 4:54,DOWN,1.22418,1.22423,1.22169,1.22182,-0.000646367,0.000600124,0.001800373
4/25/18 8:07,DOWN,1.22181,1.22189,1.21866,1.21924,-0.000467395,0.000575761,0.001727282
4/25/18 11:54,DOWN,1.21923,1.22156,1.21795,1.21835,-0.000426716,0.00059617,0.001788511
4/25/18 20:46,DOWN,1.2184,1.22002,1.21612,1.21621,-0.001125816,0.000680188,0.002040565
4/26/18 7:06,UP,1.2162,1.21886,1.21598,1.21858,0.000418608,0.000573606,0.001720819
4/26/18 12:55,UP,1.21859,1.22101,1.21454,1.22089,0.001212966,0.000854555,0.002563665
4/26/18 14:01,DOWN,1.2209,1.22091,1.2163,1.21654,-0.001995476,0.001002724,0.003008173
4/26/18 14:33,DOWN,1.2166,1.2169,1.21132,1.21162,-0.000379585,0.001287595,0.003862786
4/27/18 7:18,DOWN,1.21162,1.21304,1.20753,1.20767,-0.001497632,0.000954577,0.002863731
4/27/18 14:51,UP,1.20761,1.2118,1.20552,1.21075,0.001330639,0.000939932,0.002819796
4/30/18 5:34,UP,1.21081,1.21344,1.20955,1.21335,0.000643055,0.000755925,0.002267776
4/30/18 9:30,DOWN,1.21329,1.2139,1.2098,1.20989,-0.000561877,0.000761283,0.00228385
4/30/18 11:55,DOWN,1.20986,1.21216,1.2073,1.20795,-0.000364187,0.00083318,0.002499541
4/30/18 17:16,UP,1.20793,1.21065,1.20641,1.20993,6.61E-05,0.000762126,0.002286377
5/1/18 5:38,DOWN,1.20988,1.20998,1.20667,1.20669,-0.000745564,0.000696248,0.002088745
5/1/18 8:38,DOWN,1.20673,1.20714,1.20344,1.20387,-0.000523175,0.000709407,0.002128221
5/1/18 14:11,DOWN,1.20387,1.20423,1.20047,1.20056,-0.000907498,0.000705976,0.002117928
5/1/18 17:02,UP,1.20055,1.20201,1.19813,1.20128,0.000424637,0.000698798,0.002096395
5/2/18 7:18,UP,1.20127,1.20185,1.19874,1.20177,0.000699213,0.000651473,0.001954419
5/2/18 8:49,DOWN,1.20176,1.20319,1.19929,1.1994,-0.001807603,0.000760737,0.00228221
5/2/18 13:48,DOWN,1.19936,1.20129,1.19721,1.19727,-0.00202756,0.000809153,0.002427459
5/2/18 18:11,UP,1.19731,1.2001,1.19531,1.19951,0.0030141,0.00101345,0.003040351
5/2/18 19:39,DOWN,1.19951,1.20259,1.19515,1.19532,-0.002147744,0.001296026,0.003888077
5/3/18 3:35,UP,1.19533,1.19858,1.19377,1.19858,0.001068501,0.001132162,0.003396487
5/3/18 14:21,DOWN,1.19864,1.20091,1.19651,1.19691,-0.000350842,0.00095941,0.002878231
5/3/18 16:52,UP,1.19687,1.19859,1.19493,1.1985,0.000834725,0.000913146,0.002739438
5/4/18 7:09,DOWN,1.19855,1.20048,1.19584,1.19653,-0.000325889,0.000778731,0.002336193
5/4/18 13:10,DOWN,1.19654,1.19954,1.19272,1.19381,-0.002367756,0.000887635,0.002662904
5/4/18 16:47,UP,1.19388,1.19563,1.19112,1.19551,0.001037753,0.00087492,0.002624759
5/7/18 6:41,DOWN,1.1955,1.19783,1.19368,1.1939,-0.000669848,0.000807484,0.002422452
5/7/18 11:47,DOWN,1.19395,1.19451,1.1901,1.19013,-0.001200828,0.000777474,0.002332422
5/7/18 16:49,UP,1.19009,1.1938,1.18974,1.19307,0.000226333,0.000734554,0.002203661
5/8/18 7:31,DOWN,1.19308,1.19391,1.19058,1.19072,-0.00121701,0.000784907,0.002354722
5/8/18 9:52,DOWN,1.19071,1.19205,1.1874,1.18754,-0.001514591,0.000895071,0.002685212
5/8/18 14:16,DOWN,1.18759,1.18834,1.1838,1.1847,-2.53E-05,0.000766323,0.00229897
5/8/18 16:18,UP,1.18477,1.18801,1.18409,1.18787,0.000985442,0.000824309,0.002472926
5/9/18 1:06,DOWN,1.18787,1.18866,1.18475,1.1851,-0.001484005,0.000762299,0.002286896
5/9/18 6:58,DOWN,1.18511,1.186,1.18258,1.18265,-0.000870546,0.000727144,0.002181431
5/9/18 8:57,UP,1.18265,1.18558,1.18224,1.18551,0.000911416,0.000734446,0.002203338
5/9/18 11:44,UP,1.18557,1.18891,1.185,1.18814,0.000319879,0.000733404,0.002200211
5/9/18 15:07,DOWN,1.18815,1.18972,1.18519,1.18558,-0.001677096,0.000810455,0.002431366
5/10/18 6:51,UP,1.18562,1.18793,1.18409,1.1874,0.000876247,0.000658203,0.00197461
5/10/18 9:16,UP,1.18737,1.1883,1.18535,1.1883,0.00107775,0.000827249,0.002481747
5/10/18 12:39,UP,1.18825,1.19202,1.18709,1.19175,0.003606243,0.001169518,0.003508554
5/10/18 14:32,DOWN,1.19181,1.19469,1.18864,1.18951,-0.001067097,0.001209861,0.003629582
5/10/18 17:31,UP,1.18944,1.19343,1.1875,1.1929,0.001476486,0.001148264,0.003444791
5/11/18 9:36,UP,1.1929,1.19331,1.18912,1.1932,0.000871986,0.000919992,0.002759975
5/14/18 0:50,UP,1.1932,1.19682,1.19282,1.19604,0.000443227,0.000733173,0.00219952
5/14/18 9:14,UP,1.19597,1.19901,1.19511,1.19838,0.000534197,0.000765862,0.002297585
5/14/18 14:50,DOWN,1.19842,1.19964,1.19619,1.19634,-0.001077708,0.000741993,0.002225979
5/14/18 18:10,DOWN,1.19636,1.19778,1.19375,1.19428,-0.001806988,0.000807016,0.002421049
5/15/18 5:26,DOWN,1.19429,1.19461,1.19127,1.19173,-0.000612367,0.000715958,0.002147875
5/15/18 11:12,DOWN,1.19178,1.19374,1.18957,1.18963,-0.0020909,0.00082584,0.002477519
5/15/18 12:45,DOWN,1.18956,1.18984,1.18522,1.18548,-0.002636801,0.001037058,0.003111175
5/15/18 15:39,UP,1.18553,1.187,1.18201,1.187,0.000960866,0.000940881,0.002822644
5/15/18 20:53,DOWN,1.18703,1.18756,1.1836,1.18396,-0.000557296,0.000888454,0.002665363
5/16/18 9:40,DOWN,1.18396,1.18544,1.18055,1.18064,-0.001464234,0.00082104,0.00246312
5/16/18 11:53,DOWN,1.18064,1.18115,1.17664,1.17788,-0.00044986,0.000775111,0.002325332
5/16/18 14:09,UP,1.17789,1.182,1.17633,1.18155,0.001795865,0.000922771,0.002768312
5/16/18 23:19,UP,1.18154,1.18202,1.17779,1.18146,0.000499507,0.000899463,0.002698389
5/17/18 10:26,DOWN,1.18141,1.18378,1.17829,1.17853,-0.001500744,0.000952892,0.002858677
5/18/18 6:24,UP,1.17848,1.18155,1.17763,1.18137,0.000508014,0.000647976,0.001943929
5/18/18 10:06,DOWN,1.18139,1.18224,1.17748,1.17809,-0.001213093,0.000728689,0.002186066
5/18/18 13:10,DOWN,1.17804,1.1789,1.17563,1.1757,-0.001181576,0.000740915,0.002222744
5/18/18 16:44,UP,1.17572,1.17889,1.17498,1.17864,0.000738411,0.00078119,0.00234357
5/21/18 0:50,DOWN,1.17864,1.17885,1.17439,1.17476,-0.001531055,0.000817578,0.002452733
5/21/18 7:13,DOWN,1.17477,1.17591,1.17224,1.17228,-0.000903812,0.000795416,0.002386249
5/21/18 11:51,UP,1.17226,1.17605,1.17165,1.17564,0.000757321,0.000758876,0.002276629
5/21/18 20:58,UP,1.17564,1.17957,1.1743,1.17906,0.001128654,0.000746701,0.002240104
5/22/18 7:00,DOWN,1.17905,1.17976,1.17564,1.17567,-0.000824721,0.000844323,0.002532969
5/22/18 7:43,UP,1.17571,1.1812,1.17569,1.181,0.002110608,0.001107024,0.003321072
5/22/18 13:05,DOWN,1.18101,1.18301,1.17754,1.17831,-0.000610858,0.00104081,0.00312243
5/23/18 2:43,DOWN,1.17831,1.17941,1.17549,1.17575,-0.000306141,0.000840568,0.002521704
5/23/18 7:31,DOWN,1.17568,1.17687,1.17138,1.17178,-0.001654232,0.000948219,0.002844657
5/23/18 11:52,DOWN,1.17183,1.17481,1.16919,1.16959,-0.000829007,0.000916197,0.00274859
5/23/18 17:25,DOWN,1.16954,1.17195,1.16813,1.16813,-0.001676489,0.000934408,0.002803225
5/24/18 1:02,UP,1.16812,1.1714,1.16757,1.17109,0.000256204,0.000794124,0.002382372
5/24/18 7:26,UP,1.17104,1.17329,1.16907,1.17324,0.00126226,0.000801046,0.002403139
5/25/18 1:20,DOWN,1.17326,1.17505,1.17053,1.17084,-0.0012206,0.000780254,0.002340761
5/25/18 8:50,UP,1.17079,1.17232,1.16843,1.172,0.00127214,0.000773429,0.002320287
5/25/18 11:29,DOWN,1.17205,1.17339,1.16937,1.16955,-0.00109384,0.000842555,0.002527666
5/25/18 13:41,DOWN,1.16953,1.17026,1.16518,1.16575,-0.000557426,0.000991041,0.002973124
5/28/18 0:54,UP,1.16582,1.17056,1.16442,1.17034,0.001282501,0.001066276,0.003198827
5/28/18 8:38,DOWN,1.17035,1.17286,1.16779,1.16836,-0.000941048,0.000913586,0.002740759
5/28/18 11:29,DOWN,1.16829,1.16879,1.1639,1.16394,-0.001287897,0.001061881,0.003185642
5/29/18 6:38,DOWN,1.16401,1.16473,1.15988,1.16045,-0.001205701,0.000819569,0.002458706
5/29/18 8:08,DOWN,1.16046,1.16056,1.15658,1.15726,-0.000259199,0.000830844,0.002492532
5/29/18 9:20,DOWN,1.15721,1.1574,1.15308,1.15415,-0.000285884,0.000889262,0.002667787
5/29/18 10:40,UP,1.15409,1.15695,1.15097,1.15576,1.73E-05,0.001006903,0.00302071
5/29/18 12:38,UP,1.15575,1.1573,1.15326,1.15713,0.001219275,0.001008689,0.003026066
5/29/18 15:41,DOWN,1.15716,1.15901,1.15417,1.15486,-0.000934741,0.000881525,0.002644575
5/30/18 2:37,DOWN,1.15486,1.15602,1.15195,1.15233,-0.001664803,0.000830029,0.002490088
5/30/18 6:08,UP,1.15229,1.15653,1.15185,1.15636,0.002606389,0.001021372,0.003064117
5/30/18 8:02,UP,1.15642,1.16124,1.15538,1.16037,0.001906381,0.001024885,0.003074654
5/30/18 11:14,UP,1.16037,1.1641,1.15814,1.16352,0.001780669,0.001069016,0.003207049
5/30/18 14:40,DOWN,1.16353,1.16483,1.15941,1.1606,-0.000680451,0.000933064,0.002799191
5/30/18 15:48,UP,1.16053,1.16761,1.16035,1.16554,0.001854938,0.001048375,0.003145124
5/31/18 5:57,UP,1.16553,1.16891,1.1645,1.16838,0.001447494,0.00092514,0.00277542
5/31/18 8:13,UP,1.16825,1.17211,1.16644,1.17173,0.000384121,0.000992049,0.002976147
5/31/18 10:19,DOWN,1.17182,1.17245,1.16821,1.16841,-0.000838395,0.000964748,0.002894243
5/31/18 13:56,DOWN,1.16847,1.1709,1.16492,1.16514,-0.00113227,0.001029537,0.00308861
5/31/18 20:17,UP,1.1651,1.16987,1.1641,1.16908,0.000239533,0.001255866,0.003767597
6/1/18 12:15,DOWN,1.16904,1.17182,1.16653,1.16681,-0.001806716,0.001013927,0.00304178
6/4/18 1:46,UP,1.16687,1.16882,1.16168,1.16862,0.000796127,0.000959289,0.002877868
6/4/18 9:31,UP,1.16862,1.17342,1.16749,1.17288,0.000955371,0.000944207,0.00283262
6/4/18 14:34,DOWN,1.17293,1.17449,1.17032,1.17051,-0.001101477,0.000846405,0.002539216
6/5/18 8:18,UP,1.17051,1.17151,1.16771,1.1712,0.001238813,0.000678657,0.002035972
6/5/18 11:00,DOWN,1.17119,1.1717,1.1676,1.16793,-0.001317704,0.000739158,0.002217475
6/5/18 14:17,DOWN,1.16794,1.1688,1.16525,1.16561,-0.000977551,0.000740547,0.002221642
6/5/18 16:10,UP,1.16556,1.17038,1.16545,1.16941,0.001377711,0.000839915,0.002519745
6/5/18 23:41,UP,1.16945,1.17326,1.16941,1.17275,0.000938406,0.00085984,0.002579519
6/6/18 6:37,UP,1.17281,1.17528,1.17139,1.17467,0.001115829,0.000881525,0.002644574
6/6/18 8:14,UP,1.17468,1.17713,1.17153,1.1765,0.000374061,0.001149297,0.003447891
6/6/18 13:52,UP,1.17652,1.17957,1.17381,1.17951,0.002198241,0.00114984,0.00344952
6/7/18 6:44,UP,1.17952,1.18081,1.17606,1.18042,0.000822079,0.000861687,0.002585061
6/7/18 17:02,DOWN,1.18047,1.18401,1.17992,1.18067,-0.000787378,0.000819251,0.002457753
6/8/18 6:20,DOWN,1.18068,1.18234,1.17861,1.17862,-0.001483686,0.000780156,0.002340467
6/8/18 10:20,DOWN,1.1787,1.17889,1.17452,1.17486,-0.001590414,0.000801468,0.002404403
6/8/18 15:55,UP,1.17492,1.17744,1.17269,1.17723,0.00088382,0.000775643,0.002326929
6/11/18 1:08,UP,1.17729,1.1802,1.17644,1.17985,0.00122124,0.000798176,0.002394529
6/11/18 9:35,DOWN,1.17989,1.18208,1.1778,1.1782,-0.001009506,0.000769157,0.002307472
6/11/18 14:49,UP,1.17824,1.18143,1.1775,1.18067,0.000288014,0.000681968,0.002045905
6/11/18 17:53,DOWN,1.18065,1.18114,1.17807,1.17821,-0.000424283,0.000677039,0.002031116
6/12/18 0:38,DOWN,1.17826,1.17895,1.1741,1.17454,-0.002398062,0.000872969,0.002618908
6/12/18 7:27,UP,1.17461,1.17964,1.17435,1.17938,0.002172991,0.000950154,0.002850463
6/12/18 17:18,DOWN,1.17932,1.18094,1.17457,1.17462,-0.002915838,0.001008298,0.003024894
6/13/18 12:54,UP,1.17457,1.17749,1.173,1.17747,0.00109617,0.000839273,0.002517818
6/13/18 18:26,DOWN,1.17748,1.17931,1.17397,1.17479,-0.000476567,0.000971895,0.002915686
6/13/18 19:47,UP,1.17473,1.17995,1.17247,1.17995,0.001789812,0.001143683,0.00343105
6/14/18 10:37,UP,1.17995,1.18314,1.17855,1.18241,0.000160702,0.00083038,0.002491139
6/14/18 11:54,DOWN,1.18246,1.18524,1.17467,1.17481,-0.006482125,0.001769297,0.00530789
6/14/18 13:00,DOWN,1.17483,1.17585,1.16808,1.16855,-0.002640813,0.00176464,0.005293919
6/14/18 17:28,DOWN,1.16858,1.16878,1.16181,1.16239,-0.000567635,0.001534137,0.004602412
6/15/18 0:26,DOWN,1.16238,1.16289,1.15591,1.1567,-0.001304587,0.001460445,0.004381336
6/15/18 9:18,UP,1.15669,1.1614,1.15431,1.16131,0.001930719,0.001351263,0.004053789
6/18/18 6:41,DOWN,1.16137,1.16273,1.15591,1.15827,-0.000828479,0.001006661,0.003019984
6/18/18 10:40,UP,1.15823,1.16183,1.15652,1.16151,0.001128479,0.001063544,0.003190632
6/18/18 23:49,UP,1.1615,1.16416,1.15952,1.1634,0.00106641,0.000931759,0.002795277
6/19/18 6:53,DOWN,1.16341,1.16449,1.15888,1.15913,-0.001491386,0.000969823,0.002909468
6/19/18 9:37,DOWN,1.15914,1.15979,1.15305,1.15412,-0.00121231,0.001111299,0.003333897
6/19/18 15:45,UP,1.15423,1.15879,1.15331,1.1578,0.00112345,0.001005077,0.00301523
6/20/18 9:03,DOWN,1.15779,1.15958,1.15362,1.15592,-0.000795586,0.00081284,0.00243852
6/20/18 13:13,UP,1.156,1.15974,1.15567,1.15953,0.001251289,0.000822791,0.002468373
6/21/18 4:29,DOWN,1.15954,1.16001,1.15575,1.15608,-0.001080656,0.000723581,0.002170742
6/21/18 9:00,DOWN,1.15613,1.15681,1.15161,1.15164,-0.002774793,0.000958501,0.002875503
6/21/18 12:51,UP,1.15169,1.16115,1.15081,1.16037,0.004984956,0.001482139,0.004446418
6/22/18 5:35,UP,1.16035,1.16387,1.1575,1.16288,0.001351009,0.001314196,0.003942587
6/22/18 18:43,UP,1.16293,1.16752,1.16172,1.1664,0.000660369,0.000997171,0.002991512
6/25/18 11:15,UP,1.16644,1.1673,1.16284,1.16713,0.002015516,0.001003558,0.003010675
6/25/18 18:53,UP,1.16716,1.17134,1.16681,1.17055,0.000478522,0.000853171,0.002559513
6/26/18 7:55,DOWN,1.17049,1.17207,1.16876,1.16893,-0.000393445,0.000744558,0.002233674
6/26/18 9:38,DOWN,1.16892,1.16918,1.1651,1.16543,-0.001166271,0.000798192,0.002394577
6/26/18 17:22,DOWN,1.16549,1.16848,1.16346,1.16403,-0.002016813,0.000797626,0.002392877
6/27/18 8:39,DOWN,1.16409,1.16721,1.16238,1.16323,-0.001280096,0.000787873,0.002363619
6/27/18 12:54,DOWN,1.16328,1.16437,1.15999,1.16006,-0.000990837,0.000821286,0.002463859
6/27/18 16:17,DOWN,1.1601,1.16131,1.15805,1.15824,-0.000543781,0.00074275,0.002228251
6/27/18 19:20,DOWN,1.15822,1.15894,1.15403,1.15426,-0.001532275,0.000834711,0.002504132
6/28/18 3:01,UP,1.15421,1.15716,1.15414,1.157,0.000553308,0.000745344,0.002236032
6/28/18 6:35,DOWN,1.15697,1.15733,1.15336,1.15353,-0.001567867,0.000818416,0.002455249
6/28/18 7:55,UP,1.15353,1.15701,1.1527,1.1564,0.001211387,0.000913008,0.002739024
6/28/18 10:31,UP,1.15641,1.15813,1.15353,1.15813,0.000345444,0.000922169,0.002766508
6/28/18 19:09,DOWN,1.15807,1.1601,1.15508,1.15547,-0.000994771,0.000987746,0.002963239
6/29/18 2:44,UP,1.15552,1.16369,1.15542,1.16285,0.005112587,0.00151597,0.00454791
6/29/18 15:13,UP,1.16285,1.16792,1.16127,1.16686,0.000428592,0.001079254,0.003237763
7/2/18 5:39,DOWN,1.16684,1.16908,1.16432,1.16453,-0.000755384,0.000868393,0.002605179
7/2/18 12:58,DOWN,1.16453,1.16558,1.16162,1.16178,-0.001702831,0.000780494,0.002341482
7/2/18 20:12,UP,1.16172,1.16366,1.15911,1.16355,0.001634268,0.000788348,0.002365043
7/3/18 7:10,UP,1.16347,1.16592,1.16203,1.1658,0.001510834,0.000776512,0.002329535
7/4/18 2:00,UP,1.16586,1.1679,1.16418,1.1673,0.00033416,0.000747539,0.002242617
7/4/18 8:31,DOWN,1.1673,1.1682,1.16358,1.16439,-0.000721148,0.000836209,0.002508626
7/5/18 5:56,UP,1.16434,1.1692,1.16304,1.16912,0.00233782,0.000932468,0.002797404
7/5/18 18:24,DOWN,1.16918,1.17205,1.16721,1.168,-0.000667585,0.000732375,0.002197124
7/6/18 6:32,UP,1.16806,1.17152,1.16745,1.17046,0.000743574,0.000676675,0.002030024
7/6/18 12:30,UP,1.17043,1.17435,1.17,1.1732,0.001484224,0.000742753,0.002228258
7/6/18 14:14,UP,1.17313,1.17637,1.17243,1.17596,0.000136068,0.000739323,0.002217968
7/9/18 1:56,UP,1.17587,1.17682,1.1733,1.17651,0.000977945,0.000700095,0.002100284
7/9/18 11:58,UP,1.17657,1.17891,1.175,1.17823,0.000424455,0.000699578,0.002098735
7/9/18 14:24,DOWN,1.17825,1.17909,1.17517,1.17577,-0.00028913,0.000690541,0.002071623
7/10/18 8:40,DOWN,1.17584,1.17636,1.17277,1.17302,-0.001107637,0.000660064,0.001980193
7/10/18 11:23,DOWN,1.17303,1.17303,1.16901,1.16969,-0.00169986,0.000742214,0.002226641
7/10/18 15:30,UP,1.16971,1.1732,1.16962,1.17312,0.001006371,0.000756586,0.002269758
7/11/18 8:50,DOWN,1.17307,1.175,1.1711,1.17141,-0.001484287,0.000649571,0.001948713
7/11/18 12:57,UP,1.17135,1.17538,1.16949,1.17472,0.001661349,0.000820044,0.002460133
7/11/18 15:12,DOWN,1.17476,1.17585,1.1716,1.1723,-0.00037526,0.000782919,0.002348757
7/11/18 17:13,DOWN,1.17224,1.17273,1.1675,1.16829,-0.002077803,0.000941425,0.002824275
7/12/18 11:01,DOWN,1.16824,1.16935,1.16538,1.16553,-0.001997095,0.000791184,0.002373551
7/12/18 15:01,UP,1.16558,1.16883,1.16496,1.16838,0.000813422,0.000704462,0.002113385
7/12/18 23:43,DOWN,1.16838,1.16959,1.16551,1.16633,-0.000274327,0.000590269,0.001770806
7/13/18 7:18,DOWN,1.16632,1.16753,1.1629,1.16333,-0.002155275,0.000754654,0.002263962
7/13/18 14:22,UP,1.16338,1.16549,1.16128,1.16517,0.000704008,0.000676748,0.002030244
7/13/18 19:11,UP,1.16517,1.16831,1.16465,1.16773,0.000479678,0.000634795,0.001904384
7/16/18 6:17,UP,1.16769,1.17075,1.16754,1.17019,0.000692435,0.000590536,0.001771607
7/16/18 11:09,UP,1.1702,1.17219,1.1685,1.17213,0.00123783,0.000564988,0.001694963
7/17/18 1:42,DOWN,1.17218,1.17257,1.16944,1.17048,-0.000444164,0.000455451,0.001366353
7/17/18 6:23,UP,1.17042,1.17333,1.17028,1.17302,0.001373468,0.00059833,0.001794989
7/17/18 10:51,DOWN,1.17307,1.17449,1.17172,1.17204,-0.00057149,0.000567289,0.001701867
7/17/18 12:59,DOWN,1.17204,1.17225,1.1691,1.16972,-0.000589711,0.000558979,0.001676936
7/17/18 16:06,DOWN,1.16977,1.17043,1.1661,1.16624,-0.002192683,0.000861849,0.002585546
7/18/18 5:55,DOWN,1.16627,1.16694,1.16316,1.16363,-0.000489726,0.000748649,0.002245947
7/18/18 11:07,DOWN,1.16358,1.16418,1.1607,1.16144,-0.000327127,0.000599174,0.001797521
7/18/18 13:38,UP,1.16143,1.16334,1.16018,1.16323,0.000369729,0.000584921,0.001754762
7/18/18 16:25,UP,1.1633,1.166,1.16312,1.16587,0.001570876,0.000655291,0.001965872
7/19/18 6:10,DOWN,1.16587,1.16626,1.16335,1.16354,-0.000987875,0.000619196,0.001857587
7/19/18 7:22,DOWN,1.16348,1.16396,1.16072,1.16134,-0.000912322,0.000628385,0.001885156
7/19/18 11:06,DOWN,1.1614,1.16188,1.15863,1.15916,-0.000733021,0.000581343,0.001744029
7/19/18 14:22,UP,1.15915,1.16221,1.15747,1.16146,0.001542353,0.000730721,0.002192164
7/19/18 17:11,UP,1.1615,1.16442,1.1596,1.16344,0.002461254,0.000901228,0.002703685
7/20/18 6:03,UP,1.16351,1.1679,1.16261,1.16695,0.000617183,0.00099409,0.00298227
7/20/18 12:39,UP,1.16702,1.16815,1.16329,1.16789,0.000925172,0.000790333,0.002370999
7/20/18 13:23,UP,1.16793,1.17153,1.1673,1.17124,6.83E-05,0.000907449,0.002722347
7/22/18 23:38,UP,1.17129,1.17458,1.17012,1.17371,0.001338534,0.000827227,0.00248168
7/23/18 7:09,DOWN,1.1738,1.17505,1.17141,1.17157,-0.000699671,0.000732859,0.002198577
7/23/18 9:25,DOWN,1.17156,1.1743,1.1697,1.17017,-0.000529697,0.000951456,0.002854367
7/23/18 18:09,DOWN,1.17017,1.17278,1.16835,1.16885,-0.00103467,0.000798293,0.002394878
7/24/18 6:39,DOWN,1.1689,1.1702,1.16661,1.16688,-0.000377003,0.000623655,0.001870965
7/24/18 10:22,UP,1.16693,1.17062,1.16544,1.17047,0.001958395,0.000863067,0.0025892
7/24/18 16:12,DOWN,1.17053,1.17171,1.16778,1.16859,-0.000633041,0.00074837,0.002245109
7/25/18 9:14,UP,1.16853,1.17012,1.16729,1.16989,0.000418931,0.000522313,0.001566938
7/25/18 14:53,DOWN,1.16995,1.17122,1.16762,1.16762,-0.001395029,0.000618938,0.001856813
7/25/18 17:44,UP,1.16767,1.16999,1.16637,1.16975,0.001488605,0.000696676,0.002090027
7/25/18 20:04,UP,1.16974,1.17389,1.16892,1.17297,0.001074774,0.000779251,0.002337752
7/26/18 9:05,DOWN,1.17296,1.17439,1.17108,1.17149,-0.000418183,0.000662529,0.001987588
7/26/18 13:12,DOWN,1.17149,1.17314,1.16853,1.16947,-0.000136805,0.000861097,0.002583292
7/26/18 14:23,DOWN,1.16945,1.17001,1.16555,1.1659,-0.001876615,0.000938071,0.002814213
7/26/18 23:22,DOWN,1.16595,1.16681,1.16379,1.16392,-0.000489605,0.000771993,0.002315979
7/27/18 8:45,DOWN,1.16392,1.1658,1.16258,1.16278,-0.001366479,0.000753889,0.002261666
7/27/18 13:43,UP,1.16277,1.16571,1.16202,1.16542,0.000755378,0.000691295,0.002073885
7/30/18 9:12,UP,1.16534,1.16811,1.16457,1.16765,0.000633952,0.000667103,0.002001309
7/30/18 13:46,UP,1.16759,1.17029,1.16746,1.17008,0.000564223,0.000677791,0.002033373
7/31/18 7:12,UP,1.17014,1.17315,1.16992,1.17268,0.001314094,0.000629093,0.00188728
7/31/18 11:15,UP,1.17273,1.17439,1.17094,1.17424,0.001227078,0.000676792,0.002030377
7/31/18 13:49,DOWN,1.17424,1.17461,1.17065,1.17083,-0.001297382,0.000834659,0.002503976
8/1/18 1:29,DOWN,1.17084,1.17142,1.16834,1.1684,-0.000350846,0.000637631,0.001912892
8/1/18 15:17,DOWN,1.16845,1.17,1.16678,1.16678,-0.001310442,0.000585285,0.001755854
8/2/18 3:02,DOWN,1.16674,1.1678,1.16539,1.16553,-0.000900472,0.000601789,0.001805366
8/2/18 8:19,DOWN,1.16553,1.16566,1.1618,1.16217,-0.001186729,0.000769575,0.002308724
8/2/18 17:44,DOWN,1.16223,1.16323,1.15974,1.16004,-0.000689394,0.000633726,0.001901177
8/3/18 6:24,DOWN,1.16005,1.16028,1.15768,1.15772,-0.001079126,0.000657145,0.001971435
8/3/18 11:30,UP,1.15777,1.16053,1.15614,1.15999,0.001604749,0.00069585,0.002087549
8/3/18 13:46,DOWN,1.15994,1.16108,1.15601,1.1573,-0.000466494,0.000727054,0.002181163
8/3/18 20:11,DOWN,1.15722,1.16037,1.15695,1.15706,-0.000544335,0.000671657,0.00201497
8/6/18 10:45,DOWN,1.15711,1.15711,1.1539,1.15392,-0.001610599,0.000701675,0.002105026
8/6/18 14:32,UP,1.15392,1.15637,1.153,1.15617,0.001592729,0.000771452,0.002314356
8/7/18 7:07,UP,1.15618,1.15839,1.15481,1.15779,0.00050108,0.000700556,0.002101668
8/7/18 10:57,UP,1.15773,1.16005,1.1569,1.16,0.000862441,0.000694787,0.00208436
8/8/18 4:05,UP,1.15993,1.16203,1.1582,1.16189,0.001257363,0.000614405,0.001843216
8/8/18 8:24,DOWN,1.16189,1.16285,1.15838,1.15859,-0.002327708,0.000831231,0.002493693
8/8/18 17:59,UP,1.15855,1.16139,1.1573,1.16102,0.00134455,0.000768319,0.002304958
8/9/18 7:24,DOWN,1.16106,1.162,1.15869,1.15887,-0.001095295,0.00080197,0.002405911
8/9/18 15:36,DOWN,1.15888,1.16075,1.15645,1.15697,-0.000406151,0.000657832,0.001973495
8/9/18 19:04,DOWN,1.15698,1.15743,1.15409,1.15439,-0.000987047,0.000673537,0.002020611
8/10/18 5:05,DOWN,1.15434,1.15438,1.15156,1.15183,-0.001284087,0.000703655,0.002110966
8/10/18 5:19,DOWN,1.15177,1.15186,1.14387,1.14573,-0.005309994,0.001468736,0.004406207
8/10/18 13:21,DOWN,1.14566,1.14827,1.14168,1.14201,-0.002291573,0.001153119,0.003459358
8/10/18 16:10,DOWN,1.14208,1.14473,1.13944,1.14031,-0.000894094,0.001082415,0.003247244
8/13/18 1:08,DOWN,1.14026,1.1428,1.13692,1.13763,-0.001106953,0.00095888,0.00287664
8/13/18 12:36,UP,1.1376,1.14153,1.13649,1.14057,0.00070165,0.000789947,0.002369841
8/13/18 16:07,DOWN,1.14059,1.14332,1.13909,1.13916,-0.001578865,0.000846576,0.002539729
8/14/18 6:23,UP,1.13915,1.14252,1.13852,1.14228,0.001235136,0.000732946,0.002198838
8/14/18 8:51,DOWN,1.14228,1.14296,1.13879,1.13949,-0.001525834,0.000824586,0.002473758
8/14/18 14:04,DOWN,1.13949,1.14186,1.13798,1.13817,-0.000606053,0.000717369,0.002152106
8/14/18 15:49,DOWN,1.13823,1.13881,1.13499,1.13536,-0.000607552,0.000754252,0.002262757
8/15/18 2:45,DOWN,1.13531,1.13544,1.13279,1.13286,-0.001235047,0.00070329,0.002109871
8/15/18 10:45,DOWN,1.13281,1.13466,1.13127,1.13131,-0.001007174,0.000615917,0.00184775
8/15/18 15:10,UP,1.13137,1.1343,1.13009,1.13344,0.001677719,0.000751911,0.002255734
8/15/18 21:30,UP,1.13336,1.13552,1.13124,1.1346,7.93E-05,0.000698204,0.002094613
8/16/18 1:45,UP,1.13482,1.13777,1.13356,1.13665,0.001267684,0.000744796,0.002234387
8/16/18 5:38,UP,1.13664,1.13947,1.13633,1.13927,0.000500446,0.000714209,0.002142627
8/16/18 7:26,DOWN,1.13932,1.13986,1.1364,1.13686,-0.000905594,0.000698744,0.002096233
8/16/18 13:51,UP,1.13686,1.14053,1.13571,1.14012,0.001940274,0.001025741,0.003077223
8/16/18 16:53,DOWN,1.14017,1.14094,1.13563,1.1361,-0.001284273,0.000948262,0.002844785
8/17/18 6:30,UP,1.13615,1.13892,1.13474,1.1386,0.000368942,0.000787294,0.002361883
8/17/18 14:09,UP,1.1386,1.14197,1.13739,1.14084,0.000210393,0.000705539,0.002116616
8/17/18 19:07,UP,1.14089,1.14451,1.14009,1.14431,0.001530476,0.000861687,0.00258506
8/20/18 6:23,DOWN,1.14432,1.14446,1.1411,1.1418,-0.000656642,0.000728367,0.002185102
8/20/18 12:57,UP,1.14179,1.14321,1.13942,1.14256,0.000630362,0.00064448,0.001933439
8/20/18 16:27,UP,1.14251,1.14626,1.14211,1.14591,0.001432202,0.000675753,0.002027259
8/20/18 21:30,UP,1.14591,1.14915,1.14561,1.14901,0.000888115,0.000705121,0.002115364
8/21/18 0:47,UP,1.14901,1.15427,1.14803,1.15225,0.002076357,0.000830243,0.002490729
8/21/18 12:09,DOWN,1.1522,1.15403,1.15049,1.15063,-0.001441648,0.000722393,0.00216718
8/21/18 14:44,UP,1.15063,1.15326,1.14918,1.15301,0.000772191,0.000754511,0.002263534
8/21/18 16:56,UP,1.15299,1.15728,1.15128,1.15664,0.003021922,0.001087106,0.003261318
8/22/18 7:57,DOWN,1.15656,1.16016,1.15566,1.15642,-0.000371768,0.000806428,0.002419285
8/22/18 9:40,UP,1.15642,1.15944,1.15532,1.1588,0.000768331,0.00094567,0.002837011
8/23/18 0:19,DOWN,1.15885,1.16231,1.15696,1.15733,-0.001924995,0.001029173,0.003087519
8/23/18 10:56,UP,1.15734,1.159,1.15422,1.15884,0.001718711,0.000926902,0.002780706
8/23/18 17:27,DOWN,1.15884,1.1591,1.15307,1.15399,-0.001549938,0.001029824,0.003089473
8/24/18 5:42,UP,1.15394,1.15802,1.15299,1.15751,0.001538967,0.00086458,0.002593741
8/24/18 11:57,UP,1.15749,1.16003,1.15551,1.15951,0.001130426,0.000762558,0.002287673
8/24/18 14:54,UP,1.15958,1.16402,1.15812,1.16226,0.000679941,0.000741777,0.002225332
8/27/18 5:02,DOWN,1.16225,1.16538,1.16162,1.16185,-0.001092487,0.00073006,0.002190181
8/27/18 12:18,UP,1.1619,1.16371,1.15944,1.1637,0.001539381,0.000731099,0.002193298
8/27/18 15:01,UP,1.1637,1.16756,1.16331,1.16705,0.000951569,0.000741188,0.002223563
8/28/18 9:36,UP,1.16704,1.17004,1.16624,1.16914,8.55E-05,0.000597175,0.001791525
8/28/18 12:51,UP,1.16909,1.17218,1.16906,1.1718,0.000734183,0.000720543,0.00216163
8/28/18 19:01,DOWN,1.17178,1.17338,1.16905,1.16967,-0.000316279,0.000695981,0.002087944
8/29/18 8:00,DOWN,1.16966,1.16997,1.16651,1.1667,-0.000891006,0.000628447,0.00188534
8/29/18 14:01,UP,1.16664,1.16979,1.16517,1.16958,0.002216926,0.000868186,0.002604558
8/30/18 7:12,UP,1.16955,1.17165,1.16832,1.17132,0.001119022,0.000651982,0.001955947
8/30/18 8:24,DOWN,1.1713,1.17184,1.16811,1.16841,-0.001676088,0.000762423,0.002287268
8/30/18 13:19,DOWN,1.1685,1.1709,1.16602,1.16642,-0.001242348,0.000737555,0.002212664
8/31/18 1:40,UP,1.16647,1.16794,1.16416,1.16701,0.000368531,0.000627477,0.00188243
8/31/18 10:37,DOWN,1.167,1.16907,1.16558,1.16601,-0.000728716,0.000647957,0.001943872
8/31/18 13:12,DOWN,1.16601,1.167,1.1628,1.163,-0.000618897,0.000660604,0.001981813
8/31/18 15:22,DOWN,1.16301,1.1652,1.16117,1.1615,-0.001591501,0.000782851,0.002348553
8/31/18 16:41,DOWN,1.16151,1.16158,1.15845,1.15864,-0.000396938,0.000797193,0.00239158
9/3/18 5:55,UP,1.15865,1.16143,1.15851,1.16128,0.001197672,0.000733589,0.002200768
9/4/18 1:34,DOWN,1.16122,1.16281,1.15909,1.16008,-0.000568765,0.000574425,0.001723274
9/4/18 6:39,DOWN,1.16001,1.16114,1.15747,1.15823,-0.001216634,0.00062447,0.001873409
9/4/18 10:26,DOWN,1.15823,1.15854,1.15561,1.15605,-0.000172988,0.000565186,0.001695557
9/4/18 14:05,DOWN,1.15606,1.1569,1.153,1.15343,-0.001793039,0.000711656,0.002134968
9/4/18 16:04,UP,1.15338,1.15701,1.15332,1.15665,0.001124568,0.000757716,0.002273149
9/5/18 1:28,UP,1.15666,1.15983,1.15646,1.15953,0.000854159,0.00070903,0.002127089
9/5/18 6:53,DOWN,1.15951,1.16085,1.15637,1.15652,-0.00157245,0.000758728,0.002276185
9/5/18 9:25,UP,1.15647,1.1593,1.15423,1.1582,0.001416994,0.00077444,0.002323319
9/5/18 13:08,UP,1.15825,1.16188,1.15674,1.16152,0.002672484,0.000999476,0.002998428
9/6/18 0:15,UP,1.1615,1.16571,1.16053,1.16571,0.002009378,0.00090372,0.00271116
9/6/18 5:48,DOWN,1.16564,1.16594,1.16191,1.1623,-0.000825608,0.000859412,0.002578235
9/6/18 12:46,UP,1.16231,1.16551,1.16137,1.16463,0.000249037,0.000747087,0.00224126
9/6/18 15:08,DOWN,1.16463,1.16493,1.16052,1.161,-0.002700914,0.000963659,0.002890978
9/7/18 6:27,UP,1.16101,1.16427,1.16054,1.1638,0.001298316,0.000739463,0.002218388
9/7/18 11:35,DOWN,1.16375,1.16497,1.15998,1.16069,-0.001695828,0.000791375,0.002374124
9/7/18 12:54,DOWN,1.16066,1.16233,1.15723,1.15754,-0.00054411,0.001014226,0.003042679
9/7/18 17:20,DOWN,1.15753,1.15937,1.15504,1.15537,-0.00034615,0.000902131,0.002706393
9/10/18 6:57,DOWN,1.15536,1.15674,1.15255,1.15331,-0.001360373,0.000820916,0.002462748
9/10/18 8:01,UP,1.15332,1.15701,1.1532,1.15682,0.001565859,0.00093002,0.00279006
9/10/18 13:16,UP,1.15688,1.16166,1.15619,1.16048,0.000853459,0.00089116,0.002673481
9/11/18 1:22,DOWN,1.16049,1.16132,1.15812,1.15812,-0.001165003,0.000739886,0.002219657
9/11/18 5:51,UP,1.15811,1.16131,1.15775,1.16114,0.001146083,0.000778483,0.00233545
9/11/18 9:52,DOWN,1.1612,1.16442,1.15956,1.15971,-0.001025592,0.000833889,0.002501668
9/12/18 7:49,UP,1.15971,1.16133,1.15655,1.1604,0.001768195,0.000817918,0.002453754
9/12/18 14:06,UP,1.16034,1.16204,1.1572,1.16178,0.002378491,0.000915682,0.002747045
9/13/18 9:25,DOWN,1.16183,1.165,1.1609,1.16167,-0.000567986,0.000732449,0.002197347
9/13/18 12:40,UP,1.16175,1.16658,1.16134,1.16625,0.003685239,0.001139747,0.00341924
9/14/18 3:28,UP,1.16631,1.17012,1.16569,1.16946,0.000307882,0.000836384,0.002509152
9/14/18 11:46,DOWN,1.16943,1.17218,1.16881,1.16892,-0.000838029,0.000764151,0.002292453
9/14/18 14:33,DOWN,1.16893,1.17057,1.16553,1.16623,-0.000582905,0.00076484,0.00229452
9/14/18 16:47,DOWN,1.16623,1.16696,1.16262,1.1635,-0.001202543,0.000794338,0.002383014
9/17/18 8:18,UP,1.16351,1.16568,1.16178,1.16549,0.001915191,0.000766591,0.002299774
9/17/18 12:29,UP,1.16544,1.16749,1.16472,1.16734,0.000839868,0.000709477,0.002128432
9/17/18 23:33,DOWN,1.16743,1.16984,1.16666,1.16691,-0.001592684,0.000709334,0.002128002
9/18/18 3:44,UP,1.16696,1.17031,1.16675,1.1697,0.000624286,0.000697731,0.002093193
9/18/18 7:21,DOWN,1.16965,1.1718,1.16774,1.16869,-0.000487607,0.000837518,0.002512554
9/18/18 12:58,UP,1.16874,1.17101,1.1672,1.17062,0.000923014,0.000768473,0.00230542
9/18/18 15:29,DOWN,1.17062,1.17246,1.16821,1.1686,-0.001197298,0.000767949,0.002303848
9/19/18 7:31,UP,1.1686,1.16963,1.16521,1.16952,0.001540279,0.000863868,0.002591604
9/19/18 11:20,DOWN,1.16951,1.17151,1.16699,1.16813,-0.001189229,0.000803087,0.002409262
9/19/18 15:38,UP,1.16813,1.1692,1.165,1.16862,0.000522119,0.000753516,0.002260548
9/20/18 7:04,UP,1.16857,1.16941,1.16688,1.1689,0.000188229,0.000527619,0.001582857
9/20/18 10:27,UP,1.16895,1.17126,1.16854,1.17113,0.000486828,0.000693795,0.002081386
9/20/18 11:43,UP,1.17115,1.17457,1.17101,1.17446,0.001806716,0.000790499,0.002371496
9/20/18 15:46,DOWN,1.17446,1.17777,1.1742,1.17455,-0.000502194,0.000739356,0.002218068
9/20/18 18:59,UP,1.17455,1.17769,1.17452,1.17756,0.000994074,0.000768721,0.002306162
9/21/18 7:14,UP,1.17752,1.1803,1.17725,1.18022,0.001144509,0.000700716,0.002102148
9/21/18 7:50,DOWN,1.18021,1.18029,1.17689,1.17731,-0.001307212,0.0007826,0.002347801
9/21/18 12:07,DOWN,1.17735,1.17976,1.1755,1.1761,-0.000629,0.000723515,0.002170546
9/24/18 5:55,DOWN,1.17616,1.17674,1.17323,1.17339,-0.000511208,0.000668091,0.002004273
9/24/18 8:36,UP,1.17339,1.17681,1.1724,1.17644,0.001258825,0.000748432,0.002245296
9/24/18 13:13,UP,1.17643,1.18048,1.17495,1.1798,0.003600303,0.001090863,0.003272589
9/24/18 15:48,DOWN,1.17973,1.18154,1.17546,1.17681,-0.000781469,0.001025893,0.00307768
9/25/18 2:22,DOWN,1.17677,1.17758,1.17307,1.17335,-0.001677546,0.000949893,0.00284968
9/25/18 7:48,UP,1.17332,1.17732,1.17331,1.17712,0.00164945,0.000927438,0.002782313
9/25/18 11:46,UP,1.17712,1.17906,1.17337,1.17825,0.000475394,0.000910123,0.002730368
9/26/18 1:27,DOWN,1.17831,1.17927,1.17559,1.17596,-0.000416594,0.000685974,0.002057922
9/26/18 11:16,DOWN,1.17595,1.17758,1.17425,1.17428,-0.000604443,0.000601689,0.001805068
9/26/18 15:57,UP,1.17426,1.17572,1.17259,1.17554,0.000672257,0.000587349,0.001762046
9/26/18 18:03,UP,1.1755,1.17882,1.17446,1.1781,0.001699091,0.000765202,0.002295607
9/26/18 18:48,DOWN,1.17817,1.1798,1.17312,1.17428,-0.001965231,0.000893067,0.0026792
9/27/18 5:16,DOWN,1.17425,1.17716,1.17109,1.1715,-0.002923592,0.001047263,0.003141789
9/27/18 13:02,DOWN,1.17153,1.17206,1.16706,1.16718,-0.001421221,0.00087248,0.00261744
9/27/18 18:06,DOWN,1.16718,1.16967,1.16593,1.16605,-0.000522997,0.00088343,0.00265029
9/28/18 6:51,DOWN,1.16604,1.1663,1.16235,1.1631,-0.000404011,0.000788803,0.002366409
9/28/18 9:34,DOWN,1.16305,1.16313,1.15964,1.15968,-0.000818856,0.000773836,0.002321509
9/28/18 15:07,UP,1.15964,1.16205,1.15697,1.16167,0.00127484,0.000801794,0.002405383
10/1/18 5:50,DOWN,1.16161,1.16296,1.15872,1.1588,-0.000621139,0.000674911,0.002024733
10/1/18 9:03,UP,1.15878,1.16093,1.15738,1.16045,0.00064651,0.000635131,0.001905393
10/1/18 14:42,DOWN,1.16048,1.16249,1.15777,1.15798,-0.001992866,0.000838632,0.002515895
10/2/18 5:52,DOWN,1.15792,1.15899,1.15471,1.15477,-0.001272171,0.000779442,0.002338325
10/2/18 9:04,DOWN,1.1547,1.15504,1.15097,1.15129,-0.001388781,0.000783202,0.002349606
10/2/18 12:04,UP,1.1513,1.15427,1.15051,1.154,0.001083776,0.000728841,0.002186523
10/2/18 16:14,UP,1.15398,1.15707,1.15289,1.1565,0.000579502,0.000637259,0.001911777
10/3/18 2:10,UP,1.15654,1.1585,1.15356,1.15828,0.001780083,0.000859075,0.002577224
10/3/18 10:51,DOWN,1.15832,1.1594,1.15546,1.15607,-0.000302704,0.000684316,0.002052948
10/3/18 13:04,DOWN,1.15607,1.15614,1.1528,1.15313,-0.001022779,0.000723747,0.002171242
10/3/18 17:17,DOWN,1.15313,1.15469,1.15093,1.15112,-0.000894381,0.000641711,0.001925132
10/3/18 21:01,DOWN,1.15118,1.15258,1.14642,1.14725,-0.002663697,0.000916651,0.002749953
10/4/18 8:12,UP,1.14749,1.14996,1.14633,1.14947,0.000408968,0.000799471,0.002398414
10/4/18 13:04,UP,1.14942,1.15157,1.14814,1.15121,0.000808172,0.000690758,0.002072274
10/4/18 16:02,DOWN,1.15127,1.15428,1.15039,1.15071,-0.000538653,0.000692364,0.002077091
10/5/18 8:41,DOWN,1.15067,1.152,1.14912,1.14973,-0.000226114,0.000548071,0.001644212
10/5/18 11:57,UP,1.14977,1.15147,1.14871,1.15108,0.000929994,0.000552342,0.001657026
10/5/18 13:06,UP,1.15105,1.15386,1.14839,1.15343,0.001049596,0.000908419,0.002725256
10/5/18 16:10,DOWN,1.15344,1.15501,1.14978,1.1507,-0.000573399,0.000793268,0.002379804
10/8/18 6:33,DOWN,1.15068,1.1533,1.15018,1.15044,-0.000512716,0.000634606,0.001903819
10/8/18 8:49,DOWN,1.15048,1.15057,1.14753,1.14818,-0.000626883,0.000615417,0.001846252
10/8/18 12:53,DOWN,1.14816,1.14871,1.146,1.146,-0.001220895,0.000618572,0.001855716
10/8/18 14:16,UP,1.14605,1.14897,1.14598,1.14867,0.000931946,0.000683231,0.002049694
10/9/18 4:54,UP,1.14866,1.1503,1.14695,1.14997,0.000922188,0.000600368,0.001801103
10/9/18 6:31,DOWN,1.14996,1.15005,1.14652,1.14712,-0.002168301,0.000778529,0.002335586
10/9/18 10:11,DOWN,1.14713,1.14873,1.14438,1.14474,-0.001300759,0.000762409,0.002287228
10/9/18 14:17,UP,1.1448,1.14687,1.14321,1.14644,0.001370395,0.000742801,0.002228402
10/9/18 17:28,UP,1.14652,1.14931,1.14627,1.1492,0.001358388,0.000786179,0.002358537
10/10/18 7:35,DOWN,1.1492,1.15158,1.1481,1.14858,-0.001296413,0.000731583,0.002194748
10/10/18 13:25,UP,1.14858,1.15237,1.14797,1.1518,0.001146689,0.00073732,0.002211959
10/10/18 16:05,UP,1.15179,1.15438,1.15074,1.154,0.000797545,0.000721921,0.002165763
10/10/18 19:55,DOWN,1.154,1.15456,1.15143,1.15144,-0.000555671,0.000663057,0.001989171
10/11/18 0:05,UP,1.15148,1.15415,1.15144,1.15415,0.000537336,0.000689752,0.002069255
10/11/18 3:59,UP,1.15409,1.15727,1.15331,1.15683,0.000717735,0.000826876,0.002480628
10/11/18 7:08,DOWN,1.15682,1.15686,1.15351,1.15383,-0.001186646,0.000841227,0.00252368
10/11/18 10:39,UP,1.15383,1.15757,1.15373,1.15718,0.001124052,0.000822726,0.002468178
10/11/18 14:13,DOWN,1.15719,1.15996,1.15487,1.15493,-0.00148816,0.00083142,0.002494261
10/11/18 17:23,UP,1.15485,1.15828,1.15453,1.15792,0.000336868,0.00080994,0.002429821
10/12/18 4:37,UP,1.15793,1.16093,1.15755,1.1603,0.000112046,0.000632767,0.0018983
10/12/18 8:39,DOWN,1.16035,1.16107,1.15755,1.15799,-0.000966726,0.000633071,0.001899213
10/12/18 12:52,DOWN,1.15794,1.15901,1.15527,1.15543,-0.001556649,0.000687579,0.002062737
10/15/18 6:53,UP,1.15536,1.15689,1.15342,1.15639,0.000640127,0.000505104,0.001515312
10/15/18 9:29,UP,1.15634,1.15888,1.15574,1.1584,0.000941396,0.000585578,0.001756734
10/15/18 17:56,DOWN,1.15838,1.16066,1.15752,1.15767,-0.000708069,0.000649428,0.001948283
10/16/18 5:17,DOWN,1.15766,1.15928,1.15673,1.15681,-0.000674041,0.00060857,0.001825709
10/16/18 7:46,UP,1.15687,1.15982,1.15659,1.15968,0.000629682,0.000634109,0.001902327
10/16/18 9:56,DOWN,1.15968,1.15988,1.15659,1.15714,-0.000285145,0.000716879,0.002150638
10/16/18 13:12,UP,1.1571,1.16168,1.15669,1.16143,0.002879908,0.000936552,0.002809657
10/16/18 14:29,DOWN,1.16137,1.16213,1.15735,1.15765,-0.001950328,0.001002247,0.003006741
10/17/18 5:44,DOWN,1.15765,1.15948,1.15479,1.15554,-0.000605594,0.000804912,0.002414735
10/17/18 11:42,DOWN,1.15549,1.15781,1.1531,1.15337,-0.001031227,0.000774321,0.002322964
10/17/18 18:30,DOWN,1.15335,1.15474,1.15079,1.15162,-0.000130243,0.000733303,0.002199908
10/18/18 6:21,DOWN,1.15158,1.15178,1.14843,1.14857,-0.000774577,0.000637752,0.001913257
10/18/18 8:19,UP,1.14851,1.15158,1.14815,1.15097,0.000182471,0.000639629,0.001918887
10/18/18 13:10,DOWN,1.15097,1.15275,1.14897,1.14901,-0.001600098,0.000690368,0.002071105
10/18/18 16:59,DOWN,1.14905,1.15184,1.14661,1.14702,-0.000479388,0.00076723,0.002301689
10/19/18 7:26,DOWN,1.14707,1.14719,1.14328,1.14353,-0.001520448,0.000693225,0.002079675
10/19/18 10:15,UP,1.14352,1.14667,1.14346,1.1459,0.000593596,0.000622669,0.001868008
10/19/18 13:45,UP,1.14596,1.14885,1.14573,1.14851,0.001516155,0.000725896,0.002177687
10/19/18 16:15,UP,1.1486,1.15229,1.14754,1.1517,0.001138096,0.000866476,0.002599429
10/22/18 6:34,UP,1.15171,1.15373,1.1498,1.15373,0.001934732,0.000857805,0.002573415
10/22/18 9:26,DOWN,1.15367,1.15502,1.15099,1.15114,-0.000503721,0.000849517,0.002548551
10/22/18 13:17,DOWN,1.15114,1.15137,1.14726,1.14798,-0.001001258,0.000801419,0.002404256
10/23/18 4:28,DOWN,1.14803,1.14835,1.14523,1.1454,-0.000619679,0.000584853,0.001754559
10/23/18 8:02,UP,1.14545,1.14745,1.14391,1.14729,0.000601598,0.00056388,0.001691639
10/23/18 11:19,DOWN,1.14724,1.14862,1.14566,1.14579,-0.000985733,0.000619993,0.00185998
10/23/18 14:17,DOWN,1.14585,1.14831,1.14519,1.14549,-0.001038317,0.000690858,0.002072574
10/23/18 15:28,UP,1.1455,1.14939,1.14489,1.14823,0.00097589,0.000727579,0.002182738
10/24/18 3:06,DOWN,1.14824,1.14899,1.1461,1.14643,-0.000313969,0.000588594,0.001765781
10/24/18 7:32,DOWN,1.14637,1.14768,1.14255,1.14399,-0.002104446,0.000765661,0.002296983
10/24/18 8:56,DOWN,1.14399,1.14461,1.14071,1.14141,-0.000280316,0.000729481,0.002188443
10/24/18 11:55,DOWN,1.1414,1.14259,1.13939,1.13965,-0.000289521,0.000732041,0.002196122
10/25/18 1:32,UP,1.13965,1.14101,1.13787,1.14086,0.000359443,0.000629834,0.001889501
10/25/18 12:35,UP,1.14081,1.14237,1.13949,1.14237,0.001156161,0.000611229,0.001833687
10/25/18 13:28,DOWN,1.14229,1.14329,1.1387,1.13907,-0.00286665,0.000896374,0.002689123
10/25/18 18:21,DOWN,1.13903,1.13926,1.13561,1.13568,-0.000976911,0.000798446,0.002395337
10/26/18 7:09,UP,1.13573,1.13805,1.13561,1.13775,0.000307672,0.000597347,0.001792042
10/26/18 10:01,DOWN,1.1377,1.13839,1.135,1.1357,-0.001205577,0.000639816,0.001919448
10/26/18 14:26,UP,1.13571,1.1373,1.13356,1.13722,0.001099776,0.000669018,0.002007054
10/26/18 16:06,UP,1.13718,1.14016,1.13681,1.13998,0.00063179,0.000694947,0.002084841
10/29/18 9:13,DOWN,1.13997,1.14211,1.13747,1.13747,-0.001502207,0.000799153,0.002397459
10/29/18 10:22,UP,1.13753,1.14159,1.13606,1.14119,0.002799242,0.001014442,0.003043326
10/29/18 14:08,DOWN,1.14116,1.14168,1.13684,1.13686,-0.001098916,0.000944476,0.002833429
10/30/18 10:13,DOWN,1.13692,1.14005,1.13559,1.13575,-0.001434146,0.000773121,0.002319362
10/30/18 13:46,UP,1.13576,1.13821,1.13455,1.13796,0.000668085,0.000740652,0.002221956
10/30/18 16:57,DOWN,1.13801,1.13808,1.13535,1.13544,-0.001029907,0.000707608,0.002122824
10/31/18 13:11,DOWN,1.13545,1.13602,1.13156,1.1321,-0.00129763,0.000738605,0.002215815
11/1/18 1:31,UP,1.13208,1.13473,1.13019,1.13343,0.000803195,0.000678417,0.002035252
11/1/18 8:23,UP,1.13333,1.13732,1.13323,1.13678,0.001285155,0.000738836,0.002216507
11/1/18 12:02,UP,1.13679,1.1404,1.13671,1.13959,0.000860328,0.000718816,0.002156449
11/2/18 6:11,UP,1.13953,1.14287,1.13849,1.14228,0.001138723,0.000806329,0.002418986
11/2/18 10:55,UP,1.14227,1.14481,1.14171,1.14474,0.000952635,0.000709744,0.002129233
11/2/18 12:38,DOWN,1.14479,1.14561,1.14123,1.14123,-0.002328106,0.00087649,0.00262947
11/2/18 15:50,DOWN,1.14128,1.1433,1.1383,1.13917,-0.00184175,0.000967477,0.002902431
11/5/18 11:48,DOWN,1.13918,1.14012,1.1365,1.13708,-0.001081133,0.000728224,0.002184672
11/5/18 14:57,UP,1.13701,1.14003,1.1353,1.13994,0.00097421,0.000748976,0.002246927
11/6/18 8:07,UP,1.13988,1.14249,1.13902,1.14194,0.000411665,0.000715384,0.002146151
11/6/18 13:08,UP,1.14191,1.14309,1.13913,1.14277,0.000998074,0.000772562,0.002317687
11/7/18 0:42,UP,1.14273,1.14564,1.14059,1.14561,0.002875964,0.000978884,0.002936651
11/7/18 2:23,DOWN,1.14564,1.14733,1.13945,1.14037,-0.001550925,0.001245438,0.003736313
11/7/18 4:08,UP,1.14029,1.14712,1.13974,1.14655,0.002008033,0.001398111,0.004194334
11/7/18 9:23,UP,1.14648,1.14829,1.14308,1.14811,0.000827789,0.001233789,0.003701367
11/7/18 17:09,DOWN,1.14818,1.15002,1.14559,1.14623,-0.000593073,0.000953371,0.002860112
11/7/18 22:31,DOWN,1.14623,1.1468,1.14246,1.14318,-0.000550943,0.000971969,0.002915906
11/8/18 11:33,DOWN,1.143,1.1445,1.14067,1.14076,-0.001068891,0.000844115,0.002532345
11/8/18 14:30,UP,1.14075,1.14408,1.14039,1.14367,0.001268653,0.000829779,0.002489336
11/8/18 17:56,DOWN,1.14368,1.14469,1.13885,1.13955,-0.001131386,0.000876357,0.002629071
11/8/18 20:08,DOWN,1.13951,1.14106,1.13514,1.13646,-0.00021116,0.000924517,0.00277355
11/9/18 8:00,DOWN,1.13641,1.13693,1.13338,1.13338,-0.001190419,0.000824775,0.002474326
11/9/18 17:20,DOWN,1.13344,1.13601,1.13161,1.13216,-0.000370904,0.000793067,0.0023792
11/12/18 5:54,DOWN,1.13212,1.13401,1.13087,1.13094,-0.001095832,0.000781464,0.002344392
11/12/18 6:44,DOWN,1.13096,1.13119,1.12682,1.12709,-0.003410055,0.001127721,0.003383162
11/12/18 16:43,DOWN,1.12704,1.12844,1.12401,1.12512,-0.00034657,0.000826868,0.002480605
11/12/18 22:46,DOWN,1.12519,1.12569,1.12155,1.12227,-0.000445426,0.000779726,0.002339179
11/13/18 11:42,UP,1.12209,1.12578,1.12191,1.12497,0.000417876,0.000782884,0.002348651
11/13/18 15:55,UP,1.12492,1.12812,1.12467,1.12736,0.000230654,0.000659671,0.001979014
11/13/18 19:10,DOWN,1.12737,1.12939,1.12525,1.12561,-0.001163137,0.00068898,0.002066939
11/13/18 22:59,UP,1.12556,1.12992,1.12555,1.12991,0.001257528,0.000896329,0.002688988
11/14/18 7:09,DOWN,1.12974,1.13209,1.12811,1.12818,-0.000823997,0.000845251,0.002535752
11/14/18 11:06,DOWN,1.12823,1.1299,1.12644,1.12677,-0.000124241,0.000839542,0.002518625
11/14/18 13:34,UP,1.12682,1.13116,1.12632,1.13044,0.001345514,0.000856596,0.002569789
11/14/18 14:54,UP,1.13045,1.13492,1.12841,1.13358,0.003251633,0.001205794,0.003617382
11/14/18 17:46,DOWN,1.13355,1.1348,1.12829,1.12927,-0.001946266,0.001163269,0.003489808
11/14/18 19:53,UP,1.12935,1.13397,1.1276,1.13366,0.002782478,0.001315248,0.003945743
11/15/18 9:53,DOWN,1.13361,1.13519,1.1285,1.12903,-0.00275079,0.00125435,0.00376305
11/15/18 15:24,UP,1.12904,1.13229,1.12703,1.1317,0.001228996,0.000983355,0.002950065
11/15/18 19:43,UP,1.13166,1.13628,1.13069,1.13544,0.002892928,0.001234724,0.003704171
11/16/18 11:29,DOWN,1.13537,1.13684,1.13214,1.13252,-0.000335479,0.001076795,0.003230384
11/16/18 13:48,UP,1.13256,1.13786,1.13232,1.13724,0.00363821,0.001340142,0.004020426
11/16/18 17:47,UP,1.13722,1.142,1.1372,1.14132,0.000517079,0.00118817,0.00356451
11/19/18 13:28,UP,1.14139,1.14365,1.13938,1.14347,0.001470292,0.000880424,0.002641273
11/19/18 15:38,UP,1.14347,1.14648,1.14236,1.14607,0.001362101,0.000923757,0.002771271
11/20/18 9:03,DOWN,1.14607,1.14725,1.14231,1.14231,-0.002229831,0.000965652,0.002896956
11/20/18 14:35,DOWN,1.14236,1.14398,1.13926,1.14012,-0.000701434,0.000811289,0.002433867
11/20/18 18:20,DOWN,1.14013,1.14136,1.1365,1.13676,-0.001222027,0.000888538,0.002665613
11/21/18 7:29,UP,1.13677,1.14011,1.13586,1.13967,0.001141332,0.000795989,0.002387967
11/21/18 13:38,UP,1.13968,1.1425,1.13669,1.14187,0.000683323,0.001038573,0.003115719
11/21/18 20:14,DOWN,1.14181,1.14197,1.13802,1.13877,-0.000158053,0.00087744,0.00263232
11/22/18 10:14,UP,1.13871,1.14132,1.13802,1.14111,0.000745166,0.000734823,0.00220447
11/22/18 20:00,DOWN,1.14109,1.14345,1.13908,1.14035,-0.000289343,0.000621328,0.001863983
11/23/18 8:49,DOWN,1.1405,1.14215,1.13656,1.13691,-0.002547526,0.000896879,0.002690637
11/23/18 11:27,DOWN,1.13691,1.13848,1.13375,1.13443,-0.000889919,0.000965905,0.002897714
11/23/18 19:31,DOWN,1.13451,1.13605,1.13271,1.13293,-0.000820544,0.000830853,0.00249256
11/26/18 7:29,UP,1.13277,1.13642,1.13263,1.1361,0.000836544,0.000716159,0.002148478
11/26/18 14:35,DOWN,1.13616,1.1384,1.13506,1.1354,-0.000607531,0.000641713,0.001925139
11/26/18 19:04,DOWN,1.13544,1.13594,1.13254,1.13294,-0.001067448,0.000613773,0.001841318
11/27/18 8:09,DOWN,1.13294,1.1344,1.13072,1.13105,-0.000839575,0.000662096,0.001986287
11/27/18 13:17,UP,1.13099,1.13318,1.1305,1.13313,0.00084757,0.000598133,0.001794399
11/27/18 14:49,DOWN,1.13314,1.13368,1.13041,1.13078,-0.001537578,0.000672358,0.002017075
11/28/18 7:46,DOWN,1.13075,1.13106,1.12773,1.12809,-0.001629747,0.00077794,0.002333819
11/28/18 17:03,UP,1.12816,1.13353,1.1267,1.13323,0.004324436,0.001281112,0.003843335
11/29/18 3:23,UP,1.13339,1.13877,1.13269,1.13781,0.000712147,0.001206626,0.003619878
11/29/18 11:00,DOWN,1.13776,1.13978,1.13506,1.13517,-0.001874613,0.001081924,0.003245773
11/29/18 13:31,UP,1.13527,1.14001,1.13486,1.13986,0.00107088,0.001084353,0.003253058
11/30/18 10:18,DOWN,1.13986,1.1402,1.13572,1.13614,-0.001433654,0.000796171,0.002388513
11/30/18 14:46,DOWN,1.13613,1.13797,1.13394,1.13419,-0.002307355,0.000893301,0.002679904
11/30/18 17:52,DOWN,1.13413,1.13449,1.13105,1.13133,-0.000706882,0.000822353,0.002467059
12/3/18 3:16,UP,1.13132,1.13561,1.13054,1.13512,0.00096953,0.000896345,0.002689034
12/3/18 10:49,DOWN,1.13514,1.138,1.13413,1.13466,-0.000511036,0.000857658,0.002572975
12/3/18 15:45,UP,1.13471,1.13589,1.13191,1.13559,0.000792854,0.00084796,0.002543879
12/4/18 4:29,UP,1.13565,1.13806,1.13388,1.13804,0.001450913,0.000799893,0.002399678
12/4/18 9:37,UP,1.13798,1.14094,1.13704,1.1406,0.001790134,0.000910119,0.002730357
12/4/18 15:17,DOWN,1.14056,1.1419,1.1382,1.13851,-0.000175653,0.000852124,0.002556373
12/4/18 16:01,DOWN,1.1385,1.13856,1.13491,1.13491,-0.000951165,0.00098631,0.002958931
12/5/18 5:28,DOWN,1.13498,1.13605,1.13179,1.13231,-0.000812168,0.000788782,0.002366347
12/5/18 11:25,UP,1.13234,1.13585,1.13167,1.13543,0.001471891,0.000803043,0.00240913
12/5/18 15:01,DOWN,1.13544,1.13616,1.13105,1.13217,-0.002452452,0.000959184,0.002877552
12/6/18 5:46,UP,1.13226,1.13589,1.13204,1.13492,0.000528811,0.000744943,0.002234829
12/6/18 13:07,UP,1.13495,1.13553,1.13208,1.13536,0.000934061,0.000710662,0.002131986
12/6/18 14:15,UP,1.13531,1.13882,1.13498,1.13877,0.002109761,0.000850758,0.002552273
12/6/18 16:25,DOWN,1.13877,1.14128,1.13696,1.13746,-0.000553712,0.00089069,0.00267207
12/7/18 13:39,UP,1.13745,1.14144,1.13575,1.13956,0.002407332,0.000901244,0.002703731
12/7/18 19:11,UP,1.13955,1.14129,1.13734,1.14118,0.000350576,0.000888672,0.002666017
12/10/18 2:09,UP,1.14125,1.14398,1.13903,1.14379,0.000822167,0.001013263,0.003039789
12/10/18 10:59,DOWN,1.14379,1.1443,1.14017,1.14067,-0.000447006,0.000837315,0.002511944
12/10/18 14:47,DOWN,1.14068,1.14284,1.13935,1.13975,-0.000263181,0.000761532,0.002284597
12/10/18 16:09,DOWN,1.13974,1.14151,1.13593,1.13665,-0.001582348,0.000919834,0.002759503
12/11/18 8:41,UP,1.1367,1.13874,1.13503,1.13867,0.001291814,0.000736679,0.002210038
12/11/18 14:03,DOWN,1.13864,1.14004,1.13673,1.13685,-0.000492468,0.00063202,0.001896059
12/11/18 14:46,DOWN,1.13685,1.13687,1.13345,1.1339,-0.000176367,0.000828032,0.002484097
12/11/18 17:03,DOWN,1.13389,1.13421,1.13063,1.13127,-0.000318176,0.000718988,0.002156963
12/12/18 10:03,UP,1.13132,1.13378,1.13062,1.13321,0.000785688,0.000562054,0.001686161
12/12/18 12:44,UP,1.13326,1.13625,1.13251,1.13579,0.002432984,0.000778378,0.002335135
12/12/18 18:23,UP,1.13579,1.13877,1.13292,1.1371,0.000351834,0.000747202,0.002241606
12/13/18 13:44,DOWN,1.13711,1.13938,1.13482,1.13484,-0.002894893,0.000952055,0.002856166
12/13/18 19:57,UP,1.13483,1.13722,1.1331,1.13667,7.92E-05,0.000908949,0.002726846
12/14/18 8:30,DOWN,1.13662,1.13704,1.13272,1.13281,-0.00242465,0.000952697,0.00285809
12/14/18 11:31,DOWN,1.1328,1.13341,1.12867,1.12965,2.66E-05,0.000918787,0.002756362
12/14/18 17:30,UP,1.12973,1.13052,1.12698,1.13035,0.00058406,0.000801108,0.002403323
12/17/18 8:56,UP,1.13035,1.13277,1.12951,1.13261,0.000883306,0.000638498,0.001915493
12/17/18 12:00,UP,1.13264,1.13512,1.13221,1.13508,0.00116359,0.000687157,0.002061472
12/17/18 18:20,UP,1.13502,1.13579,1.13299,1.13574,0.000872059,0.000708122,0.002124365
12/18/18 8:34,UP,1.13575,1.13734,1.13368,1.13721,0.00124945,0.000704711,0.002114133
12/18/18 11:24,UP,1.13722,1.14018,1.13637,1.14006,0.001255107,0.000700524,0.002101573
12/18/18 14:15,DOWN,1.14011,1.14026,1.13711,1.13733,-0.000378007,0.000670565,0.002011694
12/19/18 0:18,UP,1.13732,1.13864,1.135,1.13841,0.001265723,0.000752633,0.002257898
12/19/18 14:40,UP,1.13834,1.14207,1.13761,1.142,0.001410802,0.000692424,0.002077271
12/19/18 19:09,DOWN,1.14206,1.14397,1.13828,1.1391,-0.001815575,0.000831165,0.002493494
12/20/18 6:57,UP,1.13922,1.14051,1.13641,1.14048,0.001561966,0.000759208,0.002277623
12/20/18 9:16,UP,1.14049,1.1461,1.14041,1.14591,0.00262144,0.000996309,0.002988928
12/20/18 13:54,DOWN,1.14587,1.14858,1.14495,1.14522,-0.00012224,0.000839213,0.002517639
12/20/18 15:37,DOWN,1.1453,1.14612,1.14162,1.14168,-0.001986324,0.000909656,0.002728967
12/20/18 17:22,UP,1.14162,1.14585,1.1402,1.14531,0.001721539,0.000961553,0.002884659
12/20/18 22:59,DOWN,1.14532,1.14854,1.14444,1.14499,-0.000279439,0.000935137,0.002805412
12/21/18 9:24,DOWN,1.14483,1.14741,1.1413,1.1415,-0.002449909,0.001129847,0.003389541
12/21/18 15:32,DOWN,1.14148,1.14346,1.13825,1.13935,-0.001245549,0.000923464,0.002770392
12/21/18 18:26,DOWN,1.13941,1.14216,1.13639,1.13675,-0.001590992,0.000911851,0.002735553
12/24/18 2:54,UP,1.1368,1.13907,1.13559,1.13896,0.001150834,0.000859815,0.002579446
12/24/18 14:21,UP,1.13902,1.142,1.13741,1.14177,0.001226919,0.000774208,0.002322624
12/24/18 19:37,DOWN,1.14177,1.14389,1.13932,1.13946,-0.002296695,0.000927321,0.002781964
12/26/18 10:07,DOWN,1.14104,1.14207,1.1381,1.13857,-0.00060584,0.00095992,0.002879759
12/26/18 15:54,UP,1.13865,1.14114,1.1375,1.14102,0.000911881,0.000900448,0.002701345
12/26/18 18:03,DOWN,1.14101,1.14144,1.13547,1.13569,-0.001583685,0.00111457,0.003343709
12/27/18 3:01,UP,1.13562,1.13871,1.13425,1.13806,0.000509769,0.000929885,0.002789655
12/27/18 11:03,UP,1.13804,1.14057,1.13715,1.14028,0.000587748,0.000715421,0.002146264
12/27/18 13:00,DOWN,1.14029,1.14098,1.13642,1.13707,-0.001643227,0.000766743,0.002300228
12/27/18 14:35,UP,1.13699,1.14077,1.13693,1.13992,0.000429947,0.000828733,0.0024862
12/27/18 17:43,UP,1.13992,1.14499,1.13928,1.14491,0.002019664,0.000966461,0.002899383
12/28/18 3:13,UP,1.14486,1.14655,1.14264,1.14655,0.000907481,0.000843099,0.002529298
12/28/18 13:44,DOWN,1.14656,1.14732,1.1431,1.14427,-0.000655225,0.00070214,0.002106421
12/28/18 16:00,DOWN,1.14426,1.14695,1.14329,1.14348,-0.000611979,0.00077221,0.002316629
12/31/18 11:15,UP,1.14347,1.14543,1.14214,1.14521,0.000698806,0.000639706,0.001919118
12/31/18 15:42,DOWN,1.14526,1.14661,1.14265,1.14314,-0.000585933,0.000568529,0.001705587
12/31/18 16:32,UP,1.14321,1.14544,1.14255,1.1453,0.000637591,0.000638332,0.001914996
1/2/19 6:03,UP,1.14529,1.14861,1.14421,1.14823,0.002956737,0.000951733,0.0028552
1/2/19 8:40,DOWN,1.14833,1.14971,1.14285,1.14412,-0.001284006,0.000995712,0.002987135
1/2/19 12:36,DOWN,1.14413,1.14501,1.13977,1.14075,-0.001646682,0.000933504,0.002800512
1/2/19 14:07,DOWN,1.14076,1.14111,1.13674,1.13721,-0.000782311,0.000932985,0.002798954
1/2/19 17:51,DOWN,1.13728,1.13756,1.13311,1.1333,-0.001075923,0.000827528,0.002482585
1/3/19 2:56,UP,1.13335,1.13635,1.13055,1.1358,0.000924886,0.000953829,0.002861486
1/3/19 12:10,DOWN,1.13579,1.13845,1.13394,1.13451,-0.001039556,0.000848547,0.002545642
1/3/19 15:05,UP,1.13451,1.14009,1.13374,1.13938,0.002601285,0.001010725,0.003032175
1/4/19 9:10,UP,1.13934,1.14171,1.13819,1.14137,0.000394341,0.000732797,0.002198392
1/4/19 13:33,DOWN,1.14137,1.14193,1.13634,1.13816,-0.001974924,0.000853113,0.002559338
1/4/19 15:02,DOWN,1.13826,1.13913,1.13459,1.13508,-0.000537263,0.000796822,0.002390466
1/4/19 15:33,UP,1.13508,1.14004,1.13455,1.13988,0.002573755,0.001054181,0.003162544
1/7/19 3:08,UP,1.13994,1.14234,1.13868,1.1418,0.000157658,0.000835167,0.0025055
1/7/19 9:45,UP,1.14187,1.14481,1.14099,1.14451,0.000244676,0.000803584,0.002410752
1/7/19 14:19,UP,1.14452,1.1469,1.14332,1.14637,0.001073528,0.000722056,0.002166169
1/7/19 19:16,UP,1.14642,1.14828,1.14535,1.14803,0.000304917,0.00061277,0.00183831
1/8/19 1:47,DOWN,1.14801,1.14849,1.14522,1.14525,-0.001744821,0.000704693,0.002114079
1/8/19 12:23,UP,1.14532,1.14696,1.1432,1.14627,0.000349019,0.000712687,0.002138061
1/8/19 14:10,DOWN,1.14626,1.14631,1.14225,1.14298,-0.000752136,0.000726594,0.002179783
1/8/19 17:45,UP,1.14297,1.14556,1.14255,1.14521,0.000690068,0.00062739,0.001882169
1/9/19 1:52,UP,1.14515,1.14664,1.14359,1.1463,0.000383917,0.00067451,0.002023531
1/9/19 12:42,DOWN,1.14629,1.14788,1.14388,1.14487,-0.000340592,0.000537192,0.001611577
1/9/19 14:10,UP,1.14481,1.14755,1.1446,1.14742,0.000967856,0.000582332,0.001746996
1/9/19 14:44,UP,1.14742,1.15213,1.14652,1.15113,0.003123548,0.000941089,0.002823266
1/9/19 18:58,UP,1.15112,1.15409,1.15085,1.154,0.000676138,0.000821832,0.002465495
1/10/19 4:00,UP,1.154,1.15701,1.15291,1.15685,0.001245535,0.000771796,0.002315388
1/10/19 8:58,DOWN,1.15678,1.15686,1.15292,1.153,-0.001378061,0.000778834,0.002336503
1/10/19 16:33,DOWN,1.15294,1.15455,1.15112,1.15151,-0.000260494,0.000581512,0.001744535
1/11/19 3:58,UP,1.15151,1.15281,1.14841,1.15235,0.000798687,0.000572758,0.001718273
1/11/19 14:21,DOWN,1.15244,1.15407,1.14832,1.14865,-0.00306846,0.000933672,0.002801016
1/14/19 10:12,DOWN,1.14869,1.14945,1.14505,1.1454,-0.001291291,0.000804177,0.002412532
1/14/19 17:53,UP,1.14541,1.14808,1.14523,1.14779,0.000296265,0.000632701,0.001898104
1/15/19 8:21,DOWN,1.14778,1.14899,1.14551,1.14602,-0.000994253,0.000593277,0.001779831
1/15/19 9:16,DOWN,1.14608,1.14654,1.1431,1.14326,-0.002472319,0.000823383,0.002470149
1/15/19 15:06,UP,1.14318,1.14551,1.14121,1.14509,0.000742575,0.000743935,0.002231804
1/15/19 16:07,DOWN,1.14515,1.1452,1.14107,1.14175,-0.001592775,0.000828236,0.002484709
1/15/19 17:26,DOWN,1.14182,1.14227,1.13835,1.13876,-0.000359976,0.00081734,0.00245202
1/15/19 20:14,UP,1.13872,1.14143,1.13817,1.14096,0.000903156,0.000728734,0.002186202
1/16/19 11:21,DOWN,1.14094,1.14251,1.13914,1.13954,-0.000798249,0.000654337,0.00196301
1/16/19 16:26,UP,1.13954,1.14073,1.13776,1.14045,0.000798249,0.000587049,0.001761146
1/17/19 2:45,DOWN,1.14039,1.14109,1.13884,1.1389,-0.0008952,0.000552519,0.001657557
1/17/19 10:55,UP,1.13896,1.14018,1.13712,1.14002,0.000912681,0.000558931,0.001676792
1/17/19 15:55,DOWN,1.13997,1.14062,1.137,1.13745,-0.001273969,0.000551112,0.001653337
1/18/19 1:40,UP,1.1375,1.14007,1.13745,1.13971,0.000667059,0.000624595,0.001873786
1/18/19 14:44,DOWN,1.13964,1.14104,1.13743,1.13793,-0.000948642,0.000559324,0.001677973
1/18/19 16:39,DOWN,1.13787,1.13837,1.13531,1.13584,-0.000334498,0.000543471,0.001630414
1/21/19 2:43,UP,1.13589,1.13793,1.13565,1.13785,0.000395561,0.000493499,0.001480496
1/21/19 12:54,DOWN,1.1379,1.13917,1.1359,1.13637,-0.000290356,0.000478444,0.001435332
1/22/19 7:04,DOWN,1.13636,1.13732,1.13495,1.13534,-0.000475515,0.000396574,0.001189723
1/22/19 10:09,UP,1.13536,1.13655,1.13458,1.13655,0.000316798,0.000379285,0.001137856
1/22/19 13:25,DOWN,1.13649,1.13675,1.1349,1.1349,-0.000898354,0.000422856,0.001268569
1/22/19 15:12,UP,1.13497,1.1361,1.13359,1.1361,0.000907022,0.00046034,0.001381021
1/23/19 10:32,DOWN,1.13611,1.13741,1.13508,1.13542,-0.000431465,0.000375658,0.001126975
1/23/19 15:42,UP,1.13542,1.13859,1.1351,1.13831,0.001503356,0.000539136,0.001617408
1/24/19 7:18,DOWN,1.13837,1.13945,1.13736,1.13745,-0.000905125,0.000479758,0.001439273
1/24/19 9:49,DOWN,1.13741,1.13766,1.13394,1.13455,-0.001259618,0.000622268,0.001866805
1/24/19 13:42,DOWN,1.13445,1.13595,1.13062,1.13196,-0.000521084,0.00071339,0.002140171
1/24/19 14:09,UP,1.13203,1.13627,1.13137,1.13523,0.001525083,0.000832759,0.002498277
1/24/19 16:54,DOWN,1.13529,1.1381,1.13255,1.13294,-0.001807816,0.000910781,0.002732344
1/24/19 18:05,DOWN,1.13295,1.13295,1.12921,1.12967,-0.00038057,0.000933485,0.002800456
1/25/19 3:05,UP,1.12966,1.13226,1.12892,1.13226,0.00112228,0.00083387,0.00250161
1/25/19 11:58,UP,1.1322,1.13498,1.13146,1.13472,0.001084556,0.000683337,0.00205001
1/25/19 14:33,UP,1.13467,1.13781,1.13393,1.13716,0.000562964,0.000661293,0.00198388
1/25/19 15:44,UP,1.13723,1.14082,1.13717,1.14043,0.000921129,0.000722267,0.002166802
1/28/19 4:28,UP,1.14043,1.14258,1.13955,1.14249,0.001112225,0.000594526,0.001783578
1/28/19 8:32,DOWN,1.14243,1.14259,1.139,1.13946,-0.00066676,0.000707673,0.002123019
1/28/19 13:09,UP,1.13947,1.14227,1.13942,1.1418,0.000586965,0.000656253,0.00196876
1/28/19 15:54,UP,1.1418,1.14378,1.14048,1.14354,0.000376096,0.00076637,0.002299111
1/29/19 8:43,UP,1.14355,1.14505,1.14203,1.14486,0.00070776,0.000553008,0.001659024
1/29/19 12:26,DOWN,1.14486,1.14494,1.14254,1.14285,-0.000594827,0.00052162,0.001564859
1/30/19 0:35,UP,1.1428,1.14407,1.14111,1.14348,3.50E-05,0.000470285,0.001410854
1/30/19 11:46,DOWN,1.14349,1.14502,1.14219,1.14292,-0.000227462,0.000474655,0.001423966
1/30/19 14:30,DOWN,1.14292,1.14413,1.1406,1.14121,-0.000727034,0.000557582,0.001672747
1/30/19 19:04,UP,1.14115,1.14705,1.14074,1.14687,0.004194087,0.00113978,0.003419339
1/31/19 3:10,UP,1.14698,1.1506,1.14604,1.15054,0.001078336,0.000941895,0.002825684
1/31/19 10:44,DOWN,1.15053,1.15145,1.14714,1.14721,-0.001149956,0.000854841,0.002564523
1/31/19 16:07,DOWN,1.1472,1.14961,1.14649,1.1467,-0.001089491,0.000712143,0.002136429
1/31/19 17:25,DOWN,1.14665,1.14682,1.14357,1.14389,-0.001188219,0.000776767,0.002330302
2/1/19 9:22,UP,1.14395,1.1464,1.14343,1.14634,0.001387986,0.000711161,0.002133483
2/3/19 23:58,DOWN,1.14628,1.14889,1.14474,1.14543,-0.00018332,0.00069475,0.002084251
2/4/19 15:08,DOWN,1.1455,1.14606,1.14245,1.14349,-0.000288549,0.000545918,0.001637755
2/5/19 8:05,DOWN,1.14344,1.1443,1.14202,1.14209,-0.000901449,0.000463529,0.001390588
2/5/19 14:12,UP,1.14207,1.1434,1.14114,1.14315,0.000139974,0.000476925,0.001430776
2/5/19 15:13,DOWN,1.14312,1.14327,1.1405,1.14098,-0.001261277,0.000565195,0.001695584
2/6/19 5:54,DOWN,1.14099,1.14175,1.13959,1.13978,-0.000298259,0.00051112,0.001533359
2/6/19 16:15,DOWN,1.1398,1.13995,1.13746,1.13786,-0.000307548,0.000545339,0.001636018
2/7/19 1:28,DOWN,1.13784,1.13823,1.13603,1.13612,-0.000554365,0.000491104,0.001473313
2/7/19 9:38,DOWN,1.13612,1.13668,1.13399,1.13405,-0.001330625,0.000582251,0.001746753
2/7/19 15:26,UP,1.1341,1.13547,1.13244,1.13538,0.000563847,0.000616773,0.001850319
2/8/19 0:49,DOWN,1.13538,1.13602,1.13351,1.13368,-0.000440944,0.000510799,0.001532397
2/8/19 9:38,DOWN,1.13372,1.13438,1.13227,1.13243,-0.000564997,0.000466678,0.001400034
2/8/19 13:20,UP,1.13243,1.13499,1.13235,1.13461,0.000599505,0.000509568,0.001528704
2/8/19 16:04,DOWN,1.13458,1.13511,1.13247,1.1327,-0.000670738,0.000488985,0.001466956
2/11/19 9:07,DOWN,1.13271,1.13331,1.13081,1.13141,-0.000265121,0.000431853,0.00129556
2/11/19 14:20,DOWN,1.1314,1.13219,1.12859,1.12873,-0.002026774,0.000663378,0.001990134
2/12/19 8:44,DOWN,1.12878,1.13016,1.12581,1.12622,-0.001898359,0.000743816,0.002231447
2/12/19 12:36,UP,1.12626,1.12935,1.12577,1.12922,0.000823917,0.000705458,0.002116375
2/12/19 17:44,UP,1.12922,1.13227,1.12872,1.13205,0.000530152,0.000705455,0.002116364
2/13/19 8:12,DOWN,1.13206,1.13417,1.13138,1.13144,-0.001254251,0.000681699,0.002045098
2/13/19 13:18,DOWN,1.13149,1.13345,1.13032,1.13047,-0.000928386,0.000693028,0.002079085
2/13/19 17:58,DOWN,1.13042,1.13092,1.12725,1.12757,-0.000921912,0.000742231,0.002226692
2/14/19 7:55,UP,1.12753,1.12951,1.12487,1.12837,0.000354556,0.000657803,0.001973408
2/14/19 13:39,UP,1.12838,1.13081,1.12498,1.12956,0.002082623,0.000823561,0.002470683
2/14/19 15:54,DOWN,1.12949,1.131,1.12689,1.12697,-0.001081963,0.000806857,0.00242057
2/14/19 19:17,UP,1.12696,1.1303,1.12645,1.13018,0.00053103,0.00075992,0.00227976
2/15/19 7:59,DOWN,1.13018,1.13024,1.12714,1.1279,-0.00062929,0.000648434,0.001945301
2/15/19 13:23,DOWN,1.12791,1.12867,1.12572,1.12575,-0.000790272,0.000655897,0.001967692
2/15/19 14:34,UP,1.12571,1.12858,1.12339,1.12767,0.000434619,0.000778537,0.002335611
2/15/19 18:57,UP,1.12766,1.13064,1.12576,1.13019,0.001735727,0.000789325,0.002367974
2/18/19 10:16,UP,1.13014,1.13252,1.12889,1.13186,0.001025387,0.000769672,0.002309017
2/18/19 16:24,DOWN,1.13187,1.13342,1.13045,1.13081,-7.07E-05,0.000716979,0.002150936
2/19/19 11:28,DOWN,1.13075,1.13247,1.12825,1.12842,-0.002230721,0.000809205,0.002427615
2/19/19 14:35,UP,1.12836,1.13156,1.12753,1.13134,0.000901992,0.000756208,0.002268624
2/19/19 17:39,UP,1.13127,1.13577,1.13104,1.13566,0.002309694,0.000876058,0.002628173
2/20/19 16:38,UP,1.13563,1.13643,1.13248,1.13599,0.000431435,0.00062475,0.00187425
2/20/19 19:22,DOWN,1.13604,1.13714,1.13349,1.13364,-0.001929967,0.000746006,0.002238019
2/21/19 7:06,DOWN,1.1337,1.13552,1.13252,1.13276,-0.000520716,0.000750213,0.00225064
2/21/19 8:25,UP,1.13281,1.13632,1.13205,1.13603,0.00188553,0.000852865,0.002558594
2/21/19 9:49,DOWN,1.13603,1.13637,1.13235,1.13262,-0.001076569,0.000891152,0.002673456
2/21/19 13:31,UP,1.13261,1.13669,1.13221,1.1362,0.000704349,0.000823419,0.002470258
2/21/19 16:24,DOWN,1.13622,1.13666,1.13306,1.13316,-0.001402172,0.000856458,0.002569375
2/22/19 13:00,DOWN,1.13316,1.13518,1.13229,1.13272,-0.000494263,0.000626639,0.001879917
2/22/19 17:49,UP,1.1327,1.13559,1.1316,1.13463,0.000661227,0.000552415,0.001657244
2/25/19 7:15,UP,1.13457,1.13591,1.13283,1.13576,0.001400924,0.000583204,0.001749611
2/25/19 11:44,UP,1.13577,1.13675,1.13415,1.13674,0.000360746,0.00058214,0.00174642
2/25/19 16:01,DOWN,1.13676,1.13678,1.134,1.13466,-0.000458182,0.000510086,0.001530259
2/25/19 19:59,UP,1.1348,1.1365,1.13365,1.13648,0.000862684,0.000542429,0.001627287
2/26/19 8:02,DOWN,1.13643,1.1369,1.13455,1.13469,-0.000581488,0.000479949,0.001439846
2/26/19 10:16,UP,1.13468,1.13719,1.13456,1.13657,9.68E-05,0.000505148,0.001515444
2/26/19 15:12,DOWN,1.13656,1.13754,1.13452,1.13471,-0.001233035,0.000499375,0.001498125
2/26/19 16:16,UP,1.13471,1.13766,1.1345,1.1372,0.000923747,0.000535572,0.001606716
2/26/19 19:37,UP,1.13715,1.13996,1.13644,1.13991,0.001360682,0.000576635,0.001729906
2/27/19 4:02,DOWN,1.13995,1.14029,1.13773,1.13801,-0.000237228,0.000498125,0.001494376
2/27/19 9:57,UP,1.13795,1.13978,1.13724,1.13962,0.000535409,0.000459951,0.001379852
2/27/19 12:59,DOWN,1.13956,1.14038,1.13818,1.13826,-0.000421607,0.000484953,0.00145486
2/27/19 16:34,DOWN,1.13832,1.13954,1.13622,1.13651,-0.001538617,0.000568059,0.001704176
2/28/19 7:59,UP,1.13646,1.13841,1.13629,1.1382,0.000202094,0.000493133,0.001479398
2/28/19 10:46,UP,1.13819,1.14081,1.13804,1.14028,0.000543874,0.000503254,0.001509762
2/28/19 13:34,DOWN,1.14023,1.14198,1.13892,1.13949,-0.00120157,0.000575512,0.001726536
2/28/19 15:27,DOWN,1.13946,1.13974,1.13608,1.1363,-0.001081875,0.000620566,0.001861697
2/28/19 16:14,UP,1.13625,1.1391,1.13592,1.13847,0.000307477,0.000633873,0.001901618
3/1/19 8:23,DOWN,1.13846,1.13964,1.1358,1.13596,-0.001134959,0.00050965,0.001528951
3/1/19 11:31,UP,1.13589,1.13796,1.13531,1.13785,0.000439522,0.000567479,0.001702436
3/1/19 15:01,UP,1.1378,1.1409,1.13751,1.14036,0.001219657,0.000590119,0.001770358
3/1/19 16:18,DOWN,1.1404,1.14055,1.13756,1.13784,-0.000632578,0.000590519,0.001771556
3/1/19 19:16,DOWN,1.13783,1.13815,1.13542,1.1355,-0.000783489,0.000566856,0.001700569
3/3/19 23:06,UP,1.13554,1.13817,1.13552,1.13777,0.001037655,0.000585779,0.001757338
3/4/19 8:03,DOWN,1.13784,1.13793,1.13515,1.13515,-0.001074171,0.000559165,0.001677496
3/4/19 11:59,DOWN,1.13515,1.13533,1.13274,1.13322,-0.000626337,0.000512701,0.001538103
3/4/19 15:18,DOWN,1.13321,1.13459,1.1319,1.13226,-0.000229603,0.000518614,0.001555841
3/4/19 20:36,UP,1.13225,1.13397,1.13089,1.13397,0.001147072,0.000559384,0.001678151
3/5/19 7:38,DOWN,1.13388,1.13433,1.1318,1.13221,-0.000123644,0.0004721,0.0014163
3/5/19 15:07,DOWN,1.13216,1.13388,1.13066,1.13131,-0.001439771,0.000618265,0.001854795
3/6/19 3:59,DOWN,1.13131,1.13153,1.12895,1.12927,-0.000734718,0.00053271,0.001598129
3/6/19 13:18,UP,1.12925,1.13153,1.12922,1.13139,0.000875413,0.00045494,0.00136482
3/6/19 16:10,UP,1.13139,1.1324,1.12854,1.13218,0.000282681,0.000538123,0.001614369
3/7/19 5:35,DOWN,1.13223,1.13248,1.13026,1.1304,-0.000123842,0.000487896,0.001463688
3/7/19 12:50,DOWN,1.1304,1.13206,1.12748,1.1295,-0.001265246,0.000508616,0.001525849
3/7/19 13:16,DOWN,1.12949,1.13053,1.12681,1.12703,-0.001037588,0.000606608,0.001819823
3/7/19 14:36,DOWN,1.12705,1.12705,1.12378,1.12381,-0.001102781,0.000650371,0.001951112
3/7/19 17:06,DOWN,1.1238,1.12441,1.1206,1.12118,-0.000846963,0.000600516,0.001801548
3/7/19 19:42,DOWN,1.12122,1.12297,1.11854,1.1196,-0.001356707,0.00071076,0.002132281
3/8/19 7:34,UP,1.11956,1.12095,1.1176,1.1209,0.000303374,0.000633139,0.001899416
3/8/19 12:51,UP,1.12085,1.12209,1.11999,1.12205,0.000490294,0.000525486,0.001576458
3/8/19 16:30,UP,1.12206,1.12447,1.12147,1.12413,0.000516088,0.000508635,0.001525905
3/11/19 1:36,DOWN,1.12417,1.12464,1.12229,1.1228,-0.00010687,0.000441407,0.00132422
3/11/19 8:00,UP,1.12281,1.12508,1.12267,1.12493,0.000622455,0.000456301,0.001368903
3/11/19 15:52,DOWN,1.12486,1.12588,1.12282,1.12282,-0.000756736,0.000469315,0.001407944
3/11/19 18:45,UP,1.12289,1.12465,1.12216,1.12445,0.00048035,0.000475292,0.001425875
3/11/19 22:30,UP,1.1245,1.12708,1.1238,1.12695,0.002042992,0.000667819,0.002003456
3/12/19 8:57,UP,1.12695,1.12811,1.1251,1.12802,0.000886902,0.000629661,0.001888984
3/12/19 11:23,DOWN,1.12805,1.12846,1.12544,1.12559,-0.000861399,0.000587687,0.001763061
3/12/19 12:47,UP,1.12557,1.12794,1.12491,1.12757,0.000345936,0.00067275,0.00201825
3/12/19 18:32,UP,1.12758,1.13007,1.1267,1.12988,0.000451477,0.000740416,0.002221248
3/13/19 13:51,UP,1.12988,1.13051,1.12772,1.13035,0.000194649,0.000523885,0.001571654
3/13/19 19:00,UP,1.13034,1.13343,1.12999,1.13266,0.001731939,0.000628949,0.001886848
3/14/19 10:07,DOWN,1.13266,1.13389,1.13052,1.13062,-0.000848731,0.000587113,0.00176134
3/15/19 2:57,UP,1.13061,1.13207,1.1294,1.13205,0.001378981,0.00050686,0.001520581
3/15/19 12:58,DOWN,1.13201,1.13295,1.13042,1.13055,-0.000725048,0.000532907,0.001598721
3/15/19 13:48,UP,1.13054,1.13352,1.13,1.13309,0.001545643,0.000649457,0.001948371
3/15/19 17:10,DOWN,1.13315,1.13446,1.13142,1.13182,-0.000786035,0.000663635,0.001990906
3/18/19 7:01,UP,1.13178,1.13453,1.13165,1.13395,0.000379277,0.000605448,0.001816345
3/18/19 15:43,DOWN,1.134,1.13591,1.13305,1.13325,-0.000732139,0.000512314,0.001536942
3/19/19 6:52,UP,1.13327,1.13502,1.13244,1.13484,0.000229133,0.000471439,0.001414317
3/20/19 3:26,DOWN,1.13483,1.13618,1.13389,1.1346,-0.000167446,0.000407443,0.001222328
3/20/19 11:40,UP,1.13455,1.13551,1.13354,1.13532,0.000176177,0.000409487,0.001228462
3/20/19 18:02,UP,1.13532,1.1396,1.13458,1.13883,0.003174955,0.000865718,0.002597155
3/20/19 18:33,UP,1.13885,1.14382,1.13872,1.1433,0.00115522,0.000972783,0.002918348
3/21/19 7:55,DOWN,1.14325,1.14482,1.14097,1.14145,-0.001199508,0.000892493,0.00267748
3/21/19 11:28,DOWN,1.14148,1.14155,1.13843,1.13862,-3.51E-05,0.000814919,0.002444758
3/21/19 15:49,DOWN,1.13861,1.13973,1.13537,1.13601,-0.000756749,0.000743369,0.002230107
3/21/19 20:27,UP,1.13605,1.137,1.13424,1.1368,0.000483931,0.000647646,0.001942938
3/22/19 8:00,UP,1.13685,1.13909,1.13611,1.13875,0.000307402,0.000580571,0.001741714
3/22/19 8:34,DOWN,1.13876,1.13906,1.13174,1.13229,-0.004678649,0.001291818,0.003875453
3/22/19 14:37,DOWN,1.13222,1.1326,1.12825,1.1286,-0.001009591,0.000984714,0.002954141
3/25/19 6:29,UP,1.1286,1.13055,1.12732,1.13029,0.000318553,0.000705833,0.002117499
3/25/19 12:33,UP,1.13022,1.13251,1.12945,1.13213,0.000600818,0.000680664,0.002041991
3/26/19 5:29,DOWN,1.13211,1.13315,1.13084,1.1309,-0.000618785,0.000474702,0.001424105
3/26/19 11:15,UP,1.13095,1.13262,1.13027,1.1322,0.000459388,0.000421334,0.001264001
3/26/19 12:36,DOWN,1.13218,1.13234,1.12932,1.12941,-0.001115005,0.000521578,0.001564735
3/26/19 19:00,DOWN,1.12941,1.13,1.12761,1.12784,-0.000301416,0.00047826,0.00143478
3/27/19 2:27,DOWN,1.12782,1.12812,1.12507,1.12535,-0.000710637,0.000567467,0.001702401
3/27/19 8:47,UP,1.12536,1.12749,1.12467,1.12749,0.000647666,0.000592629,0.001777888
3/27/19 13:14,DOWN,1.12749,1.12859,1.1255,1.12623,-0.000585854,0.000562528,0.001687584
3/27/19 16:22,DOWN,1.12629,1.12641,1.12421,1.12456,-0.000186722,0.000490736,0.001472207
3/28/19 7:59,DOWN,1.12457,1.12678,1.12368,1.12377,-0.001484966,0.000611438,0.001834314
3/28/19 11:35,DOWN,1.12378,1.12592,1.12275,1.12288,-0.001210438,0.00064499,0.001934969
3/29/19 9:54,DOWN,1.12294,1.12392,1.12135,1.12138,-0.001318932,0.000571393,0.001714179
3/29/19 11:46,UP,1.12136,1.12359,1.12096,1.12332,0.00017806,0.000572171,0.001716514
3/29/19 17:24,DOWN,1.12327,1.1247,1.12173,1.1218,-0.000507983,0.000454129,0.001362387
4/1/19 2:42,UP,1.12178,1.12314,1.12133,1.12314,0.000400743,0.000432771,0.001298313
4/1/19 8:37,UP,1.1231,1.125,1.12275,1.12457,0.000133393,0.000390217,0.001170652
4/1/19 11:51,DOWN,1.12458,1.12489,1.12294,1.12316,-0.000267068,0.000359457,0.001078372
4/1/19 14:21,DOWN,1.12312,1.12486,1.12117,1.12128,-0.001069633,0.000524176,0.001572527
4/1/19 16:56,DOWN,1.12129,1.12248,1.12047,1.12055,-0.000258768,0.000507299,0.001521896
4/2/19 4:28,DOWN,1.12057,1.12153,1.11958,1.11964,-0.00037505,0.00044013,0.00132039
4/2/19 14:29,DOWN,1.11963,1.12122,1.11901,1.11925,-0.001026946,0.000459125,0.001377376
4/2/19 21:00,UP,1.11927,1.12161,1.11837,1.12052,0.000741002,0.000447705,0.001343115
4/3/19 2:07,UP,1.12052,1.12266,1.12004,1.12242,0.000757579,0.000485851,0.001457553
4/3/19 8:00,UP,1.12241,1.12429,1.12152,1.12371,0.000338223,0.000542602,0.001627807
4/3/19 13:07,DOWN,1.1237,1.12548,1.12322,1.12332,-0.000747504,0.000508351,0.001525054
4/4/19 9:08,DOWN,1.1233,1.12492,1.12251,1.12315,-0.000516271,0.000475087,0.001425261
4/4/19 12:50,DOWN,1.12315,1.12364,1.12134,1.1215,-0.000552678,0.000462543,0.00138763
4/4/19 20:14,UP,1.12148,1.12269,1.1206,1.12245,0.000445553,0.000378457,0.001135372
4/5/19 6:17,UP,1.12239,1.12344,1.12174,1.12337,0.000641134,0.000369984,0.001109953
4/5/19 15:18,DOWN,1.12336,1.12493,1.12117,1.12119,-0.00126571,0.00043805,0.001314149
4/8/19 3:31,UP,1.1212,1.12324,1.12101,1.12267,0.000329626,0.00038939,0.001168169
4/8/19 9:43,UP,1.1227,1.12389,1.12216,1.12374,0.000534074,0.00036535,0.001096049
4/8/19 13:00,UP,1.12375,1.12645,1.12359,1.12618,0.001466204,0.000513687,0.001541062
4/8/19 23:58,DOWN,1.12619,1.12746,1.12551,1.12561,-0.000488505,0.000441863,0.001325588
4/9/19 8:46,UP,1.12558,1.12803,1.12555,1.12763,0.000727453,0.000413028,0.001239085
4/9/19 15:25,DOWN,1.12761,1.12844,1.12663,1.12703,-0.000204055,0.000362272,0.001086815
4/9/19 19:47,DOWN,1.12704,1.12807,1.12631,1.12635,-0.000159795,0.000400128,0.001200385
4/10/19 9:53,UP,1.12639,1.12782,1.12555,1.12771,0.000656412,0.000441097,0.001323291
4/10/19 12:46,DOWN,1.12771,1.12881,1.12533,1.12612,-0.000142071,0.000512753,0.001538259
4/10/19 13:13,DOWN,1.12607,1.1267,1.12345,1.12366,-0.002009265,0.00069016,0.002070479
4/10/19 15:39,UP,1.12366,1.12674,1.12296,1.12666,0.001047892,0.000659669,0.001979008
4/11/19 7:08,UP,1.12665,1.12868,1.12625,1.12837,0.000398885,0.000533634,0.001600903
4/11/19 11:57,DOWN,1.12838,1.12875,1.12637,1.12681,-0.000665374,0.000506236,0.001518707
4/11/19 21:34,DOWN,1.12679,1.12766,1.125,1.12564,-0.000284242,0.000465987,0.001397962
4/12/19 0:43,UP,1.12581,1.12786,1.12543,1.12768,0.001348809,0.000559514,0.001678543
4/12/19 8:09,UP,1.12768,1.12988,1.12768,1.12947,0.00064653,0.000520351,0.001561053
4/12/19 10:12,UP,1.12944,1.1318,1.12895,1.13158,0.000556899,0.000510841,0.001532522
4/12/19 16:07,DOWN,1.13158,1.1324,1.13007,1.13015,-0.001255682,0.000569276,0.001707828
4/15/19 3:34,UP,1.13017,1.13145,1.12927,1.13119,0.000247558,0.00054023,0.001620689
4/15/19 13:43,DOWN,1.13122,1.13211,1.13,1.13003,-0.001132072,0.000514761,0.001544284
4/16/19 9:16,DOWN,1.13001,1.13141,1.12798,1.12839,-0.001992006,0.000649523,0.00194857
4/16/19 12:07,UP,1.12838,1.13118,1.12831,1.13062,0.000168064,0.000617249,0.001851748
4/16/19 16:48,DOWN,1.13061,1.13079,1.12831,1.12832,-0.00083275,0.000579264,0.001737791
4/17/19 3:55,UP,1.12831,1.1303,1.12787,1.13019,0.000150429,0.000546654,0.001639961
4/17/19 12:28,DOWN,1.1302,1.13239,1.13005,1.13029,-0.000194621,0.0005004,0.001501199
4/18/19 7:31,DOWN,1.13029,1.13077,1.12712,1.12732,-0.00212668,0.000655652,0.001966956
4/18/19 12:21,DOWN,1.12728,1.12778,1.12432,1.12481,-0.000622134,0.000632113,0.001896338
4/18/19 17:13,DOWN,1.12479,1.12539,1.12265,1.12284,-0.000427396,0.000543324,0.001629973
4/19/19 12:34,UP,1.12285,1.12475,1.12262,1.12452,0.000151187,0.00048752,0.001462559
4/22/19 14:13,UP,1.12452,1.12568,1.12358,1.1256,0.000524302,0.000351355,0.001054066
4/23/19 1:04,DOWN,1.12559,1.12621,1.12445,1.12474,-0.000711023,0.000364015,0.001092044
4/23/19 12:40,DOWN,1.12474,1.12613,1.12344,1.12354,-0.000765145,0.000385027,0.001155081
4/23/19 13:18,DOWN,1.12351,1.12367,1.12096,1.12136,-0.00059731,0.000504387,0.00151316
4/23/19 14:45,DOWN,1.12135,1.12185,1.11922,1.11976,-0.000508908,0.00050622,0.001518659
4/23/19 16:28,UP,1.11975,1.12159,1.11964,1.12153,0.000410238,0.00051037,0.00153111
4/24/19 2:23,DOWN,1.12154,1.12279,1.12095,1.12104,-0.000436999,0.000485536,0.001456609
4/24/19 12:27,DOWN,1.12104,1.12235,1.11948,1.12041,-0.000401558,0.000458257,0.00137477
4/24/19 16:26,DOWN,1.12042,1.12097,1.11692,1.11729,-0.001725904,0.000623141,0.001869424
4/24/19 18:54,DOWN,1.1173,1.11749,1.11431,1.11442,-0.001094141,0.00068441,0.002053231
4/25/19 9:45,DOWN,1.11441,1.11625,1.11327,1.11333,-0.000808059,0.00067228,0.002016841
4/25/19 14:19,UP,1.11335,1.11507,1.11179,1.11455,0.000143566,0.000598042,0.001794126
4/26/19 1:09,DOWN,1.11454,1.11546,1.11242,1.11274,-0.000548046,0.000514965,0.001544895
4/26/19 6:57,UP,1.11274,1.11474,1.11274,1.11466,0.000726943,0.000490558,0.001471673
4/26/19 12:45,UP,1.11465,1.11548,1.11115,1.11515,0.001031784,0.000496397,0.001489191
4/26/19 14:33,UP,1.11511,1.11719,1.11423,1.11645,0.0005286,0.000457405,0.001372215
4/26/19 20:56,DOWN,1.11647,1.1174,1.11446,1.11478,-0.000556009,0.000509652,0.001528955
4/29/19 6:10,UP,1.11478,1.11662,1.11368,1.11653,0.000698837,0.000533764,0.001601292
4/29/19 12:46,DOWN,1.11652,1.11672,1.11454,1.11482,-0.000331837,0.000485191,0.001455572
4/29/19 15:14,UP,1.11485,1.11703,1.11477,1.11671,0.000994486,0.00056176,0.001685281
4/30/19 1:48,UP,1.1167,1.11912,1.11643,1.11851,0.000321909,0.000523362,0.001570086
4/30/19 8:36,UP,1.11855,1.12079,1.11757,1.12049,0.00114301,0.00059679,0.001790369
4/30/19 12:25,UP,1.12054,1.12248,1.12011,1.12242,0.000178202,0.000546281,0.001638844
4/30/19 15:12,DOWN,1.1224,1.12293,1.12022,1.12032,-0.000321285,0.00060341,0.001810231
4/30/19 19:06,UP,1.12032,1.12255,1.11976,1.12199,0.000311994,0.000581595,0.001744786
5/1/19 9:48,UP,1.12201,1.12397,1.12108,1.12378,0.001273301,0.000599301,0.001797904
5/1/19 15:23,UP,1.12378,1.125,1.12219,1.12497,0.000729174,0.000632744,0.001898232
5/1/19 18:37,DOWN,1.12498,1.12648,1.12131,1.12211,-0.003425164,0.00103155,0.003094649
5/2/19 13:34,DOWN,1.12208,1.12208,1.11854,1.11857,-0.001277601,0.000696001,0.002088002
5/3/19 6:54,DOWN,1.11855,1.11881,1.11603,1.11633,-0.000608953,0.000514284,0.001542851
5/3/19 11:37,DOWN,1.11635,1.11693,1.11441,1.11486,-0.000529074,0.000447499,0.001342496
5/3/19 13:53,UP,1.11487,1.11709,1.11349,1.11683,0.000985416,0.000545206,0.001635617
5/3/19 15:09,UP,1.11683,1.12,1.11643,1.11955,0.000938317,0.000615555,0.001846666
5/6/19 16:33,UP,1.11957,1.12052,1.11677,1.11991,0.00016074,0.000538297,0.001614891
5/7/19 5:04,UP,1.1199,1.12143,1.11908,1.12123,0.000187312,0.000483713,0.00145114
5/7/19 8:21,DOWN,1.12122,1.1218,1.1193,1.11967,-7.14E-05,0.00059103,0.00177309
5/7/19 12:00,DOWN,1.11966,1.12064,1.11772,1.11828,-0.000992103,0.00059386,0.001781581
5/7/19 16:17,DOWN,1.11829,1.1193,1.11668,1.11669,-0.001583787,0.000621671,0.001865013
5/7/19 19:57,UP,1.1167,1.11933,1.11669,1.11883,0.000259233,0.000561653,0.001684959
5/8/19 6:07,UP,1.11885,1.12128,1.11852,1.1208,0.000240928,0.000494223,0.001482669
5/8/19 12:38,DOWN,1.12081,1.12125,1.11915,1.11917,-0.000884193,0.000494465,0.001483396
5/8/19 15:42,UP,1.11914,1.12138,1.11892,1.12115,0.00057993,0.000527256,0.001581768
5/8/19 16:29,DOWN,1.12114,1.12116,1.1183,1.11856,-0.001911346,0.000688421,0.002065264
5/9/19 8:10,DOWN,1.11854,1.12033,1.11829,1.11834,-0.000303976,0.000506633,0.001519898
5/9/19 12:39,UP,1.11835,1.12006,1.11735,1.12,0.000866447,0.00050387,0.00151161
5/9/19 13:58,UP,1.12,1.12417,1.11915,1.12391,0.002842341,0.000897839,0.002693518
5/9/19 16:25,DOWN,1.12391,1.12511,1.12169,1.12183,-0.000908816,0.000795063,0.00238519
5/10/19 9:09,UP,1.12183,1.12349,1.121,1.12316,0.00073926,0.000500086,0.001500258
5/10/19 12:47,UP,1.12316,1.12468,1.12232,1.12467,0.001352422,0.000566547,0.001699641
5/10/19 17:39,DOWN,1.12468,1.12537,1.12279,1.12311,-0.000409493,0.000495114,0.001485343
5/13/19 12:20,UP,1.12309,1.12517,1.1223,1.12492,0.000924938,0.000487943,0.00146383
5/13/19 14:56,DOWN,1.1249,1.12637,1.12436,1.12445,-0.000595669,0.000442705,0.001328115
5/13/19 20:14,DOWN,1.12445,1.12463,1.12278,1.12304,-0.000169169,0.000395395,0.001186184
5/14/19 12:27,DOWN,1.12304,1.1244,1.12082,1.12143,-0.001229815,0.000482888,0.001448663
5/15/19 0:16,DOWN,1.12142,1.12199,1.12013,1.12027,-0.000276681,0.000363717,0.001091151
5/15/19 10:27,DOWN,1.12027,1.1217,1.11963,1.11979,-0.000383927,0.000415908,0.001247725
5/15/19 12:08,DOWN,1.1198,1.12015,1.1178,1.11816,-5.37E-05,0.000454491,0.001363474
5/15/19 14:14,UP,1.11815,1.12247,1.11792,1.12218,0.003061231,0.000865322,0.002595965
5/16/19 11:54,DOWN,1.12217,1.1224,1.11973,1.12026,-0.000615739,0.000557642,0.001672926
5/16/19 14:04,DOWN,1.12025,1.12062,1.11831,1.11853,-0.000160913,0.000541708,0.001625125
5/17/19 9:20,DOWN,1.11851,1.11874,1.11663,1.11679,-0.000769768,0.00046382,0.00139146
5/17/19 15:04,DOWN,1.11677,1.1179,1.11553,1.11587,-8.96E-05,0.000459429,0.001378287
5/20/19 6:14,DOWN,1.11586,1.11692,1.11508,1.11528,-8.97E-05,0.000394644,0.001183933
5/20/19 15:41,UP,1.11525,1.11749,1.11506,1.11741,0.000501285,0.000475736,0.001427207
5/21/19 6:17,DOWN,1.11739,1.11743,1.11512,1.11521,-0.000726057,0.000448829,0.001346488
5/21/19 14:57,UP,1.11521,1.1176,1.1142,1.11742,0.001773511,0.00064076,0.00192228
5/21/19 18:22,DOWN,1.11744,1.1188,1.11541,1.11552,-0.000501882,0.000665424,0.001996271
5/22/19 12:31,UP,1.11553,1.11745,1.11487,1.11738,0.000438622,0.000553293,0.001659879
5/22/19 15:05,DOWN,1.11739,1.11802,1.11522,1.11552,-0.000492922,0.00051915,0.001557449
5/23/19 6:52,DOWN,1.11552,1.11637,1.11437,1.1145,-0.000305023,0.000405923,0.00121777
5/23/19 9:50,DOWN,1.11448,1.11483,1.11292,1.11293,-0.000494069,0.000383865,0.001151596
5/23/19 13:10,DOWN,1.11294,1.11438,1.11151,1.11153,-0.002120949,0.000628425,0.001885276
5/23/19 14:01,UP,1.11156,1.1139,1.11069,1.11372,0.001752424,0.000736,0.002207999
5/23/19 15:32,UP,1.11374,1.11688,1.11352,1.11658,0.00054646,0.000715041,0.002145124
5/24/19 6:20,UP,1.11657,1.11987,1.11635,1.11978,0.001483534,0.000654352,0.001963057
5/24/19 14:39,UP,1.11977,1.12083,1.11783,1.1206,0.001080362,0.000585221,0.001755664
5/27/19 7:55,DOWN,1.12058,1.12152,1.11955,1.11963,-0.000330412,0.000492019,0.001476058
5/28/19 7:03,DOWN,1.11961,1.11997,1.11769,1.11833,-0.000330796,0.000412636,0.001237908
5/28/19 9:39,UP,1.11835,1.11985,1.11755,1.11945,0.000169741,0.000390119,0.001170357
5/28/19 14:58,DOWN,1.11946,1.11962,1.11693,1.11726,-0.00162766,0.000568148,0.001704445
5/29/19 6:34,DOWN,1.11724,1.11817,1.11587,1.1162,-0.000465758,0.000479933,0.001439798
5/29/19 13:16,DOWN,1.11618,1.11646,1.11437,1.11481,-0.000591854,0.00040401,0.00121203
5/29/19 15:13,DOWN,1.1148,1.11536,1.11277,1.11294,-0.001221243,0.000517226,0.001551679
5/30/19 13:01,DOWN,1.11297,1.11434,1.11244,1.11271,-0.000655841,0.000427851,0.001283552
5/30/19 15:14,UP,1.11269,1.11353,1.11161,1.11341,0.000512072,0.000434937,0.001304812
5/31/19 7:53,UP,1.11339,1.11469,1.11252,1.11461,0.000771868,0.000383921,0.001151764
5/31/19 12:53,UP,1.11461,1.11648,1.11408,1.11618,0.001210214,0.000498933,0.0014968
5/31/19 14:40,UP,1.11621,1.11787,1.11524,1.11777,0.000608539,0.000550518,0.001651555
5/31/19 15:04,DOWN,1.11779,1.11799,1.11369,1.11392,-0.001749044,0.000783952,0.002351855
5/31/19 17:35,UP,1.11393,1.11669,1.11375,1.11662,0.000340371,0.000720512,0.002161536
6/3/19 2:49,UP,1.11661,1.11869,1.11598,1.11867,0.000384459,0.000569065,0.001707195
6/3/19 7:06,DOWN,1.11863,1.119,1.11602,1.11662,-0.000143279,0.000570322,0.001710966
6/3/19 10:58,UP,1.11665,1.11847,1.11635,1.11847,0.000679731,0.00053859,0.001615771
6/3/19 13:59,UP,1.11849,1.12051,1.11782,1.12023,0.000678662,0.000521684,0.001565052
6/3/19 17:14,UP,1.12019,1.12205,1.11963,1.12196,0.00033875,0.000459821,0.001379464
6/3/19 17:48,UP,1.12197,1.12412,1.12182,1.12412,0.001103694,0.000545715,0.001637145
6/4/19 6:17,UP,1.12412,1.12626,1.12388,1.12626,0.001163819,0.000557242,0.001671726
6/4/19 8:51,DOWN,1.12619,1.12774,1.12447,1.12457,-0.001039857,0.000631375,0.001894124
6/4/19 12:17,DOWN,1.12459,1.12635,1.12325,1.12331,-0.001245541,0.00069864,0.002095919
6/4/19 13:56,UP,1.12332,1.12662,1.12269,1.12628,0.002506958,0.000872011,0.002616034
6/4/19 18:09,UP,1.12623,1.12669,1.1229,1.12644,0.001065871,0.000912001,0.002736004
6/5/19 9:06,UP,1.12643,1.12846,1.12506,1.1282,0.000815791,0.000678228,0.002034685
6/5/19 11:36,DOWN,1.12817,1.12888,1.12525,1.12567,-0.000506237,0.000678822,0.002036465
6/5/19 12:28,UP,1.12569,1.13067,1.12523,1.12926,0.001408994,0.000857996,0.002573987
6/5/19 14:07,DOWN,1.12928,1.13046,1.12576,1.12658,-0.000825167,0.00077711,0.002331331
6/5/19 15:39,DOWN,1.12655,1.12717,1.12408,1.12422,-0.001297836,0.000752624,0.002257871
6/6/19 11:46,UP,1.12422,1.12547,1.12007,1.12472,0.001387975,0.000630423,0.001891268
6/6/19 12:41,UP,1.12467,1.12898,1.12433,1.12866,0.00151622,0.000786057,0.00235817
6/6/19 13:20,DOWN,1.12867,1.13089,1.1262,1.12677,-0.000674267,0.000860642,0.002581927
6/6/19 15:19,UP,1.12679,1.12922,1.12443,1.12922,0.000974598,0.000864682,0.002594046
6/7/19 2:14,DOWN,1.12926,1.13002,1.12674,1.1272,-0.000159675,0.000767399,0.002302196
6/7/19 12:35,UP,1.1272,1.13173,1.12513,1.13072,0.003109045,0.000962823,0.00288847
6/7/19 14:38,UP,1.13073,1.1343,1.13042,1.13418,0.000238086,0.000920887,0.00276266
6/10/19 1:23,DOWN,1.13416,1.13478,1.13109,1.13119,-0.001033774,0.000817467,0.0024524
6/10/19 13:18,UP,1.1312,1.1318,1.12901,1.13175,0.000680594,0.000703338,0.002110015
6/10/19 18:05,UP,1.13176,1.13245,1.12908,1.13223,0.001042735,0.000745777,0.00223733
6/11/19 16:53,UP,1.13223,1.13318,1.13015,1.13274,0.000697667,0.000590192,0.001770576
6/12/19 10:30,DOWN,1.13274,1.13435,1.13227,1.13232,-0.000467956,0.000468677,0.001406032
6/12/19 13:42,DOWN,1.13231,1.13411,1.13102,1.13119,-0.000388895,0.000561694,0.001685082
6/12/19 16:57,DOWN,1.1312,1.13259,1.12891,1.12964,-0.000876002,0.000612661,0.001837982
6/13/19 10:51,DOWN,1.12962,1.13039,1.12826,1.12865,-0.000177187,0.000435103,0.001305309
6/13/19 13:58,DOWN,1.12867,1.12969,1.12715,1.12746,-0.000248315,0.000423925,0.001271776
6/13/19 18:20,UP,1.12743,1.12851,1.12684,1.12841,0.000248168,0.000376737,0.001130212
6/14/19 8:07,UP,1.12841,1.12881,1.12698,1.12864,0.000629274,0.000391651,0.001174952
6/14/19 9:19,DOWN,1.12864,1.12892,1.12601,1.12669,-0.001286128,0.00049584,0.001487519
6/14/19 12:34,DOWN,1.12669,1.12744,1.1248,1.12481,-0.001456962,0.000627847,0.001883542
6/14/19 14:54,DOWN,1.12485,1.12519,1.12228,1.12248,-0.00035629,0.000627855,0.001883566
6/14/19 17:02,DOWN,1.12249,1.12277,1.12032,1.12032,-0.000294515,0.000620046,0.001860138
6/17/19 12:01,UP,1.12031,1.12335,1.12025,1.12324,0.001265,0.000558986,0.001676957
6/17/19 17:48,DOWN,1.12325,1.12472,1.12189,1.12195,-0.000632627,0.000526054,0.001578161
6/18/19 2:15,UP,1.12196,1.1234,1.1214,1.12333,0.000391769,0.000502249,0.001506747
6/18/19 8:09,DOWN,1.12332,1.12429,1.11999,1.12122,-0.000410183,0.000692946,0.002078839
6/18/19 9:07,DOWN,1.1212,1.12127,1.11818,1.11838,-0.00074187,0.000730809,0.002192426
6/18/19 15:02,DOWN,1.1184,1.12104,1.11814,1.11834,-0.000643604,0.000550077,0.001650232
6/19/19 8:07,UP,1.11834,1.12127,1.11834,1.12012,0.000777004,0.000481398,0.001444194
6/19/19 15:08,UP,1.1201,1.12201,1.11973,1.12179,0.000597438,0.000414705,0.001244114
6/19/19 18:05,UP,1.1218,1.12516,1.12049,1.12495,0.002670347,0.000793769,0.002381308
6/20/19 1:06,UP,1.12494,1.12628,1.12206,1.12613,0.000746196,0.000862715,0.002588146
6/20/19 7:24,UP,1.12612,1.12894,1.12571,1.12865,0.001232319,0.000739409,0.002218226
6/20/19 12:06,UP,1.12863,1.13154,1.12818,1.13079,1.77E-05,0.000609649,0.001828946
6/20/19 15:16,DOWN,1.1308,1.13172,1.12801,1.12825,-0.000513938,0.000607195,0.001821584
6/21/19 1:42,UP,1.12827,1.12991,1.12706,1.12988,0.000380644,0.00048665,0.00145995
6/21/19 6:30,DOWN,1.12985,1.13092,1.12845,1.12852,-0.000593522,0.000484721,0.001454163
6/21/19 7:22,UP,1.12851,1.13144,1.12831,1.13083,0.001681595,0.000620252,0.001860757
6/21/19 13:12,UP,1.13081,1.1328,1.12969,1.13216,0.000371041,0.000562683,0.00168805
6/21/19 17:16,UP,1.13216,1.13547,1.13089,1.13545,0.001621817,0.000750505,0.002251514
6/23/19 23:48,UP,1.13543,1.13823,1.13523,1.13823,0.000456954,0.000715554,0.002146661
6/24/19 15:34,UP,1.13823,1.14008,1.13726,1.13973,0.000667047,0.000557596,0.001672788
6/25/19 1:23,UP,1.13972,1.14063,1.13844,1.14048,0.00044728,0.000510874,0.001532621
6/25/19 8:03,DOWN,1.14046,1.14121,1.13857,1.13869,-0.000833944,0.000476944,0.001430832
6/25/19 16:39,DOWN,1.13867,1.13989,1.1366,1.13669,-0.001731602,0.000588229,0.001764687
6/26/19 1:17,DOWN,1.13667,1.13897,1.13442,1.1358,-0.000853659,0.000638843,0.001916528
6/26/19 15:02,UP,1.13581,1.13827,1.13475,1.13748,0.000773939,0.000534408,0.001603224
6/26/19 20:15,DOWN,1.13747,1.13913,1.13644,1.13664,-0.00024631,0.000506372,0.001519116
6/27/19 4:48,DOWN,1.13665,1.13772,1.13491,1.13529,-0.000748427,0.000513285,0.001539854
6/27/19 8:48,UP,1.13529,1.13744,1.13478,1.13734,0.000835631,0.00054411,0.001632329
6/28/19 5:49,DOWN,1.13737,1.13816,1.13564,1.13624,-0.000255195,0.000414749,0.001244248
6/28/19 7:12,UP,1.1362,1.1385,1.13618,1.13833,0.001169061,0.000509129,0.001527388
6/28/19 16:56,DOWN,1.13836,1.1394,1.13541,1.13544,-0.001830213,0.00063621,0.00190863
7/1/19 1:51,DOWN,1.13548,1.13783,1.13481,1.1349,-0.000502121,0.000581479,0.001744438
7/1/19 7:07,DOWN,1.13491,1.13565,1.13166,1.132,-0.000732947,0.000707326,0.002121978
7/1/19 11:20,UP,1.13196,1.13602,1.13166,1.13558,0.001630452,0.000785052,0.002355155
7/1/19 14:02,DOWN,1.1356,1.13566,1.13213,1.13245,-0.001641109,0.000823183,0.002469548
7/1/19 16:18,DOWN,1.13243,1.13373,1.13018,1.1302,-0.000424613,0.000818952,0.002456857
7/2/19 9:49,UP,1.13021,1.13214,1.12753,1.13151,0.002167596,0.000786015,0.002358044
7/2/19 14:21,DOWN,1.13157,1.13207,1.12892,1.12914,-0.000699403,0.000688026,0.002064078
7/2/19 19:58,DOWN,1.12912,1.1312,1.12823,1.1284,-0.000921235,0.000642732,0.001928197
7/3/19 7:31,DOWN,1.1284,1.12953,1.12687,1.12726,-0.000913303,0.00057975,0.001739249
7/3/19 10:55,UP,1.12725,1.12993,1.12716,1.1298,0.000894363,0.000570005,0.001710015
7/3/19 16:06,DOWN,1.12981,1.13125,1.12734,1.12744,-0.000381322,0.000598715,0.001796144
7/5/19 7:18,DOWN,1.12745,1.12952,1.127,1.12715,-0.00038142,0.000483089,0.001449267
7/5/19 12:31,DOWN,1.12715,1.12734,1.12425,1.12483,-0.000968566,0.00050371,0.00151113
7/5/19 13:28,DOWN,1.12484,1.1258,1.12262,1.12283,-0.000231531,0.000587921,0.001763762
7/8/19 3:08,UP,1.12285,1.12297,1.12074,1.12279,0.000285045,0.000528838,0.001586514
7/8/19 14:12,DOWN,1.1228,1.12344,1.12128,1.12161,-0.000142642,0.000472688,0.001418065
7/9/19 8:43,DOWN,1.1216,1.12209,1.12,1.12,-0.000758641,0.000420936,0.001262808
7/9/19 16:12,UP,1.12001,1.12113,1.11934,1.12105,8.92E-05,0.000395689,0.001187068
7/10/19 6:48,UP,1.12102,1.1218,1.11998,1.12174,0.000758039,0.000395635,0.001186904
7/10/19 12:31,UP,1.12172,1.12441,1.12083,1.12441,0.00233283,0.000675473,0.002026419
7/11/19 0:19,UP,1.12438,1.12647,1.12356,1.12646,0.000799282,0.000628413,0.001885238
7/11/19 12:04,UP,1.12645,1.12854,1.12581,1.12841,0.000957557,0.000592612,0.001777835
7/11/19 13:19,DOWN,1.12843,1.12858,1.12576,1.12581,-0.000621581,0.000639703,0.00191911
7/12/19 2:10,UP,1.1258,1.12664,1.12452,1.1266,0.000657059,0.000494271,0.001482813
7/12/19 9:39,DOWN,1.12661,1.1275,1.12546,1.12581,-0.000470661,0.000457794,0.001373382
7/12/19 12:45,DOWN,1.1258,1.12608,1.12383,1.12402,-0.00098704,0.00052018,0.001560539
7/12/19 16:21,UP,1.124,1.12626,1.12397,1.1259,0.000337565,0.000461792,0.001385377
7/15/19 7:11,UP,1.12591,1.12782,1.12581,1.12748,0.000274987,0.0004046,0.001213801
7/15/19 12:47,DOWN,1.12749,1.1284,1.12614,1.12689,0,0.000434277,0.001302832
7/16/19 6:46,DOWN,1.1269,1.12712,1.12534,1.12548,-0.000488561,0.000371412,0.001114235
7/16/19 9:02,DOWN,1.12549,1.12584,1.12359,1.12415,-0.000169002,0.000376761,0.001130282
7/16/19 10:47,DOWN,1.12417,1.12441,1.12221,1.12222,-0.000730428,0.000423267,0.001269801
7/16/19 18:29,DOWN,1.12221,1.12261,1.12023,1.12031,-0.000571107,0.00046091,0.001382731
7/17/19 11:14,UP,1.1203,1.12221,1.11999,1.12221,0.00049914,0.000423425,0.001270275
7/17/19 15:35,UP,1.1222,1.12308,1.12096,1.12267,0,0.000461146,0.001383437
7/18/19 1:33,UP,1.12267,1.12409,1.12192,1.12367,0.00032043,0.000436747,0.00131024
7/18/19 10:32,DOWN,1.12368,1.12439,1.12144,1.12155,-0.001496806,0.000524378,0.001573134
7/18/19 17:12,UP,1.12157,1.12298,1.12052,1.12253,0.000124726,0.00041715,0.001251451
7/18/19 18:25,UP,1.12256,1.12566,1.1224,1.12566,0.001760517,0.000631552,0.001894656
7/18/19 19:51,UP,1.12574,1.12805,1.12537,1.12784,0.000257162,0.000589703,0.001769108
7/18/19 22:25,DOWN,1.12785,1.1282,1.1242,1.12465,-0.002770355,0.000876345,0.002629035
7/19/19 9:46,DOWN,1.1246,1.12685,1.12383,1.12391,-0.000551493,0.00069608,0.00208824
7/19/19 18:11,DOWN,1.12392,1.12425,1.12037,1.12081,-0.001658139,0.000645514,0.001936542
7/22/19 20:48,DOWN,1.12083,1.12253,1.12034,1.1208,-0.00023195,0.000414672,0.001244016
7/23/19 5:24,DOWN,1.12081,1.12101,1.11898,1.11902,-0.000428855,0.000399356,0.001198068
7/23/19 10:20,DOWN,1.11901,1.11959,1.11759,1.11772,-0.000474067,0.000374374,0.001123123
7/23/19 13:16,DOWN,1.11774,1.11849,1.11651,1.11658,-0.000456648,0.000426645,0.001279936
7/23/19 15:00,DOWN,1.11659,1.11697,1.11476,1.11477,-0.000609805,0.000456926,0.001370779
7/24/19 4:46,DOWN,1.11479,1.11581,1.11427,1.11433,-0.000107682,0.000383492,0.001150476
7/24/19 7:40,DOWN,1.11435,1.11558,1.11269,1.11369,-0.000780882,0.000439217,0.001317652
7/24/19 10:53,UP,1.11368,1.11533,1.1131,1.11529,0.000941903,0.000448592,0.001345775
7/24/19 18:15,DOWN,1.11531,1.11559,1.11343,1.11376,-0.000332153,0.000417109,0.001251327
7/25/19 8:01,DOWN,1.11376,1.11443,1.11221,1.11271,-0.000359418,0.000374704,0.001124113
7/25/19 10:39,UP,1.11271,1.11486,1.11254,1.11428,0.001068525,0.000439027,0.001317081
7/25/19 11:55,DOWN,1.11429,1.11625,1.11162,1.11194,-0.001680333,0.000590448,0.001771344
7/25/19 12:53,UP,1.11193,1.11614,1.11014,1.1148,0.002577772,0.000837831,0.002513493
7/25/19 13:55,UP,1.1148,1.11867,1.11399,1.11857,0.001279236,0.000914073,0.00274222
7/25/19 15:45,DOWN,1.11853,1.11879,1.11551,1.11562,-0.00011652,0.000837754,0.002513262
7/25/19 17:09,DOWN,1.11564,1.11613,1.11265,1.11278,-0.001113706,0.000846752,0.002540255
7/26/19 14:20,DOWN,1.11278,1.11511,1.11162,1.1121,-0.001204202,0.000703049,0.002109148
7/29/19 11:36,DOWN,1.1121,1.1139,1.1112,1.11175,-0.000422668,0.000524312,0.001572937
7/29/19 15:06,UP,1.11176,1.11387,1.1113,1.11333,0.000125757,0.000470964,0.001412892
7/30/19 7:10,DOWN,1.11334,1.11511,1.11283,1.11349,-0.000152661,0.000353688,0.001061064
7/30/19 10:29,UP,1.11348,1.11526,1.11332,1.11482,0.000260166,0.000345555,0.001036664
7/30/19 18:26,UP,1.11482,1.11611,1.11381,1.11546,0.000251049,0.000302617,0.000907851
7/31/19 8:53,DOWN,1.11545,1.11622,1.11431,1.11468,-0.00061882,0.000285907,0.000857721
7/31/19 14:20,DOWN,1.11468,1.11529,1.11331,1.11336,-0.000727263,0.000332607,0.00099782
7/31/19 16:40,DOWN,1.11336,1.11408,1.11206,1.11233,-0.000575203,0.000356052,0.001068157
7/31/19 18:06,DOWN,1.11231,1.11405,1.10865,1.11118,-0.001834203,0.000586733,0.0017602
7/31/19 18:40,DOWN,1.11119,1.11271,1.10782,1.10819,-0.001983251,0.000836223,0.002508669
8/1/19 0:31,DOWN,1.10816,1.11038,1.10514,1.10533,-0.001030835,0.00080903,0.002427091
8/1/19 13:06,DOWN,1.10531,1.10549,1.1027,1.10303,-0.00075219,0.000604907,0.00181472
8/1/19 14:21,UP,1.10304,1.10598,1.10271,1.1058,0.00074182,0.000613088,0.001839263
8/1/19 17:31,UP,1.1058,1.10767,1.10493,1.10726,0.000469738,0.000543524,0.001630571
8/1/19 19:58,UP,1.10725,1.10957,1.10708,1.10926,0.000423796,0.000478337,0.00143501
8/2/19 2:55,DOWN,1.10925,1.10968,1.10697,1.10739,-0.000938704,0.000515929,0.001547786
8/2/19 7:30,UP,1.10738,1.10937,1.10708,1.10898,0.000469009,0.000443865,0.001331594
8/2/19 8:01,UP,1.10898,1.11151,1.10873,1.11103,0.001522269,0.000564857,0.00169457
8/2/19 12:39,DOWN,1.11105,1.1111,1.10881,1.10918,-0.000333524,0.000517452,0.001552357
8/2/19 14:20,UP,1.10921,1.11059,1.10782,1.1105,0.000486386,0.000511343,0.001534029
8/5/19 0:23,UP,1.11051,1.11216,1.10981,1.11184,0.00101685,0.000472627,0.001417881
8/5/19 7:55,UP,1.11185,1.11356,1.1112,1.11315,0.000440289,0.000396756,0.001190268
8/5/19 9:13,UP,1.11315,1.11506,1.11294,1.11466,0.000511497,0.000407661,0.001222984
8/5/19 10:57,UP,1.11468,1.11697,1.11417,1.11675,0.001102017,0.000490786,0.001472357
8/5/19 14:15,UP,1.11676,1.11987,1.11668,1.11965,0.001573157,0.000591219,0.001773656
8/5/19 16:55,UP,1.11968,1.12083,1.11795,1.12079,0.00076761,0.000610756,0.001832267
8/5/19 22:25,UP,1.12078,1.12204,1.11937,1.12184,0.00097209,0.000605532,0.001816596
8/5/19 23:45,UP,1.12185,1.12451,1.12179,1.12448,0.001557487,0.000710636,0.002131909
8/6/19 3:40,DOWN,1.12445,1.12498,1.12191,1.12202,-0.000890853,0.000621845,0.001865535
8/6/19 4:22,DOWN,1.12201,1.12213,1.11901,1.11958,-0.000517917,0.000716255,0.002148766
8/6/19 11:56,DOWN,1.11956,1.12187,1.11825,1.11831,-0.001376131,0.000651364,0.001954092
8/6/19 15:13,UP,1.11833,1.12044,1.11675,1.12041,0.001581028,0.000668693,0.00200608
8/7/19 0:29,UP,1.12042,1.12177,1.11907,1.1217,0.001115001,0.000572316,0.001716948
8/7/19 8:12,DOWN,1.12168,1.12197,1.11869,1.11934,-0.000732306,0.000486629,0.001459886
8/7/19 12:09,UP,1.11934,1.12031,1.11789,1.12031,0.000651818,0.000485524,0.001456573
8/7/19 13:19,UP,1.1203,1.12199,1.11911,1.12184,0.000802575,0.000561105,0.001683315
8/7/19 14:00,UP,1.12183,1.12408,1.12165,1.12378,0.000160187,0.00057471,0.00172413
8/7/19 17:36,DOWN,1.12375,1.12418,1.12071,1.12153,-0.001060488,0.000618266,0.001854798
8/8/19 8:16,UP,1.12152,1.12227,1.11986,1.12219,0.000383253,0.000455971,0.001367912
8/8/19 11:22,DOWN,1.12218,1.12279,1.11955,1.12014,-0.000428426,0.000467538,0.001402613
8/8/19 13:09,UP,1.12016,1.12244,1.11813,1.12225,0.00311467,0.000902402,0.002707206
8/8/19 18:52,DOWN,1.12222,1.12327,1.11824,1.11868,-0.000277074,0.000950914,0.002852742
8/9/19 15:27,UP,1.1187,1.12109,1.1177,1.12087,0.000526515,0.000590568,0.001771705
8/12/19 7:14,DOWN,1.12086,1.12232,1.11855,1.11855,-0.00163471,0.000606283,0.001818848
8/12/19 10:29,UP,1.11854,1.11969,1.1162,1.11961,0.001081318,0.000654012,0.001962036
8/12/19 13:16,UP,1.11962,1.12205,1.11863,1.12197,0.001257508,0.000721285,0.002163855
8/13/19 2:44,DOWN,1.12197,1.12308,1.11938,1.1196,-0.001115847,0.000640308,0.001920924
8/13/19 9:51,UP,1.11958,1.12097,1.11819,1.12074,0.001089159,0.000613498,0.001840494
8/13/19 13:53,DOWN,1.12073,1.12286,1.11899,1.11971,-0.000821304,0.000630454,0.001891361
8/13/19 16:27,DOWN,1.1197,1.1199,1.11702,1.11742,-0.00068885,0.000582609,0.001747826
8/14/19 8:03,UP,1.11742,1.11861,1.1165,1.11824,0.00016098,0.000448432,0.001345296
8/14/19 12:16,UP,1.11826,1.11898,1.11659,1.11882,0.000393349,0.000560868,0.001682603
8/14/19 14:12,DOWN,1.1188,1.1191,1.11458,1.11458,-0.002106198,0.000766027,0.002298081
8/15/19 10:05,UP,1.11457,1.1154,1.11308,1.11526,0.000376665,0.000502467,0.001507401
8/15/19 12:35,DOWN,1.11525,1.11584,1.1135,1.11396,-0.000762753,0.000462009,0.001386028
8/15/19 13:46,DOWN,1.11395,1.11459,1.11198,1.11227,-0.001608028,0.000600048,0.001800145
8/15/19 14:53,DOWN,1.11227,1.11246,1.10914,1.11016,-9.01E-05,0.000598163,0.001794488
8/16/19 7:39,DOWN,1.11014,1.11192,1.10867,1.10888,-0.001180675,0.0006383,0.0019149
8/16/19 13:31,DOWN,1.10888,1.1091,1.10663,1.10709,-0.000442504,0.00052235,0.00156705
8/16/19 14:49,UP,1.1071,1.11041,1.10686,1.11036,0.001523188,0.000691138,0.002073414
8/19/19 17:57,DOWN,1.11032,1.11138,1.10848,1.10901,-0.000495815,0.000449864,0.001349591
8/20/19 8:40,DOWN,1.10898,1.1091,1.10712,1.10758,-0.000117366,0.000407023,0.00122107
8/20/19 15:03,UP,1.10757,1.10939,1.10657,1.10918,0.000748581,0.000455404,0.001366213
8/21/19 19:46,DOWN,1.10913,1.11072,1.10804,1.10883,-8.12E-05,0.000436019,0.001308057
8/22/19 7:27,UP,1.10882,1.10972,1.10756,1.10959,0.001036956,0.000500456,0.001501368
8/22/19 9:30,DOWN,1.1096,1.11133,1.10835,1.10854,-0.001379242,0.000611402,0.001834207
8/23/19 4:09,DOWN,1.10856,1.10989,1.10636,1.10683,-0.000514852,0.000579416,0.001738248
8/23/19 14:05,UP,1.10682,1.10829,1.10518,1.10791,0.000866872,0.000520168,0.001560505
8/23/19 15:01,UP,1.10787,1.11149,1.10704,1.11069,0.000747563,0.00063394,0.001901821
8/23/19 15:26,UP,1.11072,1.11392,1.1104,1.11377,0.001167889,0.000762602,0.002287807
8/25/19 22:39,UP,1.11374,1.11643,1.11271,1.11606,0.000717064,0.000797696,0.002393089
8/26/19 6:58,DOWN,1.11607,1.11608,1.11289,1.11313,-0.001830993,0.000779735,0.002339206
8/26/19 13:03,DOWN,1.11313,1.11361,1.11066,1.11129,-0.000197949,0.000548096,0.001644288
8/26/19 17:53,DOWN,1.11129,1.11244,1.10967,1.11036,-0.000162096,0.000502572,0.001507717
8/27/19 9:07,UP,1.11037,1.11158,1.10942,1.1114,0.000503996,0.00037837,0.00113511
8/27/19 13:16,DOWN,1.11139,1.11148,1.10944,1.10975,-0.000909701,0.000400698,0.001202094
8/27/19 21:48,DOWN,1.10981,1.11069,1.10857,1.10906,-5.41E-05,0.000355489,0.001066467
8/28/19 13:02,DOWN,1.10915,1.10981,1.10756,1.10757,-0.000685952,0.000399795,0.001199384
8/29/19 10:53,DOWN,1.10756,1.10875,1.10701,1.10731,-0.000307003,0.000337377,0.00101213
8/29/19 13:59,DOWN,1.10729,1.10821,1.1056,1.10614,-0.000560351,0.000328246,0.000984737
8/29/19 14:49,UP,1.10616,1.10937,1.10593,1.10791,0.001562719,0.000491735,0.001475204
8/29/19 16:02,DOWN,1.10796,1.10798,1.10549,1.1058,-0.000135639,0.000625771,0.001877312
8/30/19 6:55,DOWN,1.10582,1.10605,1.10353,1.10384,-0.000344194,0.000497976,0.001493927
8/30/19 15:05,DOWN,1.10384,1.10496,1.10072,1.10083,-0.002322818,0.000738306,0.002214919
8/30/19 17:10,DOWN,1.1008,1.10093,1.09762,1.09807,-0.000882978,0.000752509,0.002257528
8/30/19 20:06,UP,1.09808,1.0993,1.09632,1.09927,0.000982953,0.000828579,0.002485738
9/2/19 9:18,DOWN,1.0993,1.09969,1.09645,1.09697,-0.000765453,0.000649556,0.001948668
9/3/19 1:24,DOWN,1.09698,1.09756,1.0941,1.0944,-0.001241919,0.000646789,0.001940367
9/3/19 14:04,UP,1.09441,1.09719,1.0926,1.09698,0.001998386,0.000709611,0.002128833
9/4/19 6:25,UP,1.09693,1.09833,1.09582,1.09821,0.00050094,0.000554206,0.001662618
9/4/19 9:00,UP,1.09823,1.10131,1.09764,1.1005,0.001282057,0.00059613,0.00178839
9/4/19 14:47,UP,1.10048,1.10324,1.10037,1.10251,0.000626041,0.00053146,0.001594379
9/5/19 6:46,DOWN,1.10248,1.10395,1.10169,1.10193,-0.000335718,0.000447137,0.001341411
9/5/19 7:41,UP,1.10193,1.10396,1.10173,1.10396,0.000915307,0.000524602,0.001573805
9/5/19 10:36,UP,1.10396,1.10543,1.10293,1.10536,0.000552009,0.000524194,0.001572581
9/5/19 13:38,UP,1.10537,1.10755,1.1052,1.10747,0.001075099,0.000597724,0.001793171
9/5/19 14:40,DOWN,1.10748,1.10849,1.10517,1.10534,-0.000886212,0.000622784,0.001868351
9/6/19 1:35,DOWN,1.10533,1.10553,1.10298,1.10328,-0.000244695,0.000536436,0.001609307
9/6/19 9:26,DOWN,1.10327,1.10516,1.103,1.10312,-0.000607184,0.000558857,0.001676572
9/6/19 13:01,UP,1.10315,1.10466,1.10203,1.10403,9.06E-06,0.000532281,0.001596844
9/6/19 16:51,DOWN,1.10404,1.10573,1.10275,1.10275,-0.001449867,0.000635446,0.001906337
9/9/19 8:19,UP,1.10279,1.10396,1.10156,1.1036,0.000181242,0.000546824,0.001640472
9/9/19 13:21,UP,1.10363,1.10592,1.10212,1.1049,0.000235343,0.000636885,0.001910656
9/10/19 5:25,DOWN,1.1049,1.10682,1.10404,1.10439,-0.000153919,0.000480613,0.001441838
9/11/19 0:16,UP,1.10441,1.10596,1.10306,1.10518,0.000253384,0.000447017,0.001341051
9/11/19 7:54,DOWN,1.1052,1.10558,1.10341,1.10346,-0.001068792,0.000507711,0.001523132
9/11/19 10:32,DOWN,1.10345,1.10368,1.10141,1.10153,-0.000780428,0.000534655,0.001603966
9/11/19 13:32,DOWN,1.10151,1.10186,1.09937,1.09954,-0.000618249,0.000518081,0.001554244
9/11/19 17:20,UP,1.09954,1.10098,1.09852,1.10084,0.00068153,0.000507009,0.001521028
9/12/19 8:33,UP,1.10087,1.10325,1.10053,1.10287,0.000961591,0.000475921,0.001427763
9/12/19 11:52,DOWN,1.10285,1.10701,1.0965,1.09672,-0.004721131,0.001232784,0.003698351
9/12/19 13:33,UP,1.09669,1.09919,1.09268,1.09775,0.000984315,0.001206182,0.003618547
9/12/19 14:08,UP,1.09776,1.10563,1.0972,1.10525,0.002409596,0.001605808,0.004817424
9/12/19 17:11,UP,1.10522,1.10809,1.10261,1.10805,0.001408871,0.001457769,0.004373307
9/13/19 7:04,UP,1.10806,1.11003,1.10553,1.11002,0.0010095,0.001123099,0.003369298
9/13/19 14:02,DOWN,1.10999,1.11096,1.1065,1.10659,-0.001859844,0.000976711,0.002930133
9/16/19 10:31,DOWN,1.10658,1.10865,1.10476,1.10495,-0.001049271,0.000699827,0.002099481
9/16/19 13:29,DOWN,1.10493,1.1052,1.10181,1.10217,-0.000698378,0.0006766,0.0020298
9/16/19 17:33,DOWN,1.10217,1.10232,1.09934,1.0998,-0.000618103,0.000702825,0.002108475
9/17/19 8:31,UP,1.09979,1.10228,1.09903,1.10203,0.00037211,0.000622544,0.001867631
9/17/19 13:22,UP,1.10201,1.1039,1.10068,1.10324,0.000607487,0.000612508,0.001837523
9/17/19 14:41,UP,1.10326,1.10467,1.10211,1.10463,0.000534258,0.00061703,0.00185109
9/17/19 17:26,UP,1.10464,1.10722,1.10428,1.10721,0.000777029,0.00061324,0.00183972
9/18/19 8:03,DOWN,1.1072,1.10758,1.10514,1.10542,-0.000506467,0.000487848,0.001463545
9/18/19 13:17,UP,1.10543,1.10613,1.10368,1.10581,0.000443212,0.000524956,0.001574868
9/18/19 18:17,DOWN,1.10578,1.10683,1.10249,1.1029,-0.001893211,0.000713962,0.002141885
9/19/19 6:41,UP,1.10287,1.10484,1.10138,1.10482,0.000624731,0.000742898,0.002228693
9/19/19 9:49,UP,1.1048,1.10686,1.1035,1.10676,0.00054227,0.000727857,0.002183572
9/19/19 15:47,DOWN,1.10677,1.10736,1.1043,1.1046,-0.000977252,0.000620635,0.001861904
9/20/19 7:04,UP,1.1046,1.10644,1.10386,1.10608,0.000280308,0.00055926,0.001677781
9/20/19 10:50,DOWN,1.10609,1.10678,1.10407,1.10431,-0.000506975,0.000505924,0.001517772
9/20/19 13:07,DOWN,1.10431,1.10436,1.10191,1.10247,-0.000263011,0.00049298,0.001478939
9/20/19 15:02,DOWN,1.10248,1.10261,1.10047,1.10069,-0.000490481,0.000489449,0.001468347
9/20/19 17:49,UP,1.10071,1.10196,1.09963,1.10192,0.000671781,0.000486236,0.001458709
9/23/19 7:06,DOWN,1.10193,1.10256,1.10093,1.10094,-0.000944201,0.000450806,0.001352418
9/23/19 7:37,DOWN,1.10098,1.10117,1.09718,1.09745,-0.002911608,0.000831945,0.002495835
9/23/19 15:04,UP,1.0974,1.09994,1.09662,1.09963,0.000709581,0.000665585,0.001996754
9/24/19 12:08,UP,1.09965,1.10048,1.09838,1.10038,0.001027446,0.000532002,0.001596007
9/24/19 17:22,UP,1.10034,1.1019,1.0994,1.10183,0.000235999,0.000559443,0.00167833
9/25/19 2:53,DOWN,1.10184,1.10242,1.09982,1.10018,-0.000254471,0.000564285,0.001692855
9/25/19 12:05,DOWN,1.10017,1.10051,1.09772,1.09784,-0.001046963,0.000549046,0.001647137
9/25/19 14:33,DOWN,1.09783,1.09884,1.09569,1.09584,-0.001304084,0.000639937,0.001919812
9/25/19 18:49,DOWN,1.09584,1.09642,1.09383,1.09386,-0.000621459,0.000552266,0.001656798
9/26/19 3:03,UP,1.09385,1.09608,1.09375,1.09591,0.000428959,0.000519634,0.001558901
9/26/19 7:29,DOWN,1.09589,1.09652,1.09443,1.09461,-0.000739716,0.000537249,0.001611748
9/26/19 11:44,DOWN,1.09463,1.09466,1.09227,1.0927,-0.000393443,0.000472673,0.001418018
9/26/19 13:05,UP,1.09274,1.0956,1.09251,1.09541,0.000931592,0.000550379,0.001651136
9/26/19 14:58,DOWN,1.0954,1.09676,1.09362,1.09403,-0.001287983,0.000615343,0.001846029
9/26/19 19:52,DOWN,1.09404,1.09462,1.0909,1.09201,-0.000558447,0.000544214,0.001632642
9/27/19 10:49,UP,1.09199,1.09288,1.09049,1.09276,0.00033865,0.000515158,0.001545474
9/27/19 12:51,UP,1.09278,1.09487,1.09269,1.09473,0.001169922,0.00057439,0.001723171
9/27/19 15:39,UP,1.09473,1.09588,1.09267,1.0958,0.000538564,0.000653739,0.001961218
9/30/19 1:38,DOWN,1.09577,1.09577,1.09308,1.09354,-0.000347435,0.000626509,0.001879528
9/30/19 9:51,DOWN,1.09357,1.09478,1.09219,1.09219,-0.000915173,0.000588547,0.00176564
9/30/19 12:18,DOWN,1.0922,1.09266,1.08848,1.0894,-0.001476787,0.00068999,0.002069971
10/1/19 3:22,DOWN,1.08941,1.09141,1.08857,1.0888,-0.000486656,0.000560537,0.001681611
10/1/19 10:33,UP,1.0888,1.09045,1.08791,1.09007,0.000523039,0.000485725,0.001457174
10/1/19 13:58,DOWN,1.09006,1.0908,1.08858,1.08877,-0.000817102,0.000523141,0.001569422
10/1/19 14:07,UP,1.08875,1.09216,1.08847,1.09147,0.002476793,0.000790775,0.002372326
10/1/19 15:36,UP,1.09146,1.09348,1.09031,1.09341,0.000695315,0.000821002,0.002463006
10/2/19 7:49,DOWN,1.0934,1.0943,1.09169,1.0917,-0.00040296,0.000589816,0.001769447
10/2/19 11:26,UP,1.09174,1.0935,1.09041,1.09317,0.001162434,0.000612134,0.001836402
10/2/19 13:58,UP,1.09317,1.09496,1.09156,1.09488,0.000886335,0.000678226,0.002034678
10/3/19 7:04,DOWN,1.09486,1.0965,1.09373,1.09414,-0.000940936,0.00055992,0.00167976
10/3/19 8:51,UP,1.09412,1.09738,1.0941,1.09645,0.000437872,0.000694832,0.002084495
10/3/19 14:08,UP,1.09646,1.09959,1.0945,1.09953,0.00302404,0.001041189,0.003123567
10/4/19 5:35,DOWN,1.09955,1.09994,1.09635,1.09708,-0.000601416,0.000727935,0.002183804
10/4/19 12:34,DOWN,1.09706,1.10003,1.09587,1.09619,-0.001668027,0.000708459,0.002125378
10/7/19 0:59,UP,1.09619,1.0988,1.0957,1.0988,0.000482461,0.000640989,0.001922966
10/7/19 8:27,DOWN,1.09879,1.099,1.09637,1.09661,-0.00079304,0.000591349,0.001774047
10/7/19 12:08,UP,1.09659,1.09949,1.0962,1.09948,0.001301461,0.000623119,0.001869356
10/7/19 17:34,DOWN,1.09948,1.10006,1.09714,1.09736,-0.000746969,0.000591442,0.001774327
10/8/19 8:09,UP,1.09733,1.0988,1.09647,1.09869,0.000691972,0.000479503,0.001438508
10/8/19 13:20,DOWN,1.09869,1.0996,1.09706,1.09722,-0.001229626,0.000534967,0.0016049
10/8/19 15:04,DOWN,1.09722,1.09793,1.09532,1.09574,-9.13E-05,0.000546231,0.001638693
10/9/19 3:00,UP,1.09573,1.09657,1.09411,1.09652,0.000583835,0.000450447,0.00135134
10/9/19 7:24,UP,1.09654,1.0983,1.09557,1.09814,0.001822922,0.000614845,0.001844536
10/9/19 20:32,DOWN,1.09814,1.099,1.09702,1.09723,-0.000100247,0.000464706,0.001394117
10/10/19 1:42,UP,1.09723,1.09935,1.09678,1.09891,0.000618987,0.000449023,0.001347069
10/10/19 6:56,UP,1.0989,1.10073,1.09831,1.10073,0.00201888,0.000639564,0.001918693
10/10/19 9:55,UP,1.10074,1.10318,1.10046,1.1031,0.001133813,0.000616201,0.001848602
10/10/19 14:58,DOWN,1.10312,1.10339,1.10118,1.10156,-0.000462873,0.000512509,0.001537527
10/11/19 8:29,DOWN,1.10153,1.10236,1.10022,1.10065,-0.000426929,0.000472687,0.00141806
10/11/19 10:27,UP,1.10067,1.10269,1.10009,1.10254,9.07E-05,0.000568829,0.001706488
10/11/19 11:29,UP,1.10254,1.10627,1.10242,1.10609,0.001501909,0.000697461,0.002092382
10/11/19 15:01,DOWN,1.10607,1.10628,1.10256,1.10366,-0.000199317,0.000662357,0.001987071
10/14/19 1:15,DOWN,1.10365,1.10539,1.10242,1.1025,-0.00048061,0.000627652,0.001882955
10/14/19 10:07,UP,1.10251,1.10406,1.10126,1.10403,0.000326131,0.000591657,0.001774971
10/14/19 14:20,DOWN,1.10402,1.10427,1.10197,1.10212,-0.000117948,0.00056151,0.001684531
10/15/19 6:34,UP,1.1021,1.10374,1.10177,1.10368,0.000289981,0.000443744,0.001331231
10/15/19 7:14,DOWN,1.10364,1.10462,1.10191,1.10191,-0.00203077,0.000657003,0.00197101
10/15/19 11:34,DOWN,1.1019,1.10306,1.10045,1.10055,-0.000917302,0.000614331,0.001842992
10/15/19 14:30,UP,1.10053,1.10281,1.09913,1.10258,0.002751883,0.000868777,0.002606331
10/16/19 6:18,UP,1.10263,1.10601,1.10154,1.10544,0.002055592,0.000816017,0.002448052
10/16/19 9:24,DOWN,1.10546,1.10561,1.10224,1.10228,-0.000498841,0.000785072,0.002355217
10/16/19 13:53,UP,1.10227,1.10509,1.10226,1.10481,0.000624737,0.000709011,0.002127033
10/16/19 15:58,UP,1.1048,1.10758,1.10415,1.10753,0.000912355,0.000777855,0.002333565
10/17/19 9:31,UP,1.10752,1.11024,1.10648,1.11023,0.000982261,0.0007335,0.002200501
10/18/19 1:10,UP,1.11024,1.11401,1.11016,1.11281,0.000251647,0.000684172,0.002052515
10/18/19 11:41,UP,1.11283,1.11455,1.11147,1.11447,0.001248008,0.000628015,0.001884044
10/18/19 20:05,UP,1.11448,1.11662,1.11352,1.11635,0.00045695,0.000563338,0.001690014
10/21/19 8:36,UP,1.11631,1.11794,1.11488,1.1175,0.000984825,0.000566497,0.00169949
10/21/19 14:46,DOWN,1.11749,1.11778,1.11481,1.11517,-0.000726083,0.000551906,0.001655718
10/22/19 8:27,DOWN,1.11516,1.11568,1.11335,1.1137,-0.000682177,0.000490837,0.00147251
10/22/19 19:00,DOWN,1.11368,1.11541,1.11203,1.11242,-0.00044937,0.000590112,0.001770337
10/23/19 10:15,DOWN,1.11243,1.11359,1.11085,1.11117,-0.00032393,0.000586278,0.001758835
10/23/19 19:36,UP,1.11117,1.11398,1.11062,1.11374,0.00116792,0.000591256,0.001773769
10/24/19 8:49,DOWN,1.11373,1.1163,1.1124,1.11261,-0.000584041,0.000695855,0.002087564
10/24/19 13:53,DOWN,1.1126,1.11538,1.11114,1.11167,-0.001141773,0.000726987,0.002180961
10/25/19 8:21,UP,1.11167,1.11211,1.10931,1.11184,0.000521794,0.000554818,0.001664454
10/25/19 13:05,DOWN,1.1118,1.11231,1.10958,1.11005,-0.000567381,0.000526181,0.001578544
10/25/19 15:50,DOWN,1.11005,1.11054,1.10822,1.10827,-0.000369878,0.000524588,0.001573763
10/28/19 8:21,UP,1.10828,1.10968,1.10731,1.1094,0.000288486,0.00048131,0.001443931
10/29/19 8:21,DOWN,1.10937,1.11067,1.10828,1.10844,-0.000586238,0.000426267,0.001278802
10/29/19 12:59,UP,1.10844,1.10961,1.10736,1.10948,0.001064127,0.00054951,0.00164853
10/29/19 16:04,UP,1.1095,1.11186,1.10925,1.11158,0.000647937,0.000504582,0.001513747
10/30/19 10:56,UP,1.1116,1.11271,1.1105,1.11237,0.000890388,0.000451411,0.001354234
10/30/19 12:36,DOWN,1.11239,1.11242,1.11036,1.11038,-0.001071131,0.000546907,0.001640721
10/30/19 16:27,UP,1.1104,1.11256,1.11021,1.11227,0.000134868,0.00051472,0.001544159
10/30/19 18:43,DOWN,1.11228,1.11239,1.10799,1.10866,-0.002729301,0.000830341,0.002491022
10/30/19 19:06,UP,1.10865,1.11348,1.10862,1.11333,0.001375201,0.001083432,0.003250295
10/31/19 1:31,UP,1.11332,1.11679,1.11331,1.11672,0.00092277,0.000957494,0.002872482
10/31/19 14:28,DOWN,1.11674,1.11756,1.11315,1.11346,-0.001328308,0.000832705,0.002498115
11/1/19 1:46,UP,1.11345,1.1164,1.11328,1.11622,0.001156354,0.000758772,0.002276316
11/1/19 12:34,DOWN,1.11623,1.11688,1.11303,1.11354,-0.001417893,0.000718378,0.002155135
11/1/19 14:23,UP,1.1135,1.11688,1.11282,1.1164,0.000519662,0.000682621,0.002047863
11/4/19 15:07,DOWN,1.11641,1.11767,1.1147,1.11525,-0.000170351,0.00055978,0.001679339
11/4/19 19:43,DOWN,1.11526,1.11571,1.11265,1.11267,-0.000835478,0.00059763,0.001792891
11/5/19 12:01,DOWN,1.11267,1.11403,1.11127,1.11156,-0.00070147,0.000439233,0.001317699
11/5/19 13:57,DOWN,1.11156,1.1117,1.10953,1.11003,-0.000387302,0.000453353,0.001360058
11/5/19 15:06,DOWN,1.11004,1.11004,1.10681,1.10743,-0.001642096,0.00062198,0.00186594
11/6/19 8:53,UP,1.1074,1.10882,1.10635,1.1088,0.000902283,0.000473296,0.001419887
11/6/19 15:59,DOWN,1.10879,1.10929,1.1073,1.10742,-0.000731162,0.000440272,0.001320816
11/7/19 3:10,DOWN,1.1074,1.10793,1.10568,1.106,-0.000415827,0.00040916,0.00122748
11/7/19 7:54,UP,1.10599,1.10808,1.10549,1.10762,0.000442488,0.000408224,0.001224671
11/7/19 10:57,UP,1.10763,1.10906,1.10703,1.10906,0.0006855,0.00042878,0.00128634
11/7/19 12:36,DOWN,1.10908,1.10917,1.10726,1.10741,-0.000541658,0.000420952,0.001262855
11/7/19 15:17,DOWN,1.1074,1.10825,1.10526,1.10588,-0.000506256,0.000416765,0.001250294
11/7/19 17:45,DOWN,1.10586,1.10589,1.10363,1.10391,-0.000679173,0.000450283,0.00135085
11/8/19 10:58,DOWN,1.10389,1.10555,1.10341,1.10359,-0.000778971,0.000427737,0.001283211
11/8/19 16:01,DOWN,1.10361,1.10376,1.10196,1.102,-0.000299411,0.000383286,0.001149859
11/11/19 9:38,UP,1.10201,1.10333,1.10164,1.1033,0.000335414,0.00036545,0.00109635
11/11/19 16:51,UP,1.1033,1.10431,1.10257,1.10405,0.000416735,0.000332344,0.000997032
11/12/19 2:03,DOWN,1.10406,1.10409,1.10267,1.10272,-0.000788647,0.00037479,0.001124369
11/12/19 8:36,DOWN,1.10274,1.10386,1.10189,1.10212,-0.000390081,0.000382174,0.001146521
11/12/19 12:12,DOWN,1.10211,1.10371,1.10121,1.10138,-0.000698879,0.000395979,0.001187938
11/12/19 15:37,DOWN,1.10139,1.10228,1.10056,1.10067,-0.000871816,0.000433371,0.001300112
11/13/19 8:24,DOWN,1.10068,1.10198,1.10003,1.10027,-0.000463415,0.000382158,0.001146475
11/13/19 10:19,UP,1.10026,1.10203,1.09991,1.10158,6.35E-05,0.000379413,0.001138238
11/13/19 12:45,DOWN,1.10158,1.10184,1.09998,1.10034,-0.000545137,0.000369308,0.001107924
11/13/19 17:28,DOWN,1.10034,1.10157,1.09954,1.09987,-0.000581718,0.000474752,0.001424255
11/14/19 8:18,UP,1.09989,1.10158,1.0994,1.10157,0.00081735,0.000476218,0.001428655
11/14/19 10:27,DOWN,1.10156,1.10157,1.09975,1.09998,-0.000154536,0.000460351,0.001381054
11/14/19 16:32,UP,1.09999,1.10149,1.09891,1.10129,0.000763033,0.000457012,0.001371035
11/15/19 2:56,UP,1.10133,1.10282,1.10117,1.10282,0.0004172,0.00042734,0.001282021
11/15/19 11:26,UP,1.10283,1.10327,1.10145,1.10316,0.000616601,0.000426831,0.001280493
11/15/19 14:07,UP,1.10316,1.10456,1.10274,1.10451,0.000851418,0.000459127,0.001377382
11/18/19 3:15,UP,1.10449,1.10631,1.10376,1.10604,0.000325538,0.000491497,0.001474491
11/18/19 15:53,UP,1.10604,1.10744,1.1054,1.10743,0.000406429,0.000392199,0.001176598
11/18/19 22:33,DOWN,1.10746,1.109,1.10693,1.10722,-0.000252854,0.000426192,0.001278577
11/19/19 16:01,UP,1.1071,1.1084,1.10627,1.10784,7.22E-05,0.000341378,0.001024135
11/20/19 6:56,DOWN,1.10779,1.10835,1.10701,1.10711,-0.000288999,0.000292786,0.000878358
11/20/19 8:41,DOWN,1.10713,1.10726,1.10587,1.10593,-0.000271228,0.000317173,0.000951518
11/20/19 15:00,UP,1.10595,1.10798,1.10531,1.10786,0.001472388,0.000493948,0.001481843
11/20/19 16:16,DOWN,1.10787,1.10814,1.10609,1.10615,-0.000750069,0.000504308,0.001512923
11/21/19 0:53,UP,1.10616,1.10794,1.10609,1.10767,6.32E-05,0.000429109,0.001287326
11/21/19 8:54,UP,1.10768,1.10865,1.10707,1.10858,0.00070385,0.000421599,0.001264797
11/21/19 14:16,DOWN,1.10856,1.10969,1.10716,1.10754,-0.000514522,0.000432683,0.001298049
11/21/19 19:12,DOWN,1.10757,1.10824,1.10523,1.10586,-0.000235084,0.00050298,0.00150894
11/22/19 8:29,UP,1.10584,1.10769,1.10548,1.10735,0.000614267,0.000493593,0.001480779
11/22/19 9:12,DOWN,1.10734,1.10873,1.10472,1.10492,-0.00093176,0.000552987,0.001658961
11/22/19 15:20,DOWN,1.10491,1.10676,1.1041,1.10432,-0.000334992,0.0005182,0.001554601
11/22/19 20:03,DOWN,1.10431,1.10451,1.10144,1.10211,-0.00071655,0.000501938,0.001505814
11/25/19 9:41,DOWN,1.10209,1.10321,1.10115,1.10127,-0.000753391,0.000448942,0.001346825
11/25/19 15:24,UP,1.10126,1.10249,1.10036,1.10226,0.00028128,0.000451614,0.001354843
11/26/19 1:12,DOWN,1.10221,1.10229,1.10046,1.10078,-0.000308824,0.000425146,0.001275439
11/26/19 13:02,UP,1.10076,1.10216,1.10075,1.10203,0.000399343,0.000335523,0.001006569
11/26/19 14:39,DOWN,1.10205,1.10249,1.10084,1.10107,-0.000671848,0.000369236,0.001107707
11/26/19 20:20,UP,1.10106,1.10241,1.10071,1.10216,4.54E-05,0.000361226,0.001083679
11/27/19 5:50,DOWN,1.10216,1.10257,1.10094,1.10096,-0.000690068,0.000358027,0.00107408
11/27/19 14:16,DOWN,1.10095,1.10142,1.09981,1.10003,-0.000218152,0.000341236,0.001023708
11/28/19 0:46,UP,1.10004,1.10115,1.09924,1.10069,0.000127201,0.000345016,0.001035049
11/28/19 9:32,UP,1.10068,1.10179,1.10039,1.10171,0.000408539,0.00033386,0.00100158
11/28/19 12:44,DOWN,1.10172,1.10174,1.10005,1.10028,-0.000281707,0.000341104,0.001023311
11/29/19 5:42,UP,1.10027,1.10131,1.10017,1.10125,0.000108973,0.000271291,0.000813873
11/29/19 11:08,DOWN,1.10124,1.10136,1.10011,1.10037,-0.000136308,0.000261851,0.000785554
11/29/19 13:16,DOWN,1.10036,1.10038,1.09812,1.09834,-0.001091961,0.000392466,0.001177397
11/29/19 14:54,UP,1.09833,1.10021,1.09827,1.10017,0.000991247,0.000466389,0.001399168
11/29/19 15:59,UP,1.10018,1.10274,1.09988,1.10272,0.000680368,0.000561067,0.0016832
12/2/19 9:21,DOWN,1.10271,1.10283,1.10111,1.10128,-0.000408532,0.000370652,0.001111955
12/2/19 13:06,UP,1.10126,1.10249,1.1003,1.10231,0.001098298,0.000447552,0.001342656
12/2/19 14:16,UP,1.1023,1.10433,1.10216,1.10398,0.000453009,0.000459645,0.001378936
12/2/19 15:00,UP,1.10397,1.10595,1.10377,1.10589,0.00133013,0.000549356,0.001648067
12/2/19 16:24,UP,1.10594,1.10837,1.10566,1.10832,0.00077625,0.000531818,0.001595453
12/3/19 10:14,UP,1.10833,1.10907,1.10702,1.10855,0.000225545,0.000362966,0.001088899
12/3/19 10:27,DOWN,1.10856,1.10856,1.10664,1.10677,-0.001606992,0.000528001,0.001584003
12/3/19 14:45,UP,1.1068,1.10867,1.10661,1.10863,0.000405989,0.000473328,0.001419983
12/4/19 7:32,DOWN,1.10864,1.10936,1.10738,1.1075,-0.000153487,0.000372319,0.001116958
12/4/19 9:37,DOWN,1.1075,1.10879,1.10668,1.10685,-0.000271003,0.000397256,0.001191769
12/4/19 13:18,UP,1.10686,1.10916,1.10672,1.10895,0.000938264,0.000435218,0.001305653
12/4/19 14:38,UP,1.10894,1.11093,1.10855,1.11049,3.60E-05,0.000459737,0.00137921
12/4/19 15:25,DOWN,1.11047,1.11163,1.109,1.10928,-0.000288434,0.000619897,0.00185969
12/4/19 19:04,DOWN,1.10927,1.10935,1.10685,1.10724,-0.000406333,0.000591195,0.001773586
12/5/19 8:46,UP,1.1072,1.10914,1.10673,1.10872,0.000189426,0.000442769,0.001328307
12/5/19 14:40,UP,1.10873,1.11034,1.10846,1.1103,0.000558564,0.00044295,0.001328849
12/6/19 1:55,UP,1.11028,1.11082,1.10903,1.11065,0.000225119,0.000400118,0.001200355
12/6/19 12:19,DOWN,1.11066,1.11097,1.10909,1.10945,-0.000153217,0.000372791,0.001118373
12/6/19 13:35,DOWN,1.10941,1.10996,1.10683,1.1073,-0.002011883,0.000607276,0.001821829
12/6/19 15:03,DOWN,1.1073,1.10849,1.10532,1.10563,-0.001274479,0.00066005,0.001980151
12/9/19 7:50,UP,1.10566,1.10657,1.10399,1.1065,0.000253082,0.000499591,0.001498772
12/9/19 18:01,DOWN,1.10649,1.10779,1.10552,1.10555,-0.000967376,0.000463698,0.001391093
12/10/19 7:49,UP,1.10556,1.10723,1.10555,1.10706,0.000361383,0.000394017,0.00118205
12/10/19 15:57,UP,1.10707,1.10911,1.10687,1.1085,0.000270673,0.00037041,0.001111229
12/11/19 8:01,DOWN,1.10852,1.10978,1.10827,1.10834,-0.000180434,0.000343941,0.001031823
12/11/19 14:11,UP,1.10834,1.10906,1.10703,1.10903,0.000459967,0.000356729,0.001070186
12/11/19 19:05,UP,1.10904,1.11027,1.10831,1.11,0.00037845,0.000389793,0.001169378
12/11/19 19:48,UP,1.10999,1.11299,1.10944,1.11293,0.001870689,0.000618234,0.001854702
12/12/19 13:39,UP,1.11298,1.11543,1.11248,1.11524,0.001085557,0.000504196,0.001512587
12/12/19 15:00,DOWN,1.11523,1.11532,1.11227,1.11246,-0.001024231,0.000675825,0.002027475
12/12/19 18:27,DOWN,1.11245,1.11363,1.11031,1.11105,9.00E-06,0.00052561,0.00157683
12/12/19 20:53,UP,1.11107,1.1135,1.11039,1.11289,0.000494331,0.000479642,0.001438926
12/12/19 22:05,UP,1.11288,1.11707,1.11252,1.11657,0.003624785,0.000998762,0.002996286
12/13/19 6:56,DOWN,1.117,1.12002,1.11597,1.1164,-0.000707381,0.00076575,0.002297249
12/13/19 11:19,UP,1.11638,1.11851,1.1163,1.11851,0.000661813,0.000582549,0.001747646
12/13/19 14:14,DOWN,1.11849,1.11861,1.11622,1.11658,-0.000465599,0.000519094,0.001557283
12/13/19 15:20,DOWN,1.11657,1.11683,1.11254,1.11377,-0.000170577,0.00076708,0.002301239
12/13/19 20:57,DOWN,1.11373,1.11413,1.11121,1.11145,-0.000602635,0.000680508,0.002041523
12/16/19 5:50,UP,1.11146,1.11363,1.11144,1.1135,0.000206577,0.000587825,0.001763474
12/16/19 9:13,DOWN,1.11351,1.11505,1.11262,1.11274,-0.000224645,0.000526048,0.001578143
12/16/19 13:06,UP,1.11273,1.1147,1.11267,1.11465,0.000385846,0.000488494,0.001465483
12/17/19 0:03,DOWN,1.11466,1.11581,1.11342,1.11344,-0.00057463,0.000432398,0.001297194
12/17/19 5:20,UP,1.11347,1.11494,1.11346,1.1149,0.000197347,0.000420293,0.001260879
12/17/19 8:27,DOWN,1.11491,1.11494,1.11294,1.113,-0.001167333,0.000487201,0.001461602
12/17/19 9:53,UP,1.11299,1.11488,1.11294,1.11472,0.00051147,0.000474996,0.001424988
12/17/19 11:39,UP,1.11471,1.11669,1.11455,1.1166,0.000761529,0.000484582,0.001453745
12/17/19 13:50,DOWN,1.11661,1.11746,1.1149,1.11495,-0.001478793,0.000613775,0.001841325
12/18/19 2:39,DOWN,1.11498,1.11579,1.11342,1.11376,-0.000323177,0.000459193,0.00137758
12/18/19 12:21,DOWN,1.11375,1.11427,1.11203,1.11223,-0.000341598,0.000404536,0.001213607
12/18/19 15:49,UP,1.11223,1.11343,1.11104,1.11337,0.001402134,0.00051585,0.001547549
12/18/19 16:45,DOWN,1.11336,1.11342,1.11142,1.11145,-0.000827405,0.000567223,0.00170167
12/19/19 9:21,UP,1.11144,1.11329,1.11115,1.11314,0.000350422,0.000411163,0.00123349
12/19/19 12:43,DOWN,1.11314,1.11444,1.1116,1.1116,-0.001213729,0.000493628,0.001480884
12/20/19 11:11,DOWN,1.11161,1.11307,1.11072,1.11086,-0.000836839,0.000426395,0.001279184
12/20/19 13:38,DOWN,1.11085,1.11091,1.1086,1.10866,-0.000919607,0.000554332,0.001662997
12/20/19 18:56,DOWN,1.10867,1.10946,1.10664,1.10682,-0.000415519,0.000524911,0.001574732
12/23/19 6:45,UP,1.10681,1.10864,1.10676,1.10863,0.00067674,0.000487292,0.001461875
12/23/19 13:36,DOWN,1.10864,1.10887,1.107,1.10722,-0.000153526,0.000423542,0.001270625
12/23/19 15:15,UP,1.10721,1.1093,1.10701,1.10915,0.000757624,0.000463184,0.001389553
12/24/19 7:36,DOWN,1.10914,1.1096,1.10804,1.10809,-0.000649556,0.000362163,0.001086488
12/24/19 11:15,DOWN,1.10811,1.10882,1.10691,1.10721,-0.000261885,0.000369715,0.001109146
12/24/19 15:50,UP,1.1072,1.10895,1.107,1.10888,0.000387854,0.000376931,0.001130794
12/26/19 16:18,UP,1.10888,1.11001,1.10719,1.10997,0.000829195,0.000464565,0.001393695
12/27/19 2:50,UP,1.10996,1.11172,1.10946,1.11163,0.000629904,0.000419883,0.001259648
12/27/19 8:01,UP,1.11162,1.11339,1.1116,1.1133,0.000871663,0.000418933,0.0012568
12/27/19 11:10,UP,1.11329,1.11499,1.11313,1.11462,0.000305083,0.000373249,0.001119746
12/27/19 14:17,UP,1.1146,1.11594,1.11437,1.11573,0.000188235,0.000329997,0.000989992
12/27/19 15:35,UP,1.11573,1.11792,1.11521,1.11778,0.001172653,0.000430431,0.001291294
12/27/19 19:21,UP,1.11779,1.11883,1.11586,1.1183,0.00035775,0.000485413,0.001456238
12/30/19 1:19,UP,1.11826,1.1193,1.11699,1.1193,0.000831222,0.000487165,0.001461495
12/30/19 16:07,UP,1.11929,1.12156,1.11817,1.12108,0.000820974,0.000515016,0.001545048
12/30/19 21:06,DOWN,1.12109,1.12208,1.11965,1.11998,-1.79E-05,0.000489216,0.001467648
12/31/19 9:55,UP,1.11997,1.12176,1.11971,1.12154,0.000356716,0.000435666,0.001306998
12/31/19 12:29,UP,1.12153,1.1232,1.12086,1.12289,4.45E-05,0.000420075,0.001260225
12/31/19 16:23,DOWN,1.12288,1.12393,1.12163,1.12206,-0.000213869,0.000436108,0.001308325
1/2/20 3:58,DOWN,1.12207,1.12313,1.12032,1.12131,-0.000739932,0.000439756,0.001319268
1/2/20 10:34,DOWN,1.12132,1.12145,1.11928,1.1195,-0.000776831,0.000478046,0.001434138
1/2/20 14:36,DOWN,1.11949,1.12023,1.11741,1.11799,-0.00042925,0.000514261,0.001542782
1/2/20 16:01,UP,1.11798,1.12023,1.11701,1.12018,0.001617119,0.000649922,0.001949765
1/2/20 16:45,DOWN,1.12017,1.12031,1.11753,1.11769,-0.000822788,0.000724428,0.002173284
1/3/20 7:41,DOWN,1.11769,1.11786,1.11561,1.11563,-0.000492874,0.000520972,0.001562917
1/3/20 10:10,DOWN,1.11566,1.11605,1.11336,1.11338,-0.00094263,0.000508264,0.001524792
1/3/20 13:14,UP,1.11337,1.11477,1.11251,1.11469,0.000834661,0.000504862,0.001514585
1/3/20 15:00,UP,1.11468,1.11676,1.11353,1.11638,0.001317624,0.000574317,0.00172295
1/6/20 6:47,DOWN,1.11627,1.11799,1.11519,1.11594,-0.000286713,0.000447712,0.001343136
1/6/20 8:58,UP,1.11595,1.11788,1.11593,1.1178,0.000948741,0.000466478,0.001399433
1/6/20 11:05,UP,1.11783,1.11999,1.11752,1.11999,0.000607333,0.000494389,0.001483168
1/6/20 14:55,DOWN,1.11998,1.12057,1.11839,1.11858,-0.000768537,0.00045232,0.001356961
1/7/20 7:05,DOWN,1.11857,1.11992,1.11783,1.11811,-0.000607984,0.000371785,0.001115355
1/7/20 10:24,DOWN,1.11812,1.11897,1.11711,1.11711,-0.000939484,0.000400233,0.001200698
1/7/20 13:33,DOWN,1.11709,1.11851,1.11651,1.11682,-0.000223825,0.000369674,0.001109023
1/7/20 14:49,DOWN,1.1168,1.117,1.11492,1.11523,-0.000412386,0.000374725,0.001124176
1/7/20 15:46,DOWN,1.11525,1.11527,1.11344,1.11365,-0.000305256,0.000431057,0.00129317
1/7/20 23:17,UP,1.11364,1.11531,1.11337,1.11496,0.000206307,0.000380683,0.00114205
1/8/20 0:19,UP,1.11493,1.11684,1.11478,1.11629,0.000465937,0.000373079,0.001119237
1/8/20 4:53,DOWN,1.11626,1.11656,1.11457,1.11457,-0.000798196,0.000354958,0.001064875
1/8/20 8:25,DOWN,1.11456,1.11549,1.11312,1.11352,-0.000529711,0.000421339,0.001264018
1/8/20 11:21,DOWN,1.11351,1.11449,1.11223,1.11226,-0.000440447,0.00052247,0.001567411
1/8/20 16:27,DOWN,1.11224,1.11312,1.11109,1.11131,-0.000530764,0.000454978,0.001364934
1/8/20 21:58,DOWN,1.11132,1.1126,1.11018,1.11039,-0.00067521,0.000435367,0.0013061
1/9/20 1:48,UP,1.11041,1.11191,1.11037,1.11181,0.000413825,0.00041821,0.001254631
1/9/20 10:08,DOWN,1.11179,1.11205,1.10967,1.10989,-0.000405363,0.000442782,0.001328346
1/9/20 13:51,UP,1.1099,1.11172,1.10967,1.11167,0.000584877,0.000493899,0.001481696
1/9/20 16:27,DOWN,1.11168,1.11174,1.10924,1.10962,-0.000513557,0.000498768,0.001496303
1/10/20 7:16,UP,1.10961,1.11114,1.10954,1.11092,-9.00E-06,0.000384857,0.001154571
1/10/20 9:35,DOWN,1.11093,1.11094,1.10913,1.10942,-0.000126184,0.000410779,0.001232337
1/10/20 13:33,UP,1.10943,1.1114,1.10851,1.11104,0.001783704,0.000594702,0.001784106
1/10/20 15:53,UP,1.11103,1.11179,1.10863,1.11165,0.0006749,0.000558106,0.001674319
1/13/20 6:34,UP,1.11166,1.11319,1.11112,1.11284,8.09E-05,0.000488986,0.001466957
1/13/20 15:52,UP,1.11284,1.11381,1.11127,1.11353,0.000637815,0.000409315,0.001227944
1/14/20 10:28,DOWN,1.11356,1.1147,1.11285,1.11311,-0.000125766,0.000316292,0.000948877
1/14/20 13:09,DOWN,1.11312,1.11354,1.11134,1.11166,-0.000350765,0.000336136,0.001008408
1/14/20 15:10,UP,1.11167,1.11235,1.11046,1.11211,0.000179854,0.000371535,0.001114604
1/14/20 18:39,UP,1.1121,1.11348,1.11138,1.11332,0.000224579,0.000354045,0.001062134
1/15/20 8:34,DOWN,1.11334,1.11369,1.11186,1.11223,-0.000440459,0.000345651,0.001036953
1/15/20 11:00,UP,1.11224,1.11395,1.11223,1.11382,0.001042004,0.000445904,0.001337712
1/15/20 14:30,UP,1.11381,1.11609,1.11381,1.11603,0.000761918,0.000481391,0.001444174
1/16/20 6:30,DOWN,1.11604,1.11635,1.11433,1.11456,-0.000690617,0.000421813,0.001265438
1/16/20 12:51,UP,1.11455,1.11726,1.11451,1.11639,0.00043005,0.000406549,0.001219648
1/16/20 14:36,DOWN,1.11638,1.11698,1.11474,1.11521,-0.000277936,0.000456533,0.0013696
1/16/20 15:32,DOWN,1.1152,1.11521,1.11311,1.11346,-0.000368154,0.000474732,0.001424197
1/17/20 9:44,DOWN,1.11345,1.11428,1.11254,1.11285,-0.000368356,0.000330046,0.000990138
1/17/20 11:06,DOWN,1.11285,1.11289,1.11109,1.11128,-0.000728624,0.000369318,0.001107953
1/17/20 13:46,DOWN,1.11129,1.11148,1.10981,1.10987,-0.000468414,0.000373767,0.001121301
1/17/20 17:57,DOWN,1.10987,1.11061,1.10863,1.10894,-0.000396697,0.000356791,0.001070373
1/20/20 9:14,DOWN,1.10893,1.11025,1.10822,1.10857,-0.000703362,0.000331219,0.000993658
1/20/20 20:31,UP,1.10856,1.1095,1.10768,1.10935,0.000288499,0.000317281,0.000951844
1/21/20 9:22,DOWN,1.10934,1.10994,1.1086,1.10865,-0.000586127,0.000298726,0.000896178
1/21/20 10:48,UP,1.10866,1.111,1.10856,1.11042,0.00062158,0.000353035,0.001059106
1/21/20 15:07,DOWN,1.11041,1.11181,1.10997,1.11018,-0.000369241,0.000376658,0.001129973
1/21/20 21:48,DOWN,1.11017,1.11038,1.10811,1.10825,-0.000748648,0.000373873,0.00112162
1/22/20 9:56,UP,1.10826,1.10929,1.1075,1.10916,0.000685438,0.000356884,0.001070651
1/22/20 12:26,DOWN,1.10911,1.10948,1.10772,1.10791,-5.42E-05,0.000363679,0.001091037
1/22/20 14:06,UP,1.1079,1.10956,1.10788,1.10936,0.000577076,0.000380659,0.001141977
1/22/20 14:59,DOWN,1.10937,1.10983,1.10743,1.10746,-0.000929624,0.000463251,0.001389753
1/22/20 20:07,UP,1.10746,1.10935,1.10702,1.10907,0.000342688,0.000468506,0.001405518
1/23/20 13:37,UP,1.10908,1.11088,1.10791,1.11022,0.000964238,0.000416514,0.001249542
1/23/20 14:13,DOWN,1.11021,1.11047,1.10757,1.10766,-0.000911417,0.000539404,0.001618211
1/23/20 15:34,DOWN,1.10765,1.10837,1.10403,1.10425,-0.001239892,0.00069781,0.002093431
1/24/20 10:01,DOWN,1.10428,1.10622,1.10337,1.1034,-0.000842494,0.000548908,0.001646724
1/24/20 16:46,DOWN,1.1034,1.10399,1.10196,1.10228,-0.00011793,0.000423643,0.001270928
1/27/20 9:17,DOWN,1.10227,1.10376,1.1017,1.10213,-0.000362868,0.000395239,0.001185718
1/27/20 15:22,DOWN,1.10213,1.10322,1.10151,1.10166,-0.00025413,0.000337985,0.001013956
1/28/20 4:05,UP,1.10167,1.10253,1.10097,1.10218,0.000117955,0.000292828,0.000878485
1/28/20 12:27,DOWN,1.10219,1.10236,1.10029,1.10043,-0.000644994,0.000390317,0.001170952
1/28/20 18:26,UP,1.10047,1.1014,1.09979,1.10129,0.000326943,0.000353579,0.001060737
1/29/20 7:29,DOWN,1.1013,1.10279,1.10043,1.1006,-0.000862793,0.000383919,0.001151757
1/29/20 14:14,DOWN,1.1006,1.10075,1.09923,1.09951,-0.000209162,0.000311828,0.000935485
1/29/20 19:40,UP,1.09952,1.10098,1.09925,1.10073,0.000499793,0.000350581,0.001051743
1/30/20 9:18,UP,1.10074,1.10213,1.10017,1.10192,0.000217825,0.000375991,0.001127972
1/30/20 13:11,UP,1.10191,1.10296,1.10115,1.10289,0.000408102,0.00038071,0.001142129
1/30/20 15:47,UP,1.10291,1.10358,1.10152,1.10345,0.000688986,0.000455824,0.001367473
1/31/20 7:06,DOWN,1.10346,1.10394,1.10174,1.10182,-0.000635111,0.000422359,0.001267076
1/31/20 12:04,UP,1.10183,1.10386,1.1017,1.10368,0.000625377,0.000455506,0.001366519
1/31/20 14:01,UP,1.10369,1.10559,1.10364,1.10537,0.000407186,0.000453425,0.001360275
1/31/20 15:55,UP,1.10534,1.10694,1.10488,1.10694,0.000795301,0.000471737,0.00141521
1/31/20 19:50,UP,1.10696,1.10905,1.10687,1.10857,0.000442109,0.000471453,0.00141436
2/3/20 7:32,DOWN,1.10858,1.10961,1.10733,1.10735,-0.000965804,0.000470805,0.001412416
2/3/20 11:28,DOWN,1.10733,1.10785,1.10592,1.10608,-0.000397722,0.000462101,0.001386304
2/3/20 14:59,DOWN,1.10608,1.10668,1.10451,1.10469,-0.000497753,0.000446225,0.001338674
2/3/20 16:50,UP,1.10472,1.10644,1.10357,1.10632,0.000497267,0.000434603,0.00130381
2/4/20 7:51,DOWN,1.10633,1.10665,1.10492,1.105,-0.000416203,0.000373702,0.001121107
2/4/20 14:06,DOWN,1.10501,1.1061,1.10431,1.10448,-0.000398298,0.000349575,0.001048725
2/5/20 3:58,DOWN,1.10447,1.10485,1.10329,1.10341,-0.000317148,0.000328054,0.000984162
2/5/20 9:48,DOWN,1.10343,1.1048,1.10215,1.10219,-0.001459662,0.000455214,0.001365642
2/5/20 13:49,DOWN,1.10218,1.10298,1.10079,1.10093,-0.00057208,0.000494417,0.00148325
2/6/20 4:09,DOWN,1.10092,1.10144,1.09937,1.09956,-0.000263707,0.000400205,0.001200614
2/6/20 15:00,DOWN,1.09957,1.1014,1.09862,1.09895,-0.000491257,0.000420585,0.001261756
2/6/20 15:56,DOWN,1.09897,1.09912,1.09645,1.09741,-0.000318882,0.000430295,0.001290884
2/7/20 8:06,DOWN,1.09743,1.09851,1.09662,1.09665,-0.00073834,0.000403056,0.001209167
2/7/20 10:13,DOWN,1.09666,1.09711,1.09535,1.09543,-0.000465462,0.000408206,0.001224617
2/7/20 13:40,UP,1.09544,1.09709,1.09479,1.09646,0.000328383,0.000445465,0.001336394
2/7/20 16:32,DOWN,1.09649,1.09764,1.09463,1.09482,-0.001195828,0.000549316,0.001647948
2/10/20 14:07,DOWN,1.09483,1.09576,1.093,1.09307,-0.001152053,0.000455299,0.001365898
2/10/20 16:22,DOWN,1.09306,1.09383,1.09132,1.09145,-0.000805942,0.000576401,0.001729202
2/11/20 13:16,DOWN,1.09144,1.09208,1.08999,1.09028,-0.000550166,0.000451738,0.001355215
2/11/20 14:37,UP,1.09028,1.09175,1.08913,1.09155,0.000531496,0.000510744,0.001532231
2/12/20 7:20,DOWN,1.09156,1.09249,1.09023,1.09063,-0.000293365,0.000412327,0.001236982
2/12/20 14:07,DOWN,1.09064,1.09257,1.08997,1.09026,-0.000651009,0.000398537,0.001195612
2/12/20 15:22,DOWN,1.09027,1.09106,1.0887,1.08892,-0.000486602,0.000461169,0.001383506
2/12/20 18:56,DOWN,1.08891,1.08976,1.0876,1.08772,-0.000248195,0.000492103,0.00147631
2/13/20 8:48,UP,1.08771,1.08867,1.08652,1.08866,0.000551288,0.000464457,0.001393372
2/13/20 11:05,DOWN,1.08867,1.08889,1.08685,1.08698,-0.001103367,0.00050863,0.001525889
2/13/20 14:06,DOWN,1.08697,1.08729,1.08514,1.08523,-0.000525096,0.000532827,0.001598481
2/13/20 23:10,DOWN,1.08521,1.08618,1.08341,1.08389,-0.000101481,0.000506006,0.001518018
2/14/20 13:58,UP,1.08387,1.08598,1.08273,1.0858,0.001004372,0.000553345,0.001660035
2/14/20 17:06,DOWN,1.08581,1.08613,1.08371,1.08381,-0.000193742,0.000605743,0.00181723
2/17/20 17:52,DOWN,1.08384,1.08511,1.08292,1.08328,-0.000286127,0.00038998,0.00116994
2/18/20 2:38,DOWN,1.08327,1.08392,1.0823,1.08256,-0.000110842,0.000365211,0.001095634
2/18/20 12:19,DOWN,1.08256,1.08374,1.08204,1.08225,-0.000554247,0.000379747,0.00113924
2/18/20 13:37,DOWN,1.08226,1.0823,1.07935,1.07958,-0.001545703,0.000536018,0.001608055
2/18/20 15:03,UP,1.07956,1.08134,1.07856,1.08134,0.001295529,0.00063301,0.001899029
2/18/20 18:12,DOWN,1.08136,1.0826,1.08007,1.08021,-0.000851324,0.000614251,0.001842752
2/19/20 11:44,DOWN,1.08022,1.08081,1.07847,1.07878,-0.000824666,0.000524435,0.001573306
2/19/20 20:47,UP,1.0788,1.08075,1.07822,1.08068,0.000805373,0.000494064,0.001482192
2/20/20 2:36,DOWN,1.08067,1.08154,1.07944,1.07952,-0.000750052,0.000502817,0.00150845
2/20/20 7:22,DOWN,1.07951,1.08003,1.07781,1.07808,-0.000723247,0.000505517,0.001516552
2/20/20 9:45,UP,1.07808,1.08062,1.07807,1.08052,0.000805492,0.000531636,0.001594907
2/20/20 14:02,UP,1.0805,1.08128,1.0786,1.08121,0.001416083,0.000611663,0.001834989
2/20/20 16:32,DOWN,1.08123,1.08213,1.0783,1.0786,-0.001806267,0.000709833,0.0021295
2/21/20 8:37,UP,1.07863,1.08201,1.07829,1.08112,0.00095317,0.00055023,0.00165069
2/21/20 14:46,UP,1.08112,1.08281,1.07955,1.08254,0.001654887,0.000646413,0.001939238
2/21/20 15:08,UP,1.08256,1.08496,1.08236,1.08495,0.001042065,0.000716327,0.002148981
2/23/20 22:13,DOWN,1.08496,1.08636,1.0824,1.08258,-0.002020902,0.000812617,0.002437852
2/24/20 7:01,DOWN,1.08287,1.08425,1.0814,1.08141,-0.000434523,0.000664764,0.001994292
2/24/20 9:15,UP,1.08142,1.0842,1.08052,1.083,5.54E-05,0.000592425,0.001777275
2/24/20 14:52,UP,1.083,1.08444,1.0813,1.08441,0.001236459,0.000680896,0.002042688
2/24/20 17:27,UP,1.08442,1.08685,1.08437,1.08632,0.000303824,0.000553454,0.001660362
2/24/20 19:54,DOWN,1.08633,1.0872,1.08419,1.08484,-0.000552924,0.000563317,0.00168995
2/25/20 3:38,UP,1.08473,1.08677,1.08413,1.08675,0.000662745,0.00046913,0.001407389
2/25/20 6:10,DOWN,1.08674,1.08676,1.08497,1.08501,-0.000921226,0.000521107,0.001563322
2/25/20 10:20,DOWN,1.085,1.0866,1.08418,1.0843,-0.000626936,0.000523804,0.001571413
2/25/20 15:25,UP,1.08429,1.08499,1.08301,1.0848,0.001005299,0.000494474,0.001483421
2/25/20 16:12,UP,1.08481,1.08713,1.08458,1.08686,0.000478557,0.000500572,0.001501716
2/26/20 2:32,DOWN,1.08684,1.08903,1.08635,1.08684,-0.000404761,0.000464839,0.001394518
2/26/20 8:44,UP,1.08684,1.08843,1.08624,1.0884,0.00043192,0.000408872,0.001226617
2/26/20 10:33,DOWN,1.08841,1.08978,1.08731,1.08746,-0.000744578,0.000446667,0.00134
2/26/20 12:13,UP,1.08748,1.09089,1.08735,1.09009,0.001367795,0.000609361,0.001828083
2/26/20 12:50,DOWN,1.09009,1.09036,1.08749,1.0877,-0.0013322,0.000690332,0.002070997
2/26/20 16:22,UP,1.08771,1.08835,1.08551,1.08833,0.001342405,0.000667556,0.002002667
2/27/20 2:09,UP,1.08831,1.09132,1.08747,1.09054,0.000816443,0.000720233,0.002160699
2/27/20 8:14,UP,1.09055,1.09348,1.09033,1.09324,0.001290577,0.000684317,0.002052951
2/27/20 12:41,UP,1.09324,1.09589,1.09273,1.09588,0.00117783,0.000622263,0.00186679
2/27/20 14:44,UP,1.09585,1.09799,1.09581,1.09787,0.00067426,0.00056372,0.001691161
2/27/20 15:22,UP,1.09788,1.09976,1.09696,1.09942,0.00026381,0.000710954,0.002132862
2/27/20 16:13,DOWN,1.09943,1.10065,1.09733,1.09758,-0.000992601,0.000741794,0.002225381
2/27/20 19:24,UP,1.09765,1.0995,1.09648,1.09919,0.000272965,0.000654672,0.001964017
2/28/20 3:01,DOWN,1.0992,1.10061,1.09808,1.09853,-0.000263954,0.000545663,0.001636989
2/28/20 6:21,UP,1.09852,1.10082,1.09843,1.10017,0.000163624,0.000486629,0.001459887
2/28/20 8:15,UP,1.10016,1.10202,1.09915,1.10171,0.001544248,0.000585653,0.001756959
2/28/20 9:18,UP,1.1017,1.10489,1.10128,1.10442,0.001277504,0.000639553,0.001918658
2/28/20 10:32,DOWN,1.10443,1.1053,1.1026,1.10267,-0.000833991,0.000636359,0.001909076
2/28/20 11:40,DOWN,1.10268,1.10423,1.1005,1.10106,-0.001579048,0.000760642,0.002281927
2/28/20 13:20,DOWN,1.10102,1.10107,1.09745,1.09806,-0.000600879,0.000738941,0.002216822
2/28/20 14:49,DOWN,1.09807,1.09914,1.09509,1.09595,-0.000374035,0.000748935,0.002246805
2/28/20 16:03,UP,1.09593,1.09902,1.09549,1.0987,0.001420869,0.00075273,0.00225819
2/28/20 19:33,UP,1.09868,1.10245,1.09843,1.10245,0.002424816,0.000861413,0.00258424
3/1/20 23:15,UP,1.10242,1.10727,1.10138,1.10711,0.002097745,0.000942918,0.002828754
3/2/20 0:10,DOWN,1.10707,1.10739,1.10364,1.10364,-0.00164773,0.001036324,0.003108971
3/2/20 7:45,UP,1.10365,1.10732,1.10364,1.10719,0.001165791,0.00088337,0.002650111
3/2/20 11:23,UP,1.1072,1.10951,1.10603,1.10939,0.000892781,0.000843052,0.002529155
3/2/20 13:19,UP,1.1094,1.11282,1.10893,1.11268,0.001223022,0.000852237,0.00255671
3/2/20 14:18,DOWN,1.11267,1.11643,1.1108,1.11123,-0.000746641,0.000851405,0.002554214
3/2/20 15:09,UP,1.11124,1.11448,1.11117,1.11439,0.001319978,0.000851368,0.002554103
3/2/20 16:37,UP,1.11434,1.11595,1.11123,1.11572,0.000582753,0.00081629,0.002448871
3/2/20 20:57,DOWN,1.11572,1.11847,1.11267,1.11312,-0.001929645,0.000931484,0.002794452
3/3/20 7:49,DOWN,1.11313,1.11557,1.11185,1.11199,-0.001024664,0.000832081,0.002496243
3/3/20 12:38,UP,1.11201,1.1139,1.11004,1.11313,0.001114597,0.000832461,0.002497384
3/3/20 13:28,DOWN,1.1131,1.11317,1.10972,1.11036,-0.001062154,0.000811055,0.002433165
3/3/20 15:00,UP,1.11035,1.11813,1.10952,1.11811,0.005083959,0.001446786,0.004340358
3/3/20 16:30,DOWN,1.11816,1.12137,1.11413,1.1153,-0.000215166,0.001369126,0.004107378
3/4/20 6:36,DOWN,1.11528,1.11952,1.11434,1.11494,-0.001084672,0.00098367,0.00295101
3/4/20 10:59,DOWN,1.11493,1.11876,1.11364,1.11387,-0.001166422,0.000932316,0.002796948
3/4/20 14:02,DOWN,1.11386,1.11549,1.11098,1.11205,-0.000925789,0.000954465,0.002863395
3/4/20 20:16,UP,1.11207,1.11454,1.10955,1.11403,0.00084414,0.000816146,0.002448439
3/5/20 9:48,UP,1.11401,1.11718,1.11197,1.11644,0.00171226,0.000810438,0.002431314
3/5/20 13:23,UP,1.11646,1.12001,1.11566,1.11932,0.0004468,0.000726929,0.002180787
3/5/20 17:51,UP,1.11931,1.12098,1.11672,1.12093,0.001571359,0.000882094,0.002646281
3/5/20 21:49,UP,1.12095,1.12449,1.1192,1.12386,0.001050504,0.000938842,0.002816526
3/6/20 8:33,UP,1.12386,1.12689,1.12113,1.12666,0.00279089,0.001070549,0.003211647
3/6/20 10:24,UP,1.12665,1.13194,1.12648,1.13185,0.001724329,0.001039674,0.003119022
3/6/20 14:48,UP,1.13184,1.13496,1.12978,1.13398,0.000485135,0.000901934,0.002705802
3/6/20 15:35,DOWN,1.13399,1.13549,1.12873,1.13123,-0.000459571,0.001034265,0.003102796
3/8/20 22:00,UP,1.13121,1.13582,1.12858,1.13565,0.004562853,0.001427231,0.004281692
3/9/20 1:54,UP,1.13569,1.14966,1.13397,1.14438,0.004492854,0.001910142,0.005730426
3/9/20 3:22,DOWN,1.14436,1.14616,1.13737,1.13746,-0.001958589,0.001856488,0.005569465
3/9/20 7:11,UP,1.13747,1.14475,1.13711,1.14427,0.003607046,0.001871429,0.005614286
3/9/20 8:43,DOWN,1.14422,1.14754,1.13903,1.13941,-0.002795783,0.001813566,0.005440697
3/9/20 12:14,UP,1.1394,1.14388,1.13655,1.14297,0.00057761,0.001604874,0.004814623
3/9/20 13:23,UP,1.14299,1.14644,1.1403,1.1463,0.001457923,0.001662963,0.004988889
3/9/20 13:58,DOWN,1.14631,1.14847,1.13755,1.14042,-0.002758333,0.001889464,0.005668392
3/9/20 16:33,UP,1.14043,1.14663,1.13971,1.14645,0.001763515,0.001615969,0.004847906
3/9/20 23:44,DOWN,1.14648,1.14807,1.14059,1.14077,-0.001611646,0.00161699,0.00485097
3/10/20 5:20,DOWN,1.14077,1.14254,1.13555,1.13599,-0.001407472,0.001383715,0.004151146
3/10/20 8:09,UP,1.13594,1.13966,1.13322,1.13919,0.001458238,0.001334628,0.004003883
3/10/20 10:48,DOWN,1.13925,1.14016,1.13361,1.13382,-0.001392549,0.001207002,0.003621007
3/10/20 12:29,UP,1.13381,1.13852,1.13361,1.13831,0.000588765,0.001156275,0.003468825
3/10/20 16:00,DOWN,1.1383,1.13943,1.13372,1.13411,-0.002896754,0.00118938,0.003568139
3/10/20 17:00,DOWN,1.13413,1.13587,1.12964,1.13051,-0.00136129,0.001161294,0.003483882
3/10/20 20:54,DOWN,1.13052,1.13313,1.12751,1.12827,-0.001620638,0.00105421,0.003162631
3/11/20 1:46,UP,1.12828,1.13286,1.12765,1.13268,0.00104232,0.001008534,0.003025603
3/11/20 6:22,UP,1.13268,1.13588,1.13161,1.13573,0.001330426,0.000953719,0.002861157
3/11/20 8:17,DOWN,1.13574,1.13668,1.13121,1.13149,-0.001218888,0.000954867,0.002864601
3/11/20 12:22,UP,1.13148,1.13485,1.13015,1.13461,0.001887892,0.000982345,0.002947034
3/11/20 15:11,DOWN,1.13453,1.13519,1.12921,1.12927,-0.002167193,0.001067305,0.003201916
3/11/20 22:32,DOWN,1.12926,1.12956,1.12502,1.12566,-0.001384894,0.000981366,0.002944099
3/12/20 1:30,UP,1.1257,1.13242,1.12543,1.13242,0.004567026,0.00144506,0.00433518
3/12/20 8:33,DOWN,1.13233,1.13336,1.12567,1.12572,-0.003918688,0.001581704,0.004745112
3/12/20 11:37,DOWN,1.12574,1.12778,1.12133,1.1214,-0.001986611,0.001502672,0.004508017
3/12/20 14:10,DOWN,1.12142,1.13015,1.11578,1.11586,-0.007010303,0.002491791,0.007475373
3/12/20 16:15,DOWN,1.11584,1.118,1.1055,1.10695,-0.001101521,0.002448186,0.007344558
3/12/20 17:06,UP,1.10696,1.1164,1.10578,1.11539,0.002918032,0.002467231,0.007401694
3/13/20 4:31,UP,1.11528,1.12268,1.11461,1.12066,0.000276661,0.001538043,0.004614128
3/13/20 10:01,DOWN,1.12067,1.12214,1.11611,1.11629,-0.002058277,0.001505569,0.004516706
3/13/20 13:06,DOWN,1.11629,1.11865,1.11061,1.11144,-0.002327599,0.001504565,0.004513696
3/13/20 16:13,DOWN,1.11142,1.11334,1.10623,1.10772,-0.001524494,0.00131079,0.00393237
3/13/20 20:36,UP,1.10757,1.11177,1.10551,1.11137,0.000368982,0.001333279,0.003999837
3/15/20 23:13,UP,1.11132,1.11954,1.10962,1.11731,0.002554028,0.001747601,0.005242803
3/16/20 1:01,DOWN,1.11713,1.11951,1.11163,1.11192,-0.001186432,0.001646002,0.004938005
3/16/20 6:33,UP,1.11186,1.11433,1.10853,1.114,0.000960964,0.001515209,0.004545628
3/16/20 8:13,UP,1.11396,1.11948,1.11286,1.11903,0.002487385,0.001472824,0.004418473
3/16/20 10:27,DOWN,1.11905,1.12367,1.11423,1.11576,-0.003176637,0.001570553,0.00471166
3/16/20 13:33,DOWN,1.11578,1.12018,1.11101,1.11184,-0.00301746,0.00165194,0.00495582
3/16/20 16:40,UP,1.11185,1.11624,1.10944,1.11566,0.000385496,0.001662627,0.00498788
3/17/20 7:12,DOWN,1.11573,1.11893,1.11393,1.11465,-0.001084954,0.000998906,0.002996718
3/17/20 9:23,DOWN,1.11468,1.1155,1.10946,1.10969,-0.001593769,0.001026581,0.003079742
3/17/20 10:52,DOWN,1.10971,1.11192,1.10276,1.10425,-0.002405978,0.001378315,0.004134944
3/17/20 12:40,DOWN,1.10413,1.10454,1.09734,1.0979,-0.002265398,0.001485497,0.004456491
3/17/20 22:05,UP,1.09791,1.10203,1.09551,1.10165,0.000980829,0.001338571,0.004015713
3/18/20 5:52,UP,1.10165,1.10452,1.09848,1.10395,0.001015054,0.001118794,0.003356381
3/18/20 7:53,DOWN,1.10394,1.10426,1.09782,1.09883,-0.001963798,0.001228328,0.003684983
3/18/20 12:30,DOWN,1.09888,1.10177,1.09545,1.09631,-0.000966413,0.001120557,0.003361671
3/18/20 13:48,DOWN,1.09626,1.09778,1.09004,1.09006,-0.002007048,0.001316772,0.003950315
3/18/20 15:03,DOWN,1.09004,1.09279,1.08568,1.08568,-0.002125438,0.001551546,0.004654639
3/18/20 18:57,UP,1.08571,1.08886,1.08019,1.08795,0.001002386,0.001581172,0.004743516
3/18/20 23:12,UP,1.0879,1.0982,1.08531,1.0945,0.003230429,0.001660832,0.004982495
3/19/20 2:38,DOWN,1.09455,1.09794,1.08862,1.08987,-0.000779606,0.00153734,0.00461202
3/19/20 7:46,DOWN,1.08988,1.09481,1.08584,1.08681,-0.003490373,0.001668909,0.005006728
3/19/20 10:53,DOWN,1.0869,1.08903,1.07946,1.07969,-0.002183427,0.002243898,0.006731693
3/19/20 16:02,DOWN,1.07968,1.08403,1.0695,1.06972,-0.005927876,0.002519773,0.007559319
3/20/20 1:51,UP,1.06979,1.0734,1.06528,1.07302,0.003968648,0.002249464,0.006748393
3/20/20 7:46,UP,1.07315,1.08175,1.0706,1.08157,0.005795398,0.002222004,0.006666011
3/20/20 9:49,DOWN,1.08158,1.08314,1.0715,1.072,-0.004709044,0.00234872,0.00704616
3/20/20 17:10,DOWN,1.07197,1.07605,1.06533,1.06642,-0.000843589,0.002168935,0.006506805
3/23/20 2:09,UP,1.06639,1.07252,1.06359,1.07242,0.003053837,0.001800987,0.005402962
3/23/20 8:00,DOWN,1.0724,1.0769,1.06893,1.06927,-0.002820376,0.001634564,0.004903691
3/23/20 12:15,UP,1.06926,1.07509,1.06664,1.07464,0.006666256,0.002183739,0.006551218
3/23/20 18:59,DOWN,1.07467,1.08278,1.07237,1.07296,-0.001750629,0.002155351,0.006466052
3/24/20 0:59,UP,1.07297,1.08109,1.072,1.07967,0.003172662,0.002085712,0.006257135
3/24/20 10:24,UP,1.07967,1.0879,1.07758,1.08671,0.00317977,0.002135566,0.006406698
3/24/20 14:02,DOWN,1.08674,1.08882,1.07881,1.08088,-0.001100349,0.001976745,0.005930235
3/24/20 19:07,DOWN,1.08086,1.0821,1.07497,1.07529,-0.001013167,0.001694487,0.005083462
3/24/20 23:04,UP,1.07526,1.08151,1.0746,1.08099,0.001657262,0.001715167,0.0051455
3/25/20 9:17,UP,1.08092,1.08467,1.07604,1.08446,0.001578066,0.001501204,0.004503611
3/25/20 17:48,UP,1.08448,1.08691,1.07849,1.08651,0.00172259,0.001662512,0.004987537
3/26/20 8:17,UP,1.08647,1.094,1.08556,1.09346,0.002683164,0.001611427,0.00483428
3/26/20 15:27,UP,1.09343,1.10158,1.09217,1.10129,0.004395411,0.001757741,0.005273224
3/27/20 4:36,UP,1.1013,1.10873,1.09909,1.10691,0.000442772,0.001510019,0.004530056
3/27/20 9:05,DOWN,1.10688,1.10743,1.1001,1.10151,-0.000934643,0.00148351,0.004450531
3/27/20 13:19,DOWN,1.10154,1.10316,1.09695,1.09713,-0.001275243,0.001582482,0.004747447
3/27/20 15:47,UP,1.09713,1.10471,1.09534,1.10353,0.002377022,0.001603811,0.004811433
3/27/20 18:18,UP,1.10362,1.11106,1.10359,1.11003,0.002001949,0.001679887,0.00503966
3/30/20 3:06,DOWN,1.11002,1.11478,1.10854,1.10879,-0.00170311,0.001665531,0.004996592
3/30/20 12:47,DOWN,1.10874,1.11065,1.10267,1.10276,-0.002581091,0.001586305,0.004758915
3/31/20 7:39,DOWN,1.10275,1.10563,1.09839,1.09975,-0.000345473,0.001283995,0.003851985
3/31/20 11:03,DOWN,1.09976,1.1004,1.0942,1.09446,-0.002427474,0.00133757,0.004012709
3/31/20 15:26,UP,1.09446,1.10002,1.09268,1.09961,0.002613428,0.001395632,0.004186897
3/31/20 23:18,UP,1.09957,1.10397,1.09649,1.1029,0.000798215,0.001653487,0.004960461
4/1/20 7:40,DOWN,1.10291,1.10379,1.09712,1.09726,-0.001620908,0.001652743,0.00495823
4/1/20 17:30,DOWN,1.09723,1.0981,1.09051,1.09124,-0.001867688,0.001566766,0.004700299
4/2/20 12:21,DOWN,1.09125,1.09698,1.0895,1.08971,-0.001723743,0.001465877,0.004397631
4/2/20 17:00,DOWN,1.0897,1.09126,1.0837,1.08402,-0.002202329,0.001401397,0.004204192
4/3/20 7:53,DOWN,1.08401,1.08667,1.07924,1.07979,-0.002377264,0.001476285,0.004428856
4/6/20 1:24,UP,1.0798,1.08285,1.07728,1.08199,0.001470595,0.001204498,0.003613493
4/7/20 5:45,UP,1.08203,1.08402,1.07684,1.08396,0.002355257,0.001229183,0.003687549
4/7/20 10:31,UP,1.08392,1.08931,1.08232,1.08839,0.001047968,0.001364538,0.004093613
4/7/20 14:14,UP,1.0884,1.09174,1.08605,1.09143,9.16E-05,0.001575213,0.00472564
4/8/20 4:14,DOWN,1.09144,1.09267,1.08589,1.08651,-0.000533677,0.001426472,0.004279417
4/8/20 13:29,UP,1.08656,1.08876,1.08301,1.08863,0.001286848,0.001287974,0.003863923
4/9/20 6:12,DOWN,1.08868,1.08882,1.08423,1.08448,-0.00214619,0.001230528,0.003691583
4/9/20 12:57,UP,1.08451,1.09068,1.0841,1.09068,0.003692583,0.001530799,0.004592397
4/10/20 9:49,UP,1.09076,1.09527,1.08951,1.09447,0.000749502,0.001119037,0.003357111
4/13/20 6:53,UP,1.0944,1.09663,1.0925,1.09633,0.002639548,0.00111387,0.003341611
4/13/20 11:16,DOWN,1.09629,1.0968,1.09033,1.09129,-0.002004788,0.001230967,0.003692902
4/14/20 3:08,UP,1.09128,1.09489,1.08928,1.0948,0.000941254,0.001137168,0.003411504
4/14/20 12:47,UP,1.09479,1.09762,1.09151,1.09718,0.000829743,0.001176961,0.003530884
4/15/20 7:26,DOWN,1.09713,1.09917,1.09511,1.0952,-0.000775813,0.000996189,0.002988567
4/15/20 11:10,DOWN,1.09519,1.09555,1.09032,1.09066,-0.002481652,0.001122238,0.003366713
4/15/20 17:23,UP,1.09065,1.09308,1.08563,1.09193,0.001273786,0.001364987,0.004094961
4/16/20 1:07,DOWN,1.09193,1.09389,1.08817,1.08859,-0.00165215,0.001400221,0.004200662
4/16/20 15:02,DOWN,1.08858,1.0905,1.08464,1.0847,-0.003469589,0.001441068,0.004323205
4/17/20 1:27,UP,1.08471,1.08772,1.08166,1.08739,0.001675135,0.001304878,0.003914633
4/17/20 8:07,DOWN,1.08737,1.08789,1.08199,1.08261,-0.001034002,0.001261261,0.003783783
4/17/20 12:44,UP,1.08262,1.08735,1.08121,1.08621,0.001003993,0.001175735,0.003527204
4/20/20 5:45,DOWN,1.08629,1.08928,1.08528,1.0853,-0.000792094,0.000918732,0.002756196
4/20/20 9:20,UP,1.08532,1.08968,1.08415,1.08922,0.002555548,0.001048265,0.003144794
4/20/20 12:08,DOWN,1.08922,1.08947,1.08498,1.0855,3.69E-05,0.001127747,0.003383242
4/21/20 2:27,DOWN,1.08551,1.08872,1.08257,1.08285,-0.002536375,0.001067413,0.003202238
4/21/20 21:19,UP,1.08283,1.08804,1.08165,1.08651,0.000644472,0.001087436,0.003262308
4/22/20 14:23,DOWN,1.08651,1.08852,1.08337,1.08342,-0.002581075,0.001135423,0.00340627
4/23/20 7:48,DOWN,1.08343,1.08406,1.07846,1.07899,-0.000768942,0.001093039,0.003279117
4/23/20 10:39,DOWN,1.079,1.08029,1.07587,1.07601,-0.001328102,0.001134684,0.003404052
4/23/20 14:25,UP,1.07598,1.08467,1.07561,1.08443,0.004815945,0.001672455,0.005017364
4/23/20 17:21,DOWN,1.08442,1.08451,1.07791,1.07815,-0.002972899,0.001672257,0.005016772
4/24/20 7:39,DOWN,1.07811,1.07911,1.07271,1.07406,-0.000577082,0.001333976,0.004001929
4/24/20 10:45,UP,1.07404,1.07984,1.0733,1.07918,0.002662969,0.001375625,0.004126874
4/27/20 1:17,UP,1.07915,1.08301,1.07771,1.08264,0.000988814,0.001130328,0.003390984
4/27/20 16:46,DOWN,1.08264,1.08603,1.08166,1.08186,-0.001219377,0.000874282,0.002622846
4/28/20 8:10,UP,1.08189,1.08433,1.08098,1.08415,0.001356821,0.00083609,0.002508269
4/28/20 9:48,UP,1.08414,1.08855,1.08404,1.08803,0.001020713,0.00090661,0.00271983
4/28/20 13:58,DOWN,1.08802,1.08885,1.08401,1.08401,-0.001972205,0.001028394,0.003085182
4/29/20 5:45,UP,1.084,1.0858,1.0817,1.08546,0.000921693,0.000999174,0.002997522
4/29/20 18:14,UP,1.08543,1.0882,1.08393,1.08747,0.001315844,0.000934933,0.002804799
4/30/20 13:11,DOWN,1.08749,1.08913,1.0842,1.08432,-0.002753694,0.001150467,0.003451402
4/30/20 14:31,UP,1.08436,1.0896,1.08332,1.08956,0.00277561,0.001259991,0.003779972
4/30/20 15:02,UP,1.08956,1.09728,1.08885,1.09663,0.005678898,0.001836542,0.005509625
5/1/20 9:17,UP,1.09658,1.09797,1.09207,1.0974,0.000601602,0.001256967,0.003770901
5/3/20 22:50,DOWN,1.09742,1.1018,1.09555,1.09558,-0.002215547,0.001219239,0.003657717
5/4/20 13:33,DOWN,1.09559,1.09626,1.0922,1.09236,-0.001006487,0.000864236,0.002592707
5/4/20 16:39,DOWN,1.09234,1.09356,1.08958,1.0896,-0.000926516,0.000854874,0.002564623
5/5/20 8:48,DOWN,1.08961,1.09261,1.0857,1.08576,-0.002768416,0.001072912,0.003218737
5/5/20 13:44,UP,1.08578,1.08797,1.08259,1.08768,0.000965824,0.00110132,0.003303959
5/5/20 15:44,DOWN,1.08771,1.08873,1.08364,1.0841,-2.77E-05,0.001082725,0.003248175
5/6/20 8:06,DOWN,1.08411,1.08578,1.08155,1.08162,-0.001367383,0.000931629,0.002794886
5/6/20 13:47,UP,1.0816,1.08269,1.07821,1.08189,0.00076747,0.000939033,0.0028171
5/7/20 6:45,DOWN,1.08187,1.08217,1.07862,1.07942,-0.000722349,0.000752774,0.002258323
5/7/20 14:03,DOWN,1.07947,1.08165,1.0767,1.07677,-0.001596095,0.000897519,0.002692557
5/7/20 15:55,UP,1.07679,1.08033,1.07665,1.08033,0.001788089,0.001038273,0.003114819
5/7/20 22:51,UP,1.08033,1.0841,1.08022,1.0838,0.000627619,0.000930775,0.002792324
5/8/20 14:57,UP,1.0838,1.08753,1.08152,1.08725,0.002827632,0.001046494,0.003139481
5/8/20 20:04,DOWN,1.08731,1.08756,1.08327,1.08352,-0.000784173,0.0010026,0.003007801
5/11/20 8:43,DOWN,1.08352,1.08505,1.0809,1.08097,-0.002162383,0.000944728,0.002834184
5/11/20 13:56,UP,1.08096,1.0844,1.08087,1.08395,0.000756779,0.000867183,0.002601549
5/11/20 15:13,DOWN,1.08393,1.08404,1.08027,1.08052,-0.000980528,0.000902024,0.002706071
5/12/20 6:43,UP,1.08053,1.08188,1.07844,1.08158,0.000462394,0.000763907,0.00229172
5/12/20 11:24,UP,1.08158,1.08462,1.08062,1.08443,0.001338003,0.000864685,0.002594056
5/12/20 13:22,UP,1.08442,1.08852,1.08386,1.08718,0.00119647,0.000839828,0.002519483
5/12/20 20:58,DOWN,1.08719,1.08809,1.08469,1.08484,-0.000645048,0.000704371,0.002113113
5/13/20 7:49,DOWN,1.08485,1.08574,1.08313,1.08313,-0.001678905,0.000743844,0.002231531
5/13/20 10:43,UP,1.08314,1.08584,1.08308,1.08562,0.000921557,0.000752637,0.002257912
5/13/20 14:53,DOWN,1.08562,1.08966,1.0846,1.08476,-0.000995117,0.000694597,0.002083792
5/13/20 17:19,DOWN,1.08473,1.0856,1.08126,1.08176,-0.00097017,0.000684713,0.002054138
5/14/20 10:12,DOWN,1.0818,1.08241,1.07898,1.07933,-0.001435046,0.00063729,0.001911871
5/14/20 14:14,UP,1.07931,1.08155,1.07747,1.08126,0.001916268,0.000836336,0.002509007
5/14/20 18:18,DOWN,1.08125,1.08165,1.07802,1.07842,-0.000305956,0.000792075,0.002376224
5/15/20 6:26,UP,1.0784,1.08102,1.07802,1.08078,0.000286871,0.000687381,0.002062144
5/15/20 12:03,DOWN,1.08079,1.08196,1.07933,1.07941,-0.000861211,0.000648081,0.001944244
5/15/20 12:47,UP,1.07943,1.08399,1.07889,1.08348,0.003142971,0.00099274,0.002978219
5/15/20 15:45,DOWN,1.08346,1.08508,1.08113,1.08135,-0.001035206,0.000876713,0.002630139
5/18/20 12:36,UP,1.08137,1.08439,1.08,1.08399,0.001661912,0.000745863,0.002237588
5/18/20 15:22,UP,1.08398,1.08889,1.08302,1.08888,0.002593176,0.000947331,0.002841993
5/18/20 16:10,UP,1.08885,1.09202,1.08728,1.09167,0.001053987,0.001119152,0.003357456
5/19/20 6:34,UP,1.09165,1.09377,1.09022,1.09376,0.001702003,0.000958818,0.002876455
5/19/20 10:36,UP,1.09378,1.09573,1.09215,1.09568,0.000556887,0.000984915,0.002954746
5/19/20 13:50,DOWN,1.0957,1.09761,1.09261,1.09291,-0.000631143,0.000974294,0.002922882
5/20/20 7:07,UP,1.09291,1.09587,1.09187,1.09564,0.001114125,0.000821507,0.002464522
5/20/20 13:21,UP,1.09562,1.09812,1.0938,1.0979,0.001531366,0.000847288,0.002541864
5/21/20 1:33,DOWN,1.09789,1.09991,1.0962,1.09622,-0.00143117,0.000855092,0.002565277
5/21/20 11:33,UP,1.09621,1.10001,1.09524,1.09935,0.000873625,0.000847943,0.002543829
5/21/20 13:20,DOWN,1.09934,1.10084,1.09674,1.09745,-0.001638822,0.000920562,0.002761685
5/21/20 14:57,DOWN,1.09744,1.09906,1.09408,1.09426,-0.001442857,0.001043008,0.003129024
5/22/20 4:53,DOWN,1.09425,1.09686,1.09272,1.09298,-0.000402488,0.000808138,0.002424413
5/22/20 8:06,DOWN,1.09297,1.09324,1.09011,1.09025,-0.001127546,0.000803708,0.002411125
5/25/20 6:20,DOWN,1.09029,1.09133,1.08772,1.08773,-0.001120973,0.000646463,0.001939389
5/25/20 10:20,UP,1.08776,1.09037,1.08707,1.09015,0.000881001,0.000684218,0.002052655
5/26/20 3:06,UP,1.09013,1.09146,1.08899,1.09138,0.000183271,0.000570041,0.001710122
5/26/20 7:24,UP,1.09136,1.09367,1.09108,1.09355,0.001061328,0.000610443,0.001831329
5/26/20 9:04,UP,1.09356,1.09659,1.09321,1.09633,0.001688873,0.000734951,0.002204853
5/26/20 15:01,UP,1.09634,1.09899,1.09517,1.09822,0.00057382,0.000708758,0.002126274
5/26/20 19:01,UP,1.09824,1.09957,1.0968,1.09956,0.001519944,0.000755131,0.002265393
5/27/20 0:54,DOWN,1.09958,1.09959,1.09693,1.09696,-0.001229917,0.0007876,0.002362801
5/27/20 9:10,DOWN,1.09694,1.09794,1.0934,1.09402,-0.002364618,0.000878563,0.00263569
5/27/20 9:39,UP,1.09404,1.09863,1.09402,1.09821,0.001230029,0.001073263,0.003219788
5/27/20 10:21,UP,1.09827,1.10309,1.09825,1.10231,0.000136087,0.001186923,0.00356077
5/27/20 15:05,DOWN,1.10228,1.10309,1.09654,1.09692,-0.002203747,0.001321824,0.003965471
5/27/20 21:51,UP,1.09693,1.1013,1.09552,1.10055,0.000636248,0.001213646,0.003640938
5/28/20 9:05,DOWN,1.10055,1.10355,1.09918,1.09959,-0.000136405,0.000886892,0.002660677
5/28/20 12:57,UP,1.0996,1.10296,1.09922,1.10246,0.000980108,0.000823423,0.002470268
5/28/20 14:37,UP,1.10251,1.10577,1.10214,1.10516,0.000371056,0.000773832,0.002321495
5/28/20 16:45,UP,1.10518,1.10827,1.10459,1.108,0.000514573,0.000727483,0.002182448
5/29/20 5:36,UP,1.10801,1.11004,1.1067,1.10964,0.000252366,0.000687049,0.002061147
5/29/20 9:13,UP,1.10964,1.11374,1.10895,1.11339,0.001680967,0.000803966,0.002411899
5/29/20 13:23,DOWN,1.1134,1.11453,1.11013,1.11145,-0.000215911,0.000777412,0.002332236
5/29/20 15:12,DOWN,1.11148,1.1133,1.10941,1.10985,-0.002205073,0.000891131,0.002673392
5/29/20 17:44,DOWN,1.10985,1.11284,1.1081,1.10869,-0.000369737,0.000967012,0.002901035
6/1/20 0:10,UP,1.10868,1.1122,1.10818,1.11212,0.000476681,0.000873891,0.002621672
6/1/20 6:23,UP,1.11209,1.11506,1.11153,1.11435,0.00051164,0.000761572,0.002284717
6/1/20 10:00,DOWN,1.11434,1.11539,1.11076,1.11144,-0.00065659,0.000939752,0.002819255
6/1/20 14:21,UP,1.11145,1.11384,1.11005,1.1137,0.001419702,0.000861904,0.002585713
6/2/20 8:21,UP,1.11369,1.11488,1.1113,1.11473,0.001777794,0.000782595,0.002347785
6/2/20 9:13,UP,1.11475,1.11849,1.11463,1.11782,0.001217395,0.000869632,0.002608896
6/2/20 14:01,UP,1.1178,1.11941,1.11549,1.11916,0.001493305,0.000814625,0.002443874
6/2/20 17:46,DOWN,1.1192,1.11959,1.11638,1.11644,-0.001110057,0.000831228,0.002493683
6/3/20 0:32,UP,1.11641,1.11926,1.11612,1.11915,0.000616729,0.000776145,0.002328435
6/3/20 7:20,UP,1.11919,1.12247,1.11827,1.12231,0.001221442,0.000714299,0.002142896
6/3/20 11:35,DOWN,1.12231,1.12277,1.1184,1.11897,-0.001053986,0.000706814,0.002120441
6/3/20 14:02,UP,1.11896,1.12254,1.1186,1.12239,0.001676401,0.000757847,0.00227354
6/3/20 15:53,UP,1.12239,1.12486,1.12126,1.12467,0.001468174,0.000790612,0.002371837
6/4/20 0:43,DOWN,1.12468,1.12579,1.12187,1.1221,-0.001255784,0.000755621,0.002266864
6/4/20 9:34,DOWN,1.12209,1.12248,1.11948,1.11975,-0.000803428,0.00067018,0.00201054
6/4/20 11:52,UP,1.11974,1.12594,1.11953,1.12394,0.003190307,0.001017121,0.003051364
6/4/20 13:39,UP,1.12402,1.1274,1.12165,1.12579,0.000364255,0.001023445,0.003070335
6/4/20 14:41,UP,1.12584,1.1328,1.1254,1.13239,0.002714762,0.001236362,0.003709086
6/5/20 5:59,UP,1.13239,1.13743,1.13125,1.13704,0.001954346,0.001055234,0.003165703
6/5/20 9:00,DOWN,1.13709,1.13838,1.13263,1.13313,-0.001419835,0.000966856,0.002900568
6/5/20 12:49,DOWN,1.1331,1.13436,1.12858,1.13012,-0.001697493,0.000942105,0.002826314
6/5/20 17:32,DOWN,1.13007,1.13241,1.12823,1.12829,-0.000549353,0.000958553,0.002875659
6/8/20 0:00,UP,1.12829,1.13198,1.12784,1.13146,0.001016903,0.000905779,0.002717336
6/8/20 7:24,DOWN,1.13148,1.13149,1.12812,1.12868,-0.000522598,0.00078531,0.002355931
6/8/20 10:24,DOWN,1.12867,1.13159,1.12854,1.12862,-0.000876793,0.000829353,0.002488059
6/8/20 13:08,UP,1.12863,1.13079,1.12683,1.13055,0.001123978,0.000850548,0.002551645
6/9/20 6:29,DOWN,1.13055,1.13186,1.12839,1.12851,-0.00083261,0.00072586,0.00217758
6/9/20 7:41,DOWN,1.12851,1.12894,1.12562,1.12564,-0.000967869,0.000760256,0.002280769
6/9/20 11:07,UP,1.12565,1.12835,1.1241,1.12809,0.00086023,0.000787566,0.002362698
6/9/20 13:15,UP,1.12808,1.13109,1.12688,1.13063,0.000460026,0.000806006,0.002418017
6/9/20 14:03,UP,1.13068,1.13578,1.12993,1.13424,0.000352721,0.000924363,0.00277309
6/10/20 5:56,UP,1.13421,1.13698,1.13312,1.13628,0.001312157,0.00076625,0.00229875
6/10/20 11:47,UP,1.13628,1.13888,1.13434,1.13825,0.000984451,0.000755244,0.002265731
6/10/20 15:13,DOWN,1.13827,1.13895,1.13424,1.13457,-0.000828165,0.000878003,0.002634009
6/10/20 18:12,UP,1.13458,1.14003,1.1322,1.13936,0.006304059,0.001866761,0.005600282
6/11/20 4:14,DOWN,1.13935,1.14225,1.13511,1.13539,-0.000897966,0.001460383,0.004381148
6/11/20 8:35,UP,1.1354,1.13877,1.13252,1.13874,0.001625924,0.001285946,0.003857839
6/11/20 12:25,DOWN,1.13877,1.14014,1.13371,1.13426,-0.000872435,0.001082159,0.003246477
6/11/20 14:07,UP,1.13423,1.13852,1.13362,1.13842,0.002392135,0.001150932,0.003452796
6/11/20 17:08,DOWN,1.13839,1.14038,1.13437,1.13437,-0.003168543,0.00136194,0.00408582
6/11/20 19:22,DOWN,1.13438,1.13462,1.12978,1.12982,-0.000672447,0.001220915,0.003662746
6/12/20 7:30,UP,1.12981,1.13188,1.12766,1.13106,0.000840273,0.000829961,0.002489882
6/12/20 10:52,DOWN,1.13108,1.13406,1.12956,1.13003,-0.001503254,0.001023992,0.003071975
6/12/20 14:41,DOWN,1.13005,1.13232,1.12668,1.12691,-0.002401919,0.001012638,0.003037914
6/12/20 17:21,DOWN,1.12693,1.127,1.12259,1.12303,-0.000827774,0.000960728,0.002882185
6/14/20 23:37,UP,1.12305,1.12627,1.12126,1.1251,0.00072909,0.000865144,0.002595433
6/15/20 6:18,DOWN,1.12513,1.12684,1.12268,1.12365,-0.000418192,0.000731183,0.002193548
6/15/20 8:09,UP,1.12365,1.12584,1.12291,1.12584,0.001279864,0.000763322,0.002289966
6/15/20 14:08,UP,1.12585,1.12852,1.12406,1.12799,0.001508242,0.000840805,0.002522415
6/15/20 18:18,UP,1.12805,1.13325,1.12602,1.13311,0.003146741,0.001122018,0.003366054
6/16/20 7:01,UP,1.1331,1.13487,1.13074,1.13448,0.00131424,0.000948603,0.00284581
6/16/20 11:14,DOWN,1.13444,1.13534,1.13091,1.13091,-0.001475598,0.000901737,0.00270521
6/16/20 13:56,DOWN,1.1309,1.13192,1.1268,1.12701,-0.001064198,0.000961707,0.002885122
6/16/20 15:04,DOWN,1.127,1.1275,1.12279,1.12331,-0.000845357,0.000952496,0.002857488
6/16/20 16:33,UP,1.12335,1.12687,1.12333,1.12678,0.000905644,0.000953479,0.002860437
6/17/20 7:12,UP,1.1268,1.12897,1.12532,1.12874,0.000505115,0.000743545,0.002230636
6/17/20 9:16,DOWN,1.12875,1.1294,1.1236,1.12385,-0.002257538,0.001069723,0.003209168
6/17/20 14:19,DOWN,1.12386,1.12548,1.1207,1.12115,-0.000731125,0.000959699,0.002879098
6/17/20 22:32,UP,1.1211,1.12475,1.12091,1.12465,0.00062261,0.000869143,0.00260743
6/18/20 9:30,UP,1.12465,1.12614,1.1225,1.12521,0.000186649,0.000748466,0.002245399
6/18/20 12:08,DOWN,1.1252,1.12615,1.12143,1.12151,-0.002253346,0.000863464,0.002590392
6/18/20 17:03,DOWN,1.12153,1.12347,1.11855,1.11927,-0.001508774,0.000891896,0.002675687
6/19/20 6:54,UP,1.11928,1.12219,1.11893,1.12191,0.000401182,0.000741712,0.002225135
6/19/20 12:34,UP,1.12193,1.12518,1.11944,1.12433,0.002591563,0.00097505,0.002925149
6/19/20 14:43,DOWN,1.12432,1.12545,1.11998,1.12023,-0.002238105,0.001045654,0.003136962
6/22/20 8:04,UP,1.12022,1.12151,1.11682,1.12122,0.000794093,0.00077788,0.002333641
6/22/20 13:55,UP,1.12122,1.12464,1.12033,1.1245,0.00164653,0.000807896,0.002423687
6/22/20 23:32,UP,1.12454,1.12749,1.12424,1.12723,0.001020721,0.000754706,0.002264117
6/23/20 1:44,DOWN,1.12722,1.12812,1.12329,1.12393,-0.000498128,0.000882528,0.002647585
6/23/20 3:03,UP,1.12392,1.12763,1.12358,1.12734,0.000550118,0.000940529,0.002821587
6/23/20 11:29,UP,1.12735,1.13061,1.12566,1.12927,0.000522598,0.00080147,0.002404411
6/23/20 12:41,UP,1.12928,1.13314,1.12906,1.13246,0.000830396,0.000912365,0.002737095
6/23/20 19:01,DOWN,1.13247,1.13485,1.1307,1.13092,-0.000972187,0.000831789,0.002495367
6/24/20 8:16,DOWN,1.13093,1.1326,1.1287,1.12898,-0.00059328,0.000790117,0.002370351
6/24/20 13:40,DOWN,1.12897,1.13111,1.12653,1.12726,-0.000620782,0.000904345,0.002713035
6/25/20 2:35,DOWN,1.12723,1.12812,1.12434,1.12447,-0.000648984,0.00075613,0.002268389
6/25/20 10:46,DOWN,1.12449,1.12537,1.12136,1.12136,-0.001247705,0.00084853,0.002545591
6/25/20 14:24,UP,1.12135,1.12305,1.11904,1.1229,0.000989001,0.000822558,0.002467675
6/26/20 14:08,DOWN,1.12289,1.12394,1.12,1.1202,-0.001605566,0.000810207,0.00243062
6/26/20 17:00,UP,1.12021,1.12349,1.11953,1.12289,0.001336732,0.000833308,0.002499924
6/29/20 5:38,UP,1.1229,1.12546,1.1217,1.12543,0.00125364,0.000784816,0.002354449
6/29/20 10:55,UP,1.12555,1.12876,1.12406,1.12876,0.001347518,0.000867339,0.002602018
6/29/20 14:06,DOWN,1.12874,1.1288,1.12533,1.12548,-0.001447223,0.000887027,0.002661081
6/30/20 6:35,DOWN,1.12547,1.12551,1.12058,1.12074,-0.001827478,0.000931468,0.002794403
6/30/20 11:59,DOWN,1.12074,1.1228,1.11947,1.11953,-0.001017766,0.000945016,0.002835047
6/30/20 14:46,UP,1.1195,1.12311,1.11911,1.12279,0.000792983,0.000954045,0.002862136
7/1/20 5:13,DOWN,1.12277,1.1262,1.12152,1.12162,-0.000917893,0.000958343,0.002875029
7/1/20 11:02,DOWN,1.12164,1.1245,1.11967,1.11979,-0.000901548,0.00091539,0.002746171
7/1/20 13:35,UP,1.11979,1.12313,1.1185,1.12309,0.001015572,0.000942096,0.002826288
7/1/20 14:32,UP,1.12307,1.12729,1.12253,1.12716,0.002131515,0.001086902,0.003260705
7/2/20 7:30,UP,1.12717,1.12825,1.12433,1.12787,0.000709553,0.000810163,0.002430488
7/2/20 13:18,DOWN,1.12785,1.1303,1.12506,1.12608,-0.001854276,0.000934038,0.002802115
7/2/20 15:05,DOWN,1.12605,1.12819,1.12253,1.1235,-0.000436042,0.001017592,0.003052777
7/3/20 20:38,UP,1.12347,1.12526,1.12192,1.12479,8.89E-05,0.000674666,0.002023997
7/6/20 2:44,UP,1.12505,1.1276,1.12357,1.12754,0.000993807,0.000723729,0.002171186
7/6/20 6:49,UP,1.12757,1.13027,1.12749,1.13004,0.000894173,0.00072856,0.00218568
7/6/20 11:31,UP,1.13001,1.13168,1.12811,1.13137,0.001999576,0.000831467,0.002494401
7/6/20 15:50,DOWN,1.13136,1.13456,1.13025,1.13072,-0.000742614,0.000845177,0.002535532
7/7/20 7:15,DOWN,1.13077,1.13327,1.12893,1.1291,-0.00130992,0.000758571,0.002275712
7/7/20 9:27,DOWN,1.12912,1.12946,1.1259,1.12658,-0.000922722,0.000737208,0.002211625
7/7/20 12:13,UP,1.12659,1.12945,1.12628,1.12906,0.0003189,0.000730357,0.00219107
7/8/20 0:38,DOWN,1.12906,1.13069,1.12685,1.12699,-0.000408084,0.000737475,0.002212425
7/8/20 13:08,UP,1.12699,1.12955,1.12623,1.12924,0.000239127,0.000637154,0.001911461
7/8/20 13:37,UP,1.12923,1.13247,1.12923,1.13239,0.002785603,0.000920425,0.002761275
7/9/20 3:05,UP,1.1323,1.13518,1.13149,1.13444,0.000423206,0.000766836,0.002300508
7/9/20 7:55,DOWN,1.13443,1.13707,1.13252,1.13361,-0.001031569,0.000878812,0.002636437
7/9/20 14:45,DOWN,1.13358,1.13488,1.12927,1.12989,-0.002139511,0.000934726,0.002804179
7/10/20 2:17,DOWN,1.12986,1.13042,1.12709,1.12728,-8.87E-05,0.000727272,0.002181816
7/10/20 8:35,UP,1.12729,1.12913,1.12548,1.12877,0.000700122,0.000720292,0.002160876
7/10/20 13:27,UP,1.12874,1.13118,1.12736,1.13104,0.001867282,0.00089672,0.00269016
7/13/20 3:09,UP,1.13102,1.13284,1.1295,1.13275,0.000609323,0.000742924,0.002228773
7/13/20 8:50,DOWN,1.13276,1.13363,1.13009,1.13047,-0.001122796,0.000709061,0.002127182
7/13/20 11:27,UP,1.13045,1.13386,1.13042,1.13331,0.000529563,0.000691988,0.002075963
7/13/20 14:18,UP,1.13328,1.13622,1.13242,1.13587,0.000669315,0.000679698,0.002039095
7/13/20 19:48,DOWN,1.13586,1.13751,1.13429,1.13455,-0.000669645,0.000635777,0.001907332
7/14/20 9:26,UP,1.13456,1.13591,1.13253,1.13554,0.000458037,0.000575632,0.001726895
7/14/20 11:41,UP,1.13556,1.13815,1.1352,1.13782,0.000747322,0.000636526,0.001909579
7/14/20 14:32,UP,1.1378,1.14058,1.13614,1.14048,0.001175635,0.000704149,0.002112447
7/15/20 0:18,UP,1.14043,1.14233,1.13869,1.14173,0.000613293,0.000609749,0.001829246
7/15/20 5:12,DOWN,1.14174,1.14214,1.13911,1.13948,-0.0002106,0.000585319,0.001755956
7/15/20 7:56,UP,1.1395,1.14377,1.13938,1.14349,0.002101043,0.000771991,0.002315972
7/15/20 15:01,DOWN,1.14346,1.14523,1.14102,1.14166,-0.000656722,0.00062729,0.00188187
7/16/20 5:32,DOWN,1.14169,1.14244,1.13981,1.13981,-0.000736694,0.000575069,0.001725208
7/16/20 10:15,DOWN,1.13981,1.14157,1.13784,1.13864,-0.00081643,0.000595797,0.001787391
7/16/20 12:04,UP,1.13861,1.14177,1.1383,1.14118,0.000490841,0.000640023,0.00192007
7/16/20 13:55,UP,1.14117,1.14345,1.13995,1.14312,0.001094097,0.000677574,0.002032723
7/16/20 17:35,DOWN,1.1432,1.14419,1.13817,1.13818,-0.0027988,0.000992093,0.002976278
7/17/20 8:57,UP,1.13817,1.14172,1.13705,1.14164,0.00170953,0.000860208,0.002580623
7/17/20 18:30,UP,1.1417,1.14428,1.14095,1.14397,0.000253535,0.000669714,0.002009142
7/20/20 5:55,UP,1.14395,1.14556,1.14074,1.1448,0.00064661,0.000781532,0.002344597
7/20/20 12:57,DOWN,1.14477,1.14679,1.14215,1.14254,-0.001827587,0.000834368,0.002503105
7/20/20 16:20,UP,1.14252,1.14487,1.14024,1.14429,0.000402077,0.000772328,0.002316984
7/21/20 2:06,UP,1.14431,1.14642,1.14332,1.14611,0.000157065,0.000682398,0.002047194
7/21/20 4:21,DOWN,1.14608,1.14699,1.14316,1.1435,-0.001494292,0.000740714,0.002222141
7/21/20 14:22,UP,1.14354,1.14788,1.14229,1.14784,0.001848655,0.000955892,0.002867676
7/21/20 16:26,UP,1.14783,1.15129,1.14671,1.15127,0.001608214,0.000933362,0.002800087
7/22/20 3:31,UP,1.15124,1.1547,1.15059,1.15418,0.000285958,0.000731355,0.002194065
7/22/20 9:59,UP,1.1542,1.15469,1.15068,1.15447,0.000849235,0.000824468,0.002473404
7/22/20 12:32,UP,1.15449,1.1592,1.15418,1.15824,0.000639105,0.000979554,0.002938663
7/22/20 17:37,DOWN,1.15824,1.16012,1.1569,1.1569,-0.000846733,0.000812855,0.002438564
7/23/20 6:56,UP,1.15689,1.15936,1.15627,1.15906,0.000345167,0.000636263,0.001908788
7/23/20 12:22,DOWN,1.15908,1.15984,1.15604,1.1564,-0.000570574,0.000695327,0.00208598
7/23/20 14:03,UP,1.1564,1.1587,1.15403,1.1583,0.001295841,0.000755335,0.002266005
7/23/20 15:55,UP,1.15831,1.16249,1.15756,1.16221,0.001196713,0.000851558,0.002554673
7/23/20 19:33,DOWN,1.16224,1.16269,1.15907,1.15933,-0.001077628,0.000786024,0.002358071
7/24/20 10:50,DOWN,1.15934,1.16216,1.15812,1.15817,-0.001466757,0.000795294,0.002385882
7/24/20 13:02,UP,1.15815,1.16179,1.15813,1.16168,0.000757811,0.00079781,0.002393429
7/24/20 14:45,UP,1.16168,1.16386,1.15979,1.16338,0.000705091,0.000802596,0.002407787
7/26/20 23:49,UP,1.16338,1.16583,1.16213,1.16544,0.000575055,0.000635252,0.001905757
7/27/20 0:55,UP,1.16544,1.16984,1.16496,1.16885,0.001883965,0.000793892,0.002381676
7/27/20 3:28,UP,1.16886,1.17251,1.16854,1.17143,0.000503785,0.00074328,0.00222984
7/27/20 10:38,UP,1.1714,1.17332,1.1682,1.17273,0.001484819,0.000911483,0.002734448
7/27/20 13:58,UP,1.17274,1.17645,1.17177,1.17576,0.001532098,0.000903216,0.002709647
7/27/20 19:51,DOWN,1.17576,1.17815,1.17423,1.17439,-0.0007065,0.000880415,0.002641246
7/28/20 3:08,DOWN,1.1744,1.17739,1.17306,1.17309,-0.002154375,0.000941556,0.002824668
7/28/20 8:26,DOWN,1.17312,1.17415,1.16987,1.1703,-0.00080289,0.000881942,0.002645826
7/28/20 10:46,UP,1.17034,1.17369,1.17033,1.17354,0.000349431,0.000868019,0.002604058
7/29/20 6:14,UP,1.17354,1.17432,1.17003,1.17407,0.001124927,0.000729999,0.002189996
7/29/20 11:20,DOWN,1.17406,1.177,1.17291,1.17313,-0.00168637,0.0007728,0.0023184
7/29/20 13:40,UP,1.1731,1.17642,1.17186,1.17567,0.000663672,0.000853806,0.002561419
7/29/20 17:44,UP,1.17566,1.17884,1.17478,1.1786,0.000882792,0.000811093,0.002433279
7/30/20 5:24,DOWN,1.17861,1.18062,1.1754,1.17646,-0.000662786,0.000763887,0.002291661
7/30/20 9:13,DOWN,1.17644,1.17693,1.17309,1.17328,-0.000911558,0.000720654,0.002161961
7/30/20 13:02,UP,1.17331,1.17879,1.17321,1.17842,0.002557535,0.00103663,0.003109891
7/30/20 17:19,UP,1.17843,1.18237,1.17741,1.1819,0.001176765,0.000960092,0.002880276
7/30/20 23:23,UP,1.1819,1.18766,1.18186,1.18607,0.001409004,0.000911582,0.002734746
7/31/20 3:10,UP,1.18606,1.19048,1.18606,1.18934,0.000126128,0.00088074,0.002642221
7/31/20 8:31,DOWN,1.18935,1.19089,1.18653,1.18654,-0.001019252,0.000849754,0.002549263
7/31/20 13:27,DOWN,1.18652,1.18679,1.18171,1.18236,-0.001521221,0.000951941,0.002855822
7/31/20 16:07,DOWN,1.18236,1.18513,1.18012,1.18027,-0.001955267,0.00099793,0.00299379
8/3/20 0:13,DOWN,1.18026,1.18055,1.17615,1.17654,-0.001944493,0.001012897,0.003038691
8/3/20 10:48,DOWN,1.17653,1.1785,1.17142,1.17229,-0.001542796,0.001109615,0.003328845
8/3/20 15:25,UP,1.17228,1.17457,1.1696,1.17443,0.000800709,0.00102135,0.003064049
8/4/20 6:43,UP,1.17443,1.17782,1.17359,1.17738,0.000390774,0.000778698,0.002336094
8/4/20 11:21,DOWN,1.17738,1.18058,1.17645,1.17652,-0.001129814,0.000918537,0.00275561
8/4/20 13:11,DOWN,1.17652,1.17718,1.17221,1.17315,-0.000945723,0.001042369,0.003127108
8/4/20 15:20,UP,1.17314,1.17713,1.17213,1.17705,0.000586383,0.001041664,0.003124991
8/4/20 19:59,UP,1.17703,1.1803,1.17641,1.18026,0.001543223,0.000999693,0.00299908
8/5/20 7:50,UP,1.18027,1.18302,1.17929,1.18264,0.000922092,0.000820288,0.002460863
8/5/20 10:13,UP,1.18263,1.18618,1.18069,1.18556,0.000987363,0.00101367,0.003041011
8/5/20 13:40,UP,1.18556,1.18942,1.18315,1.18926,0.002020101,0.001121138,0.003363415
8/6/20 7:46,DOWN,1.18928,1.19163,1.18546,1.18661,-0.000606587,0.000900227,0.002700681
8/6/20 14:26,DOWN,1.1866,1.18704,1.18223,1.18322,-0.001621375,0.000890131,0.002670392
8/6/20 16:13,UP,1.18321,1.18907,1.1818,1.18869,0.003438254,0.001223577,0.00367073
8/7/20 2:48,DOWN,1.18867,1.18937,1.18459,1.18476,-0.001745665,0.001066738,0.003200214
8/7/20 9:39,DOWN,1.18473,1.18507,1.18095,1.18134,-0.001378838,0.000940173,0.002820519
8/7/20 13:29,DOWN,1.18136,1.18455,1.17681,1.17708,-0.002350516,0.001291558,0.003874673
8/10/20 6:20,UP,1.1771,1.18009,1.17553,1.17989,0.000372986,0.000977828,0.002933483
8/10/20 10:28,DOWN,1.1799,1.18001,1.17524,1.17593,-0.000382603,0.001017367,0.003052101
8/10/20 13:59,UP,1.17593,1.17919,1.17406,1.1788,0.001604612,0.00101632,0.003048961
8/10/20 16:24,DOWN,1.17878,1.17888,1.17467,1.17479,-0.000944404,0.000996676,0.002990028
8/11/20 9:16,UP,1.17476,1.1784,1.17221,1.17783,0.001087335,0.000992673,0.00297802
8/11/20 17:06,DOWN,1.17784,1.1808,1.17569,1.17621,-0.000586458,0.000986903,0.00296071
8/12/20 2:13,DOWN,1.17622,1.17668,1.17163,1.17243,-0.001235983,0.000900253,0.00270076
8/12/20 7:56,UP,1.17244,1.17504,1.17111,1.17482,0.001345792,0.000842644,0.002527933
8/12/20 13:00,UP,1.17481,1.17957,1.17412,1.17906,0.001978106,0.000886547,0.002659641
8/13/20 1:39,UP,1.17912,1.18173,1.17722,1.18131,0.00050804,0.000745381,0.002236144
8/13/20 9:56,UP,1.18134,1.18413,1.18005,1.18343,0.000388776,0.000733932,0.002201797
8/13/20 15:56,DOWN,1.18348,1.18643,1.18132,1.18201,-0.000904828,0.000902272,0.002706816
8/14/20 9:57,DOWN,1.18199,1.18267,1.17817,1.17897,-0.001500185,0.00077093,0.002312789
8/14/20 13:00,UP,1.17896,1.18301,1.17883,1.18187,0.000389289,0.000759649,0.002278948
8/14/20 16:57,UP,1.18186,1.18489,1.18105,1.18471,0.001224678,0.000775567,0.002326701
8/17/20 6:17,UP,1.18471,1.18681,1.18292,1.18655,0.000775658,0.000781533,0.002344598
8/17/20 8:15,DOWN,1.18653,1.18679,1.18363,1.18368,-0.000971075,0.000803448,0.002410345
8/17/20 13:51,UP,1.18366,1.18808,1.18288,1.18802,0.001971606,0.000857358,0.002572073
8/18/20 1:34,UP,1.18803,1.18967,1.18568,1.18881,0.000799438,0.000741547,0.00222464
8/18/20 12:19,UP,1.18879,1.19152,1.18826,1.19141,0.001251402,0.000688321,0.002064962
8/18/20 13:39,UP,1.1914,1.19652,1.1914,1.1958,0.001573406,0.00086447,0.00259341
8/18/20 15:06,DOWN,1.1958,1.19657,1.19181,1.19233,-0.001014305,0.000951804,0.002855412
8/19/20 14:02,UP,1.19232,1.1953,1.19188,1.19463,0.000418627,0.000627884,0.001883653
8/19/20 14:57,DOWN,1.19458,1.19463,1.18965,1.19027,-0.001922085,0.000860026,0.002580079
8/19/20 18:09,DOWN,1.19027,1.19092,1.18397,1.18437,-0.00303498,0.001088714,0.003266143
8/20/20 8:30,DOWN,1.18446,1.18688,1.18121,1.18145,-0.002839927,0.001138432,0.003415296
8/20/20 12:37,UP,1.18144,1.18544,1.18142,1.1853,0.000599184,0.001025377,0.003076131
8/20/20 16:03,UP,1.18531,1.18647,1.18021,1.1862,0.001130296,0.00104333,0.003129991
8/21/20 7:18,DOWN,1.18619,1.18831,1.18419,1.18436,-0.001881103,0.000935043,0.002805129
8/21/20 10:28,DOWN,1.18438,1.18494,1.17883,1.17914,-0.002016386,0.001006506,0.003019519
8/23/20 23:49,UP,1.17911,1.18068,1.17542,1.18024,0.000983334,0.000872112,0.002616335
8/24/20 8:48,UP,1.18025,1.18198,1.17846,1.18193,0.000287706,0.00079832,0.002394959
8/24/20 15:08,DOWN,1.18193,1.18497,1.18051,1.18093,-0.000854893,0.00072688,0.002180641
8/25/20 4:47,UP,1.18091,1.18145,1.17842,1.18138,0.000651993,0.000621223,0.001863669
8/25/20 8:01,UP,1.18135,1.18344,1.17979,1.18281,0.001328229,0.000725323,0.002175969
8/25/20 12:28,DOWN,1.1828,1.18427,1.1806,1.18097,-0.00018627,0.000736129,0.002208387
8/25/20 13:48,UP,1.181,1.18435,1.18038,1.18401,0.00035479,0.000772231,0.002316693
8/25/20 16:28,DOWN,1.18398,1.18398,1.18092,1.18097,-0.000203202,0.00079888,0.002396641
8/26/20 0:09,UP,1.18093,1.18393,1.18052,1.18393,0.000194287,0.00074985,0.002249549
8/26/20 6:59,DOWN,1.18389,1.1839,1.1807,1.18124,-0.000296255,0.000704669,0.002114007
8/26/20 12:06,DOWN,1.18127,1.18257,1.17904,1.17906,-0.001982665,0.000808534,0.002425601
8/26/20 14:01,UP,1.17908,1.18191,1.17724,1.18116,0.000770726,0.000855761,0.002567282
8/27/20 11:10,DOWN,1.18116,1.18501,1.17942,1.18024,-0.000982368,0.000753346,0.002260039
8/27/20 12:55,UP,1.18022,1.18389,1.1796,1.18375,0.002325828,0.000945231,0.002835694
8/27/20 13:24,UP,1.18373,1.19017,1.18263,1.18831,0.003625147,0.001257253,0.003771759
8/27/20 13:48,DOWN,1.18833,1.1885,1.17871,1.17901,-0.004755386,0.001815515,0.005446544
8/28/20 2:02,UP,1.17901,1.18354,1.17624,1.18272,0.000845866,0.001355439,0.004066317
8/28/20 5:18,UP,1.18269,1.18797,1.18263,1.18768,0.000850759,0.001299933,0.003899798
8/28/20 8:44,UP,1.18772,1.1918,1.1861,1.19087,0.000705616,0.001124895,0.003374686
8/28/20 14:18,DOWN,1.19086,1.19199,1.18675,1.18741,-0.000488339,0.00115501,0.00346503
8/31/20 0:11,UP,1.18741,1.19298,1.18731,1.1919,0.000881335,0.000963223,0.002889668
8/31/20 11:22,UP,1.19194,1.19348,1.18845,1.19322,0.000964243,0.000772469,0.002317406
8/31/20 19:58,DOWN,1.19321,1.19661,1.19214,1.19299,-0.000419027,0.00067451,0.00202353
9/1/20 1:47,UP,1.19301,1.19595,1.19284,1.19566,0.00086182,0.000674357,0.002023072
9/1/20 2:44,UP,1.19563,1.19948,1.1955,1.19928,0.001961431,0.000834398,0.002503195
9/1/20 14:03,DOWN,1.19928,1.20114,1.19492,1.19492,-0.001831081,0.000931942,0.002795825
9/1/20 17:30,DOWN,1.19488,1.19664,1.19054,1.19188,-0.000905721,0.000890898,0.002672694
9/2/20 7:18,DOWN,1.19184,1.19289,1.18754,1.18758,-0.002094506,0.000965955,0.002897865
9/2/20 13:30,DOWN,1.1876,1.18826,1.18333,1.18362,-0.001637698,0.000988732,0.002966196
9/3/20 4:48,DOWN,1.18361,1.18579,1.1805,1.18054,-0.001447442,0.000928064,0.002784192
9/3/20 9:46,UP,1.18052,1.18362,1.17891,1.18347,0.00102294,0.000841584,0.002524751
9/3/20 13:39,UP,1.18348,1.18492,1.18018,1.18409,0.000844887,0.000904719,0.002714156
9/3/20 18:34,UP,1.18406,1.18575,1.18111,1.1855,0.00083544,0.000740663,0.002221988
9/4/20 12:38,DOWN,1.18551,1.18655,1.18211,1.18211,-0.001496203,0.000728081,0.002184244
9/4/20 14:13,DOWN,1.18207,1.18388,1.17862,1.17927,-0.00050866,0.000717613,0.002152839
9/4/20 16:18,UP,1.17927,1.18288,1.1781,1.18245,0.001455666,0.000840588,0.002521765
9/7/20 7:02,DOWN,1.18246,1.1855,1.18227,1.18281,-0.000202886,0.000672899,0.002018697
9/7/20 10:20,DOWN,1.18279,1.18489,1.18154,1.1816,-0.000930508,0.000732579,0.002197738
9/8/20 1:51,DOWN,1.18158,1.18325,1.17978,1.18004,-0.000584555,0.000618558,0.001855673
9/8/20 10:01,DOWN,1.18001,1.18276,1.17866,1.17867,-0.002135721,0.000885479,0.002656438
9/8/20 19:04,DOWN,1.17863,1.18063,1.17657,1.17756,-0.000670654,0.000766527,0.002299581
9/9/20 10:30,DOWN,1.17755,1.17876,1.1757,1.17572,-0.000909667,0.000635996,0.001907989
9/9/20 12:51,UP,1.17574,1.18193,1.17529,1.18108,0.003511424,0.001044999,0.003134996
9/10/20 6:51,UP,1.18108,1.18371,1.1792,1.18309,0.000456536,0.000753809,0.002261426
9/10/20 12:12,UP,1.18307,1.1855,1.1816,1.18506,0.001182073,0.000754943,0.00226483
9/10/20 12:49,UP,1.18503,1.18943,1.18397,1.18854,0.000201949,0.00096254,0.002887621
9/10/20 16:40,DOWN,1.18851,1.19175,1.18624,1.18631,-0.000893128,0.00097543,0.002926289
9/10/20 19:10,DOWN,1.18628,1.18644,1.1818,1.18213,-0.000659608,0.000961745,0.002885236
9/11/20 8:37,UP,1.18213,1.18494,1.18101,1.18485,0.001300588,0.00083019,0.002490569
9/11/20 15:05,DOWN,1.18483,1.18743,1.18279,1.18355,-0.001097788,0.000774726,0.002324179
9/14/20 7:55,UP,1.18351,1.18623,1.18264,1.18611,0.000894077,0.000660875,0.001982624
9/14/20 13:04,UP,1.18609,1.1884,1.18495,1.18833,0.000766074,0.000648744,0.001946231
9/15/20 3:23,UP,1.18834,1.1888,1.18587,1.18867,0.001068992,0.000658339,0.001975016
9/15/20 14:06,DOWN,1.18866,1.19006,1.18511,1.18534,-0.002081622,0.000845554,0.002536661
9/16/20 8:03,UP,1.18534,1.18621,1.18288,1.18616,0.001189417,0.000746353,0.00223906
9/16/20 13:58,DOWN,1.18615,1.18824,1.18422,1.18469,-0.000818445,0.00075231,0.002256931
9/16/20 18:50,DOWN,1.18468,1.18549,1.18041,1.18074,-0.00170933,0.000889985,0.002669955
9/17/20 1:51,DOWN,1.18079,1.18196,1.17669,1.17669,-0.001452174,0.001036893,0.003110678
9/17/20 7:59,UP,1.17669,1.1795,1.17376,1.1792,0.000585314,0.000869421,0.002608263
9/17/20 15:35,UP,1.17921,1.18268,1.17832,1.1824,0.000812238,0.000705892,0.002117677
9/17/20 20:16,UP,1.1824,1.18515,1.18188,1.18472,0.000177273,0.000648123,0.00194437
9/18/20 11:15,DOWN,1.18475,1.18691,1.18369,1.18372,-0.000624953,0.00067078,0.002012341
9/18/20 14:56,UP,1.18375,1.18674,1.18261,1.18666,0.001729032,0.000768633,0.002305898
9/21/20 4:41,UP,1.18669,1.18718,1.18363,1.18688,0.000699557,0.00065802,0.00197406
9/21/20 7:49,DOWN,1.18688,1.18702,1.18313,1.18348,-0.00162102,0.000728295,0.002184884
9/21/20 8:37,DOWN,1.18347,1.18362,1.17999,1.18027,-0.001794588,0.000842492,0.002527475
9/21/20 12:24,DOWN,1.18028,1.18055,1.17735,1.17748,-0.001077993,0.000751305,0.002253916
9/21/20 14:37,DOWN,1.17748,1.17801,1.17374,1.17395,-0.001089742,0.000790831,0.002372494
9/21/20 19:13,UP,1.17395,1.17742,1.17318,1.17737,0.001666115,0.000825315,0.002475944
9/22/20 6:28,DOWN,1.17736,1.17751,1.17431,1.17432,-0.000936274,0.00077419,0.00232257
9/22/20 10:59,UP,1.17431,1.17675,1.17203,1.17629,0.000884527,0.000854928,0.002564785
9/22/20 13:59,DOWN,1.17628,1.1763,1.17265,1.17287,-0.001848453,0.000913893,0.002741679
9/22/20 15:53,DOWN,1.17287,1.17374,1.16918,1.16983,-0.001033804,0.000932365,0.002797094
9/23/20 2:39,DOWN,1.16983,1.17167,1.16752,1.16797,-0.000744605,0.000837396,0.002512189
9/23/20 9:13,UP,1.16795,1.17147,1.16722,1.17111,0.001486875,0.000803403,0.002410208
9/23/20 13:26,DOWN,1.17113,1.1719,1.16805,1.16806,-0.001018265,0.000764434,0.002293301
9/23/20 18:58,DOWN,1.16804,1.17045,1.16609,1.16614,-0.00114843,0.000806773,0.002420319
9/24/20 9:39,DOWN,1.16612,1.16799,1.16362,1.16397,-0.001330764,0.000780288,0.002340864
9/24/20 16:04,UP,1.16396,1.16681,1.16265,1.16653,0.001012059,0.000736024,0.002208071
9/25/20 8:43,DOWN,1.16652,1.16869,1.16519,1.16525,-0.001466421,0.000763142,0.002289425
9/25/20 14:16,DOWN,1.16527,1.16607,1.16147,1.16174,-0.001152778,0.000726015,0.002178045
9/28/20 8:37,UP,1.16173,1.16414,1.16123,1.16402,0.00081647,0.00063943,0.001918289
9/28/20 11:55,UP,1.16401,1.16748,1.16376,1.16724,0.000959989,0.000730309,0.002190927
9/28/20 14:59,DOWN,1.16722,1.16801,1.16427,1.16438,-0.001441788,0.000785977,0.00235793
9/28/20 23:42,UP,1.16438,1.16714,1.16426,1.16681,6.00E-05,0.000691082,0.002073247
9/29/20 9:07,UP,1.1668,1.16946,1.16652,1.16928,0.00118091,0.000662493,0.001987479
9/29/20 13:55,UP,1.16924,1.17277,1.16816,1.17235,0.001519472,0.000698555,0.002095665
9/30/20 1:39,UP,1.17233,1.17491,1.17097,1.17491,0.000655584,0.000780724,0.002342171
9/30/20 6:28,DOWN,1.17487,1.17551,1.17228,1.1724,-0.000477539,0.000768225,0.002304674
9/30/20 8:53,DOWN,1.17241,1.17428,1.17093,1.17102,-0.001118058,0.000822041,0.002466122
9/30/20 14:33,UP,1.17101,1.17325,1.16846,1.17274,0.000887206,0.000955048,0.002865143
9/30/20 17:32,DOWN,1.17275,1.17518,1.17058,1.17113,-0.000392706,0.000854879,0.002564638
10/1/20 3:57,UP,1.17116,1.17476,1.17111,1.17425,0.000545177,0.00080735,0.00242205
10/1/20 11:46,UP,1.17424,1.17698,1.17222,1.1762,0.000850557,0.000692154,0.002076462
10/1/20 14:39,DOWN,1.17618,1.17676,1.17211,1.1737,-0.000681373,0.000711961,0.002135883
10/2/20 2:29,DOWN,1.17368,1.1756,1.17275,1.17312,-0.000400561,0.00058599,0.00175797
10/2/20 4:56,DOWN,1.17312,1.17334,1.17057,1.17065,-0.000990412,0.000657782,0.001973347
10/2/20 6:37,UP,1.1707,1.17382,1.16956,1.17323,0.000647994,0.000638648,0.001915943
10/2/20 10:26,DOWN,1.1733,1.17417,1.17087,1.17168,-0.000469301,0.000598679,0.001796038
10/5/20 0:48,UP,1.1717,1.17341,1.16987,1.17252,0.00045212,0.000550304,0.001650911
10/5/20 9:23,UP,1.17252,1.1754,1.17198,1.17487,0.00085152,0.000552013,0.001656039
10/5/20 12:18,UP,1.17486,1.17695,1.17462,1.17681,0.000731056,0.000544586,0.001633759
10/5/20 14:33,UP,1.1768,1.17977,1.17569,1.17877,0.000322422,0.000586329,0.001758988
10/6/20 3:44,UP,1.17879,1.17989,1.17715,1.17927,0.000517403,0.000539651,0.001618952
10/6/20 8:41,DOWN,1.17923,1.18001,1.17684,1.17689,-0.000314339,0.000651732,0.001955197
10/6/20 12:00,UP,1.17691,1.17977,1.17655,1.17957,0.001153628,0.000673715,0.002021146
10/6/20 16:06,DOWN,1.17957,1.18079,1.1774,1.17751,-0.000891315,0.000664777,0.001994331
10/6/20 19:10,DOWN,1.17752,1.17901,1.17355,1.17466,-0.000893476,0.000910653,0.00273196
10/7/20 7:46,UP,1.17464,1.17615,1.1725,1.17576,2.55E-05,0.000779921,0.002339763
10/7/20 12:55,UP,1.17578,1.17807,1.17493,1.17804,0.000908701,0.000685941,0.002057822
10/8/20 9:30,DOWN,1.17807,1.1782,1.17558,1.17611,-0.000246545,0.000504028,0.001512085
10/8/20 13:10,DOWN,1.1761,1.17691,1.17327,1.17392,-0.001829796,0.00064215,0.001926449
10/8/20 21:05,UP,1.17394,1.17618,1.17342,1.17599,0.000204104,0.000538295,0.001614886
10/9/20 3:37,UP,1.176,1.17809,1.17483,1.17802,0.000653853,0.000527191,0.001581573
10/9/20 8:53,UP,1.17803,1.17985,1.17667,1.17977,0.00068681,0.000611587,0.001834761
10/9/20 15:49,UP,1.17979,1.18251,1.17915,1.18209,0.000617741,0.000538796,0.001616387
10/12/20 9:04,DOWN,1.18209,1.18322,1.18058,1.18118,-0.000397828,0.000474177,0.00142253
10/12/20 11:43,DOWN,1.18115,1.18141,1.179,1.17936,-0.000500146,0.00049246,0.001477379
10/12/20 13:59,UP,1.17933,1.18156,1.17868,1.18152,0.000575696,0.000514682,0.001544047
10/13/20 2:08,DOWN,1.1815,1.18171,1.17927,1.17951,-0.000364492,0.000532321,0.001596963
10/13/20 13:27,DOWN,1.17948,1.18034,1.17646,1.17676,-0.001740556,0.000685508,0.002056523
10/13/20 15:20,DOWN,1.17674,1.17699,1.17377,1.1741,-0.000366171,0.000708472,0.002125417
10/14/20 12:35,UP,1.17409,1.17643,1.17198,1.17608,0.00123367,0.000663359,0.001990078
10/15/20 7:05,DOWN,1.17606,1.17711,1.17352,1.17393,-0.000834455,0.000542396,0.001627189
10/15/20 8:38,DOWN,1.17391,1.17429,1.17072,1.1711,-0.001433521,0.000627794,0.001883381
10/15/20 13:33,DOWN,1.1711,1.17254,1.16886,1.16961,-0.000401763,0.000597876,0.001793629
10/16/20 1:34,UP,1.16961,1.17155,1.16886,1.1711,0.000461211,0.000517416,0.001552248
10/16/20 7:52,UP,1.1711,1.17199,1.1694,1.17195,0.001015918,0.000616801,0.001850403
10/16/20 11:33,UP,1.17195,1.17364,1.17025,1.17342,0.00112555,0.000676787,0.002030362
10/16/20 15:59,DOWN,1.17346,1.17462,1.17136,1.17161,-0.000273091,0.000589613,0.001768838
10/19/20 8:39,UP,1.1716,1.17377,1.17031,1.17332,0.00093795,0.000559822,0.001679465
10/19/20 9:50,UP,1.17332,1.1763,1.17312,1.17579,0.00137023,0.000647958,0.001943875
10/19/20 11:52,UP,1.17577,1.17889,1.17527,1.17822,0.001299413,0.000702801,0.002108404
10/20/20 1:57,DOWN,1.17822,1.17938,1.17637,1.17663,-0.000560767,0.000557833,0.001673498
10/20/20 8:48,UP,1.17659,1.17888,1.17599,1.17875,0.00122238,0.000620922,0.001862765
10/20/20 10:42,UP,1.17877,1.18179,1.1781,1.18145,0.000685833,0.000646988,0.001940964
10/20/20 14:20,UP,1.18146,1.18376,1.18007,1.1836,0.001725042,0.000707603,0.002122809
10/21/20 4:24,UP,1.18357,1.18484,1.18195,1.18453,0.000320854,0.000553216,0.001659649
10/21/20 14:37,UP,1.18454,1.18795,1.18417,1.18795,0.001432062,0.000656857,0.001970572
10/21/20 23:50,DOWN,1.18796,1.18808,1.18504,1.18527,-0.000877052,0.000589887,0.001769662
10/22/20 7:49,UP,1.18529,1.1867,1.18382,1.18644,0.00098663,0.00057792,0.001733759
10/22/20 9:36,DOWN,1.18645,1.18669,1.18353,1.18363,-0.000751642,0.000632032,0.001896097
10/23/20 0:23,DOWN,1.18363,1.18409,1.17917,1.17963,-0.002040929,0.000734952,0.002204855
10/23/20 7:48,UP,1.17967,1.18274,1.17868,1.18247,0.001726692,0.000749964,0.002249893
10/23/20 12:34,UP,1.18249,1.18602,1.18228,1.18565,0.000666523,0.000797572,0.002392715
10/23/20 20:20,UP,1.18564,1.1865,1.18253,1.18595,0.000219258,0.000773093,0.00231928
10/26/20 5:05,DOWN,1.18595,1.18636,1.18323,1.18351,-0.000126734,0.000685511,0.002056532
10/26/20 9:12,DOWN,1.18348,1.18477,1.18107,1.1812,-0.000516291,0.000736779,0.002210338
10/27/20 6:02,UP,1.18122,1.18355,1.18033,1.18355,0.000938297,0.000567198,0.001701594
10/27/20 8:12,DOWN,1.18356,1.18361,1.18051,1.18054,-0.001252878,0.000638272,0.001914816
10/27/20 12:04,UP,1.18057,1.18333,1.17963,1.18293,0.000811874,0.000625649,0.001876946
10/27/20 20:18,DOWN,1.1829,1.18388,1.18082,1.18103,-0.001032463,0.000611096,0.001833288
10/27/20 22:29,DOWN,1.18103,1.18158,1.17703,1.17718,-0.001001893,0.00082408,0.002472239
10/28/20 8:15,DOWN,1.17722,1.17882,1.17562,1.17573,-0.001325956,0.000744409,0.002233226
10/28/20 11:50,DOWN,1.17572,1.1767,1.17306,1.17317,-0.00035794,0.000716874,0.002150622
10/28/20 16:20,UP,1.17318,1.17604,1.17179,1.17563,0.001063825,0.000650907,0.001952721
10/29/20 8:17,DOWN,1.17563,1.17598,1.17261,1.17274,-0.001397458,0.00062137,0.001864111
10/29/20 11:53,DOWN,1.17276,1.17386,1.17023,1.1706,-0.001050192,0.000598946,0.001796837
10/29/20 13:59,DOWN,1.17063,1.17174,1.16799,1.16928,-0.000624121,0.000609443,0.001828329
10/29/20 15:22,DOWN,1.16931,1.17004,1.1663,1.16638,-0.000994036,0.000628877,0.00188663
10/29/20 23:58,UP,1.16639,1.16784,1.16502,1.16762,0.000316934,0.00068921,0.002067629
10/30/20 12:59,UP,1.16763,1.17042,1.16605,1.16992,0.001873677,0.000718147,0.002154441
10/30/20 15:32,DOWN,1.1699,1.17028,1.16692,1.16711,-0.000710906,0.000665831,0.001997494
10/30/20 17:30,DOWN,1.16711,1.16735,1.16422,1.16453,-0.000274751,0.000668161,0.002004482
11/2/20 8:47,DOWN,1.16453,1.16529,1.16223,1.16244,-0.000825508,0.000557281,0.001671843
11/2/20 11:09,UP,1.16243,1.1651,1.16238,1.1647,0.00056683,0.000595545,0.001786635
11/2/20 15:01,DOWN,1.16469,1.16557,1.16293,1.16342,-3.44E-05,0.00053521,0.00160563
11/3/20 1:29,UP,1.1634,1.1648,1.16229,1.16467,0.000489529,0.000462502,0.001387505
11/3/20 7:43,UP,1.16466,1.16662,1.16448,1.1666,0.000402961,0.000434705,0.001304115
11/3/20 9:36,UP,1.16659,1.16949,1.16649,1.16936,0.001026729,0.00051039,0.001531171
11/3/20 12:24,UP,1.16934,1.17182,1.16893,1.17114,0.00010247,0.000494406,0.001483218
11/3/20 15:48,UP,1.17113,1.17251,1.16987,1.17207,-1.71E-05,0.000563158,0.001689473
11/3/20 18:56,DOWN,1.17206,1.17398,1.17021,1.17046,-0.000811317,0.000636329,0.001908987
11/3/20 23:03,UP,1.17047,1.17357,1.16958,1.17338,0.001868147,0.000751906,0.002255719
11/4/20 0:56,DOWN,1.17337,1.17709,1.17049,1.17078,-0.001792069,0.001117616,0.003352847
11/4/20 2:23,DOWN,1.17082,1.17263,1.16595,1.16636,-0.001482148,0.001105322,0.003315966
11/4/20 2:46,DOWN,1.16639,1.16643,1.16029,1.16205,-0.001753979,0.001215797,0.00364739
11/4/20 4:28,UP,1.1622,1.16655,1.161,1.16587,0.001639605,0.001238028,0.003714084
11/4/20 8:40,UP,1.16587,1.16955,1.16281,1.16892,0.002707011,0.001254921,0.003764763
11/4/20 12:24,UP,1.16893,1.17351,1.16633,1.17338,0.002688162,0.001325431,0.003976294
11/5/20 0:12,UP,1.17338,1.17459,1.16803,1.17379,0.001193429,0.000926601,0.002779804
11/5/20 8:09,UP,1.1738,1.17495,1.17108,1.17486,0.00096228,0.000712874,0.002138621
11/5/20 9:55,UP,1.17486,1.17998,1.17462,1.17988,0.002070148,0.000885868,0.002657604
11/5/20 12:50,UP,1.17987,1.18414,1.17887,1.18406,0.001386025,0.00087456,0.002623679
11/5/20 15:31,DOWN,1.1841,1.18598,1.18012,1.1808,-0.001607785,0.000948889,0.002846667
11/5/20 19:43,UP,1.18081,1.1836,1.17915,1.18351,0.001538982,0.000940092,0.002820277
11/6/20 1:18,DOWN,1.18354,1.18472,1.17953,1.18021,-0.000787685,0.000823799,0.002471397
11/6/20 7:18,UP,1.18022,1.18343,1.17974,1.18298,0.000287451,0.000722298,0.002166894
11/6/20 10:46,UP,1.18297,1.18679,1.18255,1.18675,0.000767094,0.00086229,0.002586871
11/6/20 16:52,UP,1.18676,1.18911,1.18512,1.18875,0.000412283,0.000750868,0.002252604
11/9/20 11:27,DOWN,1.18877,1.18985,1.18649,1.18669,-0.000463367,0.000658632,0.001975897
11/9/20 13:04,UP,1.18668,1.19037,1.186,1.18997,0.000790248,0.000695922,0.002087766
11/9/20 14:12,UP,1.18995,1.19154,1.18716,1.19076,0.000966236,0.000816308,0.002448925
11/9/20 14:59,DOWN,1.19078,1.192,1.18619,1.18622,-0.003122701,0.001094229,0.003282687
11/9/20 15:55,DOWN,1.18618,1.18711,1.1814,1.18203,-0.000659664,0.001168125,0.003504375
11/10/20 4:30,UP,1.18203,1.18387,1.17953,1.18361,0.000633856,0.000804965,0.002414894
11/10/20 10:08,DOWN,1.18362,1.18434,1.17908,1.1791,-0.001982598,0.000924319,0.002772956
11/10/20 14:55,UP,1.17908,1.18274,1.178,1.18131,0.000194718,0.000762844,0.002288532
11/11/20 8:18,DOWN,1.18129,1.18343,1.17917,1.17922,-0.001863902,0.000752227,0.002256682
11/11/20 12:16,DOWN,1.17923,1.18001,1.17561,1.17588,-0.000841568,0.000849675,0.002549024
11/11/20 21:01,UP,1.17588,1.17816,1.17455,1.17809,0.00068779,0.000732077,0.00219623
11/12/20 9:05,UP,1.17811,1.17926,1.17586,1.17883,0.000322405,0.000673016,0.002019048
11/12/20 11:10,UP,1.17884,1.182,1.1784,1.18171,0.00028776,0.000759837,0.002279511
11/12/20 14:43,DOWN,1.18171,1.18232,1.17873,1.17909,-0.000161128,0.000696179,0.002088537
11/13/20 7:58,UP,1.17908,1.18179,1.17894,1.18168,0.00088049,0.000619146,0.001857439
11/13/20 19:51,UP,1.18168,1.18351,1.1807,1.18334,0.000354991,0.000568229,0.001704687
11/16/20 8:10,UP,1.18332,1.18617,1.18257,1.18607,0.001181066,0.000633185,0.001899556
11/16/20 10:07,DOWN,1.18606,1.18688,1.18352,1.18368,-0.000515209,0.000734596,0.002203788
11/16/20 13:43,DOWN,1.18369,1.18493,1.18142,1.18159,-0.000879783,0.000779251,0.002337752
11/16/20 17:58,UP,1.18161,1.18456,1.18143,1.18422,0.000422308,0.000708293,0.002124879
11/17/20 8:56,UP,1.18423,1.18746,1.18367,1.18744,0.000994229,0.000677535,0.002032604
11/17/20 15:35,DOWN,1.18743,1.18938,1.18586,1.18624,-0.000362424,0.000697986,0.002093957
11/18/20 7:37,UP,1.18628,1.18845,1.18504,1.18832,0.000656604,0.000652354,0.001957063
11/18/20 13:14,DOWN,1.18833,1.1891,1.18614,1.18674,-0.000168515,0.000572506,0.001717518
11/19/20 0:00,DOWN,1.18674,1.18769,1.18401,1.1843,-0.000852461,0.000574634,0.001723901
11/19/20 8:54,DOWN,1.18432,1.18524,1.18244,1.18245,-0.001081913,0.000586225,0.001758676
11/19/20 18:25,UP,1.18249,1.18508,1.18163,1.18493,0.000709154,0.000540563,0.00162169
11/19/20 21:44,UP,1.1849,1.18824,1.1848,1.18768,0.00016841,0.000721482,0.002164447
11/20/20 9:08,DOWN,1.18766,1.18911,1.18576,1.18602,-0.000918618,0.00065121,0.001953631
11/23/20 7:00,UP,1.18602,1.18788,1.18498,1.18765,0.000336856,0.000590577,0.001771732
11/23/20 11:07,UP,1.18762,1.18984,1.1863,1.18956,0.001396449,0.000658909,0.001976726
11/23/20 14:55,DOWN,1.18955,1.19061,1.18652,1.18652,-0.002491584,0.000845832,0.002537495
11/23/20 15:36,DOWN,1.18649,1.18742,1.18196,1.18274,-0.000659268,0.001009803,0.003029408
11/24/20 1:32,UP,1.18274,1.18482,1.17998,1.18443,0.000244873,0.000856145,0.002568435
11/24/20 9:38,UP,1.18444,1.18867,1.18409,1.18864,0.001170088,0.00088618,0.00265854
11/24/20 14:12,DOWN,1.18862,1.18941,1.18414,1.18486,-0.001560148,0.000838486,0.002515459
11/24/20 16:15,UP,1.18484,1.18823,1.18423,1.18781,0.00068216,0.000847337,0.002542011
11/25/20 0:49,UP,1.18778,1.19017,1.18652,1.18966,0.000294245,0.000766202,0.002298606
11/25/20 11:17,DOWN,1.18967,1.19298,1.18824,1.18882,-0.000966878,0.000695423,0.002086268
11/25/20 14:52,UP,1.18882,1.19157,1.18819,1.19129,0.000873385,0.000731497,0.00219449
11/26/20 6:14,UP,1.19131,1.1934,1.18951,1.19328,0.000746122,0.000709919,0.002129756
11/26/20 9:46,DOWN,1.19327,1.19409,1.19105,1.19116,-0.000461628,0.000711595,0.002134785
11/27/20 2:43,UP,1.19117,1.19188,1.18854,1.19133,5.04E-05,0.000620061,0.001860182
11/27/20 13:42,UP,1.19135,1.19357,1.19127,1.19341,0.000712499,0.000534523,0.00160357
11/27/20 16:51,UP,1.19343,1.19619,1.193,1.19552,0.000217502,0.000509023,0.00152707
11/30/20 3:18,UP,1.19551,1.19742,1.195,1.19732,6.68E-05,0.000476138,0.001428414
11/30/20 10:10,UP,1.19733,1.19853,1.19622,1.19843,0.000676113,0.000505274,0.001515822
11/30/20 15:06,UP,1.19844,1.20031,1.19731,1.19979,0.00045018,0.000528853,0.001586559
11/30/20 16:00,DOWN,1.1998,1.20033,1.19553,1.19642,-0.000893935,0.000707751,0.002123254
11/30/20 20:22,DOWN,1.19641,1.19653,1.19331,1.19344,-0.001097065,0.000710178,0.002130534
12/1/20 3:06,UP,1.19346,1.19578,1.19238,1.19578,0.000669243,0.000689084,0.002067253
12/1/20 9:54,UP,1.19575,1.19858,1.19541,1.19798,0.000158613,0.000582251,0.001746752
12/1/20 13:59,UP,1.19797,1.1994,1.19602,1.19919,0.001067957,0.000609797,0.00182939
12/1/20 15:26,UP,1.19921,1.20177,1.19752,1.2017,0.001690702,0.000757254,0.002271763
12/1/20 16:15,UP,1.20172,1.20486,1.20071,1.20474,0.000996562,0.000774824,0.002324472
12/1/20 21:05,UP,1.20471,1.20767,1.20355,1.20677,0.001517596,0.000753207,0.00225962
12/2/20 8:30,DOWN,1.20676,1.20877,1.20485,1.20511,-0.001210774,0.000743273,0.00222982
12/2/20 13:45,UP,1.20512,1.20786,1.204,1.20765,0.001068761,0.000700574,0.002101721
12/2/20 19:32,UP,1.20765,1.21083,1.20601,1.20996,0.000405054,0.000619228,0.001857685
12/3/20 5:48,UP,1.20997,1.21251,1.20947,1.21207,0.000173272,0.000577329,0.001731986
12/3/20 9:43,DOWN,1.21207,1.21395,1.21011,1.21023,-0.000850716,0.000662399,0.001987197
12/3/20 12:00,UP,1.21022,1.21299,1.21015,1.2128,0.000164921,0.000673624,0.002020871
12/3/20 12:59,UP,1.21279,1.21615,1.21187,1.21576,0.001671133,0.000775661,0.002326982
12/3/20 18:58,DOWN,1.21574,1.21747,1.21327,1.2138,-0.000650637,0.000820849,0.002462546
12/4/20 8:56,UP,1.21384,1.21664,1.21335,1.21617,0.000131569,0.000628922,0.001886766
12/4/20 13:47,DOWN,1.21618,1.21775,1.21438,1.21443,-0.001637288,0.00074131,0.002223929
12/4/20 17:55,DOWN,1.21446,1.21721,1.21316,1.21439,-8.23E-06,0.000701199,0.002103597
12/7/20 7:16,DOWN,1.21439,1.21518,1.21101,1.21197,-0.000577405,0.000616837,0.001850511
12/7/20 8:32,DOWN,1.21197,1.21247,1.20927,1.20931,-0.001140496,0.000689868,0.002069603
12/7/20 12:37,UP,1.20932,1.2117,1.20786,1.21109,0.000198188,0.000777198,0.002331595
12/7/20 14:49,UP,1.21113,1.21664,1.21079,1.21563,0.001646592,0.000822889,0.002468667
12/7/20 18:44,DOWN,1.21561,1.21579,1.21184,1.21195,-0.000857753,0.000781617,0.00234485
12/8/20 8:20,DOWN,1.21193,1.21297,1.20955,1.20984,-0.001272086,0.000676594,0.002029782
12/8/20 9:08,UP,1.20985,1.21322,1.20984,1.21284,0.000651576,0.000786014,0.002358043
12/8/20 19:53,DOWN,1.21283,1.2134,1.21001,1.2103,-0.000520397,0.000639017,0.001917052
12/9/20 5:25,UP,1.21032,1.21295,1.20999,1.21271,0.000470132,0.000571301,0.001713904
12/9/20 11:47,DOWN,1.21271,1.21475,1.21082,1.21107,-0.001295535,0.000686144,0.002058432
12/9/20 15:17,DOWN,1.21106,1.21238,1.20844,1.2093,-0.000553886,0.000669571,0.002008712
12/9/20 17:34,DOWN,1.20932,1.20985,1.2059,1.20618,-0.001847105,0.000755075,0.002265224
12/10/20 3:23,UP,1.20622,1.20916,1.20608,1.20878,0.00023994,0.000625288,0.001875864
12/10/20 13:06,UP,1.20881,1.21264,1.20812,1.21174,0.001213868,0.000698387,0.002095162
12/10/20 15:00,UP,1.21178,1.21581,1.20967,1.21557,0.001350072,0.000997022,0.002991066
12/10/20 16:15,DOWN,1.21559,1.21591,1.21131,1.2114,-0.001913308,0.001086814,0.003260443
12/11/20 1:20,UP,1.21138,1.21567,1.21106,1.21567,0.000913494,0.000928615,0.002785846
12/11/20 8:26,DOWN,1.21565,1.2163,1.21142,1.21188,-0.001220498,0.000883212,0.002649635
12/14/20 6:38,UP,1.21189,1.21453,1.21054,1.21418,0.000741516,0.00069312,0.002079361
12/14/20 14:04,UP,1.21417,1.21768,1.21385,1.21686,0.000723434,0.000578992,0.001736975
12/14/20 15:27,DOWN,1.21685,1.21704,1.21289,1.21338,-0.001120208,0.000639564,0.001918691
12/14/20 17:26,UP,1.21339,1.21561,1.2123,1.2154,0.001037233,0.000690579,0.002071737
12/15/20 8:39,DOWN,1.21542,1.21632,1.21332,1.21386,-4.12E-05,0.000548699,0.001646096
12/15/20 9:40,UP,1.21384,1.21622,1.21315,1.21606,0.001011975,0.000602874,0.001808623
12/15/20 18:08,UP,1.21607,1.21678,1.21211,1.21638,0.000616774,0.000521068,0.001563203
12/16/20 8:44,UP,1.21635,1.22066,1.21451,1.21979,0.002462469,0.000810357,0.002431072
12/16/20 16:34,DOWN,1.21975,1.22123,1.21673,1.21684,-0.001502766,0.000726455,0.002179365
12/16/20 19:27,DOWN,1.21683,1.21815,1.2125,1.2139,-0.001251379,0.000789269,0.002367806
12/16/20 20:38,UP,1.21388,1.21988,1.21362,1.21932,0.001871645,0.000982353,0.002947058
12/17/20 5:00,UP,1.21929,1.22356,1.21811,1.22259,0.001055694,0.000903861,0.002711584
12/17/20 13:39,UP,1.22259,1.22587,1.22241,1.22525,0.000620474,0.00070469,0.002114069
12/17/20 19:08,UP,1.22525,1.2271,1.2239,1.22696,0.000546214,0.000739446,0.002218338
12/18/20 4:27,DOWN,1.22698,1.22728,1.22421,1.22423,-0.00046549,0.000699451,0.002098354
12/18/20 12:51,UP,1.22424,1.22688,1.22385,1.22666,0.000538191,0.000636921,0.001910764
12/18/20 15:00,DOWN,1.22665,1.22666,1.22281,1.22377,-0.001086215,0.000683714,0.002051141
12/18/20 21:51,UP,1.22374,1.22584,1.22255,1.22574,0.0012245,0.000655408,0.001966224
12/20/20 23:36,DOWN,1.22581,1.22631,1.22149,1.22159,-0.003391454,0.001045898,0.003137695
12/21/20 4:21,DOWN,1.22161,1.22261,1.21788,1.21877,-0.000254322,0.00099411,0.00298233
12/21/20 8:51,UP,1.21879,1.22271,1.21682,1.22245,0.001522693,0.001006239,0.003018718
12/21/20 9:43,DOWN,1.22244,1.22247,1.21815,1.21819,-0.002066506,0.001124863,0.003374588
12/21/20 10:33,DOWN,1.21817,1.21851,1.21298,1.2139,-0.000568254,0.001168437,0.003505312
12/21/20 13:36,UP,1.2139,1.21982,1.21346,1.21931,0.001526618,0.001028531,0.003085594
12/21/20 16:56,UP,1.21929,1.22346,1.21907,1.22311,0.000768828,0.000936176,0.002808529
12/22/20 8:00,DOWN,1.2231,1.22531,1.22136,1.22169,-0.000458276,0.000744097,0.002232292
12/22/20 12:13,UP,1.22168,1.22516,1.22043,1.22479,0.001184578,0.000819702,0.002459107
12/22/20 14:47,DOWN,1.22481,1.22571,1.22098,1.22182,-0.00034369,0.000761169,0.002283508
12/22/20 15:55,DOWN,1.22179,1.22184,1.21841,1.21841,-0.002008798,0.000865721,0.002597163
12/22/20 20:45,DOWN,1.21843,1.21844,1.21521,1.21543,-0.000378395,0.000812299,0.002436898
12/23/20 5:12,UP,1.2154,1.21922,1.21536,1.21865,6.56E-05,0.000864589,0.002593767
12/23/20 14:36,UP,1.21868,1.22167,1.21603,1.22132,0.002541464,0.001112852,0.003338556
12/23/20 20:09,DOWN,1.22133,1.22212,1.21726,1.21746,-0.000771801,0.000947037,0.002841111
12/24/20 1:24,UP,1.21748,1.22109,1.21732,1.22105,0.000983244,0.000961009,0.002883027
12/24/20 16:10,DOWN,1.22103,1.22159,1.21774,1.21867,-0.000426604,0.00069321,0.002079631
12/28/20 2:07,UP,1.21863,1.22123,1.21766,1.22109,0.000696342,0.000677077,0.002031232
12/28/20 8:39,UP,1.22113,1.22377,1.22092,1.22346,0.000147135,0.000637288,0.001911865
12/28/20 10:42,DOWN,1.22347,1.22505,1.22075,1.2212,-0.001243903,0.000765807,0.002297421
12/28/20 14:48,UP,1.22117,1.22388,1.21913,1.22385,0.00143912,0.000814911,0.002444732
12/28/20 19:14,DOWN,1.22388,1.22401,1.22027,1.22088,-0.000294826,0.000778803,0.002336408
12/29/20 4:13,UP,1.22087,1.22431,1.22031,1.22406,0.000686476,0.000705103,0.002115308
12/29/20 15:02,UP,1.22404,1.22752,1.22351,1.22623,0.000269154,0.000618573,0.001855718
12/30/20 1:07,UP,1.22622,1.22778,1.2236,1.2275,0.001508265,0.000652145,0.001956434
12/30/20 8:32,DOWN,1.22752,1.22949,1.22527,1.22582,-0.000676869,0.000681162,0.002043486
12/30/20 13:03,UP,1.22582,1.22936,1.22552,1.2287,0.000936387,0.000643225,0.001929675
12/31/20 1:40,UP,1.22869,1.231,1.22713,1.23025,0.000203231,0.000752047,0.002256142
12/31/20 12:47,DOWN,1.23025,1.23093,1.22652,1.22709,-0.000668024,0.000676777,0.002030331
12/31/20 15:44,DOWN,1.2271,1.22872,1.22303,1.22367,-0.001673887,0.000811704,0.002435113
1/4/21 0:00,UP,1.22367,1.2253,1.22092,1.22481,0.000988397,0.000780017,0.002340052
1/4/21 8:13,UP,1.22481,1.22712,1.22386,1.22685,0.000203795,0.000702618,0.002107855
1/4/21 11:04,UP,1.22686,1.23006,1.22658,1.2298,0.000447327,0.000667493,0.00200248
1/4/21 15:33,DOWN,1.22977,1.23094,1.22654,1.2268,-0.000806652,0.000601418,0.001804253
1/4/21 18:08,DOWN,1.2268,1.22775,1.22483,1.22499,-0.000587587,0.000535372,0.001606116
1/5/21 2:54,UP,1.22501,1.22704,1.22415,1.22675,0.000725757,0.000473987,0.001421962
1/5/21 10:40,UP,1.22675,1.22844,1.22553,1.22826,0.000749308,0.000607608,0.001822824
1/5/21 15:04,DOWN,1.22825,1.22907,1.22539,1.22596,-0.000644185,0.000557066,0.001671198
1/5/21 16:39,UP,1.22594,1.22931,1.22557,1.22895,0.001099103,0.000600344,0.001801032
1/6/21 3:02,DOWN,1.22892,1.23254,1.22757,1.22827,-0.00037444,0.000622129,0.001866387
1/6/21 6:53,UP,1.22827,1.23215,1.22817,1.23201,0.001462095,0.000718973,0.00215692
1/6/21 11:29,UP,1.23199,1.23461,1.23126,1.23461,0.000607664,0.00063987,0.00191961
1/6/21 13:57,DOWN,1.23458,1.23494,1.23165,1.23169,-0.001703523,0.00081638,0.00244914
1/6/21 16:05,DOWN,1.23171,1.23211,1.22753,1.2279,-0.00077338,0.000880377,0.00264113
1/6/21 19:09,UP,1.22793,1.23176,1.22658,1.23099,0.000365626,0.000802571,0.002407714
1/7/21 0:17,UP,1.23097,1.23436,1.22977,1.23431,0.001053775,0.000844036,0.002532109
1/7/21 6:13,DOWN,1.23429,1.23445,1.23073,1.23111,-0.000609021,0.000761119,0.002283356
1/7/21 9:16,DOWN,1.2311,1.23258,1.2285,1.22885,-0.001244292,0.000851264,0.002553791
1/7/21 10:30,DOWN,1.22889,1.22901,1.22514,1.22542,-0.001386318,0.00088085,0.002642549
1/8/21 1:38,DOWN,1.22543,1.22827,1.22348,1.22442,-0.000661319,0.000755059,0.002265177
1/8/21 8:07,DOWN,1.22444,1.22691,1.22166,1.22166,-0.002526152,0.000964277,0.002892832
1/8/21 12:00,UP,1.22167,1.22538,1.22133,1.22481,0.000367471,0.000813536,0.002440609
1/8/21 15:21,DOWN,1.22479,1.22847,1.22285,1.22287,-0.001528022,0.001068674,0.003206023
1/8/21 18:25,DOWN,1.22288,1.22635,1.22056,1.22068,-0.001514401,0.001152273,0.003456818
1/11/21 1:17,DOWN,1.22068,1.22423,1.2176,1.21804,-0.000664782,0.001058845,0.003176535
1/11/21 10:11,DOWN,1.21802,1.21998,1.21553,1.21603,-0.001117769,0.000878387,0.00263516
1/11/21 17:34,UP,1.21606,1.21745,1.21323,1.217,0.000320512,0.000678458,0.002035375
1/12/21 1:25,DOWN,1.21701,1.21717,1.2145,1.21471,-0.000345702,0.000616082,0.001848245
1/12/21 7:27,UP,1.2147,1.21692,1.21387,1.21687,0.001011301,0.000608234,0.001824703
1/12/21 11:18,DOWN,1.21689,1.21792,1.21422,1.21424,-0.000938418,0.000682494,0.002047481
1/12/21 17:29,UP,1.21427,1.21721,1.21372,1.21721,0.000879446,0.000663025,0.001989076
1/12/21 19:37,UP,1.21718,1.22064,1.21698,1.22045,0.00137749,0.000740342,0.002221025
1/13/21 9:12,DOWN,1.22044,1.22229,1.21824,1.21832,-0.001017277,0.000716941,0.002150823
1/13/21 14:06,DOWN,1.21829,1.21927,1.21547,1.21654,-0.000271224,0.000622372,0.001867115
1/14/21 2:34,DOWN,1.21655,1.21808,1.21359,1.21406,-0.002131065,0.000816323,0.00244897
1/14/21 10:54,UP,1.21404,1.21674,1.21361,1.21656,0.00029596,0.000677331,0.002031992
1/14/21 12:59,DOWN,1.21657,1.21672,1.21249,1.21262,-0.001837304,0.000802931,0.002408794
1/14/21 16:27,UP,1.21258,1.21474,1.21112,1.21461,0.000873089,0.000745177,0.002235531
1/15/21 5:48,DOWN,1.21462,1.21785,1.21353,1.21359,-0.000897759,0.000640404,0.001921211
1/15/21 13:50,DOWN,1.2136,1.21469,1.2114,1.21193,-0.000569178,0.00068905,0.002067151
1/15/21 15:38,DOWN,1.2119,1.21234,1.20818,1.209,-0.000430015,0.000710299,0.002130896
1/18/21 1:22,DOWN,1.20902,1.21005,1.20648,1.20742,-0.000157348,0.000539465,0.001618394
1/18/21 20:37,UP,1.20743,1.20869,1.20535,1.20793,0.000314637,0.000467895,0.001403686
1/19/21 1:34,UP,1.20799,1.20953,1.2074,1.20953,0.000388656,0.000538631,0.001615893
1/19/21 8:21,UP,1.20951,1.21188,1.20854,1.21147,0.000891877,0.000587881,0.001763643
1/19/21 11:11,UP,1.21148,1.21345,1.21028,1.21333,0.000634819,0.000564783,0.001694349
1/20/21 1:03,UP,1.21332,1.21469,1.21156,1.2143,0.000659033,0.000522786,0.001568358
1/20/21 9:28,DOWN,1.21432,1.21584,1.21221,1.21263,-0.000807834,0.000618326,0.001854979
1/20/21 12:50,DOWN,1.21264,1.213,1.20971,1.20998,-0.001197649,0.000621273,0.001863818
1/20/21 14:54,DOWN,1.20999,1.21136,1.20771,1.20779,-0.001563618,0.000712296,0.002136888
1/20/21 15:40,UP,1.20791,1.21131,1.20769,1.21113,0.001057423,0.000824129,0.002472386
1/21/21 2:00,UP,1.21112,1.21309,1.20924,1.21237,4.12E-05,0.000726363,0.00217909
1/21/21 12:20,UP,1.21239,1.21495,1.21151,1.21492,0.000979968,0.00061948,0.001858439
1/22/21 2:05,UP,1.2149,1.21779,1.21358,1.21744,0.000673771,0.000718,0.002154
1/25/21 5:56,UP,1.21744,1.21897,1.21516,1.2179,0.000254569,0.000638653,0.001915959
1/25/21 9:47,DOWN,1.21791,1.21835,1.21454,1.21475,-0.000814651,0.000679776,0.002039327
1/25/21 14:54,DOWN,1.21473,1.21627,1.212,1.21224,-0.002216574,0.000804487,0.00241346
1/25/21 18:12,UP,1.21222,1.21478,1.2116,1.21462,0.000263492,0.000736078,0.002208234
1/26/21 7:49,DOWN,1.21461,1.21472,1.21116,1.21152,-0.000866305,0.000660511,0.001981532
1/26/21 11:30,UP,1.21152,1.21425,1.21078,1.21411,0.00122799,0.000663583,0.00199075
1/26/21 15:04,UP,1.21412,1.21648,1.21362,1.21644,0.000460466,0.000621562,0.001864686
1/27/21 8:39,DOWN,1.21645,1.2176,1.21399,1.21477,-0.000469115,0.00055988,0.001679641
1/27/21 10:10,DOWN,1.21475,1.21536,1.21188,1.21225,-0.000404125,0.000588774,0.001766322
1/27/21 14:31,DOWN,1.21226,1.21328,1.20957,1.20967,-0.001148414,0.000621186,0.001863559
1/27/21 14:45,DOWN,1.20968,1.20977,1.20605,1.20626,-0.002822931,0.000916982,0.002750947
1/27/21 16:05,UP,1.20627,1.20983,1.20586,1.20966,0.000744288,0.000879752,0.002639255
1/28/21 7:35,DOWN,1.20967,1.21293,1.20825,1.20841,-0.001058683,0.000749638,0.002248913
1/28/21 14:06,UP,1.2084,1.2142,1.20807,1.21323,0.002211423,0.000895364,0.002686093
1/29/21 0:51,DOWN,1.21327,1.21419,1.21072,1.21073,-0.001271152,0.000758783,0.002276348
1/29/21 10:24,UP,1.21074,1.21274,1.20945,1.21257,0.000725995,0.000628524,0.001885572
1/29/21 13:37,UP,1.21256,1.21508,1.21196,1.21489,0.001045909,0.000719841,0.002159523
1/31/21 23:02,DOWN,1.21491,1.21561,1.21239,1.21245,-0.0008574,0.000620836,0.001862509
2/1/21 9:06,DOWN,1.21244,1.21367,1.20837,1.20905,-0.001553732,0.00068519,0.002055571
2/1/21 10:45,DOWN,1.20903,1.21044,1.20696,1.20752,-0.000918817,0.000795059,0.002385178
2/1/21 17:34,DOWN,1.20749,1.20995,1.20626,1.20683,-0.00086967,0.000680455,0.002041365
2/2/21 2:59,UP,1.20684,1.20878,1.20561,1.20832,0.000455281,0.000623167,0.0018695
2/2/21 10:23,DOWN,1.20834,1.20873,1.20367,1.20415,-0.002148585,0.000787784,0.002363352
2/2/21 17:17,DOWN,1.20417,1.20496,1.2017,1.2021,-0.00032438,0.000705522,0.002116566
2/3/21 1:57,UP,1.20209,1.20502,1.20116,1.20472,0.000356993,0.000691214,0.002073642
2/3/21 9:03,DOWN,1.20474,1.20482,1.20205,1.20219,-0.00096444,0.000640818,0.001922455
2/3/21 21:04,UP,1.20217,1.20363,1.20042,1.2033,0.000565272,0.000663658,0.001990974
2/4/21 6:42,DOWN,1.20331,1.20431,1.20071,1.20143,-0.00019142,0.000606281,0.001818844
2/4/21 9:06,DOWN,1.20146,1.20148,1.19851,1.19895,-0.000633687,0.000625499,0.001876497
2/4/21 15:19,DOWN,1.19894,1.19979,1.19719,1.19723,-0.000584512,0.000537943,0.001613829
2/5/21 3:52,DOWN,1.19722,1.19796,1.19523,1.19567,-0.000677215,0.000475353,0.00142606
2/5/21 8:21,UP,1.19564,1.19829,1.19536,1.19774,0.001052535,0.000528272,0.001584816
2/5/21 13:42,UP,1.19776,1.20051,1.19687,1.20011,0.001392508,0.000625986,0.001877957
2/5/21 15:10,UP,1.20009,1.20314,1.19984,1.20294,0.000898204,0.000632559,0.001897677
2/5/21 21:29,UP,1.20294,1.20499,1.20183,1.20465,0.000448363,0.000586568,0.001759703
2/8/21 10:05,DOWN,1.20465,1.2056,1.2024,1.20253,-0.000573626,0.000604761,0.001814282
2/8/21 14:39,UP,1.20255,1.20587,1.20198,1.20565,0.001045626,0.00064347,0.001930411
2/9/21 2:17,UP,1.20564,1.20725,1.20332,1.20716,0.000861898,0.00062022,0.001860659
2/9/21 9:04,UP,1.20717,1.21037,1.20673,1.20963,0.001414656,0.000626833,0.001880498
2/9/21 19:31,UP,1.20962,1.21165,1.20886,1.21133,0.000751523,0.000534962,0.001604886
2/10/21 8:57,UP,1.21135,1.21441,1.21087,1.21418,0.000980566,0.000536959,0.001610877
2/10/21 12:47,DOWN,1.21415,1.21419,1.21131,1.21139,-0.000932378,0.000613496,0.001840489
2/10/21 16:15,UP,1.21139,1.21396,1.21135,1.21347,0.000131862,0.000549233,0.0016477
2/11/21 13:18,UP,1.21345,1.21494,1.21135,1.21459,0.001136832,0.000551181,0.001653544
2/11/21 17:18,DOWN,1.21461,1.21484,1.21218,1.21248,-0.000338093,0.000530972,0.001592916
2/12/21 8:36,DOWN,1.21249,1.21374,1.21058,1.21114,-0.000346721,0.000479031,0.001437092
2/12/21 14:39,DOWN,1.21113,1.2115,1.20816,1.20896,-7.44E-05,0.000590568,0.001771703
2/12/21 16:15,UP,1.20898,1.21283,1.20881,1.21243,0.001650942,0.000706934,0.002120802
2/15/21 8:57,UP,1.21242,1.21452,1.21132,1.21388,8.24E-05,0.000555684,0.001667051
2/16/21 2:23,UP,1.21385,1.2147,1.21208,1.21424,0.000370671,0.000430212,0.001290636
2/16/21 9:14,UP,1.21425,1.21573,1.21284,1.21491,0.000214031,0.000508947,0.001526842
2/16/21 12:21,UP,1.21489,1.21696,1.21449,1.21685,0.00018903,0.000480356,0.001441067
2/16/21 13:11,DOWN,1.21687,1.2169,1.21445,1.21456,-0.000790097,0.000555688,0.001667063
2/16/21 13:45,DOWN,1.21453,1.21461,1.21162,1.21172,-0.001253629,0.000658658,0.001975975
2/16/21 23:25,DOWN,1.21174,1.2124,1.2086,1.20915,-0.001231512,0.000648709,0.001946128
2/17/21 9:51,DOWN,1.20921,1.20984,1.20595,1.20632,-0.001242679,0.000644338,0.001933014
2/17/21 13:51,DOWN,1.20632,1.20694,1.20305,1.20337,-0.001735283,0.000705558,0.002116674
2/18/21 1:20,UP,1.20336,1.20503,1.20233,1.20485,0.000332047,0.000566745,0.001700234
2/18/21 9:02,UP,1.20483,1.20708,1.20356,1.20683,0.000978247,0.000604222,0.001812665
2/18/21 19:12,UP,1.20685,1.209,1.20622,1.2086,0.000331016,0.000559192,0.001677575
2/19/21 8:01,UP,1.20861,1.21137,1.20824,1.21131,0.000817631,0.000545111,0.001635334
2/19/21 9:34,UP,1.2113,1.21362,1.21088,1.21357,0.000214267,0.000595394,0.001786182
2/19/21 14:32,DOWN,1.21359,1.21446,1.21187,1.21199,-0.0008907,0.000554895,0.001664685
2/19/21 18:26,DOWN,1.21199,1.21402,1.21086,1.21105,-0.001427493,0.000656228,0.001968684
2/22/21 7:21,DOWN,1.21103,1.21357,1.21063,1.2107,-0.001378417,0.000667116,0.002001348
2/22/21 10:57,UP,1.21069,1.2135,1.20913,1.21296,0.001047574,0.000774063,0.00232219
2/22/21 17:11,UP,1.21299,1.21611,1.2126,1.21577,0.000822862,0.000651835,0.001955506
2/23/21 9:26,DOWN,1.21579,1.21802,1.21493,1.21508,-0.000526576,0.000588339,0.001765018
2/23/21 15:36,UP,1.21507,1.21665,1.21353,1.21626,0.001258747,0.000602999,0.001808997
2/24/21 8:43,UP,1.21624,1.21747,1.21412,1.21633,4.93E-05,0.000472728,0.001418184
2/24/21 13:19,DOWN,1.21635,1.21746,1.21325,1.2133,-0.00179514,0.000666154,0.001998461
2/24/21 15:14,DOWN,1.21329,1.21481,1.21105,1.21112,-0.001674731,0.000736042,0.002208125
2/24/21 17:17,UP,1.21111,1.21446,1.21092,1.21414,0.000749783,0.000722658,0.002167973
2/24/21 23:00,UP,1.21415,1.21747,1.21392,1.21669,0.000205497,0.000694471,0.002083413
2/25/21 8:08,UP,1.21686,1.21981,1.21561,1.21975,0.002125644,0.000785071,0.002355213
2/25/21 10:21,UP,1.21974,1.22274,1.21915,1.22268,0.000900068,0.000761667,0.002285002
2/25/21 18:05,DOWN,1.22269,1.22431,1.21932,1.21936,-0.00241638,0.000832103,0.002496309
2/26/21 0:26,DOWN,1.21934,1.22001,1.21374,1.21458,-0.001382238,0.000921647,0.002764941
2/26/21 7:16,DOWN,1.21456,1.21828,1.21378,1.21397,-0.000749326,0.000787007,0.002361021
2/26/21 10:13,DOWN,1.214,1.21595,1.21163,1.21191,-0.000552694,0.000757798,0.002273393
2/26/21 14:08,UP,1.2119,1.21319,1.20926,1.21261,0.000709466,0.000684236,0.002052709
2/26/21 16:21,DOWN,1.21261,1.21415,1.20981,1.20984,-0.002484843,0.000891977,0.00267593
2/26/21 21:13,DOWN,1.20985,1.21062,1.20622,1.20711,-0.000381003,0.000735595,0.002206786
3/1/21 8:32,DOWN,1.20714,1.21013,1.20575,1.20594,-0.001019431,0.000740221,0.002220662
3/1/21 15:13,DOWN,1.20587,1.20688,1.20277,1.2029,-0.001237907,0.000721783,0.002165348
3/1/21 17:05,UP,1.20289,1.20592,1.20289,1.20579,0.000315196,0.000707838,0.002123513
3/2/21 1:26,DOWN,1.2058,1.20612,1.20309,1.20309,-0.001370529,0.00070309,0.002109269
3/2/21 7:21,DOWN,1.20311,1.2036,1.20044,1.20067,-0.001522989,0.00072243,0.00216729
3/2/21 13:02,UP,1.20067,1.20377,1.19918,1.20306,0.000290967,0.000656559,0.001969676
3/2/21 16:04,UP,1.20307,1.20668,1.20198,1.20668,0.002140387,0.000780296,0.002340887
3/3/21 2:03,UP,1.20666,1.20945,1.2065,1.20903,0.000157163,0.000648213,0.001944638
3/3/21 11:44,DOWN,1.20906,1.21133,1.20667,1.20686,-0.000944154,0.000816979,0.002450938
3/3/21 18:45,UP,1.20685,1.20807,1.20426,1.20756,0.000405859,0.000661243,0.00198373
3/4/21 1:12,DOWN,1.20754,1.20757,1.20435,1.2052,-0.000423077,0.000601393,0.001804178
3/4/21 8:50,DOWN,1.20523,1.20631,1.20371,1.20373,-0.000573054,0.000573467,0.0017204
3/4/21 16:55,UP,1.20377,1.20537,1.20225,1.20465,0.00014113,0.000545968,0.001637903
3/4/21 17:31,DOWN,1.20464,1.20501,1.20105,1.20147,-0.001846032,0.000709719,0.002129156
3/4/21 18:09,DOWN,1.20144,1.20149,1.19763,1.19797,-0.001259672,0.000774214,0.002322642
3/5/21 1:31,DOWN,1.19795,1.19888,1.1953,1.19576,-0.000752376,0.000613353,0.00184006
3/5/21 8:23,DOWN,1.19577,1.19649,1.19253,1.19289,-0.001959701,0.000684932,0.002054796
3/5/21 13:31,DOWN,1.19287,1.19433,1.19066,1.19116,-0.002054706,0.000803275,0.002409824
3/5/21 14:29,UP,1.19113,1.19465,1.18927,1.19405,0.00080431,0.000777523,0.002332568
3/5/21 15:14,DOWN,1.19403,1.19421,1.19068,1.19114,-0.000243435,0.000800763,0.002402288
3/8/21 3:32,DOWN,1.1911,1.19325,1.1899,1.18994,-0.000923989,0.000678532,0.002035595
3/8/21 7:42,DOWN,1.18991,1.19147,1.18807,1.18832,-0.000639354,0.000681292,0.002043877
3/8/21 13:05,DOWN,1.18833,1.18966,1.18566,1.18582,-0.000935623,0.000652877,0.001958631
3/8/21 14:46,UP,1.18581,1.18873,1.18567,1.18872,0.001254235,0.000708203,0.002124609
3/8/21 15:57,DOWN,1.18869,1.18872,1.18579,1.1859,-0.001668226,0.000762052,0.002286157
3/9/21 2:00,DOWN,1.18593,1.1865,1.18355,1.18382,-0.000447603,0.000652559,0.001957678
3/9/21 4:10,UP,1.18384,1.18671,1.1838,1.18631,0.000219191,0.000678825,0.002036474
3/9/21 8:40,UP,1.1863,1.18898,1.18512,1.18885,0.000866759,0.00068246,0.002047379
3/9/21 17:58,DOWN,1.18886,1.19159,1.18814,1.18865,0,0.000582048,0.001746143
3/10/21 2:07,DOWN,1.18867,1.19051,1.18775,1.18779,-0.001505866,0.000646665,0.001939996
3/10/21 13:46,UP,1.1878,1.19122,1.18688,1.1902,0.001160142,0.000704826,0.002114478
3/10/21 16:12,DOWN,1.19022,1.19248,1.1886,1.18921,-0.000126126,0.000693228,0.002079683
3/10/21 19:08,UP,1.18923,1.19223,1.18899,1.19178,0.000243363,0.000660947,0.001982841
3/11/21 7:45,UP,1.19176,1.19465,1.19156,1.19408,0.000854579,0.000563651,0.001690954
3/11/21 8:57,UP,1.19406,1.19688,1.19367,1.19641,0.001087175,0.00062735,0.00188205
3/11/21 14:48,DOWN,1.19643,1.19739,1.19313,1.1934,-0.001063621,0.000882266,0.002646797
3/11/21 16:56,UP,1.19343,1.19792,1.1928,1.1976,0.001370344,0.000896281,0.002688842
3/12/21 6:28,DOWN,1.19763,1.199,1.19481,1.19486,-0.001237872,0.000851828,0.002555485
3/12/21 9:53,DOWN,1.19485,1.19534,1.19155,1.19159,-0.001123916,0.000789314,0.002367941
3/12/21 16:51,UP,1.19157,1.19538,1.191,1.19526,0.000970971,0.000824202,0.002472607
3/15/21 6:19,DOWN,1.19527,1.19677,1.19256,1.19282,-0.000787738,0.000767072,0.002301215
3/16/21 10:46,UP,1.19284,1.19457,1.19112,1.1944,0.001063861,0.000618817,0.001856451
3/16/21 13:18,DOWN,1.19442,1.19519,1.19204,1.19262,-0.000561631,0.00061194,0.00183582
3/16/21 15:12,DOWN,1.19264,1.19272,1.18938,1.18979,-0.000907311,0.000647273,0.001941819
3/17/21 9:21,UP,1.1898,1.19119,1.18822,1.19115,0.001680461,0.000685404,0.002056211
3/17/21 18:10,UP,1.19114,1.19609,1.18914,1.19465,0.003143932,0.000993071,0.002979212
3/17/21 22:54,UP,1.19465,1.19877,1.19465,1.19811,9.18E-05,0.00091214,0.002736419
3/18/21 7:44,DOWN,1.19807,1.1989,1.19458,1.19467,-0.002357703,0.000968885,0.002906654
3/18/21 13:24,DOWN,1.19465,1.19557,1.19102,1.19145,-0.001157582,0.000899143,0.002697428
3/19/21 9:52,DOWN,1.19147,1.19388,1.18985,1.18985,-0.001822098,0.000832654,0.002497961
3/19/21 16:02,UP,1.18987,1.1912,1.18739,1.19098,0.001588189,0.000826628,0.002479883
3/22/21 1:23,DOWN,1.19097,1.19126,1.18752,1.18786,-0.000690079,0.000815795,0.002447384
3/22/21 10:25,UP,1.18785,1.19103,1.18746,1.19102,0.001134125,0.00082123,0.002463691
3/22/21 17:28,UP,1.19104,1.19442,1.19014,1.1944,0.000929769,0.000742421,0.002227263
3/23/21 7:45,DOWN,1.19436,1.19468,1.19116,1.19139,-0.001174408,0.000646276,0.001938829
3/23/21 10:22,DOWN,1.19142,1.19158,1.1886,1.189,-0.000134558,0.000648904,0.001946711
3/23/21 15:32,DOWN,1.18899,1.18951,1.18615,1.18687,-0.00029485,0.00057615,0.00172845
3/23/21 20:12,DOWN,1.18688,1.18732,1.18422,1.1847,-0.000582256,0.000534308,0.001602925
3/24/21 7:25,DOWN,1.18468,1.18544,1.18245,1.18256,-0.001385861,0.000593101,0.001779303
3/24/21 9:22,UP,1.18258,1.1837,1.18123,1.18364,0.001285,0.000658258,0.001974773
3/24/21 20:42,DOWN,1.18362,1.18448,1.18096,1.18111,-0.000930894,0.000557837,0.001673512
3/25/21 8:01,DOWN,1.18109,1.18278,1.18042,1.18048,-0.000558938,0.000525284,0.001575852
3/25/21 12:50,DOWN,1.18046,1.18182,1.17912,1.17933,-0.00088994,0.000532862,0.001598585
3/25/21 13:41,UP,1.17934,1.18156,1.1793,1.18145,0.00095691,0.000587829,0.001763486
3/25/21 15:15,DOWN,1.18145,1.18153,1.17882,1.17897,-0.000373137,0.000579741,0.001739224
3/25/21 19:29,DOWN,1.17898,1.17927,1.17618,1.17661,-0.001206129,0.000604179,0.001812538
3/26/21 7:55,UP,1.17665,1.17879,1.1763,1.17878,0.00050913,0.000526875,0.001580626
3/26/21 15:57,UP,1.17876,1.18051,1.17718,1.17998,0.000618846,0.000576845,0.001730535
3/29/21 5:45,DOWN,1.17999,1.18006,1.17751,1.17764,-0.000789403,0.000530894,0.001592683
3/29/21 20:54,DOWN,1.17763,1.17938,1.17608,1.1765,-0.000348431,0.000656714,0.001970141
3/30/21 7:00,DOWN,1.17654,1.17752,1.17409,1.17486,-0.000578625,0.000608629,0.001825887
3/30/21 13:32,DOWN,1.17487,1.1755,1.17194,1.17225,-0.000528758,0.000591007,0.001773021
3/31/21 4:54,DOWN,1.17225,1.17332,1.1704,1.17049,-0.000580785,0.00054164,0.001624919
3/31/21 6:58,UP,1.17052,1.17276,1.17046,1.17268,0.00110065,0.000604343,0.001813028
3/31/21 14:28,UP,1.17266,1.1748,1.1721,1.17431,0.001013875,0.000587959,0.001763876
3/31/21 19:03,DOWN,1.17432,1.176,1.1724,1.1726,-0.001142107,0.000732661,0.002197984
4/1/21 7:58,UP,1.17259,1.1743,1.17126,1.17409,0.001159015,0.000665928,0.001997785
4/1/21 13:29,UP,1.17407,1.17618,1.17242,1.17593,0.000918844,0.00063258,0.00189774
4/1/21 16:13,UP,1.17596,1.17745,1.17387,1.17721,0.000628803,0.000745469,0.002236408
4/2/21 13:09,DOWN,1.1772,1.17868,1.1749,1.17499,-0.001411781,0.000724995,0.002174985
4/5/21 10:25,DOWN,1.17494,1.17721,1.17379,1.17438,-0.000272447,0.000604345,0.001813036
4/5/21 12:39,UP,1.17442,1.17775,1.17438,1.17775,0.001716607,0.000757607,0.002272822
4/5/21 14:46,UP,1.17773,1.18149,1.17766,1.18067,0.000135525,0.000761485,0.002284456
4/6/21 12:43,UP,1.18067,1.18319,1.17953,1.18272,0.00122674,0.000645955,0.001937864
4/6/21 15:53,UP,1.18268,1.18521,1.18257,1.1852,0.000996109,0.000600349,0.001801047
4/6/21 21:33,UP,1.18521,1.18779,1.18461,1.18743,0.000379042,0.000608399,0.001825197
4/7/21 10:36,UP,1.18743,1.1894,1.18639,1.1893,0.000765449,0.0006031,0.001809299
4/7/21 14:30,UP,1.18929,1.19101,1.18768,1.19062,0.001084056,0.000595696,0.001787088
4/7/21 16:32,DOWN,1.19062,1.19149,1.18822,1.1885,-0.000328091,0.0006048,0.001814401
4/8/21 2:07,DOWN,1.18853,1.18878,1.18608,1.18647,-0.000151699,0.000546159,0.001638476
4/8/21 10:42,DOWN,1.18647,1.18931,1.18624,1.18633,-0.00035397,0.000569419,0.001708256
4/8/21 12:41,UP,1.18631,1.18881,1.18616,1.18875,0.000748966,0.000605276,0.001815828
4/8/21 16:11,UP,1.18872,1.19132,1.18818,1.19128,0.000881794,0.000618888,0.001856664
4/9/21 4:32,DOWN,1.19129,1.19276,1.19028,1.19044,-0.000151193,0.000569411,0.001708234
4/9/21 12:23,DOWN,1.19044,1.19056,1.18791,1.18792,-0.001228284,0.00063868,0.001916041
4/9/21 16:19,UP,1.18791,1.18985,1.1867,1.18968,0.001017598,0.000632143,0.00189643
4/12/21 5:33,DOWN,1.18966,1.19106,1.18844,1.18862,-0.000496251,0.000603876,0.001811627
4/12/21 9:30,UP,1.18859,1.19052,1.1871,1.19052,0.001664523,0.000687061,0.002061182
4/13/21 4:20,DOWN,1.19046,1.19192,1.18881,1.18905,-0.000512883,0.000532516,0.001597547
4/13/21 12:37,UP,1.18901,1.1909,1.18772,1.19066,0.000831817,0.000597666,0.001792998
4/13/21 13:37,UP,1.19066,1.19386,1.19066,1.19374,0.000477605,0.000707356,0.002122067
4/13/21 20:00,UP,1.19376,1.19559,1.19236,1.19526,0.000535592,0.000582309,0.001746926
4/14/21 7:20,UP,1.19529,1.19742,1.19462,1.19708,0.000509703,0.000491453,0.00147436
4/14/21 15:52,UP,1.19706,1.19763,1.1951,1.19756,0.000242188,0.000509315,0.001527946
4/15/21 11:26,DOWN,1.19756,1.19934,1.19616,1.19655,-0.000225623,0.000597453,0.001792359
4/16/21 0:50,DOWN,1.19655,1.19839,1.1956,1.19595,-0.00062692,0.000512828,0.001538483
4/16/21 8:10,UP,1.19593,1.19889,1.19504,1.19831,0.001018619,0.000589926,0.001769777
4/18/21 23:40,DOWN,1.19833,1.19948,1.1968,1.19701,-0.000484423,0.000425992,0.001277975
4/19/21 1:50,DOWN,1.19701,1.19751,1.19425,1.19441,-0.000703029,0.000606769,0.001820306
4/19/21 6:09,UP,1.19442,1.19686,1.19425,1.19662,0.000601876,0.000581698,0.001745094
4/19/21 7:49,UP,1.19663,1.20072,1.1965,1.20064,0.002084394,0.000768932,0.002306795
4/19/21 10:11,UP,1.20061,1.20415,1.20026,1.2035,0.000307484,0.000688894,0.002066683
4/19/21 13:54,DOWN,1.2035,1.2048,1.20204,1.20227,-0.000432422,0.00059908,0.001797241
4/19/21 19:01,UP,1.20228,1.20413,1.20151,1.20384,0.000199382,0.000555347,0.00166604
4/20/21 3:05,UP,1.20386,1.20588,1.20317,1.20588,0.001120142,0.000554871,0.001664613
4/20/21 7:46,UP,1.20586,1.20799,1.20482,1.20789,0.001085124,0.00059212,0.001776359
4/20/21 9:50,DOWN,1.20787,1.20791,1.20523,1.20544,-0.000481036,0.000582765,0.001748296
4/20/21 13:04,DOWN,1.20546,1.20594,1.20263,1.20355,-0.000224311,0.000557002,0.001671006
4/20/21 17:07,DOWN,1.20353,1.20569,1.20255,1.20301,-0.000166236,0.000532501,0.001597502
4/21/21 7:25,DOWN,1.20304,1.20439,1.20182,1.20197,-0.000615467,0.000492336,0.001477007
4/21/21 14:49,UP,1.20194,1.20263,1.19985,1.20255,0.000657153,0.000520648,0.001561944
4/22/21 2:31,UP,1.20257,1.20469,1.20231,1.20462,0.000556347,0.000481051,0.001443153
4/22/21 9:14,DOWN,1.20465,1.20497,1.20222,1.20279,-0.000207828,0.000474227,0.001422682
4/22/21 10:31,UP,1.20277,1.20558,1.20266,1.20496,0.000821942,0.000541737,0.001625212
4/22/21 13:41,DOWN,1.20494,1.20698,1.20227,1.20293,-0.000407256,0.000614416,0.001843247
4/22/21 17:21,DOWN,1.20292,1.20338,1.20026,1.20053,-0.000133266,0.00063738,0.00191214
4/23/21 1:20,UP,1.20056,1.20241,1.19936,1.20224,0.000482549,0.00060679,0.00182037
4/23/21 7:22,UP,1.20223,1.205,1.20182,1.20492,0.001104417,0.000615424,0.001846272
4/23/21 12:45,UP,1.20491,1.20749,1.20442,1.20732,0.000787177,0.000533355,0.001600064
4/23/21 14:56,DOWN,1.20732,1.20758,1.2047,1.20492,-0.001161228,0.000585788,0.001757365
4/23/21 16:56,UP,1.20492,1.20774,1.20462,1.20772,0.000463791,0.000643794,0.001931381
4/26/21 1:22,UP,1.20774,1.21104,1.20741,1.21067,0.00103302,0.000636616,0.001909847
4/26/21 7:41,DOWN,1.2107,1.21171,1.20896,1.20918,-0.000636593,0.000559967,0.001679901
4/26/21 11:47,DOWN,1.20912,1.21095,1.20837,1.20849,-0.000645225,0.000537904,0.001613713
4/26/21 13:59,DOWN,1.20846,1.20863,1.2061,1.20643,-0.000430931,0.000507661,0.001522984
4/26/21 14:55,UP,1.20647,1.20878,1.20647,1.20868,0.001266646,0.000586567,0.001759702
4/27/21 3:31,DOWN,1.20867,1.20937,1.20651,1.20698,-0.000289938,0.000547107,0.001641321
4/27/21 11:05,UP,1.20702,1.20852,1.20567,1.20805,0.000952401,0.000518547,0.001555642
4/27/21 16:36,DOWN,1.20808,1.20926,1.20693,1.20714,-0.000472079,0.000490487,0.00147146
4/27/21 21:30,UP,1.20716,1.20932,1.20698,1.20902,0.000198528,0.000472183,0.001416549
4/28/21 5:27,DOWN,1.20926,1.20942,1.20723,1.20724,-0.000596224,0.000485276,0.001455829
4/28/21 14:28,UP,1.20726,1.20995,1.20561,1.20957,0.001414726,0.000649264,0.001947791
4/28/21 18:00,DOWN,1.20957,1.21026,1.20702,1.20708,-0.001490091,0.000682854,0.002048563
4/28/21 18:34,UP,1.20704,1.2106,1.20657,1.20994,0.001174301,0.000758237,0.002274711
4/29/21 1:12,UP,1.20988,1.21422,1.20988,1.21413,0.00125271,0.000927058,0.002781174
4/29/21 13:48,DOWN,1.21414,1.215,1.21111,1.21125,-0.000751008,0.000667129,0.002001387
4/30/21 7:52,DOWN,1.21124,1.21295,1.20997,1.21033,-0.000413025,0.000496455,0.001489366
4/30/21 10:51,DOWN,1.21029,1.21043,1.20814,1.20843,-0.000546014,0.000478456,0.001435368
4/30/21 14:12,DOWN,1.2084,1.2092,1.20621,1.2063,-0.00044755,0.000546827,0.00164048
4/30/21 15:04,DOWN,1.2063,1.20797,1.20311,1.20311,-0.001270896,0.000744538,0.002233615
5/3/21 8:44,UP,1.20312,1.2044,1.20129,1.20437,0.00017438,0.000637387,0.00191216
5/3/21 14:32,UP,1.2044,1.2074,1.20417,1.20728,0.000754045,0.00059494,0.00178482
5/4/21 1:51,DOWN,1.20725,1.20761,1.20467,1.20499,-0.000647099,0.000643417,0.001930252
5/4/21 7:22,DOWN,1.20501,1.2051,1.2018,1.20234,-0.000773193,0.000637897,0.001913691
5/4/21 14:19,UP,1.20237,1.20305,1.19991,1.20257,0.000407544,0.000496415,0.001489244
5/5/21 6:41,DOWN,1.20258,1.20357,1.20003,1.20046,-0.000641215,0.000677057,0.002031172
5/5/21 10:48,UP,1.20048,1.20184,1.19861,1.20152,0.000674373,0.000694229,0.002082687
5/6/21 7:33,UP,1.20154,1.20282,1.19912,1.20241,0.000865304,0.000597252,0.001791755
5/6/21 10:01,UP,1.20242,1.20528,1.20223,1.20476,0.000315465,0.000581096,0.001743287
5/6/21 13:36,UP,1.20474,1.20618,1.20384,1.20618,0.000422912,0.000531087,0.00159326
5/7/21 0:03,UP,1.20618,1.20718,1.20441,1.20695,0.00068792,0.000514453,0.001543359
5/7/21 8:47,UP,1.20691,1.20894,1.20528,1.20889,0.000786154,0.000645519,0.001936557
5/7/21 12:01,DOWN,1.20892,1.20906,1.2063,1.20633,-0.001060507,0.000672941,0.002018824
5/7/21 12:30,UP,1.20634,1.21143,1.20582,1.21143,0.004218787,0.001222117,0.00366635
5/7/21 14:45,UP,1.21137,1.21501,1.21021,1.21466,0.000304658,0.001122486,0.003367459
5/10/21 8:15,DOWN,1.21465,1.21771,1.21366,1.21435,-0.000139983,0.000729795,0.002189384
5/10/21 12:42,UP,1.21432,1.21754,1.21427,1.21695,4.93E-05,0.000707022,0.002121066
5/10/21 19:15,DOWN,1.21694,1.21785,1.21425,1.21447,-0.000559758,0.000695213,0.002085639
5/11/21 8:50,UP,1.21445,1.21644,1.2123,1.21633,0.00168682,0.000730538,0.002191615
5/11/21 13:33,DOWN,1.21633,1.21818,1.2148,1.21527,-0.00050182,0.000733815,0.002201446
5/11/21 20:25,DOWN,1.21525,1.21739,1.21448,1.21475,-0.000559629,0.00058011,0.001740331
5/12/21 3:17,DOWN,1.21476,1.21507,1.21235,1.21268,-0.0006842,0.000568029,0.001704088
5/12/21 7:35,UP,1.21267,1.21432,1.21154,1.2143,0.000856827,0.000568862,0.001706587
5/12/21 12:15,DOWN,1.21431,1.2144,1.21157,1.21167,-0.000676523,0.000556727,0.00167018
5/12/21 12:59,UP,1.21164,1.21469,1.20717,1.21314,0.001534388,0.000844299,0.002532898
5/12/21 13:34,DOWN,1.21309,1.21523,1.20918,1.20978,-0.001495022,0.000981515,0.002944546
5/12/21 15:43,DOWN,1.20979,1.21106,1.20658,1.20737,-0.000215321,0.000842002,0.002526006
5/13/21 7:08,UP,1.20738,1.20994,1.20655,1.20967,0.000537481,0.000586423,0.001759268
5/13/21 8:45,DOWN,1.20968,1.21063,1.20718,1.20729,-0.001076212,0.000619097,0.001857291
5/13/21 12:48,UP,1.20729,1.2094,1.20514,1.20875,0.000148925,0.000571458,0.001714374
5/13/21 15:31,DOWN,1.20877,1.21002,1.20691,1.20699,-0.000256804,0.000541934,0.001625802
5/13/21 16:52,UP,1.20702,1.2091,1.20643,1.20868,0.000562756,0.000597694,0.001793081
5/14/21 5:39,UP,1.20866,1.209,1.20621,1.20894,0.000479874,0.000579096,0.001737289
5/14/21 8:03,UP,1.20894,1.21181,1.20888,1.21173,0.000685206,0.000579804,0.001739413
5/14/21 13:22,UP,1.21173,1.21408,1.2103,1.21402,0.000931225,0.000554332,0.001662995
5/17/21 5:33,DOWN,1.21403,1.21513,1.21268,1.21282,-0.000263813,0.000455418,0.001366255
5/17/21 9:24,UP,1.21281,1.21499,1.2126,1.2149,0.000625762,0.000441814,0.001325443
5/17/21 10:57,UP,1.21487,1.21689,1.21457,1.21681,0.000337003,0.000466207,0.001398621
5/17/21 11:58,DOWN,1.21681,1.21689,1.21468,1.21476,-0.001266937,0.00054614,0.001638421
5/17/21 18:58,UP,1.21475,1.21616,1.21346,1.21596,0.000378373,0.00045703,0.00137109
5/18/21 6:34,UP,1.21598,1.21865,1.21481,1.21826,0.001273116,0.000516215,0.001548646
5/18/21 8:10,UP,1.21822,1.22058,1.21787,1.2201,0.000114751,0.000495325,0.001485974
5/18/21 12:26,UP,1.22007,1.22237,1.21998,1.22211,0.000327356,0.000501041,0.001503124
5/18/21 19:55,UP,1.22208,1.2234,1.21982,1.22269,0.000139047,0.000537238,0.001611713
5/19/21 6:26,UP,1.22272,1.22451,1.22172,1.22444,0.000825207,0.000530568,0.001591705
5/19/21 8:02,DOWN,1.22444,1.22452,1.22163,1.22239,-0.000310818,0.000524019,0.001572058
5/19/21 10:26,DOWN,1.22233,1.22264,1.22013,1.22045,-0.000589772,0.000500551,0.001501653
5/19/21 13:23,UP,1.22045,1.22177,1.21889,1.22166,0.000368419,0.000517845,0.001553534
5/19/21 16:29,DOWN,1.22163,1.22388,1.22118,1.2214,-0.00010643,0.000499134,0.001497401
5/19/21 18:07,DOWN,1.22142,1.22178,1.218,1.21816,-0.002238577,0.000715912,0.002147736
5/20/21 7:23,UP,1.21814,1.21992,1.21598,1.21956,0.00096803,0.000677018,0.002031054
5/20/21 13:18,UP,1.21955,1.22102,1.2181,1.22087,0.000639093,0.000609071,0.001827212
5/21/21 0:03,UP,1.22085,1.2231,1.22065,1.22289,0.000179918,0.000500126,0.001500379
5/21/21 7:40,DOWN,1.22291,1.22401,1.22143,1.22145,-0.00118641,0.000532472,0.001597415
5/21/21 12:08,DOWN,1.22148,1.22379,1.21843,1.21864,-0.002319569,0.000733161,0.002199484
5/21/21 14:30,DOWN,1.21865,1.221,1.21712,1.21796,-0.000320156,0.000780992,0.002342975
5/24/21 6:38,UP,1.21793,1.21925,1.21607,1.21907,0.000131256,0.000563933,0.0016918
5/24/21 10:18,UP,1.21905,1.22182,1.21752,1.22173,0.000728741,0.000518763,0.001556289
5/24/21 14:30,UP,1.22174,1.223,1.22033,1.22292,0.000564383,0.000497867,0.001493602
5/24/21 17:06,DOWN,1.22289,1.22293,1.22045,1.22096,-9.01E-05,0.000501365,0.001504094
5/25/21 3:20,UP,1.221,1.22303,1.22056,1.22274,0.00017176,0.000438245,0.001314735
5/25/21 6:53,UP,1.22276,1.22535,1.22205,1.22473,0.000775982,0.00048527,0.001455809
5/25/21 15:42,DOWN,1.22475,1.22665,1.22344,1.22371,-0.000637203,0.000430366,0.001291099
5/25/21 18:05,UP,1.22369,1.22499,1.22265,1.22486,0.000538982,0.00045646,0.001369381
5/26/21 7:39,DOWN,1.22484,1.22631,1.22327,1.22406,-0.000408393,0.00045794,0.001373821
5/26/21 11:59,DOWN,1.22409,1.22486,1.2225,1.22254,-0.000703206,0.000507556,0.001522669
5/26/21 15:37,DOWN,1.22257,1.22399,1.22012,1.22029,-0.001400325,0.000642542,0.001927626
5/27/21 1:09,DOWN,1.22029,1.22098,1.21798,1.21798,-0.000960146,0.000620171,0.001860512
5/27/21 7:40,UP,1.21797,1.22084,1.21751,1.22061,0.000672021,0.000577847,0.001733541
5/27/21 8:59,DOWN,1.22064,1.22151,1.21801,1.21824,-0.002041846,0.000738404,0.002215213
5/27/21 13:19,DOWN,1.21827,1.22108,1.21813,1.21821,-0.000615468,0.000656256,0.001968769
5/27/21 14:25,UP,1.21821,1.22117,1.21797,1.22067,0.00066379,0.000659627,0.00197888
5/28/21 1:14,DOWN,1.22065,1.22075,1.21817,1.21823,-0.000541623,0.000609475,0.001828424
5/28/21 8:14,UP,1.21823,1.21982,1.21715,1.21966,0.000738183,0.0005765,0.001729501
5/28/21 10:51,DOWN,1.21965,1.22005,1.21724,1.21728,-0.001018146,0.000598525,0.001795575
5/28/21 12:07,DOWN,1.2173,1.21817,1.21433,1.21435,-0.001596288,0.000696324,0.002088973
5/28/21 14:11,UP,1.21436,1.21718,1.21326,1.21713,0.000821943,0.000674857,0.002024572
5/28/21 16:11,UP,1.21712,1.21993,1.2163,1.21993,0.000295142,0.000651814,0.001955442
5/31/21 15:04,UP,1.21992,1.22298,1.21834,1.22246,0.001506296,0.000588941,0.001766822
6/1/21 12:26,DOWN,1.22249,1.22417,1.22133,1.22206,-0.000114554,0.000511869,0.001535607
6/1/21 14:03,UP,1.22208,1.22529,1.22158,1.22448,0.000955964,0.000530302,0.001590905
6/1/21 17:13,DOWN,1.22446,1.22546,1.22268,1.2228,-0.000776604,0.000517454,0.001552361
6/2/21 7:04,DOWN,1.2228,1.22329,1.22058,1.22106,-0.000458513,0.000516905,0.001550715
6/2/21 8:21,DOWN,1.22109,1.22139,1.21902,1.21909,-0.000680604,0.000526051,0.001578154
6/2/21 11:23,DOWN,1.21909,1.21925,1.21645,1.21676,-0.000755821,0.000540774,0.001622322
6/2/21 13:27,UP,1.21678,1.21919,1.21641,1.21889,0.000213332,0.000561298,0.001683895
6/2/21 15:19,UP,1.21885,1.22161,1.21864,1.22155,0.001138546,0.000607232,0.001821697
6/3/21 6:32,DOWN,1.22154,1.22184,1.21879,1.21882,-0.000729948,0.000532308,0.001596923
6/3/21 10:02,UP,1.21884,1.2205,1.21788,1.22047,0.001279014,0.000585779,0.001757336
6/3/21 12:18,DOWN,1.22043,1.22085,1.21738,1.21822,-0.000320088,0.000556868,0.001670604
6/3/21 13:04,DOWN,1.21818,1.21838,1.21564,1.21594,-0.000682367,0.000622185,0.001866554
6/3/21 14:16,DOWN,1.21597,1.21619,1.21361,1.21365,-0.00037895,0.000595973,0.001787919
6/3/21 16:58,DOWN,1.21363,1.21407,1.21183,1.21187,-0.000363009,0.000562418,0.001687255
6/4/21 6:01,DOWN,1.21188,1.21341,1.21051,1.21081,-0.000627482,0.000530445,0.001591335
6/4/21 12:31,UP,1.21078,1.21463,1.21039,1.21408,0.002218128,0.000699505,0.002098516
6/4/21 13:03,UP,1.21408,1.21747,1.21352,1.21685,0.001101811,0.000723052,0.002169156
6/7/21 6:44,DOWN,1.21688,1.21857,1.21533,1.21545,-0.000345491,0.000539107,0.001617322
6/7/21 13:44,UP,1.2155,1.21771,1.2145,1.21755,0.000928524,0.00054752,0.00164256
6/7/21 15:13,UP,1.21755,1.21975,1.21738,1.21973,0.000746345,0.000559261,0.001677783
6/8/21 3:38,DOWN,1.21975,1.22019,1.2178,1.21806,-0.000361165,0.000479474,0.001438423
6/8/21 14:51,UP,1.21806,1.21907,1.21642,1.2188,0.00059092,0.000447562,0.001342686
6/9/21 9:17,UP,1.21882,1.21931,1.21711,1.21876,0.000180528,0.000367747,0.001103242
6/9/21 13:19,UP,1.21874,1.22081,1.21862,1.22068,0.000999943,0.000407707,0.001223121
6/9/21 14:39,DOWN,1.2207,1.2218,1.21929,1.2194,-0.001057338,0.000470111,0.001410333
6/9/21 19:39,DOWN,1.21941,1.21945,1.21741,1.21761,-0.000295617,0.000489215,0.001467644
6/10/21 7:31,DOWN,1.21759,1.21827,1.21602,1.21617,-0.00049323,0.000450114,0.001350342
6/10/21 12:46,UP,1.21622,1.21916,1.21511,1.218,0.000542019,0.000417337,0.00125201
6/10/21 13:29,DOWN,1.21796,1.21951,1.21433,1.21483,-0.002408956,0.000706997,0.002120992
6/10/21 13:57,UP,1.21483,1.21857,1.21444,1.21832,0.001388119,0.000825174,0.002475523
6/11/21 6:07,UP,1.21831,1.21917,1.2162,1.21899,0.000147674,0.000646564,0.001939692
6/11/21 9:24,DOWN,1.21896,1.21931,1.21596,1.21603,-0.00066588,0.000625551,0.001876652
6/11/21 12:08,DOWN,1.21606,1.21629,1.21274,1.21277,-0.000840696,0.00064785,0.00194355
6/11/21 14:32,DOWN,1.21278,1.21378,1.21071,1.21073,-0.001254654,0.000663188,0.001989563
6/14/21 7:38,UP,1.21072,1.21163,1.20926,1.21159,0.00111486,0.000570683,0.00171205
6/14/21 13:37,UP,1.2116,1.21304,1.21063,1.21286,0.000280368,0.000523431,0.001570293
6/15/21 6:32,UP,1.21289,1.2134,1.21137,1.21328,0.000577115,0.00042047,0.001261411
6/15/21 9:19,DOWN,1.21326,1.21475,1.21206,1.21254,-0.000634829,0.000452114,0.001356341
6/15/21 12:42,DOWN,1.21248,1.21282,1.21057,1.21075,-0.000495438,0.000434898,0.001304693
6/15/21 13:53,UP,1.21077,1.21294,1.21014,1.21291,0.000511298,0.000482659,0.001447976
6/16/21 13:44,DOWN,1.21289,1.21348,1.211,1.21126,-0.000660251,0.000416056,0.001248169
6/16/21 18:03,DOWN,1.21129,1.21271,1.20557,1.2057,-0.004699894,0.001229134,0.003687401
6/16/21 19:35,DOWN,1.20568,1.20659,1.20081,1.20088,-0.001331469,0.00112124,0.003363719
6/17/21 7:10,DOWN,1.20087,1.20203,1.19669,1.19679,-0.001603006,0.000978054,0.002934163
6/17/21 10:35,DOWN,1.19678,1.19691,1.19284,1.19309,-0.001172736,0.000901357,0.002704071
6/17/21 15:46,DOWN,1.19311,1.19512,1.19097,1.19116,-0.000511975,0.000896211,0.002688634
6/18/21 3:45,UP,1.19115,1.19252,1.18918,1.19227,0.000394284,0.000736949,0.002210848
6/18/21 12:23,DOWN,1.19224,1.19245,1.18853,1.18875,-0.001546648,0.000770839,0.002312516
6/18/21 14:02,DOWN,1.18876,1.18945,1.1861,1.18616,-0.000438293,0.000690834,0.002072502
6/18/21 16:15,UP,1.18616,1.18825,1.18473,1.18791,0.000993835,0.000639887,0.001919661
6/21/21 3:19,DOWN,1.18793,1.18844,1.1856,1.18574,-0.00069974,0.000556355,0.001669065
6/21/21 6:28,UP,1.18577,1.18785,1.18477,1.18753,0.000640189,0.000559905,0.001679716
6/21/21 8:35,UP,1.18755,1.1892,1.18512,1.18917,0.000588819,0.000634804,0.001904411
6/21/21 13:55,UP,1.18917,1.19077,1.18848,1.19072,0.0004116,0.00052743,0.001582289
6/22/21 5:30,DOWN,1.19073,1.19214,1.18957,1.18959,-0.001218165,0.000515134,0.001545401
6/22/21 9:53,DOWN,1.18956,1.19115,1.18819,1.18852,-0.000698104,0.000533093,0.00159928
6/22/21 13:23,UP,1.18846,1.19106,1.18809,1.1908,0.001226819,0.000589441,0.001768322
6/22/21 16:39,UP,1.19082,1.19438,1.18962,1.19356,0.002012816,0.000720894,0.002162683
6/23/21 2:41,DOWN,1.19355,1.19528,1.19203,1.19222,-0.000553436,0.000604363,0.00181309
6/23/21 10:28,UP,1.19225,1.19486,1.19115,1.19473,0.000728463,0.000570396,0.001711189
6/23/21 13:47,UP,1.19473,1.19661,1.19389,1.19651,0.000744107,0.000557864,0.001673592
6/23/21 15:40,DOWN,1.19649,1.19701,1.19429,1.19442,-0.000259507,0.000520452,0.001561355
6/23/21 20:08,DOWN,1.19443,1.19509,1.19194,1.19246,-0.000645516,0.000522248,0.001566743
6/24/21 10:32,UP,1.19243,1.1948,1.19176,1.1948,0.000560921,0.000533665,0.001600995
6/24/21 14:42,DOWN,1.19477,1.19564,1.19291,1.19301,-0.001197931,0.000602136,0.001806408
6/25/21 6:35,UP,1.19302,1.19481,1.19201,1.19472,0.000577708,0.000506246,0.001518737
6/25/21 12:36,UP,1.1947,1.19658,1.19375,1.19589,0.000669182,0.000449706,0.001349117
6/25/21 15:14,DOWN,1.19591,1.19754,1.19413,1.19476,-0.000418407,0.000487565,0.001462695
6/25/21 17:42,DOWN,1.19474,1.19474,1.19291,1.193,-0.000385508,0.00049038,0.001471141
6/28/21 7:26,UP,1.19302,1.19446,1.19201,1.19408,0.000268025,0.000512751,0.001538253
6/28/21 11:44,DOWN,1.19408,1.19445,1.19077,1.19103,-0.001744864,0.00068417,0.00205251
6/28/21 14:43,UP,1.19105,1.19336,1.19024,1.1929,0.00026829,0.000588842,0.001766526
6/29/21 3:28,DOWN,1.19294,1.19398,1.19108,1.19131,-0.000201439,0.000506794,0.001520383
6/29/21 10:37,DOWN,1.19133,1.19233,1.18994,1.19027,-0.000478768,0.000457647,0.001372942
6/29/21 12:24,DOWN,1.19029,1.19078,1.18862,1.18865,-0.000159832,0.000543752,0.001631255
6/29/21 15:17,UP,1.18866,1.19085,1.18776,1.19056,0.001327988,0.000601891,0.001805673
6/30/21 8:51,DOWN,1.19058,1.19116,1.1886,1.18881,-0.000117758,0.000475927,0.00142778
6/30/21 13:16,DOWN,1.18879,1.18983,1.18708,1.18726,-0.000370533,0.000427759,0.001283277
6/30/21 15:45,DOWN,1.18727,1.18749,1.1845,1.18467,-0.001071454,0.000561146,0.001683437
7/1/21 5:27,DOWN,1.18469,1.18614,1.18389,1.18395,-0.000953977,0.000547889,0.001643667
7/1/21 10:54,UP,1.18393,1.18611,1.18374,1.18608,0.000489125,0.000514796,0.001544388
7/1/21 12:15,UP,1.18609,1.18843,1.18604,1.18839,0.000934473,0.000566377,0.001699131
7/1/21 14:14,DOWN,1.18837,1.18843,1.1861,1.1861,-0.00083432,0.000564572,0.001693717
7/1/21 19:14,DOWN,1.18602,1.18703,1.18408,1.18436,-0.00043052,0.000557382,0.001672146
7/2/21 9:35,DOWN,1.18444,1.18525,1.18222,1.1827,-0.000228265,0.000459887,0.00137966
7/2/21 12:30,DOWN,1.1827,1.18341,1.18073,1.18073,-0.001244218,0.000545767,0.001637301
7/2/21 12:38,UP,1.18081,1.18576,1.18074,1.1839,0.002681182,0.000843394,0.002530183
7/2/21 18:41,UP,1.18386,1.18743,1.18259,1.18719,0.001146219,0.000899664,0.002698991
7/6/21 6:09,UP,1.18725,1.18946,1.18513,1.18933,0.001657768,0.000672518,0.002017555
7/6/21 8:07,DOWN,1.18934,1.18953,1.18674,1.18679,-0.000715961,0.000654832,0.001964496
7/6/21 9:16,DOWN,1.18674,1.18674,1.18382,1.18391,-0.000776784,0.000725168,0.002175503
7/6/21 15:47,DOWN,1.18387,1.18466,1.18159,1.18183,-0.000296107,0.000640774,0.001922323
7/7/21 12:07,UP,1.18183,1.18347,1.18071,1.18314,0.001040147,0.000481336,0.001444009
7/7/21 13:27,DOWN,1.1831,1.18363,1.18056,1.18113,-0.000253962,0.000503668,0.001511003
7/7/21 14:38,DOWN,1.1811,1.18137,1.17816,1.17878,-0.000381678,0.000539496,0.001618487
7/7/21 18:11,UP,1.17878,1.18209,1.1785,1.18136,0.001253579,0.000607246,0.001821737
7/8/21 0:38,DOWN,1.18135,1.18182,1.17894,1.17916,0,0.000607855,0.001823564
7/8/21 7:56,UP,1.17916,1.18176,1.17835,1.18174,0.001151508,0.000617012,0.001851036
7/8/21 11:02,UP,1.18173,1.18446,1.181,1.18359,0.000574688,0.000546294,0.001638882
7/8/21 13:45,UP,1.18359,1.18647,1.18328,1.18551,0.000101227,0.000504548,0.001513645
7/8/21 15:41,DOWN,1.18548,1.18682,1.18368,1.18409,-0.001384072,0.000566651,0.001699954
7/9/21 6:51,DOWN,1.18409,1.18501,1.18251,1.18296,-0.000177505,0.000433032,0.001299095
7/9/21 10:14,UP,1.18298,1.18594,1.1825,1.18569,0.001088566,0.000526253,0.00157876
7/9/21 19:51,UP,1.1857,1.18789,1.18547,1.18782,0.000800104,0.000491966,0.001475898
7/12/21 7:01,DOWN,1.18783,1.18823,1.1856,1.18606,-0.000606868,0.000482229,0.001446688
7/12/21 10:14,DOWN,1.186,1.188,1.18486,1.18522,-0.001542826,0.000620334,0.001861001
7/12/21 14:33,UP,1.18525,1.18707,1.18362,1.1868,0.000337098,0.000602518,0.001807555
7/13/21 3:39,UP,1.18678,1.18754,1.1851,1.18729,0.000387512,0.000560809,0.001682426
7/13/21 8:00,DOWN,1.18726,1.1873,1.18467,1.185,-0.000598977,0.000606859,0.001820578
7/13/21 12:34,DOWN,1.18496,1.18515,1.18058,1.18132,-0.002418095,0.000791952,0.002375855
7/13/21 14:41,UP,1.18127,1.18337,1.17918,1.1829,0.000465067,0.000783299,0.002349898
7/13/21 17:28,DOWN,1.1829,1.18299,1.17946,1.17971,-0.000991278,0.000773416,0.002320247
7/14/21 10:56,UP,1.1797,1.17999,1.17718,1.17982,0.000364529,0.000621946,0.001865838
7/14/21 13:51,UP,1.17983,1.18281,1.17971,1.18211,0.000313049,0.000585594,0.001756782
7/14/21 21:19,UP,1.18214,1.184,1.18133,1.18365,0.00049013,0.000479883,0.001439648
7/15/21 6:13,UP,1.18363,1.18467,1.18211,1.18418,0.000642,0.00050126,0.001503779
7/15/21 9:10,UP,1.1842,1.18507,1.18257,1.18471,0.000244816,0.00051762,0.001552859
7/15/21 10:48,DOWN,1.18469,1.18487,1.18214,1.18242,-0.000769312,0.000548188,0.001644563
7/15/21 16:34,DOWN,1.18244,1.18244,1.18008,1.18022,-0.000753813,0.000541108,0.001623323
7/16/21 8:07,DOWN,1.18024,1.18172,1.17963,1.17993,-0.000127118,0.000436733,0.0013102
7/16/21 9:15,UP,1.17993,1.18197,1.17993,1.1819,0.000905732,0.000500543,0.00150163
7/16/21 12:07,DOWN,1.18186,1.18223,1.17922,1.17951,-0.000745794,0.000554058,0.001662173
7/16/21 17:43,UP,1.17955,1.18187,1.17941,1.18139,0.000575759,0.000513353,0.001540058
7/19/21 7:19,DOWN,1.1814,1.18159,1.17852,1.17874,-0.000966667,0.000516903,0.001550709
7/19/21 8:56,DOWN,1.17872,1.17881,1.17653,1.17697,-0.000560605,0.00049621,0.001488629
7/19/21 13:04,UP,1.17694,1.17887,1.17637,1.17852,0.000679048,0.000526088,0.001578263
7/19/21 13:36,UP,1.17852,1.18198,1.17838,1.18177,0.001320926,0.00068195,0.00204585
7/19/21 15:31,DOWN,1.18179,1.18247,1.17944,1.17973,-0.000889638,0.000616031,0.001848094
7/20/21 5:47,DOWN,1.17972,1.18069,1.17801,1.1781,-0.000806058,0.000532481,0.001597443
7/20/21 9:39,UP,1.17813,1.18024,1.17721,1.1798,0.000576535,0.000508701,0.001526104
7/20/21 11:29,DOWN,1.17977,1.18026,1.17759,1.17778,-0.000432924,0.000499946,0.001499838
7/20/21 13:27,DOWN,1.17777,1.1793,1.1758,1.17612,-0.001036771,0.000676377,0.002029131
7/20/21 17:45,UP,1.1761,1.1783,1.17556,1.17812,0.000416003,0.000564163,0.001692488
7/21/21 6:17,DOWN,1.17812,1.17862,1.17619,1.17645,-0.000815682,0.000517742,0.001553226
7/21/21 13:52,UP,1.17648,1.17888,1.17518,1.17855,0.001851443,0.000642829,0.001928488
7/22/21 11:50,UP,1.17855,1.18136,1.17792,1.18058,0.00099153,0.000596029,0.001788086
7/22/21 12:19,DOWN,1.18058,1.18063,1.17708,1.17797,-0.000364968,0.000717326,0.002151978
7/22/21 13:09,UP,1.17796,1.18126,1.17768,1.18126,0.001177402,0.000767887,0.00230366
7/22/21 14:19,DOWN,1.18124,1.18305,1.17826,1.17938,-0.001812868,0.000862112,0.002586336
7/22/21 16:49,DOWN,1.17939,1.17983,1.17573,1.17606,-0.00038256,0.000852141,0.002556423
7/26/21 6:11,UP,1.17607,1.17866,1.17545,1.17805,0.000263181,0.000529719,0.001589158
7/26/21 8:29,DOWN,1.17801,1.18003,1.1767,1.17717,-0.000891572,0.00065866,0.001975979
7/26/21 13:45,UP,1.17713,1.18115,1.17707,1.18089,0.001703556,0.000761138,0.002283413
7/27/21 7:13,DOWN,1.18087,1.18174,1.17773,1.17797,-0.001119944,0.000610395,0.001831184
7/27/21 11:38,UP,1.178,1.17959,1.177,1.17956,0.000619066,0.000535588,0.001606764
7/27/21 13:11,UP,1.17961,1.182,1.1795,1.1819,0.000321568,0.00057301,0.001719031
7/27/21 15:18,UP,1.18189,1.18372,1.18005,1.18331,0.000718582,0.000601863,0.001805588
7/28/21 0:42,DOWN,1.18332,1.18412,1.18136,1.18183,4.23E-05,0.000558107,0.001674322
7/28/21 11:10,DOWN,1.18186,1.18304,1.18014,1.18049,-0.000584332,0.000663106,0.001989318
7/28/21 16:00,UP,1.18051,1.18124,1.17831,1.18093,0.00020325,0.000609307,0.00182792
7/28/21 18:07,DOWN,1.18091,1.18182,1.17722,1.17836,-0.001212815,0.000733791,0.002201372
7/28/21 18:43,UP,1.17839,1.18369,1.17784,1.18296,0.002471436,0.001025556,0.003076669
7/29/21 7:15,UP,1.18296,1.18698,1.18249,1.18687,0.001146528,0.000794066,0.002382199
7/29/21 14:47,UP,1.18685,1.18892,1.1862,1.18855,0.000446021,0.000596766,0.001790298
7/30/21 8:24,UP,1.18852,1.18995,1.18751,1.18968,0.000126092,0.000488196,0.001464588
7/30/21 12:52,DOWN,1.18967,1.19087,1.18773,1.18794,-0.000757327,0.000602656,0.001807969
7/30/21 14:56,DOWN,1.18792,1.18866,1.18523,1.18535,-0.000935994,0.000638832,0.001916495
8/2/21 6:33,UP,1.18533,1.18768,1.18516,1.18739,0.000134758,0.000524942,0.001574827
8/2/21 16:24,DOWN,1.18734,1.1897,1.18642,1.18694,-0.000606418,0.000451856,0.001355569
8/3/21 9:19,UP,1.187,1.18856,1.18652,1.18825,0.000151495,0.000347242,0.001041726
8/3/21 13:38,DOWN,1.18826,1.18934,1.18692,1.18705,-0.000959903,0.000402887,0.001208662
8/4/21 7:25,UP,1.18705,1.188,1.18535,1.18743,0.000218984,0.0003483,0.0010449
8/4/21 8:42,DOWN,1.18743,1.18786,1.1842,1.18457,-0.001248619,0.000526308,0.001578924
8/4/21 12:17,UP,1.18459,1.18744,1.18455,1.18701,0.000581462,0.000570598,0.001711794
8/4/21 13:36,UP,1.18705,1.18998,1.1867,1.18984,0.000765101,0.000613973,0.001841919
8/4/21 14:03,DOWN,1.1898,1.18989,1.18629,1.18659,-0.002735197,0.000896227,0.002688682
8/4/21 15:31,DOWN,1.18652,1.18726,1.18327,1.18346,-0.000675756,0.000874193,0.002622579
8/5/21 12:06,UP,1.18347,1.18575,1.18281,1.18552,0.000329024,0.000700987,0.002102962
8/5/21 22:16,DOWN,1.18554,1.18556,1.183,1.18327,-0.000143659,0.000572008,0.001716025
8/6/21 8:39,DOWN,1.18327,1.18346,1.18075,1.18089,-0.001616118,0.000638973,0.001916918
8/6/21 13:01,DOWN,1.18089,1.1814,1.17763,1.17812,-0.000101852,0.000755412,0.002266237
8/6/21 16:39,DOWN,1.17807,1.17884,1.17549,1.17576,-0.000518679,0.000696241,0.002088722
8/9/21 14:58,DOWN,1.17574,1.1769,1.17424,1.17443,-0.000459692,0.000513533,0.0015406
8/10/21 1:49,DOWN,1.17442,1.17536,1.17321,1.17341,-8.52E-06,0.000502469,0.001507406
8/10/21 10:37,DOWN,1.1734,1.17431,1.17162,1.1723,-7.68E-05,0.000503447,0.001510342
8/11/21 7:00,DOWN,1.17229,1.17283,1.17074,1.17091,-0.000256178,0.000417485,0.001252454
8/11/21 12:32,UP,1.1709,1.17381,1.1706,1.17339,0.001518124,0.000524504,0.001573511
8/12/21 12:46,DOWN,1.17339,1.17538,1.17256,1.1731,-0.000545414,0.000474449,0.001423348
8/13/21 8:55,UP,1.17307,1.17428,1.17236,1.17411,0.000434466,0.000394395,0.001183185
8/13/21 11:43,UP,1.1741,1.17632,1.17404,1.1761,0.000918711,0.000446244,0.001338732
8/13/21 14:27,UP,1.17609,1.17916,1.17586,1.17829,0.000704659,0.000450279,0.001350836
8/16/21 2:19,UP,1.17827,1.18048,1.17815,1.17981,0.000356053,0.000424393,0.00127318
8/16/21 9:47,DOWN,1.1798,1.17987,1.17779,1.17816,-0.000475205,0.000405529,0.001216586
8/16/21 12:00,DOWN,1.17817,1.17866,1.17674,1.17685,-0.000586139,0.000437336,0.001312007
8/16/21 15:00,UP,1.17689,1.17907,1.1768,1.17872,0.000534621,0.000403176,0.001209529
8/17/21 2:22,DOWN,1.17874,1.17893,1.17695,1.17723,-0.000203848,0.00036884,0.001106521
8/17/21 8:28,UP,1.17728,1.17848,1.17601,1.17823,0.00091705,0.000421893,0.001265679
8/17/21 11:57,DOWN,1.17822,1.1784,1.17633,1.17637,-0.000348469,0.000464397,0.001393191
8/17/21 12:55,DOWN,1.17643,1.17707,1.1742,1.17422,-0.001174558,0.000524303,0.00157291
8/17/21 14:35,DOWN,1.17424,1.17449,1.17196,1.17215,-0.000682274,0.000525633,0.0015769
8/18/21 7:44,UP,1.17215,1.17297,1.17018,1.17268,0.000665364,0.000455775,0.001367325
8/18/21 11:34,DOWN,1.17267,1.17278,1.1706,1.17099,-0.000512256,0.000423712,0.001271137
8/18/21 15:26,DOWN,1.17101,1.17262,1.16966,1.1697,-0.001196172,0.000535529,0.001606586
8/18/21 18:03,UP,1.16965,1.17242,1.16938,1.17208,0.001596728,0.00064286,0.001928579
8/19/21 0:26,DOWN,1.1721,1.17429,1.16844,1.16855,-0.002512779,0.000805351,0.002416054
8/19/21 8:38,UP,1.16855,1.16974,1.16658,1.16955,0.001077918,0.000674989,0.002024966
8/19/21 18:14,DOWN,1.16956,1.17044,1.16755,1.16758,-0.000684943,0.000586603,0.001759808
8/20/21 16:23,UP,1.16759,1.16991,1.16639,1.16956,0.001214869,0.000524768,0.001574303
8/23/21 2:44,UP,1.16958,1.17184,1.16902,1.17162,0.000819714,0.000527904,0.001583712
8/23/21 8:37,UP,1.17167,1.1731,1.17061,1.17281,0.000281415,0.000513615,0.001540845
8/23/21 13:28,UP,1.17279,1.17403,1.17152,1.17399,0.000724289,0.000547315,0.001641944
8/23/21 19:19,UP,1.17401,1.17503,1.1724,1.17463,0.000187311,0.000515428,0.001546283
8/24/21 9:16,DOWN,1.17466,1.17488,1.17272,1.17298,-0.00023868,0.000410944,0.001232832
8/24/21 13:04,UP,1.17296,1.17551,1.17289,1.17531,0.000800109,0.000432059,0.001296177
8/24/21 14:44,UP,1.17528,1.17654,1.17352,1.17634,0.001105734,0.000582801,0.001748404
8/25/21 0:54,DOWN,1.17636,1.17652,1.17401,1.17415,-0.001191642,0.00059951,0.001798531
8/25/21 9:03,UP,1.17416,1.17596,1.17324,1.17536,9.36E-05,0.000528786,0.001586357
8/25/21 12:44,DOWN,1.17532,1.17556,1.1726,1.17316,-0.000443149,0.000485772,0.001457317
8/25/21 14:10,UP,1.17321,1.17556,1.173,1.17519,0.001115335,0.000574676,0.001724027
8/25/21 18:49,UP,1.17517,1.17745,1.17458,1.17722,0.000526803,0.000556022,0.001668066
8/26/21 12:53,DOWN,1.1772,1.1779,1.17518,1.17557,-0.000586777,0.000480182,0.001440546
8/27/21 1:00,DOWN,1.17558,1.17676,1.17421,1.17459,-0.000791452,0.000463703,0.00139111
8/27/21 5:33,UP,1.17457,1.17645,1.17433,1.17632,0.000399631,0.000469831,0.001409494
8/27/21 13:13,DOWN,1.17634,1.17715,1.17361,1.1737,-0.00187266,0.000604491,0.001813473
8/27/21 13:54,UP,1.17371,1.17726,1.17349,1.17726,0.002662257,0.000863897,0.002591692
8/29/21 21:26,UP,1.1773,1.18024,1.17426,1.17978,0.000245839,0.000695686,0.002087059
8/30/21 13:02,DOWN,1.17979,1.18099,1.17828,1.17855,-0.001288889,0.000609644,0.001828931
8/31/21 1:30,UP,1.17856,1.18052,1.17843,1.18047,0.000618589,0.000507404,0.001522212
8/31/21 5:49,UP,1.18047,1.18265,1.1802,1.18259,0.000744406,0.000546902,0.001640705
8/31/21 11:23,UP,1.18259,1.18451,1.182,1.18394,0.000481559,0.000481696,0.001445088
8/31/21 13:15,DOWN,1.18391,1.18431,1.18172,1.18177,-0.001564224,0.000579728,0.001739185
8/31/21 14:59,DOWN,1.18179,1.1833,1.17993,1.18034,-0.00101614,0.000593415,0.001780246
9/1/21 8:47,UP,1.18035,1.18168,1.17937,1.18159,0.000872087,0.000545217,0.00163565
9/1/21 12:53,UP,1.18157,1.18391,1.18116,1.18369,0.000692989,0.000513678,0.001541033
9/1/21 16:20,UP,1.18371,1.18573,1.1833,1.1855,0.000548442,0.000483699,0.001451097
9/2/21 2:09,DOWN,1.18551,1.18564,1.18367,1.1838,-0.0005236,0.000455338,0.001366014
9/2/21 10:10,UP,1.18382,1.18534,1.18342,1.18532,0.00049788,0.000391624,0.001174873
9/2/21 13:45,UP,1.1853,1.18595,1.18364,1.18591,0.000480759,0.000381363,0.001144088
9/2/21 15:07,UP,1.18595,1.1869,1.18502,1.18673,0.000151689,0.000432884,0.001298651
9/3/21 0:49,UP,1.18673,1.1883,1.18569,1.1881,0.000513557,0.000407446,0.001222338
9/3/21 12:34,UP,1.18812,1.19094,1.18662,1.18954,0.002103864,0.000624923,0.001874768
9/3/21 14:55,DOWN,1.18961,1.1905,1.18655,1.18734,-0.001026979,0.000726078,0.002178233
9/6/21 3:43,DOWN,1.18737,1.18982,1.18649,1.18684,-0.000690672,0.000731988,0.002195963
9/7/21 0:56,UP,1.18681,1.18818,1.18557,1.18804,0.000572535,0.000485082,0.001455246
9/7/21 11:50,DOWN,1.18803,1.18852,1.18596,1.18609,-0.000682683,0.000545807,0.001637422
9/7/21 14:30,DOWN,1.18611,1.18652,1.18384,1.1839,-0.000692386,0.000572936,0.001718809
9/8/21 8:17,DOWN,1.18392,1.18534,1.1825,1.18282,-0.000532484,0.000478319,0.001434956
9/8/21 14:29,DOWN,1.18281,1.18296,1.18088,1.18089,-0.000609524,0.000428529,0.001285587
9/8/21 16:13,UP,1.18088,1.18256,1.18021,1.18249,0.000625994,0.000455533,0.001366599
9/9/21 8:35,UP,1.18248,1.18304,1.18113,1.18291,0.000363576,0.00040054,0.00120162
9/9/21 12:46,DOWN,1.18292,1.18414,1.18125,1.18144,-0.001615366,0.000523192,0.001569575
9/9/21 14:43,DOWN,1.18148,1.18351,1.18052,1.18079,-0.000355631,0.000512781,0.001538342
9/9/21 16:00,UP,1.18078,1.18278,1.18054,1.18268,0.000625893,0.000527612,0.001582835
9/10/21 7:35,UP,1.1827,1.18405,1.18187,1.18395,0.000667481,0.000432695,0.001298086
9/10/21 10:36,DOWN,1.18394,1.18512,1.18302,1.18317,-0.000261974,0.000439214,0.001317641
9/10/21 15:59,DOWN,1.18319,1.18423,1.18184,1.18206,-0.000870981,0.000464953,0.001394859
9/13/21 0:54,DOWN,1.18205,1.18233,1.18047,1.18047,-0.000660536,0.000430396,0.001291188
9/13/21 6:27,DOWN,1.18049,1.18069,1.1785,1.17854,-0.00072945,0.000481607,0.00144482
9/13/21 12:03,DOWN,1.17853,1.1793,1.17701,1.17716,-0.000288789,0.000459658,0.001378973
9/13/21 13:22,UP,1.17718,1.17887,1.17718,1.17885,0.0003224,0.000474832,0.001424495
9/13/21 15:08,UP,1.17886,1.1811,1.17881,1.18081,0.000304922,0.000469159,0.001407478
9/14/21 7:05,UP,1.18081,1.18196,1.18014,1.18196,0.000583947,0.000387599,0.001162797
9/14/21 10:07,DOWN,1.18197,1.18301,1.18072,1.18119,-0.000727814,0.000391988,0.001175963
9/14/21 12:33,UP,1.18118,1.18398,1.18001,1.18378,0.002139509,0.000647976,0.001943929
9/14/21 14:38,DOWN,1.18384,1.18459,1.18156,1.18218,-9.30E-05,0.000578344,0.001735032
9/14/21 19:20,DOWN,1.1822,1.18278,1.18038,1.18038,-0.000618254,0.000576834,0.001730501
9/15/21 8:07,UP,1.1804,1.18187,1.17992,1.18187,0.000389289,0.000459376,0.001378127
9/15/21 13:00,DOWN,1.18185,1.18319,1.18074,1.18115,-0.000981612,0.000504606,0.001513818
9/16/21 5:35,DOWN,1.18113,1.18227,1.18033,1.18072,-0.000347185,0.000388379,0.001165137
9/16/21 7:24,DOWN,1.18069,1.18073,1.17861,1.17901,-0.000262898,0.000413701,0.001241104
9/16/21 9:07,DOWN,1.17902,1.1793,1.17715,1.1773,-0.000246296,0.000405226,0.001215679
9/16/21 12:38,DOWN,1.17727,1.17745,1.17549,1.17559,-0.000365707,0.000383603,0.001150809
9/16/21 21:06,UP,1.17557,1.17715,1.17503,1.17662,0.000178493,0.000328062,0.000984187
9/17/21 6:35,UP,1.17662,1.17748,1.17587,1.17723,0.000348336,0.000339058,0.001017175
9/17/21 13:29,DOWN,1.17723,1.17891,1.17563,1.17566,-0.001275066,0.000449497,0.001348491
9/17/21 15:02,DOWN,1.17568,1.17636,1.17343,1.17376,-0.00046847,0.000459917,0.00137975
9/20/21 1:15,DOWN,1.17375,1.17407,1.17209,1.17213,-0.000486176,0.000407015,0.001221045
9/20/21 9:12,DOWN,1.17214,1.17218,1.17052,1.17078,-0.000401361,0.000368797,0.00110639
9/20/21 13:48,UP,1.17079,1.17186,1.17002,1.17178,0.000213373,0.000424736,0.001274208
9/20/21 15:18,UP,1.17178,1.17369,1.17128,1.17344,0.000699044,0.000431502,0.001294507
9/21/21 6:19,UP,1.17345,1.17402,1.17221,1.17364,0.000178947,0.000350969,0.001052906
9/21/21 10:19,UP,1.17363,1.17391,1.17184,1.17384,0.000553892,0.000341122,0.001023367
9/21/21 12:11,UP,1.17383,1.17487,1.17321,1.17476,0.00038313,0.000384573,0.001153719
9/21/21 13:24,DOWN,1.17476,1.17478,1.17316,1.17323,-0.000715716,0.000424506,0.001273518
9/21/21 15:26,DOWN,1.17325,1.17353,1.17169,1.17171,-0.000529001,0.000405351,0.001216053
9/22/21 7:37,UP,1.1717,1.17377,1.17149,1.17363,0.000434644,0.000416085,0.001248254
9/22/21 18:04,UP,1.17364,1.17468,1.17048,1.17466,0.001499429,0.000549563,0.001648688
9/22/21 18:39,DOWN,1.17469,1.17558,1.17186,1.17206,-0.002488242,0.00080573,0.002417189
9/22/21 19:05,DOWN,1.17205,1.17264,1.16846,1.16908,-0.000581485,0.000807937,0.002423812
9/23/21 6:31,UP,1.16905,1.1716,1.16835,1.17157,0.000469566,0.00071013,0.002130391
9/23/21 13:57,UP,1.17158,1.174,1.17059,1.17383,0.000656188,0.000592925,0.001778776
9/24/21 10:41,DOWN,1.17384,1.17502,1.17305,1.17308,-0.000349446,0.000422039,0.001266118
9/24/21 12:43,DOWN,1.17309,1.17371,1.17101,1.17114,-0.000631663,0.000442853,0.001328558
9/24/21 16:37,UP,1.17115,1.17254,1.17007,1.17204,0.000529132,0.000447593,0.001342778
9/27/21 7:02,DOWN,1.17204,1.17288,1.17055,1.17076,-0.000520893,0.000409486,0.001228457
9/27/21 8:20,DOWN,1.17077,1.17147,1.1692,1.1694,-0.000367642,0.000494346,0.001483037
9/27/21 11:12,UP,1.1694,1.1709,1.16846,1.17072,0.000538275,0.000457967,0.0013739
9/28/21 1:06,DOWN,1.17073,1.17107,1.16861,1.16862,-0.000744191,0.000461991,0.001385973
9/28/21 7:00,DOWN,1.16861,1.17035,1.16743,1.16781,-0.000410941,0.000487433,0.001462298
9/28/21 14:30,UP,1.16781,1.17013,1.16717,1.16932,0.000667277,0.000515802,0.001547406
9/28/21 15:02,DOWN,1.1693,1.16974,1.16682,1.1673,-0.000856311,0.000538741,0.001616224
9/29/21 5:38,UP,1.16727,1.16903,1.16688,1.16869,0.000290966,0.000442793,0.00132838
9/29/21 7:18,DOWN,1.16869,1.16881,1.16565,1.16591,-0.001516976,0.000555777,0.00166733
9/29/21 11:23,DOWN,1.16592,1.16729,1.16401,1.1643,-0.001390427,0.000590051,0.001770153
9/29/21 13:43,DOWN,1.16429,1.16588,1.1632,1.16345,-0.000687374,0.000556949,0.001670848
9/29/21 14:48,DOWN,1.16344,1.16453,1.16112,1.16146,-0.000284085,0.00058064,0.001741919
9/29/21 18:05,DOWN,1.16147,1.16212,1.15896,1.1591,-0.000896846,0.000596633,0.001789899
9/30/21 10:35,DOWN,1.15911,1.16098,1.15688,1.15694,-0.002106791,0.00075095,0.002252849
9/30/21 13:46,UP,1.15697,1.15983,1.15679,1.15919,0.000267464,0.000628771,0.001886312
9/30/21 15:49,DOWN,1.15921,1.15982,1.15707,1.15709,-0.001321409,0.000673667,0.002021
10/1/21 7:14,UP,1.15707,1.15913,1.15625,1.15855,0.000207177,0.000565513,0.001696539
10/1/21 11:28,UP,1.15853,1.15971,1.15728,1.15952,0.001087247,0.000542733,0.0016282
10/4/21 0:03,UP,1.15954,1.16112,1.15837,1.16068,0.000120626,0.000451619,0.001354858
10/4/21 8:18,UP,1.16065,1.1616,1.15876,1.16115,0.00080987,0.000463184,0.001389553
10/4/21 12:10,UP,1.16113,1.16358,1.16056,1.16351,0.000653409,0.000501782,0.001505347
10/4/21 15:30,DOWN,1.1635,1.16402,1.16154,1.16174,-0.000783001,0.000487483,0.001462448
10/5/21 1:39,DOWN,1.16174,1.1628,1.16042,1.16056,-0.000671864,0.000448888,0.001346665
10/5/21 13:20,DOWN,1.16056,1.1608,1.1586,1.15905,-0.000957223,0.000424946,0.001274838
10/5/21 15:28,UP,1.15905,1.16132,1.15805,1.16125,0.001516758,0.000575359,0.001726076
10/6/21 0:31,DOWN,1.16124,1.16125,1.1592,1.15944,-0.000301824,0.000518012,0.001554035
10/6/21 7:15,DOWN,1.15948,1.15969,1.15695,1.1574,-0.000431909,0.000470346,0.001411038
10/6/21 8:56,DOWN,1.15737,1.15767,1.15513,1.15526,-0.000441362,0.000515175,0.001545526
10/6/21 15:34,DOWN,1.15527,1.15556,1.15291,1.15338,-0.000346747,0.000502996,0.001508987
10/6/21 19:16,UP,1.15338,1.15576,1.15336,1.15551,0.00033757,0.000526888,0.001580665
10/7/21 11:29,UP,1.15552,1.15713,1.15489,1.15678,0.000847538,0.000490226,0.001470677
10/7/21 13:26,DOWN,1.1568,1.15722,1.15486,1.15486,-0.00037227,0.000483583,0.001450749
10/8/21 6:16,DOWN,1.15488,1.1569,1.15414,1.15462,-0.000294426,0.000496609,0.001489828
10/8/21 9:41,UP,1.15464,1.1568,1.15434,1.15678,0.001167714,0.000537486,0.001612457
10/8/21 12:42,UP,1.15678,1.15864,1.15558,1.15773,0.000673959,0.000576378,0.001729134
10/11/21 6:34,UP,1.15767,1.15849,1.15556,1.15841,0.00096731,0.000591141,0.001773424
10/11/21 9:25,DOWN,1.15842,1.15868,1.15557,1.15577,-0.001141444,0.00059447,0.001783409
10/11/21 13:47,UP,1.15575,1.15801,1.15523,1.15794,0.001123314,0.000584938,0.001754813
10/11/21 18:57,DOWN,1.15795,1.15838,1.15556,1.15599,-2.60E-05,0.000569529,0.001708588
10/12/21 12:42,DOWN,1.156,1.15704,1.15333,1.15356,-0.001420676,0.000566024,0.001698071
10/12/21 17:57,DOWN,1.15358,1.15502,1.15241,1.15255,-0.000199538,0.000503603,0.001510808
10/13/21 1:08,UP,1.15252,1.15441,1.15248,1.15441,0.001005347,0.000520415,0.001561246
10/13/21 10:36,UP,1.15442,1.15669,1.15437,1.15636,0.000519004,0.000503477,0.001510431
10/13/21 12:44,DOWN,1.15635,1.15652,1.15362,1.15442,-0.000415707,0.000565603,0.001696809
10/13/21 13:34,UP,1.15443,1.15707,1.15379,1.1564,0.001419201,0.000640225,0.001920675
10/13/21 17:32,UP,1.15635,1.15897,1.1557,1.15881,0.00104472,0.00058427,0.00175281
10/14/21 7:26,UP,1.1588,1.16117,1.15808,1.16115,0.001154695,0.000544826,0.001634478
10/14/21 12:24,DOWN,1.16117,1.16245,1.15979,1.16027,-0.000456686,0.000572659,0.001717978
10/15/21 3:00,UP,1.16029,1.16094,1.1584,1.16085,0.000637667,0.00059834,0.001795019
10/15/21 13:01,DOWN,1.16087,1.16188,1.15888,1.15939,-0.000405303,0.000483162,0.001449487
10/18/21 3:47,DOWN,1.15941,1.16103,1.15817,1.15825,-0.000957883,0.000533085,0.001599254
10/18/21 8:05,UP,1.15826,1.15962,1.15717,1.15961,0.001035366,0.000548627,0.001645881
10/18/21 12:17,UP,1.15961,1.16056,1.15766,1.16027,0.000594866,0.000555984,0.001667953
10/19/21 0:56,UP,1.16028,1.16229,1.15924,1.16219,0.000748867,0.000530826,0.001592477
10/19/21 3:47,UP,1.16222,1.16461,1.16215,1.16456,0.000936414,0.000586739,0.001760218
10/19/21 10:01,UP,1.16458,1.16695,1.16439,1.16657,0.0009348,0.000521775,0.001565324
10/19/21 13:15,DOWN,1.16656,1.16679,1.16437,1.16449,-0.000386361,0.00047331,0.001419931
10/19/21 16:18,DOWN,1.1645,1.16587,1.16302,1.16322,-0.000532861,0.000581644,0.001744933
10/20/21 7:56,DOWN,1.16321,1.16523,1.16168,1.16249,-0.000576183,0.000561781,0.001685343
10/20/21 13:44,UP,1.16248,1.16467,1.16212,1.1644,0.000420906,0.000554119,0.001662357
10/21/21 2:52,UP,1.16439,1.16665,1.16393,1.16641,0.000411604,0.000487145,0.001461436
10/21/21 7:10,DOWN,1.16638,1.16674,1.16388,1.16391,-0.001219282,0.000543666,0.001630999
10/21/21 18:01,DOWN,1.16389,1.16518,1.16258,1.16258,-0.000541751,0.000489176,0.001467527
10/22/21 7:32,UP,1.1626,1.16426,1.16195,1.1642,0.000386606,0.000429496,0.001288487
10/22/21 12:11,DOWN,1.16423,1.16467,1.16277,1.16295,-0.000807963,0.000424493,0.001273479
10/22/21 14:00,UP,1.16292,1.16475,1.16246,1.1645,0.000481009,0.000411467,0.001234402
10/22/21 15:47,DOWN,1.1645,1.16558,1.16255,1.16307,-0.000352453,0.000445649,0.001336948
10/22/21 19:41,UP,1.16307,1.1642,1.16219,1.16417,0.000592873,0.000457993,0.001373979
10/25/21 3:39,UP,1.16416,1.16637,1.16357,1.1662,0.001415854,0.000532243,0.001596728
10/25/21 9:18,DOWN,1.16617,1.16652,1.16383,1.16384,-0.000790174,0.000617276,0.001851827
10/25/21 11:58,DOWN,1.16384,1.16386,1.16033,1.1608,-0.00092996,0.000637965,0.001913895
10/25/21 18:37,UP,1.16081,1.16171,1.15907,1.16148,0.000671783,0.000581786,0.001745357
10/26/21 10:44,UP,1.16148,1.16196,1.1594,1.16191,0.000215186,0.00047776,0.00143328
10/26/21 14:35,DOWN,1.16192,1.16259,1.16017,1.16029,-0.000292987,0.00045456,0.001363679
10/27/21 3:27,UP,1.16027,1.16047,1.15849,1.16033,0.000370653,0.000415857,0.001247571
10/27/21 8:39,DOWN,1.16036,1.16133,1.1592,1.15955,-0.000844799,0.000435636,0.001306907
10/27/21 12:02,UP,1.15954,1.16078,1.15849,1.16045,0.000224076,0.000462146,0.001386438
10/27/21 15:03,DOWN,1.16044,1.16262,1.15947,1.15981,-0.00113747,0.000582645,0.001747934
10/28/21 8:08,UP,1.15983,1.16163,1.1588,1.16128,7.75E-05,0.000571714,0.001715141
10/28/21 8:59,DOWN,1.16129,1.16145,1.1583,1.15899,-0.000690018,0.000640583,0.001921748
10/28/21 11:27,UP,1.159,1.16087,1.15823,1.16076,0.000344661,0.000638343,0.00191503
10/28/21 12:29,DOWN,1.16078,1.16179,1.15823,1.15863,-0.000681607,0.000701782,0.002105346
10/28/21 12:48,UP,1.15867,1.16362,1.15852,1.16229,0.002084267,0.000871982,0.002615945
10/28/21 14:01,UP,1.16229,1.16609,1.16161,1.16589,0.001270223,0.000896402,0.002689205
10/28/21 15:46,UP,1.16591,1.16903,1.16576,1.16896,0.000590443,0.000818872,0.002456617
10/29/21 6:08,DOWN,1.16897,1.16922,1.16637,1.16681,-0.000119978,0.000609143,0.001827428
10/29/21 9:51,DOWN,1.16678,1.16759,1.1645,1.16496,-8.58E-05,0.000613422,0.001840267
10/29/21 12:52,DOWN,1.16496,1.16568,1.16211,1.16221,-0.001264032,0.000628853,0.001886559
10/29/21 14:30,DOWN,1.16219,1.16358,1.15941,1.15942,-0.001318755,0.000755671,0.002267014
10/29/21 15:27,DOWN,1.15942,1.15993,1.15584,1.15588,-0.001227747,0.000836102,0.002508306
11/1/21 8:06,UP,1.15588,1.15689,1.15351,1.15654,0.00070061,0.000607841,0.001823523
11/1/21 15:18,UP,1.15654,1.15848,1.15598,1.15842,0.000328087,0.000517726,0.001553177
11/1/21 18:56,UP,1.15843,1.16089,1.15838,1.16056,0.000517125,0.000505064,0.001515193
11/2/21 7:50,UP,1.16056,1.16128,1.15951,1.16123,0.000180859,0.00042575,0.001277251
11/2/21 9:06,DOWN,1.16125,1.16136,1.1586,1.15898,-0.000879697,0.000546694,0.001640083
11/2/21 14:23,DOWN,1.15899,1.16079,1.15821,1.15848,-0.000560923,0.000499295,0.001497886
11/2/21 18:26,DOWN,1.15849,1.15995,1.15752,1.15783,-0.000233168,0.000483176,0.001449528
11/3/21 10:00,UP,1.15784,1.15981,1.15749,1.15926,0.000465923,0.000427711,0.001283132
11/3/21 13:18,DOWN,1.15926,1.15931,1.15729,1.15733,-0.000794617,0.000427198,0.001281595
11/3/21 15:48,UP,1.1573,1.15861,1.15623,1.15831,0.000716818,0.000455171,0.001365514
11/3/21 18:49,UP,1.15832,1.16101,1.15719,1.16051,0.001940685,0.000670172,0.002010516
11/4/21 6:00,DOWN,1.16055,1.1617,1.15853,1.15881,-0.000595261,0.000676131,0.002028392
11/4/21 8:13,DOWN,1.15877,1.1588,1.15495,1.15546,-0.001643016,0.000764897,0.002294692
11/4/21 13:19,UP,1.15541,1.15732,1.15425,1.15671,0.000432354,0.000613587,0.001840762
11/4/21 14:46,DOWN,1.15672,1.15673,1.15397,1.15433,-0.000675488,0.000643917,0.00193175
11/4/21 18:32,UP,1.15435,1.15562,1.15283,1.15543,0.000631999,0.00064672,0.001940159
11/5/21 10:02,DOWN,1.15545,1.15632,1.15388,1.15389,-0.00042456,0.000502506,0.001507517
11/5/21 13:06,DOWN,1.15388,1.15409,1.15133,1.15192,-0.000520734,0.000485091,0.001455274
11/5/21 15:40,UP,1.15191,1.15548,1.15149,1.15548,0.00176706,0.000678539,0.002035616
11/8/21 12:28,UP,1.1555,1.15763,1.15472,1.15751,0.00094212,0.000686559,0.002059678
11/8/21 16:47,UP,1.15745,1.15949,1.15641,1.15942,0.000474488,0.000674589,0.002023767
11/9/21 5:48,UP,1.15941,1.16066,1.15771,1.16061,0.0010776,0.000614845,0.001844534
11/9/21 11:39,DOWN,1.1606,1.16065,1.15802,1.15865,-0.000448697,0.000551477,0.00165443
11/9/21 14:05,UP,1.15864,1.16,1.15699,1.15997,0.001509799,0.000659175,0.001977524
11/9/21 15:39,DOWN,1.15997,1.1609,1.15768,1.15788,-0.000181349,0.000749045,0.002247135
11/10/21 7:31,DOWN,1.15789,1.15987,1.15663,1.15668,-0.001192359,0.00063481,0.001904429
11/10/21 11:44,DOWN,1.15667,1.15823,1.1551,1.15519,-0.001263063,0.000732413,0.00219724
11/10/21 14:31,UP,1.1552,1.15691,1.15333,1.15663,0.000268056,0.000749799,0.002249398
11/10/21 15:33,DOWN,1.15665,1.15744,1.1518,1.15214,-0.001985633,0.000876107,0.002628321
11/10/21 18:12,DOWN,1.15216,1.15348,1.14818,1.14929,-0.001625769,0.00084626,0.00253878
11/11/21 7:59,DOWN,1.14929,1.15001,1.14605,1.1462,-0.001394944,0.000702705,0.002108116
11/11/21 18:22,DOWN,1.14618,1.14772,1.14463,1.1448,-0.001335586,0.00067027,0.00201081
11/15/21 2:19,UP,1.14479,1.14641,1.1433,1.1457,0.00099552,0.000554205,0.001662614
11/15/21 14:02,DOWN,1.14564,1.14632,1.14368,1.14412,-0.000515547,0.000446635,0.001339904
11/15/21 15:40,DOWN,1.14414,1.14454,1.14205,1.14217,-0.001530999,0.000551581,0.001654744
11/15/21 17:31,DOWN,1.14214,1.14269,1.13802,1.13887,-0.00208761,0.00075434,0.002263019
11/16/21 9:46,DOWN,1.13887,1.13911,1.13563,1.13643,-0.00051024,0.000654892,0.001964675
11/16/21 14:14,DOWN,1.1364,1.1375,1.13297,1.13348,-0.002220774,0.000826093,0.00247828
11/16/21 18:01,DOWN,1.13349,1.13558,1.13195,1.13274,-0.0001942,0.000728932,0.002186797
11/17/21 3:51,DOWN,1.13271,1.13345,1.12634,1.12907,-0.001875891,0.000771841,0.002315523
11/17/21 8:29,UP,1.12905,1.13195,1.12861,1.13194,0.001157975,0.000748699,0.002246097
11/17/21 14:08,DOWN,1.13195,1.13324,1.12977,1.13011,-0.000857955,0.000738819,0.002216456
11/17/21 20:54,UP,1.13011,1.13267,1.12932,1.13204,0.000530157,0.000757207,0.002271622
11/18/21 11:29,UP,1.13202,1.13461,1.13137,1.13458,0.000881772,0.000674591,0.002023774
11/18/21 17:38,UP,1.13455,1.1374,1.13269,1.13719,0.00138155,0.000767562,0.002302686
11/19/21 8:06,DOWN,1.13717,1.13743,1.13395,1.1342,-0.001268812,0.000704583,0.00211375
11/19/21 9:05,DOWN,1.13419,1.13433,1.13143,1.1315,-0.001624839,0.000793416,0.002380249
11/19/21 12:50,DOWN,1.13147,1.13219,1.12789,1.12794,-0.001346682,0.000820526,0.002461578
11/19/21 14:03,UP,1.12792,1.12943,1.12498,1.12917,0.000522644,0.000984942,0.002954826
11/21/21 23:14,DOWN,1.12919,1.13222,1.12798,1.12799,-0.000983567,0.000887128,0.002661383
11/22/21 14:14,DOWN,1.12806,1.12905,1.12498,1.12584,-0.001269357,0.000763333,0.002289998
11/22/21 20:03,DOWN,1.12586,1.12666,1.12309,1.1233,-0.000703038,0.000801256,0.002403768
11/23/21 8:58,UP,1.12327,1.12692,1.12259,1.12634,0.000293027,0.00079188,0.002375639
11/23/21 12:45,DOWN,1.12637,1.12751,1.12362,1.12362,-0.000969609,0.000743205,0.002229615
11/23/21 15:57,UP,1.12365,1.12653,1.12343,1.12643,0.001279193,0.000728994,0.002186982
11/24/21 0:57,DOWN,1.12641,1.12716,1.12407,1.12428,-0.000613538,0.00061488,0.00184464
11/24/21 9:51,DOWN,1.12431,1.12553,1.12053,1.12056,-0.002353194,0.000761202,0.002283606
11/24/21 14:32,DOWN,1.12057,1.12202,1.11862,1.11945,-0.000196506,0.000665326,0.001995978
11/25/21 4:21,UP,1.11948,1.12184,1.11874,1.12131,0.000526309,0.000522112,0.001566335
11/25/21 15:47,DOWN,1.12133,1.12301,1.12079,1.12079,-0.000651114,0.000458952,0.001376857
11/26/21 3:06,UP,1.12079,1.12274,1.12047,1.12247,0.00098938,0.000462416,0.001387247
11/26/21 7:20,UP,1.12249,1.12446,1.12175,1.12375,0.000658726,0.000468506,0.001405518
11/26/21 8:25,UP,1.12379,1.12711,1.12287,1.12621,0.002382499,0.000728915,0.002186746
11/26/21 11:08,UP,1.12624,1.129,1.12421,1.12858,0.00064704,0.00086406,0.002592181
11/26/21 15:27,UP,1.1286,1.13028,1.12739,1.13022,0.000522159,0.000769943,0.002309828
11/28/21 23:32,DOWN,1.13023,1.13331,1.12804,1.12895,-0.001460468,0.000797633,0.002392899
11/29/21 7:11,DOWN,1.12897,1.12972,1.12634,1.12664,-0.001481186,0.000739003,0.002217008
11/29/21 9:22,UP,1.12664,1.12886,1.12601,1.12867,0.000930731,0.00071147,0.002134411
11/29/21 13:52,DOWN,1.12868,1.1295,1.12693,1.12705,-0.000594296,0.000635094,0.001905281
11/29/21 22:19,UP,1.12702,1.12943,1.12584,1.1288,0.000717834,0.000610969,0.001832908
11/30/21 5:32,UP,1.12865,1.13131,1.12847,1.13107,0.000742936,0.000588286,0.001764859
11/30/21 8:02,UP,1.13104,1.13378,1.13074,1.13369,0.001368152,0.000686127,0.002058382
11/30/21 9:29,UP,1.13371,1.13666,1.13283,1.13636,0.000942047,0.000706037,0.00211811
11/30/21 14:46,UP,1.13636,1.13823,1.13412,1.13811,0.001222069,0.000698583,0.002095748
11/30/21 15:35,DOWN,1.13811,1.1383,1.13544,1.1355,-0.001284951,0.000736007,0.00220802
11/30/21 15:51,DOWN,1.13548,1.13558,1.1288,1.12972,-0.003287442,0.001145884,0.003437653
11/30/21 17:46,UP,1.12972,1.13097,1.12354,1.13057,0.001274506,0.001221283,0.003663848
11/30/21 21:03,UP,1.13061,1.13454,1.13048,1.13438,0.001137832,0.001117754,0.003353261
12/1/21 8:51,DOWN,1.13436,1.13599,1.13025,1.13071,-0.00114906,0.001100274,0.003300821
12/1/21 14:33,UP,1.13073,1.13468,1.13064,1.13459,0.000555421,0.000960717,0.002882151
12/1/21 17:36,DOWN,1.13461,1.13581,1.13153,1.13187,-0.000459311,0.000808136,0.002424408
12/2/21 11:05,UP,1.1319,1.13393,1.13071,1.13371,0.000864792,0.000704521,0.002113563
12/2/21 15:42,DOWN,1.13374,1.13478,1.13202,1.13204,-0.001368273,0.000685772,0.002057316
12/2/21 20:00,DOWN,1.13203,1.13256,1.12954,1.12967,-0.000601765,0.000651015,0.001953045
12/3/21 6:55,DOWN,1.12969,1.13078,1.12849,1.12851,-0.001036228,0.0006311,0.0018933
12/3/21 11:03,UP,1.12851,1.13146,1.12816,1.13133,0.00097278,0.000668008,0.002004024
12/3/21 15:11,DOWN,1.13131,1.13341,1.12792,1.12813,-0.001089706,0.000849147,0.00254744
12/3/21 16:43,UP,1.12815,1.13046,1.12666,1.13029,0.001274822,0.000882885,0.002648656
12/6/21 1:28,DOWN,1.13029,1.13274,1.12882,1.12909,-0.000876428,0.000804249,0.002412746
12/6/21 15:53,DOWN,1.12908,1.13103,1.1267,1.12682,-0.001915064,0.000865597,0.002596791
12/7/21 9:10,DOWN,1.12681,1.12987,1.12541,1.12572,-0.002723432,0.000913496,0.002740489
12/7/21 13:43,DOWN,1.12566,1.12786,1.12273,1.12318,-0.002045663,0.000931941,0.002795824
12/7/21 20:44,UP,1.12322,1.12654,1.12319,1.12649,0.000541652,0.000813819,0.002441458
12/8/21 10:35,UP,1.12644,1.12988,1.12637,1.12982,0.001106983,0.000717385,0.002152156
12/8/21 11:47,DOWN,1.12986,1.13004,1.12685,1.127,-0.001533872,0.000805263,0.002415789
12/8/21 13:20,UP,1.1269,1.13043,1.12665,1.13017,0.001168648,0.000804462,0.002413385
12/8/21 15:35,UP,1.13017,1.13324,1.12975,1.13294,0.001386736,0.00080324,0.002409719
12/9/21 7:19,DOWN,1.13292,1.1355,1.13195,1.13238,-0.000591499,0.000704199,0.002112596
12/9/21 15:18,DOWN,1.13231,1.13301,1.12922,1.12935,-0.000946999,0.000641071,0.001923213
12/10/21 5:34,UP,1.12936,1.13017,1.12784,1.13004,0.000177001,0.000575695,0.001727084
12/10/21 10:28,DOWN,1.13002,1.13031,1.12741,1.12747,-0.001072624,0.00057702,0.001731059
12/10/21 14:01,UP,1.1275,1.13099,1.12652,1.12949,0.001036403,0.00058864,0.001765919
12/10/21 15:51,UP,1.1295,1.13071,1.127,1.1302,0.000185825,0.000666542,0.001999626
12/13/21 4:16,DOWN,1.13019,1.13242,1.12937,1.12989,-0.000601647,0.000623845,0.001871534
12/13/21 9:17,DOWN,1.12987,1.13001,1.127,1.1272,-0.001462734,0.000697744,0.002093232
12/13/21 14:24,UP,1.1273,1.12979,1.12601,1.12908,0.000540409,0.0006925,0.002077501
12/14/21 4:22,DOWN,1.12908,1.13073,1.12713,1.1274,-0.000478864,0.000611663,0.001834989
12/14/21 9:56,UP,1.12743,1.13033,1.12663,1.13029,0.001452009,0.000713839,0.002141518
12/14/21 15:44,DOWN,1.13028,1.13239,1.12787,1.12802,-0.001797996,0.000747094,0.002241282
12/14/21 21:30,DOWN,1.12801,1.12803,1.12537,1.12557,-0.000319787,0.000722735,0.002168204
12/15/21 19:07,DOWN,1.12555,1.12774,1.12216,1.12377,-0.001893612,0.00071026,0.002130779
12/15/21 19:54,UP,1.12379,1.12703,1.12243,1.12672,0.001581056,0.000851195,0.002553586
12/16/21 7:12,UP,1.12668,1.12992,1.12634,1.12964,0.00085905,0.000777299,0.002331896
12/16/21 13:24,UP,1.12963,1.13457,1.12904,1.13457,0.001773167,0.001022638,0.003067913
12/16/21 15:42,DOWN,1.13458,1.13605,1.12986,1.13025,-0.002430135,0.001101634,0.003304901
12/17/21 5:24,UP,1.13027,1.13417,1.12984,1.13406,0.001350046,0.000938605,0.002815814
12/17/21 14:24,DOWN,1.13405,1.13491,1.13044,1.13071,-0.000998873,0.000804577,0.002413732
12/17/21 16:07,DOWN,1.13069,1.1309,1.12703,1.12731,-0.001001884,0.000875521,0.002626563
12/17/21 20:59,DOWN,1.12729,1.12794,1.12378,1.12381,-0.001253874,0.000886251,0.002658753
12/20/21 8:45,UP,1.12384,1.12668,1.12348,1.12655,0.000683736,0.000788337,0.002365011
12/20/21 13:50,UP,1.12655,1.1297,1.12495,1.1296,0.002197881,0.000880847,0.002642541
12/20/21 20:42,DOWN,1.1296,1.13039,1.12719,1.12745,-0.000975177,0.00079265,0.002377949
12/21/21 8:55,UP,1.12744,1.13028,1.12729,1.13,0.000265522,0.000718543,0.002155628
12/21/21 15:26,DOWN,1.13002,1.1303,1.12619,1.12706,-0.000514481,0.000693626,0.002080879
12/22/21 7:16,DOWN,1.12705,1.12942,1.12608,1.1267,-0.000408189,0.000600586,0.001801758
12/22/21 10:33,UP,1.12671,1.12983,1.12644,1.12928,0.001142974,0.000642609,0.001927827
12/22/21 14:02,UP,1.12925,1.13153,1.12918,1.13144,0.000910759,0.000616597,0.001849791
12/22/21 16:30,UP,1.13144,1.13424,1.13052,1.13312,0.000609124,0.000621645,0.001864935
12/23/21 8:57,DOWN,1.13313,1.13424,1.13119,1.13128,-0.001148481,0.000677925,0.002033775
12/23/21 14:00,DOWN,1.1313,1.13306,1.12977,1.1302,-0.000539582,0.000648613,0.00194584
12/23/21 15:21,UP,1.13017,1.13268,1.12901,1.13266,0.002218481,0.00080892,0.002426759
12/24/21 8:59,UP,1.13264,1.13413,1.13058,1.13372,0.000661758,0.000741694,0.002225081
12/24/21 16:27,DOWN,1.13375,1.13437,1.13058,1.13105,-0.000680552,0.000668154,0.002004462
12/28/21 0:50,UP,1.13117,1.13353,1.12986,1.13292,0.000150066,0.000548432,0.001645296
12/28/21 14:49,DOWN,1.13292,1.13334,1.13006,1.13006,-0.001556228,0.000646344,0.001939033
12/28/21 22:29,UP,1.13006,1.1321,1.12894,1.13168,0.000671794,0.000647994,0.001943981
12/29/21 8:13,DOWN,1.13088,1.13168,1.12936,1.12936,-0.000584231,0.000618586,0.001855758
12/29/21 11:39,UP,1.12936,1.13029,1.12737,1.13013,0.001505384,0.000710577,0.002131731
12/29/21 14:27,UP,1.13013,1.13294,1.12918,1.13274,0.000821355,0.000726796,0.002180387
12/29/21 15:07,UP,1.13274,1.13575,1.13268,1.13547,0.001039758,0.000798168,0.002394503
12/30/21 5:41,DOWN,1.13548,1.13689,1.13245,1.13263,-0.001244116,0.00076318,0.002289539
12/30/21 12:39,UP,1.1326,1.13361,1.12998,1.13361,0.000979652,0.00073863,0.002215889
12/30/21 14:00,DOWN,1.13361,1.13445,1.13008,1.13015,-0.002756892,0.000954927,0.002864782
12/30/21 15:14,UP,1.13012,1.13402,1.12985,1.13372,0.000979557,0.000986493,0.002959479
12/31/21 14:54,UP,1.1337,1.13536,1.13031,1.1348,0.000520051,0.000993388,0.002980163
12/31/21 17:16,UP,1.13478,1.13809,1.13381,1.13806,0.000395488,0.000902523,0.00270757
1/3/22 2:58,DOWN,1.13804,1.13866,1.1343,1.13431,-0.001233469,0.000868148,0.002604443
1/3/22 14:35,DOWN,1.13432,1.13663,1.13233,1.1327,-0.000750138,0.00071054,0.00213162
1/3/22 15:41,DOWN,1.1327,1.13294,1.1292,1.12969,-0.000787517,0.00072695,0.002180849
1/4/22 1:25,UP,1.12971,1.13089,1.12796,1.13063,0.000238833,0.000615813,0.00184744
1/4/22 7:31,DOWN,1.13064,1.13096,1.12847,1.12869,-0.000761655,0.00059573,0.001787191
1/4/22 11:29,DOWN,1.1287,1.13082,1.12792,1.12825,-0.001204681,0.000636602,0.001909806
1/4/22 15:16,UP,1.12825,1.12988,1.12722,1.12972,0.001036192,0.00059777,0.001793311
1/4/22 16:35,DOWN,1.12969,1.13226,1.12857,1.12861,-0.001646688,0.000767268,0.002301805
1/5/22 8:29,UP,1.12858,1.13102,1.1277,1.1309,0.000725349,0.000693092,0.002079275
1/5/22 12:18,UP,1.1309,1.1324,1.12968,1.13236,0.000105979,0.000630428,0.001891285
1/5/22 14:29,UP,1.13238,1.13365,1.1303,1.13355,0.000502972,0.000674116,0.002022348
1/5/22 19:10,DOWN,1.13353,1.13464,1.13134,1.13165,-0.001898078,0.000776295,0.002328886
1/6/22 7:10,DOWN,1.13169,1.13222,1.12921,1.12931,-0.000885105,0.000608074,0.001824221
1/6/22 10:22,UP,1.12933,1.13254,1.12847,1.13248,0.00201531,0.000851566,0.002554697
1/6/22 16:02,DOWN,1.13245,1.1332,1.12928,1.12969,-0.001088202,0.00072609,0.002178271
1/7/22 9:09,UP,1.12965,1.13154,1.12862,1.13118,0.000309459,0.000550304,0.001650913
1/7/22 13:40,DOWN,1.13118,1.13231,1.12922,1.12946,-0.000557633,0.000508032,0.001524097
1/7/22 14:30,UP,1.12941,1.13253,1.12941,1.13249,0.000662477,0.000717299,0.002151898
1/7/22 16:10,UP,1.13252,1.13501,1.13188,1.13482,0.000714024,0.000678413,0.002035239
1/10/22 3:25,DOWN,1.13482,1.13649,1.13371,1.13373,-0.001278147,0.000636394,0.001909181
1/10/22 12:58,DOWN,1.13375,1.13447,1.13118,1.13132,-0.000539048,0.000584813,0.00175444
1/10/22 14:09,DOWN,1.13136,1.13243,1.12925,1.12948,-0.000398334,0.000660887,0.001982662
1/10/22 15:35,UP,1.12945,1.13141,1.12851,1.13127,0.000866658,0.000647193,0.00194158
1/11/22 0:22,UP,1.1313,1.1335,1.13125,1.13335,0.000494232,0.000556413,0.00166924
1/11/22 9:15,UP,1.13333,1.1352,1.13312,1.13519,0.000590384,0.000536945,0.001610835
1/11/22 11:06,DOWN,1.13518,1.1352,1.1326,1.13298,-0.000485328,0.000561839,0.001685516
1/11/22 14:54,DOWN,1.13294,1.13437,1.1313,1.13199,-0.000644674,0.000488014,0.001464042
1/11/22 16:06,UP,1.13198,1.13519,1.13196,1.135,0.001049008,0.000612974,0.001838921
1/12/22 0:11,UP,1.13501,1.13752,1.13498,1.13699,0.00012314,0.000581094,0.001743281
1/12/22 11:02,DOWN,1.13696,1.13782,1.13547,1.1357,-0.000431359,0.000505474,0.001516422
1/12/22 13:34,UP,1.13568,1.13813,1.13563,1.13773,0.000334054,0.000532284,0.001596851
1/12/22 13:42,UP,1.13773,1.14141,1.13732,1.14119,0.003036528,0.000905294,0.002715881
1/12/22 17:01,UP,1.14125,1.14321,1.13944,1.14308,0.00047252,0.000726493,0.002179478
1/13/22 7:35,UP,1.14308,1.14646,1.14285,1.14623,0.001851254,0.000719887,0.00215966
1/13/22 15:40,DOWN,1.14623,1.14817,1.14474,1.14536,-0.000959936,0.000593583,0.001780748
1/14/22 3:33,UP,1.14538,1.14758,1.14472,1.14727,0.000784779,0.00050946,0.001528379
1/14/22 9:33,DOWN,1.14728,1.1483,1.14584,1.14622,-0.000444842,0.000482695,0.001448085
1/14/22 13:29,DOWN,1.1462,1.14678,1.14413,1.1445,-0.000288294,0.000444988,0.001334963
1/14/22 15:06,DOWN,1.14451,1.1455,1.14244,1.14322,-0.000751978,0.000574046,0.001722137
1/14/22 17:11,DOWN,1.14321,1.14385,1.14091,1.14103,-0.000490664,0.000566143,0.00169843
1/17/22 7:41,UP,1.14104,1.14282,1.13985,1.14254,0.001120939,0.000579236,0.001737708
1/17/22 11:42,DOWN,1.14257,1.14345,1.14095,1.14103,-0.000867261,0.000541078,0.001623233
1/18/22 3:56,DOWN,1.14103,1.14214,1.1385,1.13899,-0.001526504,0.000658509,0.001975527
1/18/22 12:17,DOWN,1.139,1.1406,1.13813,1.13831,-0.000588419,0.000512364,0.001537093
1/18/22 13:22,DOWN,1.13834,1.1392,1.13631,1.13658,-0.000694826,0.000623035,0.001869105
1/18/22 15:05,DOWN,1.1366,1.13805,1.13523,1.13525,-0.001232449,0.000698895,0.002096686
1/18/22 17:28,DOWN,1.13527,1.13597,1.13264,1.13291,-0.000617687,0.000628322,0.001884965
1/19/22 7:43,UP,1.1329,1.13429,1.13147,1.13394,0.000696929,0.00050686,0.001520579
1/19/22 15:10,UP,1.13398,1.13543,1.13289,1.135,0.000493514,0.000525161,0.001575483
1/20/22 1:35,UP,1.13497,1.13654,1.1336,1.13635,0.001215153,0.000583484,0.001750451
1/20/22 10:53,DOWN,1.13635,1.13691,1.13416,1.13447,-0.000185091,0.000533698,0.001601094
1/20/22 13:43,UP,1.13446,1.13575,1.13313,1.13565,0.001189454,0.000573727,0.001721182
1/20/22 14:50,DOWN,1.13563,1.13579,1.13329,1.13329,-0.000934893,0.000626324,0.001878971
1/20/22 18:38,DOWN,1.13327,1.13534,1.13149,1.13173,-0.001306878,0.000706145,0.002118434
1/21/22 2:57,UP,1.13172,1.13305,1.13009,1.13302,0.001271748,0.00074621,0.002238631
1/21/22 13:09,UP,1.13301,1.13466,1.13225,1.13466,0.000414307,0.000630384,0.001891151
1/24/22 0:47,DOWN,1.13466,1.13598,1.13326,1.13352,-0.00042337,0.000460211,0.001380633
1/24/22 6:32,DOWN,1.13353,1.13409,1.13147,1.13187,-0.000618254,0.000465105,0.001395315
1/24/22 11:32,DOWN,1.13185,1.13365,1.131,1.13121,-0.000662787,0.000431131,0.001293392
1/24/22 13:47,DOWN,1.13124,1.13141,1.12959,1.12963,-0.000681407,0.000456859,0.001370577
1/24/22 15:32,UP,1.12962,1.13164,1.12905,1.13156,0.001114127,0.00053076,0.001592281
1/24/22 17:59,UP,1.13161,1.13293,1.13045,1.1328,0.000927337,0.000552852,0.001658556
1/25/22 3:01,DOWN,1.13278,1.13352,1.13097,1.13127,-0.000512567,0.000507939,0.001523817
1/25/22 9:38,DOWN,1.13129,1.13167,1.1292,1.1295,-0.00027442,0.000468444,0.001405332
1/25/22 11:58,DOWN,1.12952,1.12963,1.12686,1.12722,-0.000727189,0.000489797,0.001469392
1/25/22 17:05,UP,1.12721,1.1287,1.12632,1.12862,0.000611553,0.000471465,0.001414396
1/25/22 21:34,UP,1.12861,1.1307,1.12822,1.13011,0.000212391,0.000438803,0.001316409
1/26/22 8:52,DOWN,1.13011,1.13109,1.12852,1.12853,-0.000708636,0.000472007,0.001416021
1/26/22 13:31,DOWN,1.12854,1.12916,1.12717,1.12718,-0.000567628,0.000435405,0.001306215
1/26/22 14:30,UP,1.12718,1.12961,1.12718,1.12952,0.001062963,0.000541236,0.001623707
1/26/22 19:45,DOWN,1.12951,1.13008,1.12503,1.12507,-0.002866819,0.000846846,0.002540539
1/27/22 1:49,DOWN,1.12505,1.12672,1.12304,1.12313,-0.000178058,0.000669523,0.002008568
1/27/22 7:46,DOWN,1.12313,1.12338,1.12083,1.12089,-0.00082044,0.000620108,0.001860323
1/27/22 11:04,DOWN,1.12086,1.12102,1.1182,1.11859,-0.000723864,0.000580107,0.001740322
1/27/22 11:54,DOWN,1.11856,1.11916,1.1156,1.11608,-0.002005013,0.000736101,0.002208303
1/27/22 15:45,DOWN,1.11608,1.1169,1.11314,1.1137,-0.000879563,0.000715913,0.002147738
1/28/22 7:33,DOWN,1.11367,1.11619,1.1126,1.11295,-0.001364808,0.000680901,0.002042703
1/28/22 13:44,UP,1.11294,1.11637,1.11214,1.11573,0.000977416,0.000608745,0.001826235
1/30/22 23:02,DOWN,1.11571,1.11737,1.11382,1.11405,-0.000296173,0.000682073,0.002046219
1/31/22 6:15,UP,1.11404,1.11661,1.11382,1.11651,0.00016123,0.000673823,0.002021468
1/31/22 12:29,DOWN,1.11655,1.11826,1.11463,1.11531,-0.000546784,0.000653638,0.001960913
1/31/22 13:42,UP,1.11533,1.11858,1.11475,1.118,0.00217589,0.000800577,0.00240173
1/31/22 15:58,UP,1.118,1.1218,1.118,1.12094,0.000544334,0.000783342,0.002350027
1/31/22 19:11,UP,1.12094,1.12367,1.11987,1.12364,0.00056974,0.000800206,0.002400617
2/1/22 7:51,UP,1.12363,1.12592,1.12209,1.12589,0.001911426,0.00080933,0.00242799
2/1/22 16:15,DOWN,1.12591,1.12788,1.12451,1.12466,-0.000835459,0.000675056,0.002025169
2/1/22 21:00,UP,1.12467,1.12707,1.12345,1.12679,0.00124324,0.000675254,0.002025761
2/2/22 9:56,UP,1.12681,1.12944,1.12658,1.1288,0.000381008,0.000584949,0.001754846
2/2/22 10:53,UP,1.12882,1.13143,1.12882,1.13104,0.001043832,0.000646065,0.001938195
2/2/22 15:24,DOWN,1.13102,1.13305,1.12923,1.12948,-0.001265269,0.000651775,0.001955326
2/3/22 9:42,DOWN,1.12946,1.13144,1.12852,1.12875,-0.000664231,0.000589813,0.00176944
2/3/22 13:42,UP,1.12876,1.1328,1.12674,1.13275,0.003750126,0.001062136,0.003186407
2/3/22 14:08,UP,1.13279,1.13979,1.13238,1.13772,0.000835352,0.001165194,0.003495581
2/3/22 15:53,UP,1.13779,1.1424,1.13714,1.14219,0.001428102,0.001122776,0.003368328
2/4/22 2:50,UP,1.14217,1.14607,1.14144,1.14593,0.001012791,0.001150105,0.003450316
2/4/22 13:39,DOWN,1.14592,1.1484,1.14287,1.14379,-0.000681711,0.000975714,0.002927143
2/4/22 15:15,DOWN,1.14377,1.14581,1.14149,1.14165,-0.000262743,0.001076228,0.003228685
2/4/22 17:14,UP,1.14163,1.14589,1.14116,1.14548,0.000357993,0.001039288,0.003117864
2/7/22 9:14,DOWN,1.1455,1.14664,1.14235,1.14245,-0.001111029,0.000773461,0.002320383
2/7/22 12:46,UP,1.14247,1.14493,1.1415,1.1449,0.000331962,0.000730021,0.002190062
2/7/22 18:08,DOWN,1.14488,1.14589,1.14175,1.14185,-0.001032877,0.000795323,0.002385969
2/8/22 7:29,DOWN,1.1418,1.14489,1.13979,1.13979,-0.00199837,0.000894328,0.002682984
2/8/22 11:07,UP,1.13982,1.1431,1.13962,1.14281,0.001234563,0.000805065,0.002415195
2/9/22 2:48,UP,1.14282,1.14337,1.14005,1.14287,0.001094336,0.000657798,0.001973394
2/9/22 10:27,UP,1.14288,1.14346,1.14025,1.14341,0.000839947,0.000663163,0.001989489
2/9/22 23:45,DOWN,1.14342,1.14479,1.14197,1.14208,-0.000376435,0.000670398,0.002011193
2/10/22 9:49,UP,1.14211,1.14464,1.14131,1.14428,0.000769338,0.000621158,0.001863473
2/10/22 13:32,DOWN,1.14425,1.14461,1.14026,1.14092,-0.002285015,0.000791395,0.002374185
2/10/22 15:08,UP,1.14092,1.14382,1.13748,1.14345,0.002872634,0.001012211,0.003036634
2/10/22 16:13,UP,1.14349,1.14898,1.14317,1.14888,0.00179466,0.00114687,0.00344061
2/10/22 19:52,DOWN,1.14892,1.14951,1.14467,1.1449,-0.000855604,0.001033706,0.003101119
2/11/22 0:20,DOWN,1.14492,1.1455,1.14017,1.14023,-0.000867869,0.001075049,0.003225147
2/11/22 12:38,UP,1.14022,1.14149,1.13699,1.1407,0.000789301,0.000795747,0.002387241
2/11/22 18:42,DOWN,1.1407,1.14181,1.13428,1.13463,-0.004502334,0.001275772,0.003827316
2/14/22 8:43,DOWN,1.13461,1.13693,1.13083,1.13105,-0.002066737,0.001046748,0.003140244
2/14/22 15:30,DOWN,1.13102,1.13426,1.13006,1.13043,-0.000247663,0.000935497,0.00280649
2/15/22 3:11,UP,1.13041,1.13226,1.128,1.13184,0.000662857,0.000695833,0.002087499
2/15/22 8:24,UP,1.13185,1.13457,1.13093,1.13443,0.001323125,0.000708426,0.002125278
2/15/22 15:01,DOWN,1.13445,1.13601,1.13203,1.13249,-0.001685128,0.000717644,0.002152933
2/15/22 15:47,UP,1.13249,1.13547,1.13234,1.1353,0.001366211,0.000797995,0.002393984
2/16/22 8:00,UP,1.13532,1.13788,1.13449,1.13756,0.000879461,0.000735276,0.002205827
2/16/22 13:30,DOWN,1.13759,1.13954,1.1357,1.13622,-0.000343184,0.000693887,0.002081662
2/16/22 17:08,UP,1.13622,1.1383,1.13532,1.13824,0.001450658,0.000754693,0.00226408
2/17/22 3:55,DOWN,1.13822,1.13962,1.13503,1.13522,-0.002647959,0.000897477,0.00269243
2/17/22 6:30,UP,1.13526,1.13721,1.13232,1.13721,0.001548846,0.00105076,0.003152281
2/18/22 11:08,DOWN,1.13723,1.13862,1.13429,1.13602,-0.000519222,0.000580638,0.001741915
2/18/22 14:16,DOWN,1.13601,1.13684,1.13388,1.13426,-0.001048592,0.000596016,0.001788048
2/18/22 17:21,DOWN,1.13425,1.13541,1.13147,1.13192,-0.001244896,0.000782281,0.002346842
2/21/22 1:39,UP,1.13189,1.13433,1.1313,1.13433,0.000802558,0.00084639,0.002539171
2/21/22 7:48,UP,1.13433,1.1379,1.13429,1.13779,0.000896877,0.000838011,0.002514032
2/21/22 12:19,DOWN,1.13775,1.1391,1.13416,1.13417,-0.000652247,0.000843433,0.002530298
2/21/22 23:46,DOWN,1.13419,1.13504,1.12962,1.1299,-0.001680152,0.001060976,0.003182929
2/22/22 9:12,UP,1.12991,1.13345,1.1288,1.13323,0.001015314,0.000956366,0.002869099
2/22/22 19:10,DOWN,1.13325,1.13671,1.13146,1.13247,-0.001147275,0.000760203,0.002280608
2/23/22 9:58,UP,1.13248,1.13589,1.1316,1.13584,0.001021792,0.000769277,0.00230783
2/23/22 15:09,DOWN,1.1358,1.13591,1.13287,1.13335,-0.000855504,0.000698433,0.002095298
2/23/22 18:17,DOWN,1.13334,1.1336,1.13059,1.13089,-0.000548091,0.000650145,0.001950435
2/24/22 1:07,DOWN,1.13087,1.13143,1.1275,1.12809,-0.00152354,0.000690987,0.00207296
2/24/22 3:44,DOWN,1.12807,1.12946,1.12412,1.12432,-0.001981457,0.000832893,0.00249868
2/24/22 6:24,UP,1.12435,1.12536,1.12084,1.12468,0.000818345,0.001012379,0.003037138
2/24/22 9:56,DOWN,1.12468,1.12623,1.12137,1.12151,-0.001568083,0.000902138,0.002706414
2/24/22 10:44,DOWN,1.12148,1.12187,1.11633,1.11791,-0.001180078,0.000941104,0.002823312
2/24/22 14:29,DOWN,1.11791,1.11853,1.11464,1.1151,-0.000815738,0.000832721,0.002498162
2/24/22 16:03,DOWN,1.11515,1.11628,1.11065,1.1118,-0.001006868,0.000780765,0.002342294
2/24/22 17:35,UP,1.11181,1.11779,1.1108,1.11759,0.002499565,0.001075642,0.003226926
2/24/22 19:39,UP,1.11759,1.1208,1.11599,1.12075,0.001223143,0.001065691,0.003197072
2/25/22 4:42,UP,1.12074,1.12289,1.11845,1.12222,0.000695293,0.000903319,0.002709958
2/25/22 8:14,DOWN,1.12221,1.1226,1.11873,1.1188,-0.00194662,0.000990699,0.002972097
2/25/22 12:19,UP,1.11878,1.12082,1.1166,1.12064,0.002224417,0.001061377,0.003184132
2/25/22 14:47,UP,1.12064,1.12461,1.12028,1.12461,0.001762162,0.001066022,0.003198066
2/25/22 20:52,UP,1.12462,1.12702,1.12299,1.12689,0.000639131,0.000907888,0.002723665
2/27/22 22:11,DOWN,1.12692,1.12744,1.11356,1.11435,-0.011190351,0.002878931,0.008636792
2/28/22 11:00,UP,1.1148,1.12322,1.11422,1.12217,0.003257928,0.001735857,0.00520757
2/28/22 16:29,UP,1.1222,1.12465,1.1179,1.12444,0.001521915,0.001315328,0.003945985
3/1/22 2:39,DOWN,1.12446,1.12449,1.11929,1.11971,-0.000740989,0.001142932,0.003428795
3/1/22 10:18,DOWN,1.11971,1.12331,1.11745,1.11749,-0.001600523,0.001081668,0.003245005
3/1/22 14:21,DOWN,1.11752,1.11868,1.11404,1.11519,-0.000484105,0.00088135,0.002644051
3/1/22 16:19,DOWN,1.11515,1.11603,1.1119,1.11218,-0.001653041,0.00091549,0.00274647
3/2/22 7:14,DOWN,1.11216,1.11384,1.10896,1.1095,-0.00107198,0.00080986,0.00242958
3/2/22 9:22,DOWN,1.1095,1.11126,1.10599,1.10641,-0.00215781,0.001003638,0.003010915
3/2/22 11:27,UP,1.10637,1.11032,1.1059,1.10951,-3.61E-05,0.000926004,0.002778013
3/2/22 15:42,DOWN,1.10949,1.11196,1.10644,1.10658,-0.002725412,0.001117691,0.003353073
3/2/22 16:33,UP,1.10662,1.11334,1.10574,1.11276,0.003429794,0.001393172,0.004179515
3/3/22 8:53,DOWN,1.11286,1.11438,1.10788,1.10875,-0.000667196,0.001105335,0.003316004
3/3/22 15:36,DOWN,1.10877,1.10971,1.10598,1.10603,-0.001869809,0.001029965,0.003089896
3/4/22 0:53,DOWN,1.10601,1.10689,1.10108,1.10131,-0.002040937,0.001081097,0.00324329
3/4/22 7:53,DOWN,1.10133,1.10521,1.10083,1.10097,-0.000599292,0.000989618,0.002968855
3/4/22 11:59,DOWN,1.10102,1.10243,1.0973,1.09739,-0.001083804,0.000949446,0.002848337
3/4/22 13:44,DOWN,1.09742,1.09821,1.09003,1.09081,-0.002901883,0.001231908,0.003695724
3/6/22 23:15,DOWN,1.09076,1.09426,1.0866,1.08815,-0.004685052,0.001502002,0.004506005
3/7/22 7:25,UP,1.08801,1.08981,1.08215,1.08859,0.000799518,0.001255453,0.003766358
3/7/22 10:13,DOWN,1.08856,1.0891,1.08365,1.08368,-0.001788596,0.001228029,0.003684087
3/7/22 12:01,UP,1.08371,1.0865,1.08059,1.08594,0.002267888,0.001389202,0.004167606
3/7/22 12:38,UP,1.08591,1.09254,1.08589,1.09211,0.003430441,0.001641066,0.004923199
3/7/22 15:28,DOWN,1.0921,1.09328,1.0858,1.08597,-0.003070871,0.001665702,0.004997105
3/8/22 8:25,UP,1.08594,1.09198,1.08456,1.09141,0.001641427,0.001377548,0.004132643
3/8/22 16:01,DOWN,1.09146,1.09247,1.08654,1.08767,-0.000817928,0.001185512,0.003556535
3/8/22 17:29,UP,1.08764,1.09345,1.08749,1.09336,0.003197101,0.001430226,0.004290679
3/8/22 20:47,DOWN,1.09334,1.09586,1.08997,1.09035,-0.000705946,0.001265637,0.00379691
3/9/22 8:42,UP,1.09037,1.09561,1.08901,1.09528,0.002422404,0.001171983,0.003515949
3/9/22 10:44,UP,1.09529,1.09929,1.09399,1.09863,0.000427897,0.001194181,0.003582543
3/9/22 13:31,UP,1.09863,1.10047,1.09416,1.09975,0.001146372,0.001232468,0.003697405
3/9/22 15:50,UP,1.09973,1.10506,1.0993,1.1045,0.002229736,0.001388706,0.004166118
3/10/22 8:31,DOWN,1.10452,1.10952,1.10359,1.10422,-0.000416497,0.001090112,0.003270335
3/10/22 12:49,UP,1.10422,1.11124,1.10255,1.11054,0.005354052,0.001665388,0.004996164
3/10/22 14:16,DOWN,1.11045,1.11214,1.10399,1.10486,-0.001474213,0.001599216,0.004797649
3/10/22 15:37,DOWN,1.10483,1.10505,1.09801,1.09941,-0.002107999,0.001625389,0.004876167
3/11/22 9:08,DOWN,1.09944,1.10201,1.09656,1.0973,-0.000400904,0.001357279,0.004071836
3/11/22 11:52,UP,1.09727,1.10439,1.09602,1.10135,0.000281512,0.001365455,0.004096364
3/11/22 15:01,DOWN,1.10131,1.10323,1.0967,1.09707,-0.00166669,0.001317412,0.003952237
3/11/22 17:14,DOWN,1.09711,1.09775,1.09261,1.09286,-0.000658605,0.001240831,0.003722494
3/14/22 8:22,UP,1.09282,1.09448,1.09007,1.09433,0.001097163,0.001063491,0.003190472
3/14/22 9:59,UP,1.09433,1.09897,1.09392,1.09838,0.001758679,0.001112536,0.003337609
3/14/22 11:55,DOWN,1.09837,1.09844,1.09401,1.09416,-0.002054261,0.001181204,0.003543611
3/14/22 16:21,UP,1.09416,1.09893,1.09349,1.09837,0.000591961,0.001103202,0.003309607
3/14/22 22:51,DOWN,1.0984,1.0994,1.09294,1.0941,-0.000776593,0.001052815,0.003158444
3/15/22 5:21,UP,1.09409,1.09856,1.09305,1.09817,0.000537402,0.001058077,0.003174232
3/15/22 8:22,UP,1.09815,1.10199,1.0967,1.10098,0.000799608,0.00105854,0.00317562
3/15/22 13:33,DOWN,1.101,1.10101,1.09774,1.0979,-0.000919515,0.000916267,0.002748801
3/15/22 16:31,DOWN,1.09794,1.10001,1.09402,1.09556,-0.001422916,0.001040017,0.00312005
3/16/22 0:28,UP,1.09558,1.09743,1.0926,1.09655,0.000273623,0.001033575,0.003100725
3/16/22 10:15,UP,1.09653,1.10149,1.09551,1.10117,0.002454948,0.001185666,0.003556998
3/16/22 18:18,DOWN,1.1012,1.10403,1.09519,1.09695,-0.001948963,0.00148356,0.00445068
3/16/22 19:29,UP,1.09701,1.10278,1.09498,1.10238,0.002625043,0.001550189,0.004650566
3/17/22 13:34,UP,1.10243,1.10672,1.10077,1.10609,0.001230313,0.001296569,0.003889707
3/17/22 16:19,UP,1.10604,1.11151,1.10562,1.11134,0.001999586,0.00130223,0.003906691
3/18/22 2:00,DOWN,1.11135,1.11377,1.10857,1.10879,-0.001207795,0.001405274,0.004215821
3/18/22 10:58,DOWN,1.10876,1.10945,1.10315,1.1038,-0.001611312,0.001235946,0.003707837
3/18/22 16:07,UP,1.10382,1.10539,1.10031,1.10519,0.001249434,0.001258164,0.003774491
3/21/22 17:42,DOWN,1.10519,1.10723,1.1018,1.10297,-0.000552899,0.000876077,0.00262823
3/22/22 0:45,DOWN,1.10293,1.10329,1.09918,1.09932,-0.002761529,0.001056907,0.003170721
3/22/22 7:14,DOWN,1.09928,1.10054,1.09609,1.09617,-0.001640734,0.000995361,0.002986082
3/22/22 9:05,UP,1.09619,1.10116,1.09619,1.10076,0.000963435,0.0010802,0.003240599
3/22/22 12:37,UP,1.10074,1.10347,1.09871,1.10298,0.002278246,0.001149103,0.003447309
3/23/22 9:54,DOWN,1.10301,1.10461,1.09887,1.09971,-0.001626379,0.000946593,0.002839779
3/23/22 18:56,UP,1.09971,1.10112,1.0964,1.10085,0.000817884,0.000950538,0.002851615
3/24/22 5:46,DOWN,1.1009,1.10141,1.09767,1.09806,-0.000464348,0.000945378,0.002836135
3/24/22 23:16,UP,1.09803,1.10136,1.09659,1.10091,0.000499712,0.000927976,0.002783928
3/25/22 13:30,DOWN,1.10087,1.1038,1.09919,1.10045,-4.54E-05,0.000767969,0.002303906
3/25/22 15:59,DOWN,1.10047,1.10246,1.09819,1.09836,-0.001946464,0.000892525,0.002677574
3/28/22 1:22,DOWN,1.09835,1.09968,1.09604,1.09614,-0.001431274,0.000837503,0.00251251
3/28/22 8:47,UP,1.09615,1.09741,1.09447,1.09731,0.001130675,0.000790097,0.002370292
3/28/22 12:41,DOWN,1.09736,1.09993,1.0952,1.09532,-0.001277349,0.000940209,0.002820628
3/28/22 16:41,UP,1.0953,1.09923,1.09465,1.09914,0.001994454,0.000963177,0.002889531
3/29/22 7:20,UP,1.09911,1.10093,1.09688,1.10052,9.09E-05,0.000940409,0.002821227
3/29/22 9:46,UP,1.10048,1.10451,1.09751,1.10415,0.001640615,0.001288376,0.003865129
3/29/22 12:03,UP,1.10414,1.11026,1.10318,1.10938,-1.80E-05,0.001666626,0.004999879
3/29/22 17:15,DOWN,1.10934,1.11373,1.10751,1.10822,-0.00060439,0.001442487,0.004327462
3/30/22 4:03,UP,1.10826,1.11209,1.10716,1.11159,0.000125954,0.001120307,0.003360922
3/30/22 8:59,UP,1.11158,1.11569,1.11056,1.11558,0.002306392,0.001175633,0.003526899
3/30/22 15:46,UP,1.11554,1.11711,1.11118,1.1163,0.000223979,0.001112883,0.003338648
3/31/22 8:26,DOWN,1.11633,1.1185,1.11328,1.11383,-0.001480279,0.000910543,0.002731628
3/31/22 10:50,DOWN,1.11385,1.11386,1.1088,1.10963,-0.001134869,0.000946727,0.00284018
3/31/22 15:10,UP,1.10963,1.11328,1.10684,1.11135,0.00054003,0.000980561,0.002941682
3/31/22 18:23,DOWN,1.11133,1.11178,1.1067,1.1069,-0.00198556,0.001085697,0.00325709
4/1/22 14:50,DOWN,1.10693,1.10765,1.10279,1.10346,-0.001077845,0.000924932,0.002774795
4/4/22 8:08,DOWN,1.10344,1.10546,1.10194,1.10246,-0.000625677,0.000751437,0.002254311
4/4/22 11:56,DOWN,1.10242,1.10387,1.09996,1.10027,-0.000236278,0.000789053,0.002367158
4/4/22 16:38,DOWN,1.10027,1.1009,1.09755,1.09765,-0.002038644,0.00088444,0.002653319
4/5/22 12:40,DOWN,1.09762,1.09887,1.09562,1.0959,-0.000419658,0.000770917,0.002312751
4/5/22 14:37,DOWN,1.09592,1.09758,1.09358,1.09388,-0.001059884,0.000888895,0.002666684
4/5/22 18:42,DOWN,1.09385,1.09435,1.09042,1.09046,-0.001511979,0.000911696,0.002735088
4/6/22 8:31,UP,1.09045,1.09169,1.08746,1.091,0.001357475,0.00084426,0.00253278
4/6/22 12:55,UP,1.09103,1.09377,1.08993,1.09359,0.001042982,0.000796786,0.002390357
4/6/22 16:40,DOWN,1.09356,1.09381,1.09026,1.09059,-0.000669139,0.000804458,0.002413373
4/7/22 0:57,UP,1.09058,1.09291,1.08788,1.09114,0.000871028,0.00078118,0.00234354
4/7/22 8:39,DOWN,1.09115,1.09343,1.08791,1.08839,-0.001120294,0.000770449,0.002311347
4/7/22 11:39,UP,1.08836,1.09194,1.08648,1.09049,0.000844014,0.000819232,0.002457697
4/7/22 13:43,UP,1.09048,1.09387,1.0904,1.0934,0.001391126,0.000826884,0.002480653
4/7/22 15:31,DOWN,1.09337,1.09339,1.0898,1.09002,-0.00088033,0.001015695,0.003047085
4/8/22 0:11,DOWN,1.08997,1.09063,1.08578,1.08676,-0.001167929,0.000954693,0.002864079
4/8/22 10:49,UP,1.08671,1.08902,1.08481,1.08899,0.002132687,0.000909158,0.002727473
4/8/22 13:02,DOWN,1.08899,1.0892,1.08501,1.08573,-0.000230233,0.000990178,0.002970533
4/8/22 15:10,UP,1.08573,1.08818,1.08363,1.08801,0.001674179,0.001088343,0.00326503
4/11/22 8:14,UP,1.08802,1.09182,1.08649,1.09159,0.000769816,0.001195963,0.003587888
4/11/22 13:34,DOWN,1.09158,1.09334,1.08817,1.08846,-0.001744064,0.001172839,0.003518518
4/12/22 8:46,DOWN,1.08845,1.08996,1.08533,1.08603,-0.00046949,0.000772836,0.002318508
4/12/22 12:54,UP,1.086,1.08981,1.08504,1.08954,0.002104016,0.00093555,0.002806651
4/12/22 15:21,DOWN,1.08953,1.09038,1.08603,1.0868,-0.000726641,0.000852326,0.002556977
4/12/22 17:54,DOWN,1.08683,1.0869,1.08279,1.08317,-0.000590684,0.000986818,0.002960455
4/13/22 13:27,DOWN,1.08317,1.0848,1.08098,1.08126,-0.000961379,0.000871392,0.002614177
4/13/22 15:21,UP,1.0813,1.0857,1.08088,1.08564,0.001520997,0.000921588,0.002764765
4/13/22 22:48,UP,1.08565,1.08948,1.08529,1.08893,0.000541963,0.000908576,0.002725728
4/14/22 6:13,UP,1.08889,1.09187,1.08826,1.09171,0.000283999,0.000812873,0.002438618
4/14/22 11:47,DOWN,1.09167,1.09235,1.08829,1.0887,-0.001963718,0.000860433,0.002581298
4/14/22 12:57,DOWN,1.08871,1.0891,1.08442,1.08459,-0.002403548,0.001102162,0.003306487
4/14/22 13:47,DOWN,1.08457,1.08496,1.07843,1.07886,-0.003248153,0.001325519,0.003976557
4/14/22 16:29,UP,1.07889,1.08317,1.07574,1.08248,0.002006668,0.001496471,0.004489414
4/18/22 0:42,DOWN,1.08246,1.08351,1.07962,1.07977,-0.00194297,0.001018458,0.003055375
4/18/22 17:04,DOWN,1.07977,1.08147,1.07698,1.07737,-0.001085389,0.000779215,0.002337646
4/19/22 8:00,UP,1.07739,1.08028,1.07611,1.08025,0.001658398,0.000791928,0.002375783
4/19/22 15:13,DOWN,1.08022,1.08147,1.07818,1.07845,-0.000639603,0.000672348,0.002017043
4/20/22 2:33,UP,1.07848,1.08099,1.07824,1.08054,0.001027792,0.0005983,0.001794901
4/20/22 8:39,UP,1.08054,1.08333,1.08034,1.08296,0.001691242,0.000660852,0.001982557
4/20/22 9:45,UP,1.08294,1.08672,1.08281,1.08586,0.002258825,0.000837713,0.002513138
4/20/22 12:15,DOWN,1.08589,1.08659,1.08251,1.08294,-0.001365717,0.000901891,0.002705674
4/20/22 15:03,UP,1.08293,1.08663,1.08206,1.08617,0.001437272,0.000937607,0.00281282
4/21/22 3:34,DOWN,1.08616,1.08633,1.08236,1.08278,-0.000646275,0.000842476,0.002527427
4/21/22 6:47,UP,1.08281,1.08981,1.08253,1.08926,0.003439432,0.001184309,0.003552927
4/21/22 11:45,DOWN,1.08927,1.09364,1.08769,1.08772,-0.001249541,0.001217435,0.003652306
4/21/22 14:49,DOWN,1.08774,1.08962,1.08536,1.08561,-0.001537124,0.001148248,0.003444743
4/22/22 6:59,DOWN,1.08564,1.08598,1.08248,1.08254,-0.001624486,0.000820892,0.002462675
4/22/22 8:43,DOWN,1.08255,1.0829,1.07903,1.0794,-0.000740878,0.000815739,0.002447216
4/22/22 11:30,UP,1.07942,1.08254,1.07919,1.08218,0.001313028,0.000830267,0.002490802
4/22/22 14:46,DOWN,1.08221,1.08452,1.07836,1.07894,-0.001093068,0.000807197,0.002421592
4/24/22 22:00,UP,1.07891,1.08163,1.07708,1.08061,0.001342736,0.000753536,0.002260609
4/25/22 2:44,DOWN,1.0806,1.08169,1.07773,1.07798,-0.000676963,0.00068989,0.002069669
4/25/22 6:13,DOWN,1.07798,1.07886,1.0763,1.0763,-0.001105029,0.000706723,0.002120169
4/25/22 6:29,DOWN,1.07626,1.07629,1.07287,1.07301,-0.00306145,0.001015795,0.003047384
4/25/22 13:40,DOWN,1.07301,1.07586,1.07067,1.07218,-0.000783144,0.000875321,0.002625964
4/26/22 2:46,UP,1.07215,1.0734,1.06967,1.07284,0.00042886,0.000614012,0.001842037
4/26/22 6:37,DOWN,1.07284,1.07389,1.07071,1.07126,-0.001072926,0.000609239,0.001827718
4/26/22 7:21,DOWN,1.0713,1.07139,1.06862,1.06905,-0.000785436,0.000676271,0.002028814
4/26/22 14:18,DOWN,1.06908,1.06989,1.06627,1.06712,-0.000384138,0.000681936,0.002045809
4/26/22 18:00,DOWN,1.06713,1.06778,1.06419,1.06462,-0.00113591,0.000718815,0.002156446
4/27/22 6:42,DOWN,1.06459,1.06549,1.06162,1.06166,-0.001035577,0.000858614,0.002575843
4/27/22 12:08,DOWN,1.06167,1.06297,1.05739,1.05754,-0.001804449,0.001105186,0.003315557
4/27/22 14:45,DOWN,1.05754,1.05858,1.05251,1.05324,-0.001072305,0.001008557,0.00302567
4/27/22 16:29,UP,1.05326,1.05662,1.05145,1.0563,0.001648618,0.001067844,0.003203532
4/28/22 1:40,DOWN,1.05633,1.05724,1.05307,1.05387,-0.000104372,0.000872011,0.002616033
4/28/22 4:25,DOWN,1.05388,1.0548,1.05089,1.05103,-0.001255123,0.000856028,0.002568083
4/28/22 7:45,UP,1.05099,1.05524,1.0481,1.05503,0.002239409,0.0009798,0.002939401
4/28/22 10:31,DOWN,1.05503,1.05649,1.05099,1.05183,-0.000332698,0.000997362,0.002992085
4/28/22 12:20,DOWN,1.0518,1.05186,1.04713,1.04746,-0.001249863,0.001139167,0.0034175
4/28/22 15:07,UP,1.04746,1.05311,1.04732,1.05277,0.002606051,0.001347523,0.004042569
4/29/22 6:04,UP,1.05279,1.0542,1.04911,1.05359,0.000978088,0.001118072,0.003354217
4/29/22 8:35,UP,1.05361,1.0579,1.05313,1.05731,0.001050385,0.001172786,0.003518358
4/29/22 12:27,DOWN,1.05727,1.05932,1.05293,1.0532,-0.001404255,0.001169238,0.003507714
4/29/22 17:25,UP,1.05321,1.05747,1.05096,1.05742,0.002898031,0.001179923,0.003539769
5/2/22 0:00,DOWN,1.05745,1.05789,1.05343,1.05346,-0.001024668,0.001078016,0.003234048
5/2/22 13:05,DOWN,1.05349,1.05686,1.05086,1.05176,-0.001092808,0.001014258,0.003042774
5/3/22 6:56,DOWN,1.05172,1.05419,1.04902,1.04981,-0.00071416,0.000975329,0.002925987
5/3/22 11:58,UP,1.04985,1.05422,1.04922,1.05358,0.002223469,0.001129625,0.003388874
5/3/22 15:43,DOWN,1.05356,1.05778,1.05316,1.05337,-0.001119587,0.001051799,0.003155396
5/4/22 13:03,UP,1.05343,1.05554,1.05061,1.05536,0.001099756,0.000824735,0.002474204
5/4/22 18:01,UP,1.05535,1.05713,1.05246,1.05713,0.002595288,0.001023137,0.003069412
5/4/22 18:48,UP,1.05699,1.0598,1.05106,1.05954,0.004986267,0.00156632,0.004698959
5/5/22 8:36,DOWN,1.05962,1.06422,1.05818,1.05899,-0.000689099,0.001378825,0.004136474
5/5/22 11:51,DOWN,1.05899,1.0608,1.05514,1.0554,-0.00044523,0.001345866,0.004037597
5/5/22 15:11,DOWN,1.05539,1.05738,1.05053,1.05096,-0.002565785,0.001281136,0.003843407
5/5/22 19:43,UP,1.0509,1.05495,1.04926,1.05471,0.002069058,0.001219715,0.003659145
5/6/22 6:39,DOWN,1.05473,1.05511,1.05087,1.05175,-0.000560813,0.001019285,0.003057854
5/6/22 8:21,UP,1.05176,1.05554,1.04826,1.05443,0.00094883,0.001299745,0.003899235
5/6/22 10:32,UP,1.05446,1.05937,1.05389,1.05874,0.001247543,0.001356485,0.004069456
5/6/22 18:25,DOWN,1.05873,1.0599,1.05476,1.05535,-0.000710412,0.001139645,0.003418936
5/9/22 2:05,DOWN,1.05532,1.05571,1.05137,1.0521,-3.80E-05,0.000984994,0.002954981
5/9/22 10:34,UP,1.05209,1.05455,1.04951,1.05358,0.000664622,0.000901909,0.002705727
5/9/22 12:08,UP,1.05358,1.05735,1.05324,1.0572,0.002490803,0.001042957,0.003128871
5/9/22 13:43,DOWN,1.05717,1.05728,1.05326,1.05391,-0.000322556,0.001030688,0.003092064
5/9/22 16:19,UP,1.05394,1.05841,1.05171,1.05806,0.002280352,0.001174086,0.003522259
5/10/22 9:50,DOWN,1.05808,1.05926,1.05469,1.0548,-0.002291646,0.000968445,0.002905336
5/10/22 14:49,DOWN,1.05474,1.0575,1.05319,1.05346,-0.000986736,0.000907473,0.002722418
5/11/22 7:04,UP,1.05348,1.05511,1.05253,1.05496,0.000654267,0.000737302,0.002211906
5/11/22 12:42,DOWN,1.05498,1.05759,1.0502,1.05265,-0.001992978,0.000851416,0.002554248
5/11/22 13:31,UP,1.05275,1.05649,1.05106,1.05643,0.001544124,0.001159557,0.003478672
5/11/22 16:44,DOWN,1.05641,1.05773,1.05287,1.05378,-0.000588185,0.000951756,0.002855269
5/12/22 0:18,DOWN,1.05378,1.05435,1.05075,1.05086,-0.000599329,0.00085996,0.002579879
5/12/22 7:07,DOWN,1.05086,1.05295,1.04848,1.04976,-0.00119004,0.000879244,0.002637733
5/12/22 7:24,DOWN,1.04978,1.04995,1.04428,1.04576,-0.003817673,0.001265371,0.003796113
5/12/22 9:38,DOWN,1.04578,1.048,1.04231,1.04268,-0.000498591,0.001211966,0.003635898
5/12/22 14:02,DOWN,1.0427,1.04438,1.03835,1.03849,-0.001856743,0.001383397,0.004150191
5/12/22 17:05,DOWN,1.03851,1.04251,1.03539,1.03557,-0.002430486,0.001572252,0.004716756
5/13/22 3:35,UP,1.03569,1.03982,1.03566,1.0396,0.000933487,0.001224193,0.003672578
5/13/22 13:27,DOWN,1.03962,1.042,1.03495,1.03566,-0.002247246,0.00122221,0.003666631
5/13/22 15:13,UP,1.03569,1.04102,1.03533,1.04078,0.001336429,0.001252385,0.003757156
5/16/22 8:22,UP,1.04079,1.04262,1.0389,1.0423,0.000422232,0.000977821,0.002933462
5/16/22 14:53,DOWN,1.04229,1.04385,1.03899,1.03923,-0.002412338,0.001171617,0.00351485
5/16/22 19:09,UP,1.03914,1.04421,1.03914,1.0442,0.001706109,0.001234327,0.003702981
5/17/22 8:24,UP,1.04418,1.04838,1.04284,1.048,0.001986705,0.001187886,0.003563658
5/17/22 11:36,UP,1.04795,1.0535,1.04689,1.05346,0.002375953,0.001535895,0.004607685
5/18/22 0:41,UP,1.05342,1.05643,1.05212,1.05592,0.00095697,0.00106074,0.003182221
5/18/22 6:49,DOWN,1.05587,1.05634,1.05169,1.05213,-0.001718842,0.001128157,0.003384472
5/18/22 15:25,DOWN,1.05216,1.05421,1.04928,1.04946,-0.000762006,0.001108581,0.003325743
5/19/22 3:29,UP,1.04945,1.05152,1.046,1.04992,0.000914774,0.000977285,0.002931854
5/19/22 10:52,UP,1.04992,1.05272,1.04651,1.05235,0.002016571,0.001003939,0.003011817
5/19/22 13:24,UP,1.05233,1.05614,1.05131,1.05534,0.001650118,0.000999355,0.002998064
5/19/22 15:40,UP,1.05532,1.0597,1.0542,1.05957,0.00111428,0.001027613,0.003082839
5/20/22 0:56,DOWN,1.05958,1.06073,1.05681,1.05721,-0.000841484,0.00090865,0.002725949
5/20/22 13:38,DOWN,1.05719,1.05991,1.05545,1.05585,-0.00037877,0.000900068,0.002700203
5/22/22 22:36,UP,1.05585,1.05753,1.05327,1.05726,0.001429241,0.000936675,0.002810024
5/23/22 6:59,UP,1.05726,1.06142,1.05681,1.06042,0.000603717,0.000822201,0.002466604
5/23/22 9:08,UP,1.06042,1.06651,1.05924,1.06586,0.003948264,0.001221289,0.003663866
5/23/22 22:00,UP,1.06586,1.06975,1.06445,1.06952,0.001075827,0.001232172,0.003696517
5/24/22 7:04,UP,1.0692,1.072,1.06607,1.0719,0.004966131,0.001638132,0.004914397
5/25/22 2:43,DOWN,1.07191,1.07487,1.06958,1.07046,-0.00108306,0.001080339,0.003241016
5/25/22 8:25,DOWN,1.0705,1.07154,1.06665,1.06721,-0.001339046,0.001042346,0.003127038
5/25/22 19:11,UP,1.06724,1.06949,1.06422,1.06885,0.001151432,0.000919022,0.002757067
5/26/22 10:18,UP,1.06881,1.07189,1.06624,1.07155,0.002092618,0.001117669,0.003353008
5/27/22 0:17,UP,1.07155,1.07399,1.0689,1.07382,0.000680047,0.000887838,0.002663513
5/27/22 9:51,DOWN,1.07384,1.07652,1.07173,1.07222,-0.000811072,0.000887272,0.002661815
5/27/22 14:00,UP,1.07224,1.07494,1.06969,1.07481,0.00252456,0.001009378,0.003028135
5/27/22 15:04,DOWN,1.07477,1.07505,1.07024,1.07093,-0.002471428,0.001157876,0.003473627
5/30/22 1:47,UP,1.07094,1.07492,1.07011,1.07472,0.001154455,0.00104314,0.003129421
5/30/22 11:03,UP,1.07468,1.07795,1.07374,1.07782,0.001439123,0.001037138,0.003111415
5/31/22 1:12,DOWN,1.07779,1.07871,1.07348,1.07466,-0.000483757,0.000984213,0.00295264
5/31/22 10:54,DOWN,1.07463,1.07581,1.07021,1.07042,-0.002165028,0.000945095,0.002835286
5/31/22 14:55,UP,1.07043,1.07364,1.0679,1.07217,0.001259922,0.001070548,0.003211643
6/1/22 2:16,DOWN,1.07216,1.07468,1.07056,1.07116,-0.001184928,0.000904438,0.002713314
6/1/22 14:03,DOWN,1.07115,1.07396,1.06842,1.06891,-0.002410766,0.001017918,0.003053755
6/1/22 15:36,DOWN,1.06893,1.06894,1.06375,1.06382,-0.001962691,0.001205296,0.003615887
6/2/22 6:42,UP,1.06376,1.06744,1.06273,1.06685,0.000581319,0.000873263,0.00261979
6/2/22 12:57,UP,1.06685,1.07162,1.06669,1.07067,0.001486155,0.000857308,0.002571924
6/2/22 15:09,UP,1.07063,1.07303,1.06923,1.07267,0.001306007,0.000946467,0.002839401
6/3/22 0:59,UP,1.07268,1.07628,1.072,1.07578,0.000678808,0.000837954,0.002513862
6/3/22 12:11,DOWN,1.07575,1.07644,1.07258,1.07275,-0.001695137,0.000825572,0.002476716
6/3/22 14:07,UP,1.07275,1.07522,1.07041,1.07478,0.001480468,0.001007929,0.003023788
6/6/22 1:41,DOWN,1.07475,1.07484,1.07101,1.07138,-0.000727768,0.000856053,0.002568159
6/6/22 8:16,UP,1.07134,1.07514,1.07103,1.07486,0.001750596,0.000885869,0.002657608
6/6/22 12:32,DOWN,1.07485,1.07521,1.07154,1.07164,-0.000942037,0.000871644,0.002614933
6/7/22 0:39,DOWN,1.07166,1.07242,1.068,1.06848,-0.000636216,0.000879975,0.002639924
6/7/22 8:19,UP,1.06847,1.07051,1.06651,1.0696,0.000907293,0.000849501,0.002548503
6/7/22 12:10,DOWN,1.06958,1.06977,1.06579,1.06641,-0.000478126,0.000829355,0.002488065
6/7/22 14:01,UP,1.06641,1.06978,1.0652,1.06867,0.000683325,0.000969303,0.002907908
6/8/22 4:06,DOWN,1.06863,1.07145,1.06743,1.06815,-0.000963819,0.000913747,0.002741241
6/8/22 10:23,UP,1.06812,1.07233,1.06714,1.07157,0.000840242,0.001084787,0.003254362
6/9/22 0:00,DOWN,1.07155,1.07485,1.07055,1.07161,-0.000195948,0.000855886,0.002567657
6/9/22 8:01,DOWN,1.07165,1.07339,1.06971,1.0698,-0.00166248,0.000848685,0.002546054
6/9/22 11:52,UP,1.06978,1.075,1.06881,1.0728,0.000494156,0.000760918,0.002282753
6/9/22 12:37,UP,1.07279,1.07701,1.07238,1.07677,0.00253858,0.000952628,0.002857883
6/9/22 13:07,DOWN,1.07674,1.07742,1.07151,1.07164,-0.002572181,0.001213535,0.003640604
6/9/22 14:09,DOWN,1.07161,1.07244,1.06487,1.06519,-0.004094162,0.001505541,0.004516623
6/9/22 20:04,DOWN,1.06515,1.0668,1.06124,1.06135,-0.000470987,0.001344303,0.004032909
6/10/22 9:19,DOWN,1.06138,1.06425,1.05954,1.05963,-0.001631314,0.001077308,0.003231924
6/10/22 12:39,DOWN,1.05964,1.06067,1.05396,1.05497,-0.003075921,0.001284604,0.003853813
6/12/22 22:12,DOWN,1.05495,1.05715,1.05039,1.05062,-0.001502744,0.00106389,0.00319167
6/13/22 6:57,DOWN,1.05062,1.05204,1.04717,1.04717,-0.001307433,0.000975432,0.002926295
6/13/22 13:47,DOWN,1.04713,1.04898,1.04398,1.04482,-0.000803643,0.00092098,0.002762941
6/13/22 19:27,DOWN,1.04478,1.04585,1.04102,1.04128,-0.001487446,0.000920309,0.002760928
6/14/22 3:52,UP,1.04122,1.04326,1.03967,1.04276,0.000575562,0.000823876,0.002471627
6/14/22 7:19,UP,1.04269,1.04562,1.04177,1.04537,0.001234775,0.000857077,0.00257123
6/14/22 9:41,DOWN,1.04535,1.0485,1.04422,1.04434,-0.000909252,0.000892721,0.002678164
6/14/22 12:30,UP,1.04437,1.04593,1.04252,1.04586,0.000698234,0.000819575,0.002458725
6/14/22 14:09,DOWN,1.04585,1.04687,1.04305,1.04308,-0.001025282,0.000789385,0.002368156
6/15/22 1:37,UP,1.04309,1.04498,1.03998,1.04489,0.001446173,0.000855428,0.002566283
6/15/22 5:56,UP,1.0449,1.04755,1.04242,1.04742,0.003078956,0.00111785,0.003353549
6/15/22 12:12,DOWN,1.04736,1.05081,1.04262,1.04339,-0.003453904,0.001449325,0.004347974
6/15/22 16:14,DOWN,1.04344,1.04434,1.03851,1.03909,-0.00144253,0.001280163,0.003840489
6/15/22 18:44,UP,1.03911,1.0455,1.0359,1.0453,0.007653821,0.002448595,0.007345785
6/16/22 7:11,DOWN,1.04537,1.04699,1.04042,1.04052,-0.00079736,0.001793615,0.005380845
6/16/22 13:16,UP,1.04052,1.04635,1.03808,1.04507,0.001819715,0.00144753,0.00434259
6/16/22 14:53,UP,1.04508,1.04961,1.04352,1.04914,0.001068111,0.001687249,0.005061746
6/16/22 16:39,UP,1.04913,1.05626,1.049,1.05531,0.001849508,0.001627302,0.004881905
6/17/22 0:37,DOWN,1.05531,1.06016,1.05361,1.05363,-0.001071908,0.001390708,0.004172124
6/17/22 6:59,DOWN,1.05366,1.05429,1.04996,1.05026,-0.001084857,0.001063839,0.003191516
6/17/22 12:19,DOWN,1.05027,1.05361,1.04755,1.04779,-0.002316482,0.001205972,0.003617917
6/17/22 18:18,UP,1.04779,1.05084,1.04443,1.0501,0.001667898,0.00114095,0.00342285
6/20/22 3:18,UP,1.05013,1.05268,1.04747,1.05216,0.00076063,0.001042311,0.003126934
6/20/22 18:18,DOWN,1.05217,1.05461,1.04988,1.05016,-0.003184913,0.001168899,0.003506697
6/21/22 7:24,UP,1.05017,1.05537,1.04981,1.05442,0.001860572,0.001073087,0.00321926
6/21/22 16:21,DOWN,1.05441,1.05828,1.05287,1.05337,-0.001944244,0.001019615,0.003058845
6/22/22 4:46,DOWN,1.05335,1.05407,1.05014,1.05018,-0.000713908,0.000875513,0.00262654
6/22/22 10:01,UP,1.05019,1.05249,1.04689,1.05199,0.000656115,0.00085038,0.00255114
6/22/22 13:06,UP,1.05202,1.05475,1.05101,1.05459,0.002630069,0.00101577,0.003047309
6/22/22 14:43,UP,1.05458,1.05946,1.05366,1.05906,0.002865128,0.001219652,0.003658955
6/23/22 1:51,DOWN,1.05904,1.06057,1.05602,1.05633,-0.000993514,0.001041476,0.003124427
6/23/22 7:30,DOWN,1.05639,1.05795,1.05161,1.05167,-0.005225609,0.001556842,0.004670525
6/23/22 13:54,UP,1.05163,1.05352,1.04827,1.05345,0.001158771,0.001315511,0.003946534
6/24/22 9:30,UP,1.05335,1.05542,1.04942,1.05519,0.001223277,0.000946084,0.002838253
6/24/22 11:55,DOWN,1.05516,1.0555,1.05158,1.05159,-0.00173871,0.00100668,0.003020041
6/24/22 14:03,UP,1.05161,1.05699,1.05141,1.05648,0.003033523,0.001302802,0.003908407
6/27/22 7:06,UP,1.05655,1.0575,1.05343,1.05741,0.00172267,0.001075127,0.00322538
6/27/22 15:34,UP,1.05736,1.06148,1.05535,1.06129,0.001546484,0.000965453,0.002896359
6/27/22 19:02,DOWN,1.06131,1.06138,1.05796,1.05815,-0.000859622,0.000965814,0.002897443
6/28/22 12:15,DOWN,1.05814,1.06063,1.0557,1.05571,-0.001835939,0.000857482,0.002572447
6/28/22 14:09,DOWN,1.05573,1.05577,1.05186,1.0523,-0.000731463,0.000895087,0.00268526
6/29/22 6:09,DOWN,1.05231,1.05414,1.04958,1.0502,-0.001103942,0.000864005,0.002592015
6/29/22 9:14,UP,1.05016,1.05287,1.04859,1.05243,0.001255027,0.00091341,0.002740229
6/29/22 13:41,DOWN,1.05241,1.05353,1.04848,1.04865,-0.002324098,0.001022308,0.003066924
6/29/22 16:55,DOWN,1.04862,1.04924,1.0448,1.04481,-0.002370825,0.001071464,0.003214393
6/30/22 9:35,DOWN,1.04483,1.04689,1.04254,1.04288,-0.000977583,0.000940397,0.002821191
6/30/22 11:41,DOWN,1.04285,1.04336,1.03825,1.03868,-0.001250806,0.001031555,0.003094664
6/30/22 14:10,UP,1.03871,1.04289,1.03845,1.04269,0.001324376,0.001007853,0.003023558
6/30/22 16:04,UP,1.04265,1.04793,1.0419,1.04648,0.000324951,0.001085134,0.003255401
7/1/22 6:33,DOWN,1.04648,1.04887,1.04473,1.04533,-0.001242854,0.000920039,0.002760118
7/1/22 10:33,UP,1.0453,1.04738,1.04327,1.04735,0.001557521,0.000902634,0.002707903
7/1/22 11:52,DOWN,1.04735,1.04742,1.0436,1.04402,-0.001646122,0.001007956,0.003023867
7/1/22 13:35,DOWN,1.04404,1.04409,1.03925,1.04045,-0.000662955,0.001062426,0.003187278
7/1/22 18:46,UP,1.04042,1.04325,1.03656,1.04315,0.002928119,0.001219895,0.003659686
7/4/22 11:15,UP,1.04315,1.0463,1.04165,1.04619,0.001453947,0.001000349,0.003001048
7/4/22 15:03,DOWN,1.0462,1.0462,1.04223,1.04285,-0.000632681,0.001020916,0.003062748
7/5/22 7:24,DOWN,1.04286,1.04491,1.03943,1.03993,-0.003235363,0.001095594,0.003286781
7/5/22 8:17,DOWN,1.03993,1.03997,1.03513,1.03537,-0.001910534,0.001275784,0.003827351
7/5/22 9:35,DOWN,1.03537,1.03604,1.02975,1.03072,-0.000717687,0.00133382,0.00400146
7/5/22 14:12,DOWN,1.03071,1.03073,1.02518,1.02606,-0.001120165,0.001174646,0.003523937
7/6/22 9:29,DOWN,1.02608,1.02766,1.02248,1.0232,-0.001357561,0.00101497,0.003044911
7/6/22 11:25,DOWN,1.0232,1.02321,1.01862,1.01977,-0.000392168,0.001092028,0.003276083
7/7/22 2:48,UP,1.01975,1.02022,1.01617,1.01997,0.001255727,0.001018617,0.003055851
7/7/22 12:58,DOWN,1.01992,1.02214,1.01706,1.01708,-0.001620977,0.001075171,0.003225514
7/8/22 0:58,UP,1.0171,1.01938,1.0144,1.0184,0.001591997,0.001025821,0.003077464
7/8/22 4:40,DOWN,1.0184,1.01918,1.01395,1.015,-0.000423556,0.000992679,0.002978037
7/8/22 7:43,DOWN,1.01495,1.01703,1.00856,1.00861,-0.005605856,0.001770232,0.005310697
7/8/22 10:34,UP,1.0086,1.01461,1.0072,1.01418,0.001914707,0.001713178,0.005139535
7/8/22 14:55,UP,1.01415,1.01791,1.01158,1.01788,0.001425545,0.001703182,0.005109546
7/11/22 2:16,DOWN,1.01787,1.01901,1.01349,1.01421,-0.000354893,0.001357907,0.00407372
7/11/22 8:09,DOWN,1.01421,1.01565,1.01055,1.01094,-0.001057861,0.001222098,0.003666295
7/11/22 12:04,DOWN,1.0109,1.01325,1.00824,1.00884,-0.000921426,0.001229535,0.003688605
7/11/22 19:58,DOWN,1.00882,1.01042,1.00336,1.00388,-0.00217916,0.001098006,0.003294019
7/12/22 1:28,DOWN,1.00391,1.00557,1.00061,1.00123,-0.002852415,0.001254301,0.003762902
7/12/22 11:22,UP,1.00125,1.00634,0.99999,1.00592,0.004533483,0.001530127,0.004590381
7/12/22 23:07,DOWN,1.0059,1.0074,1.00253,1.00276,-0.000747656,0.001145645,0.003436935
7/13/22 10:51,UP,1.00274,1.00677,1.00063,1.00611,0.002189034,0.001086997,0.003260992
7/13/22 12:34,DOWN,1.00611,1.01031,1.00047,1.00081,-0.006443957,0.001919617,0.005758852
7/13/22 14:47,UP,1.00089,1.00821,0.9998,1.00797,0.004534208,0.002130236,0.006390709
7/14/22 0:12,DOWN,1.00801,1.01224,1.00307,1.00406,-0.001234224,0.001738451,0.005215354
7/14/22 13:27,DOWN,1.00401,1.00506,0.99708,0.99877,-0.001950498,0.001314979,0.003944936
7/14/22 15:13,UP,0.99873,1.00349,0.99522,1.00061,0.000979882,0.001504631,0.004513893
7/15/22 2:14,UP,1.00061,1.0048,0.99837,1.00361,0.001485744,0.001299024,0.003897071
7/15/22 11:13,UP,1.00365,1.00595,1.00068,1.00523,0.001343879,0.001119091,0.003357272
7/15/22 15:32,UP,1.00522,1.00981,1.00408,1.00919,0.001318758,0.001242686,0.003728059
7/18/22 7:13,UP,1.00919,1.01434,1.00717,1.0138,0.003636511,0.001425019,0.004275058
7/18/22 14:24,UP,1.01386,1.018,1.01193,1.01785,0.002035769,0.001534699,0.004604096
7/18/22 21:53,DOWN,1.01784,1.02015,1.01408,1.0146,-0.000591191,0.001474753,0.00442426
7/19/22 7:29,UP,1.01487,1.01935,1.01195,1.01907,0.002357866,0.001409648,0.004228945
7/19/22 9:57,UP,1.01907,1.02588,1.01901,1.02433,0.001387234,0.001489082,0.004467246
7/20/22 10:47,DOWN,1.02434,1.02734,1.01734,1.01786,-0.006189908,0.002146865,0.006440594
7/20/22 17:38,DOWN,1.01786,1.0238,1.01643,1.01644,-0.002721491,0.002030908,0.006092723
7/21/22 5:36,UP,1.01643,1.02287,1.01554,1.02209,0.001439265,0.001754932,0.005264795
7/21/22 12:15,UP,1.02205,1.02434,1.01658,1.02428,0.005953564,0.002098903,0.006296708
7/21/22 13:35,DOWN,1.02436,1.02781,1.01533,1.01708,-0.003543092,0.002370195,0.007110586
7/22/22 7:53,DOWN,1.01707,1.02341,1.01297,1.01394,-0.004094413,0.002072745,0.006218235
7/22/22 13:49,UP,1.01393,1.02283,1.01325,1.02225,0.00335117,0.001859864,0.005579591
7/25/22 9:11,UP,1.02219,1.02556,1.01792,1.02489,0.003146746,0.001584514,0.004753542
7/26/22 9:19,DOWN,1.02488,1.02581,1.0195,1.01951,-0.002312162,0.001337522,0.004012565
7/26/22 10:28,DOWN,1.0195,1.01982,1.01355,1.01498,-0.002351958,0.001470256,0.004410768
7/27/22 11:22,UP,1.01498,1.0172,1.01076,1.01653,0.002186288,0.001163258,0.003489775
7/27/22 14:22,DOWN,1.01649,1.01668,1.01191,1.01198,-0.001836294,0.001190423,0.003571269
7/27/22 18:45,UP,1.01198,1.01953,1.00965,1.01832,0.00375833,0.001534655,0.004603964
7/28/22 6:32,UP,1.01837,1.02345,1.01803,1.02337,0.001760443,0.001270938,0.003812814
7/28/22 10:08,DOWN,1.02344,1.02345,1.01496,1.01635,-0.003222038,0.001516491,0.004549474
7/28/22 15:40,UP,1.01632,1.01753,1.01141,1.01694,0.001190552,0.001491963,0.004475889
7/28/22 23:24,UP,1.01693,1.01998,1.01421,1.01936,0.000333598,0.001486153,0.004458459
7/29/22 6:39,UP,1.01939,1.02548,1.01889,1.02408,0.002708532,0.001418939,0.004256816
7/29/22 12:25,DOWN,1.02402,1.02529,1.01854,1.01954,-0.001940169,0.001378509,0.004135526
7/29/22 17:30,UP,1.01955,1.02132,1.01461,1.01965,7.85E-05,0.001348945,0.004046835
8/1/22 2:58,UP,1.01965,1.02416,1.01942,1.02397,0.000791352,0.001268014,0.003804043
8/1/22 9:12,UP,1.02392,1.02678,1.02132,1.02582,0.000741145,0.001190372,0.003571116
8/1/22 14:58,UP,1.02586,1.0275,1.02249,1.02736,0.001003073,0.001169922,0.003509766
8/2/22 0:40,UP,1.02733,1.02925,1.02454,1.02924,0.003006731,0.001206054,0.003618161
8/2/22 7:01,DOWN,1.0292,1.02942,1.0236,1.02398,-0.001600313,0.001209141,0.003627423
8/2/22 14:14,DOWN,1.024,1.02482,1.01812,1.01917,-0.001411917,0.001213381,0.003640143
8/2/22 22:24,DOWN,1.01919,1.02135,1.01622,1.01687,-0.000884677,0.001171417,0.003514251
8/3/22 3:59,UP,1.0169,1.01939,1.015,1.01904,0.001404267,0.001153819,0.003461456
8/3/22 10:10,UP,1.01901,1.0198,1.0154,1.01974,0.00054931,0.001128652,0.003385956
8/3/22 14:00,DOWN,1.01972,1.021,1.01555,1.01586,-0.000905227,0.001139004,0.003417011
8/3/22 20:07,UP,1.01586,1.01741,1.01225,1.01713,0.001436443,0.001217546,0.003652637
8/4/22 10:05,UP,1.01716,1.0198,1.01541,1.01927,0.00055938,0.001014948,0.003044843
8/4/22 15:24,UP,1.01925,1.0234,1.01604,1.0231,0.002544531,0.00114423,0.003432689
8/5/22 12:31,DOWN,1.02309,1.0254,1.01696,1.01788,-0.005623331,0.001612462,0.004837385
8/8/22 7:54,UP,1.01787,1.02152,1.01415,1.02111,0.002539678,0.001215299,0.003645896
8/8/22 15:20,UP,1.02114,1.02197,1.01728,1.02132,0.000519071,0.001130874,0.003392623
8/9/22 8:30,UP,1.02132,1.02309,1.01853,1.02301,0.002182221,0.001043655,0.003130964
8/9/22 18:27,DOWN,1.02301,1.02476,1.0205,1.02057,-0.001135974,0.000941658,0.002824973
8/10/22 9:38,UP,1.02057,1.02309,1.0202,1.02304,0.000655125,0.000799084,0.002397253
8/10/22 12:42,UP,1.02303,1.03399,1.02216,1.03388,0.00821643,0.002155503,0.00646651
8/10/22 19:01,DOWN,1.03393,1.03689,1.0301,1.03012,-0.000572585,0.001661316,0.004983948
8/11/22 7:41,UP,1.03014,1.03295,1.02753,1.03247,0.001395687,0.001365557,0.004096671
8/11/22 18:03,DOWN,1.03247,1.03645,1.03172,1.03174,-0.000900984,0.001064163,0.003192489
8/12/22 7:52,DOWN,1.03176,1.03312,1.02911,1.02935,-0.001950785,0.000968064,0.002904193
8/12/22 14:14,DOWN,1.02933,1.03084,1.02559,1.02651,-0.001382372,0.000864881,0.002594644
8/15/22 6:49,DOWN,1.02648,1.02691,1.02323,1.02388,-0.000371068,0.000841909,0.002525727
8/15/22 9:21,DOWN,1.02384,1.02448,1.0194,1.01944,-0.001627021,0.000980038,0.002940114
8/15/22 16:15,DOWN,1.01946,1.02234,1.01739,1.01766,-0.000913444,0.000990948,0.002972843
8/16/22 7:06,DOWN,1.01766,1.01798,1.01435,1.01452,-0.001605382,0.000955025,0.002865074
8/16/22 11:52,DOWN,1.01455,1.01629,1.01225,1.01267,-0.000592318,0.000906572,0.002719715
8/16/22 13:32,UP,1.01264,1.01624,1.01249,1.01587,0.001122821,0.000949319,0.002847957
8/17/22 7:23,DOWN,1.01584,1.0195,1.01493,1.01566,-0.000413439,0.000901856,0.002705569
8/17/22 14:22,UP,1.01563,1.01987,1.01454,1.01824,0.001198864,0.000969833,0.0029095
8/18/22 6:26,DOWN,1.01821,1.0203,1.01586,1.01633,-0.001052254,0.000895865,0.002687595
8/18/22 13:45,DOWN,1.01633,1.01885,1.01298,1.01305,-0.002464755,0.001079136,0.003237409
8/18/22 17:18,DOWN,1.01307,1.01396,1.00795,1.00822,-0.00175403,0.001318784,0.003956353
8/19/22 10:46,DOWN,1.00828,1.00996,1.00547,1.00632,-0.000685432,0.001018305,0.003054914
8/19/22 16:29,DOWN,1.00633,1.00687,1.00325,1.00356,-0.001204981,0.000968948,0.002906845
8/22/22 7:49,DOWN,1.00351,1.00475,1.00034,1.00034,-0.00190753,0.00094635,0.002839049
8/22/22 13:51,DOWN,1.00033,1.00184,0.99802,0.99823,-0.002181484,0.000913551,0.002740652
8/22/22 15:34,DOWN,0.99821,0.99827,0.99333,0.99423,-0.002049737,0.001018817,0.00305645
8/23/22 6:16,DOWN,0.99421,0.99504,0.9915,0.99156,-0.000463808,0.000918338,0.002755015
8/23/22 8:47,UP,0.99154,0.99499,0.99001,0.9937,0.000322081,0.000888001,0.002664003
8/23/22 13:45,UP,0.99368,0.99795,0.99128,0.99795,0.003704433,0.001262876,0.003788627
8/23/22 17:53,DOWN,0.998,1.00182,0.9964,0.99644,-0.001474165,0.001348969,0.004046906
8/24/22 10:59,DOWN,0.99645,0.99737,0.99164,0.99206,-0.002184979,0.001139437,0.00341831
8/24/22 14:59,UP,0.99209,0.99947,0.99099,0.99905,0.005238662,0.001594702,0.004784106
8/25/22 5:24,UP,0.99902,1.00087,0.99445,0.99958,0.000740585,0.001205211,0.003615632
8/25/22 10:50,DOWN,0.99963,1.00338,0.99738,0.99781,-0.001662261,0.001260611,0.003781832
8/26/22 7:12,DOWN,0.99781,1.00007,0.99465,0.99558,-0.000883516,0.000868503,0.00260551
8/26/22 9:09,UP,0.99558,0.99968,0.99528,0.99955,0.00222347,0.001009251,0.003027752
8/26/22 13:18,UP,0.99959,1.00412,0.99858,1.00381,0.000966786,0.00110615,0.003318451
8/26/22 14:10,UP,1.00381,1.00873,1.00166,1.00817,0.001816819,0.001247239,0.003741718
8/26/22 14:40,DOWN,1.00818,1.00904,1.00293,1.0034,-0.001822138,0.001433449,0.004300348
8/26/22 16:34,DOWN,1.00342,1.00384,0.99814,0.99894,-0.000720504,0.001370442,0.004111325
8/28/22 23:12,DOWN,0.99891,0.99902,0.99417,0.99454,-0.001035119,0.001251571,0.003754713
8/29/22 9:32,UP,0.9946,0.99634,0.99141,0.99559,0.00170899,0.001122475,0.003367426
8/29/22 12:33,UP,0.9956,1.00199,0.99514,1.00122,0.002490064,0.001291059,0.003873178
8/30/22 7:17,DOWN,1.00118,1.00293,0.9981,0.99857,-0.001020939,0.000984964,0.002954893
8/30/22 8:03,UP,0.99862,1.0034,0.99845,1.00272,0.000558637,0.001265825,0.003797475
8/30/22 14:06,DOWN,1.00268,1.00552,1.00038,1.00059,-0.002475471,0.001219406,0.003658218
8/30/22 16:11,UP,1.00061,1.00354,0.99822,1.00267,0.000468858,0.001171307,0.00351392
8/31/22 7:51,DOWN,1.00262,1.00462,1.00003,1.00055,-0.000709358,0.000940486,0.002821458
8/31/22 10:10,DOWN,1.00051,1.00271,0.99741,0.99859,-0.000720757,0.001152143,0.00345643
8/31/22 13:05,UP,0.99857,1.00184,0.99712,1.00146,0.001448935,0.001141437,0.003424311
8/31/22 14:52,UP,1.00142,1.006,0.99951,1.00447,0.001484471,0.001150444,0.003451333
9/1/22 0:02,DOWN,1.0045,1.00792,1.00317,1.00327,-0.002160591,0.001045925,0.003137774
9/1/22 8:21,UP,1.00325,1.00489,1.00077,1.0047,0.00221206,0.001011225,0.003033674
9/1/22 10:34,DOWN,1.00479,1.00487,1.00021,1.00071,-0.002176084,0.001078489,0.003235467
9/1/22 13:44,DOWN,1.00072,1.00228,0.99756,0.9983,-0.000440652,0.001003327,0.003009981
9/1/22 14:23,DOWN,0.9983,0.99848,0.9933,0.9941,-0.000794373,0.001260026,0.003780079
9/2/22 2:51,UP,0.99411,0.99629,0.99108,0.99622,0.000230899,0.000960985,0.002882956
9/2/22 9:50,UP,0.99619,0.99979,0.99578,0.99937,0.001762662,0.000975218,0.002925653
9/2/22 14:58,UP,0.99938,1.003,0.99795,1.00294,0.002056074,0.001146368,0.003439104
9/2/22 16:52,DOWN,1.00297,1.00337,0.99633,0.99707,-0.00196383,0.001411278,0.004233833
9/4/22 22:08,DOWN,0.99709,0.99733,0.99158,0.99238,-0.003329866,0.001464638,0.004393914
9/5/22 5:37,DOWN,0.99236,0.99292,0.98801,0.98821,-0.001900622,0.001354757,0.00406427
9/5/22 7:36,UP,0.9882,0.99374,0.98778,0.99258,0.002643076,0.001391919,0.004175758
9/5/22 23:51,UP,0.99262,0.99523,0.99041,0.99515,0.00088468,0.001150616,0.003451849
9/6/22 7:38,UP,0.99516,0.99839,0.99426,0.99839,0.0010723,0.001082294,0.003246882
9/6/22 9:06,DOWN,0.99834,0.99864,0.99471,0.99486,-0.000482364,0.001121621,0.003364864
9/6/22 12:49,DOWN,0.99482,0.99606,0.99151,0.99162,-0.001219482,0.001106182,0.003318546
9/6/22 15:45,UP,0.99161,0.99293,0.98639,0.99159,0.00100899,0.001138214,0.003414643
9/7/22 1:38,DOWN,0.9916,0.99186,0.98804,0.98828,-0.001173068,0.000989713,0.00296914
9/7/22 8:06,UP,0.98826,0.99302,0.9877,0.99275,0.003339743,0.001299248,0.003897744
9/7/22 11:56,DOWN,0.99272,0.99274,0.9877,0.98886,-0.000657107,0.001169279,0.003507837
9/7/22 14:23,UP,0.98888,0.99257,0.98757,0.99249,0.002108035,0.001234938,0.003704815
9/7/22 17:02,UP,0.99252,0.99782,0.99248,0.99769,0.00296121,0.001334905,0.004004714
9/8/22 10:48,UP,0.99776,1.00167,0.9976,1.00125,0.001869412,0.001126704,0.003380111
9/8/22 13:13,DOWN,1.00125,1.00311,0.99373,0.99425,-0.006606242,0.001896345,0.005689036
9/8/22 18:44,UP,0.99428,1.00003,0.99306,0.99954,8.00E-05,0.001719,0.005157
9/9/22 1:06,UP,0.99952,1.00512,0.9991,1.00489,0.002700456,0.001739298,0.005217893
9/9/22 8:09,UP,1.00486,1.01105,1.00463,1.01015,0.00047529,0.001545828,0.004637483
9/9/22 11:54,DOWN,1.0101,1.01136,1.00454,1.00461,-0.00172058,0.001478051,0.004434154
9/12/22 2:38,UP,1.00459,1.00976,1.00322,1.00872,0.000942231,0.001190612,0.003571835
9/12/22 7:06,UP,1.00869,1.01612,1.00735,1.01522,0.004313777,0.001578849,0.004736547
9/12/22 10:27,DOWN,1.01522,1.01981,1.01292,1.01363,-0.001094475,0.001710463,0.00513139
9/13/22 8:42,UP,1.01366,1.0163,1.01046,1.0149,0.000453349,0.001167334,0.003502001
9/13/22 12:41,DOWN,1.01489,1.01873,1.00448,1.00578,-0.011290395,0.002953334,0.008860001
9/13/22 18:11,DOWN,1.00585,1.00641,0.99818,0.99882,-0.001460658,0.002288349,0.006865046
9/14/22 10:31,UP,0.99882,1.00237,0.99554,1.00222,0.001727659,0.001593036,0.004779107
9/14/22 14:21,DOWN,1.00221,1.00221,0.99766,0.99772,-0.00121203,0.001432963,0.00429889
9/15/22 5:19,DOWN,0.99772,1.00086,0.9962,0.99634,-0.000922954,0.001144653,0.00343396
9/15/22 8:40,UP,0.99637,0.9994,0.99558,0.99919,0.001472275,0.001167611,0.003502834
9/16/22 6:08,DOWN,0.9992,1.00179,0.99689,0.99817,-0.00139158,0.001085637,0.00325691
9/16/22 14:20,UP,0.99817,1.00024,0.99451,0.99881,0.001182104,0.001284571,0.003853713
9/19/22 6:05,DOWN,0.99883,1.00367,0.99763,0.99803,-0.001741917,0.001186608,0.003559824
9/19/22 15:30,UP,0.99802,1.00183,0.99659,1.00088,0.000129894,0.001095522,0.003286566
9/20/22 0:26,UP,1.00091,1.00507,1.00008,1.00476,0.001882818,0.001080476,0.003241429
9/20/22 8:20,DOWN,1.00475,1.00477,1.00042,1.00088,-0.002664101,0.001160925,0.003482775
9/20/22 12:09,DOWN,1.00086,1.00189,0.9979,0.99821,-0.001181418,0.001119917,0.003359751
9/21/22 1:19,DOWN,0.99823,0.99997,0.99551,0.99647,-0.000531736,0.000945798,0.002837393
9/21/22 6:34,DOWN,0.99644,0.99711,0.99071,0.99114,-0.003665811,0.001281358,0.003844074
9/21/22 15:11,DOWN,0.99116,0.99374,0.98699,0.98768,-0.001588322,0.001126693,0.003380079
9/21/22 18:10,DOWN,0.98769,0.98886,0.98126,0.98343,-0.005233225,0.001666082,0.004998247
9/21/22 18:53,UP,0.98337,0.99071,0.98295,0.98934,0.00247947,0.001739624,0.005218872
9/21/22 20:10,DOWN,0.98943,0.99105,0.98372,0.98423,-0.001421421,0.001672055,0.005016165
9/22/22 8:16,UP,0.98424,0.98746,0.98072,0.9869,0.002790393,0.001493979,0.004481936
9/22/22 14:02,DOWN,0.98685,0.99076,0.98327,0.98358,-0.002173362,0.001328188,0.003984565
9/23/22 7:06,DOWN,0.98355,0.98556,0.97698,0.97859,-0.00408936,0.00144482,0.00433446
9/23/22 11:33,DOWN,0.97856,0.98024,0.97364,0.97453,-0.001271599,0.001244713,0.00373414
9/23/22 14:39,DOWN,0.97453,0.9775,0.97215,0.97233,-0.001962427,0.001382252,0.004146755
9/23/22 18:26,DOWN,0.97233,0.97335,0.96809,0.96847,-0.000908237,0.001417521,0.004252562
9/26/22 1:10,DOWN,0.96849,0.97099,0.95523,0.96321,-0.002519637,0.001529527,0.00458858
9/26/22 7:16,UP,0.96311,0.96859,0.96198,0.96763,0.003281424,0.001434673,0.004304019
9/26/22 10:20,DOWN,0.96762,0.97018,0.96336,0.96441,-0.000269559,0.001522264,0.004566791
9/26/22 13:01,UP,0.96442,0.96896,0.96191,0.96791,0.00123021,0.00151708,0.004551239
9/26/22 15:37,DOWN,0.96786,0.9679,0.96167,0.96275,-0.002427589,0.00140987,0.00422961
9/27/22 3:55,UP,0.96274,0.96452,0.95844,0.96396,0.000944468,0.001098584,0.003295753
9/27/22 9:19,DOWN,0.96393,0.9671,0.96155,0.96209,-0.001765427,0.001092196,0.003276587
9/27/22 14:18,DOWN,0.96211,0.96528,0.95992,0.96057,-0.001082105,0.001112093,0.003336279
9/27/22 17:02,DOWN,0.96056,0.96331,0.95692,0.95755,-0.001669537,0.00112051,0.00336153
9/28/22 1:44,DOWN,0.95757,0.96012,0.95586,0.95657,-0.000783744,0.001062335,0.003187005
9/28/22 9:24,DOWN,0.95658,0.95885,0.95359,0.95427,-0.001036904,0.001165582,0.003496746
9/28/22 10:12,UP,0.95428,0.96035,0.95379,0.95855,0.003249759,0.001385199,0.004155598
9/28/22 13:53,UP,0.95853,0.96377,0.95503,0.96231,0.004040115,0.00152226,0.00456678
9/28/22 15:58,UP,0.96234,0.96885,0.95935,0.96807,0.004638506,0.001822674,0.005468022
9/28/22 17:21,UP,0.96805,0.97386,0.96763,0.97369,0.003673203,0.001925027,0.005775082
9/29/22 1:51,DOWN,0.97368,0.97511,0.96838,0.96876,-0.000154825,0.001636203,0.004908608
9/29/22 7:49,DOWN,0.96876,0.96901,0.96357,0.96398,-0.002848695,0.001533877,0.004601632
9/29/22 9:37,UP,0.96403,0.96924,0.96386,0.96889,0.000991316,0.001619527,0.00485858
9/29/22 13:52,UP,0.96889,0.97494,0.96826,0.97408,0.000503165,0.001710783,0.005132348
9/29/22 15:39,UP,0.97407,0.97898,0.97184,0.97878,0.001216539,0.001781174,0.005343522
9/29/22 22:23,UP,0.97879,0.98443,0.97694,0.98343,0.003432667,0.001687689,0.005063066
9/30/22 10:08,DOWN,0.98341,0.98542,0.97899,0.9796,-0.002090504,0.001504095,0.004512285
9/30/22 12:12,DOWN,0.97958,0.97967,0.97412,0.97477,-0.000707609,0.00148819,0.00446457
9/30/22 14:46,UP,0.97473,0.97952,0.97348,0.97878,0.002311667,0.001600766,0.004802298
10/3/22 9:53,DOWN,0.97877,0.98349,0.97527,0.97568,-0.003968827,0.001939825,0.005819475
10/3/22 14:34,UP,0.97569,0.98279,0.97541,0.98211,0.002109931,0.001896528,0.005689585
10/4/22 6:17,UP,0.98213,0.98651,0.9788,0.98599,0.002396402,0.001459765,0.004379296
10/4/22 10:55,UP,0.986,0.99039,0.98526,0.98998,0.000505188,0.001310762,0.003932286
10/4/22 13:55,UP,0.99,0.99346,0.98772,0.99223,0.00046371,0.001177113,0.003531339
10/4/22 15:28,UP,0.99222,0.99762,0.9921,0.99757,0.001886358,0.001430478,0.004291434
10/5/22 7:44,DOWN,0.99759,0.99996,0.99475,0.99496,-0.000602858,0.001296167,0.003888501
10/5/22 12:01,DOWN,0.995,0.99528,0.98998,0.9903,-0.001775662,0.001266079,0.003798236
10/5/22 13:49,DOWN,0.99032,0.99232,0.98695,0.9871,-0.00155891,0.001333495,0.004000484
10/5/22 18:19,UP,0.98708,0.98842,0.98347,0.98834,0.000475658,0.001201179,0.003603538
10/6/22 5:41,UP,0.98836,0.99267,0.98782,0.99241,0.001260354,0.001100211,0.003300633
10/6/22 8:46,DOWN,0.99241,0.99262,0.98751,0.98804,-0.002264549,0.001206648,0.003619945
10/6/22 13:26,DOWN,0.98805,0.9903,0.98392,0.98415,-0.002628256,0.001165575,0.003496724
10/6/22 16:22,DOWN,0.98415,0.98501,0.97882,0.97985,-0.002018679,0.00121183,0.003635489
10/7/22 6:34,DOWN,0.97987,0.98171,0.97722,0.97768,-0.002502798,0.001113611,0.003340833
10/7/22 8:39,UP,0.97766,0.9817,0.97656,0.98167,0.001957766,0.001166178,0.003498535
10/7/22 12:45,DOWN,0.98165,0.98166,0.97504,0.97539,-0.004204846,0.001440615,0.004321845
10/7/22 18:53,DOWN,0.97538,0.97914,0.97262,0.97408,-0.001692473,0.001260486,0.003781459
10/10/22 7:44,DOWN,0.97408,0.97535,0.97068,0.97076,-0.001975878,0.001110724,0.003332173
10/11/22 4:43,DOWN,0.9708,0.9746,0.96759,0.9682,-0.000464672,0.001121629,0.003364886
10/11/22 11:21,UP,0.96817,0.97252,0.96701,0.97209,0.001091029,0.001095979,0.003287938
10/11/22 16:14,UP,0.97208,0.9763,0.96908,0.97515,0.002248334,0.001151349,0.003454048
10/11/22 18:49,DOWN,0.97512,0.97747,0.97249,0.97251,-0.002628905,0.001366724,0.004100171
10/12/22 14:05,DOWN,0.97255,0.97353,0.96828,0.96945,-0.001010372,0.001041418,0.003124254
10/13/22 1:10,UP,0.9695,0.97222,0.96679,0.9712,0.000721018,0.001003765,0.003011294
10/13/22 9:22,UP,0.97114,0.97306,0.96855,0.97287,0.002408152,0.001073525,0.003220575
10/13/22 12:32,DOWN,0.97291,0.97531,0.96347,0.96423,-0.010204644,0.002684309,0.008052926
10/13/22 14:58,UP,0.96431,0.97261,0.96321,0.97172,0.002803085,0.002454006,0.007362018
10/13/22 17:27,UP,0.97168,0.97994,0.97108,0.97978,0.002616251,0.002559487,0.007678462
10/14/22 9:38,DOWN,0.97976,0.9809,0.97218,0.97244,-0.002731653,0.001787597,0.005362791
10/14/22 16:58,DOWN,0.97244,0.98,0.9707,0.97164,-0.000946405,0.001738133,0.005214398
10/17/22 10:29,UP,0.97166,0.97708,0.97136,0.97588,0.00069705,0.001331464,0.003994391
10/17/22 13:48,UP,0.97585,0.9798,0.97297,0.9789,0.000480246,0.001408758,0.004226274
10/17/22 15:50,UP,0.97895,0.98395,0.97792,0.98373,0.002717849,0.00144419,0.004332571
10/18/22 7:03,UP,0.98376,0.98728,0.98232,0.98638,0.001166559,0.001150183,0.00345055
10/18/22 11:13,DOWN,0.98636,0.98737,0.98127,0.98251,-0.001098622,0.001185846,0.003557537
10/18/22 13:40,UP,0.9825,0.9876,0.98214,0.98693,0.00088191,0.001201875,0.003605625
10/18/22 15:37,DOWN,0.98692,0.98704,0.98212,0.98276,-0.001738486,0.001361822,0.004085467
10/18/22 23:51,UP,0.98278,0.98726,0.98242,0.98649,0.000223038,0.00117454,0.003523619
10/19/22 7:04,DOWN,0.98648,0.98672,0.98201,0.98202,-0.00140428,0.001078539,0.003235618
10/19/22 11:01,DOWN,0.98198,0.98396,0.97765,0.9778,-0.003318277,0.001281414,0.003844242
10/20/22 4:13,DOWN,0.9778,0.98027,0.97548,0.97601,-0.000348296,0.000920063,0.00276019
10/20/22 6:51,UP,0.97606,0.97943,0.97599,0.979,0.000306482,0.00090477,0.002714311
10/20/22 11:15,UP,0.97902,0.98288,0.97715,0.98259,0.003037409,0.001130533,0.003391598
10/20/22 14:54,UP,0.98258,0.98381,0.97799,0.98369,0.001179929,0.001467543,0.00440263
10/20/22 17:14,DOWN,0.98368,0.98455,0.97853,0.97934,-0.001071576,0.001424621,0.004273862
10/21/22 9:17,DOWN,0.97931,0.98024,0.97526,0.97553,-0.001955996,0.001369393,0.00410818
10/21/22 13:05,UP,0.9755,0.978,0.97048,0.97758,0.005271753,0.001855939,0.005567816
10/21/22 15:49,UP,0.97758,0.98317,0.97519,0.98267,0.001700897,0.001935377,0.005806132
10/23/22 22:02,UP,0.98263,0.98917,0.98242,0.9886,0.002237987,0.001866471,0.005599412
10/24/22 1:55,DOWN,0.98856,0.98997,0.98312,0.98336,-0.000294864,0.001760262,0.005280786
10/24/22 13:50,UP,0.9833,0.9876,0.98068,0.98648,0.002852577,0.001467005,0.004401015
10/25/22 7:19,DOWN,0.98651,0.98988,0.9854,0.98605,-0.000557626,0.001038882,0.003116646
10/25/22 13:29,UP,0.98608,0.99277,0.98489,0.99274,0.005342934,0.001605515,0.004816544
10/26/22 5:52,UP,0.99277,0.99769,0.9925,0.99634,0.000823351,0.001193202,0.003579605
10/26/22 7:43,UP,0.99633,1.00182,0.99594,1.00152,0.003490789,0.001411574,0.004234723
10/26/22 14:49,UP,1.00152,1.0048,0.99956,1.00443,0.001713882,0.001202531,0.003607592
10/26/22 18:15,UP,1.00446,1.0086,1.00428,1.00831,0.001041889,0.001173489,0.003520468
10/27/22 9:40,DOWN,1.00832,1.0094,1.00345,1.00359,-0.002587349,0.001147505,0.003442515
10/27/22 13:07,DOWN,1.00358,1.00513,0.99859,0.99881,-0.003587833,0.001748107,0.00524432
10/27/22 16:41,DOWN,0.99865,1.00438,0.99723,0.99814,-0.000260451,0.001679892,0.005039676
10/28/22 8:00,DOWN,0.99812,0.99983,0.99376,0.99466,-0.000351817,0.001370637,0.00411191
10/28/22 15:15,DOWN,0.99468,0.999,0.99266,0.99358,-0.002462795,0.00131885,0.003956549
10/31/22 8:03,DOWN,0.99356,0.99678,0.99216,0.99232,-0.001852524,0.00120569,0.00361707
10/31/22 13:45,DOWN,0.99234,0.99491,0.99011,0.99056,-0.00071651,0.001056599,0.003169796
10/31/22 17:40,DOWN,0.99059,0.99081,0.98728,0.9874,-0.00128538,0.001082841,0.003248524
11/1/22 3:02,UP,0.98741,0.99085,0.9874,0.99045,0.00095962,0.000970742,0.002912226
11/1/22 6:19,UP,0.99048,0.99374,0.98944,0.9937,0.002730907,0.001132395,0.003397184
11/1/22 14:11,DOWN,0.9937,0.99543,0.98998,0.99022,-0.003628963,0.001465669,0.004397007
11/2/22 9:01,UP,0.99025,0.99098,0.98528,0.99027,0.001728294,0.001322298,0.003966893
11/2/22 15:11,DOWN,0.99027,0.9915,0.98668,0.98673,-0.001741614,0.001245869,0.003737608
11/2/22 18:08,UP,0.98677,0.99597,0.98588,0.99538,0.00928568,0.002550605,0.007651815
11/2/22 19:35,DOWN,0.99539,0.99759,0.98225,0.98375,-0.00510006,0.003069208,0.009207624
11/3/22 9:27,DOWN,0.98375,0.98438,0.975,0.97562,-0.001423721,0.002418904,0.007256712
11/4/22 9:37,UP,0.9756,0.9797,0.97301,0.97895,0.00154366,0.001444951,0.004334853
11/4/22 13:03,UP,0.97888,0.9862,0.9751,0.98586,0.006870361,0.002101557,0.006304671
11/4/22 14:37,UP,0.9859,0.99362,0.98395,0.99332,0.003974384,0.002398056,0.007194169
11/4/22 19:43,UP,0.99333,0.99626,0.98873,0.99626,0.001858671,0.002182339,0.006547018
11/7/22 9:19,UP,0.99623,1.0007,0.99085,0.99988,0.002593671,0.002064708,0.006194125
11/7/22 18:35,UP,0.99991,1.00298,0.99657,1.00275,0.000887953,0.001729792,0.005189375
11/8/22 9:15,DOWN,1.00273,1.00344,0.99725,0.99853,-0.000780843,0.001418468,0.004255405
11/8/22 15:18,UP,0.99851,1.00587,0.99835,1.00564,0.005244227,0.001754827,0.005264481
11/9/22 10:06,DOWN,1.00566,1.00965,1.00403,1.00432,-0.00182047,0.001350182,0.004050547
11/9/22 14:58,DOWN,1.00431,1.00645,1.00109,1.00195,-0.000239504,0.001242469,0.003727408
11/9/22 19:40,DOWN,1.00197,1.00866,0.99942,0.99943,-0.001199964,0.001721908,0.005165724
11/10/22 8:38,DOWN,0.99945,1.00432,0.99882,0.99909,-0.000960413,0.00152717,0.00458151
11/10/22 13:04,DOWN,0.99912,1.00025,0.99355,0.99442,-0.000502679,0.001377376,0.004132129
11/10/22 13:36,UP,0.99443,1.01054,0.99435,1.01024,0.015783553,0.004090302,0.012270905
11/10/22 21:39,UP,1.01004,1.0222,1.00854,1.02078,0.00157847,0.002888414,0.008665242
11/11/22 8:32,UP,1.0208,1.02533,1.01631,1.02462,0.000234261,0.002286748,0.006860243
11/11/22 13:23,UP,1.02467,1.03189,1.02406,1.03173,0.001639368,0.002018758,0.006056274
11/11/22 18:37,UP,1.0317,1.03549,1.02657,1.03528,0.001817585,0.001734956,0.005204869
11/14/22 4:36,DOWN,1.03523,1.03643,1.03052,1.0307,-0.002383884,0.001640671,0.004922013
11/14/22 11:50,DOWN,1.03069,1.03508,1.0275,1.02823,-0.001078943,0.001384459,0.004153377
11/14/22 15:34,UP,1.02826,1.03361,1.02714,1.03251,0.000339037,0.001378382,0.004135147
11/15/22 4:26,DOWN,1.03252,1.03587,1.03121,1.03166,-0.00026168,0.001122971,0.003368914
11/15/22 7:35,UP,1.03165,1.0396,1.03163,1.03861,0.004042398,0.001492745,0.004478235
11/15/22 13:39,UP,1.03865,1.0482,1.0378,1.0466,0.006528045,0.002081165,0.006243494
11/15/22 15:00,DOWN,1.04656,1.0469,1.03806,1.04022,-0.000528595,0.00200817,0.00602451
11/15/22 18:42,DOWN,1.04018,1.0409,1.02931,1.03119,-0.005280885,0.00219421,0.006582629
11/15/22 20:04,UP,1.03124,1.03777,1.028,1.03733,0.003824798,0.002212986,0.006638957
11/16/22 8:10,UP,1.03734,1.04208,1.03308,1.04156,0.003105936,0.001879433,0.005638299
11/16/22 18:22,DOWN,1.04161,1.04386,1.03668,1.03675,-0.00284139,0.001557339,0.004672018
11/17/22 11:00,DOWN,1.03679,1.04069,1.03359,1.03399,-0.001845509,0.001336225,0.004008675
11/17/22 19:10,UP,1.03395,1.03698,1.03051,1.03654,0.001409525,0.001309136,0.003927409
11/18/22 15:05,DOWN,1.03653,1.03961,1.03273,1.03314,-0.001692432,0.001528997,0.00458699
11/21/22 1:06,DOWN,1.03311,1.03719,1.03109,1.03144,-0.001559708,0.001520469,0.004561407
11/21/22 7:03,DOWN,1.03144,1.03191,1.02526,1.02531,-0.002921672,0.001627549,0.004882646
11/22/22 7:55,UP,1.02532,1.02738,1.02226,1.02657,0.001276909,0.000923769,0.002771307
11/22/22 19:08,UP,1.02657,1.03083,1.02534,1.02951,0.000874585,0.001102659,0.003307977
11/23/22 6:05,UP,1.02954,1.03313,1.02904,1.03294,0.001598659,0.001013262,0.003039785
11/23/22 15:05,UP,1.03295,1.03755,1.02965,1.03604,0.002648189,0.001098166,0.003294498
11/23/22 20:14,UP,1.03611,1.04054,1.03439,1.03983,0.000490585,0.001050082,0.003150245
11/24/22 3:26,UP,1.03986,1.04424,1.03928,1.04397,0.001908004,0.001080866,0.003242599
11/24/22 8:08,DOWN,1.04393,1.04488,1.04,1.04064,-0.002399487,0.001136166,0.003408497
11/25/22 12:47,DOWN,1.0406,1.04297,1.03819,1.03878,-0.000760218,0.001039954,0.003119862
11/25/22 16:04,UP,1.03874,1.04101,1.03547,1.04079,0.00183683,0.00111405,0.003342151
11/28/22 1:20,DOWN,1.04079,1.04151,1.03655,1.03677,-0.001166406,0.001214118,0.003642354
11/28/22 8:27,UP,1.03676,1.04089,1.03412,1.04068,0.003012181,0.001390085,0.004170256
11/28/22 9:20,UP,1.04069,1.04566,1.04037,1.04559,0.002508907,0.001535444,0.004606331
11/28/22 15:02,DOWN,1.04565,1.0497,1.04219,1.04239,-0.002261469,0.001526257,0.004578772
11/28/22 17:04,DOWN,1.04244,1.04338,1.03687,1.03777,-0.000452792,0.001463336,0.004390007
11/28/22 20:32,DOWN,1.03775,1.03882,1.03302,1.03335,-0.001894947,0.001448964,0.004346891
11/29/22 3:53,UP,1.03337,1.03834,1.0332,1.03827,0.001986041,0.001357142,0.004071427
11/29/22 13:56,DOWN,1.03822,1.03946,1.03256,1.03311,-0.003083007,0.001527255,0.004581764
11/30/22 8:58,UP,1.0331,1.03734,1.03191,1.03691,0.001486286,0.001198161,0.003594484
11/30/22 15:47,DOWN,1.03688,1.03999,1.03145,1.03157,-0.002604282,0.001589372,0.004768115
11/30/22 18:52,UP,1.03158,1.03769,1.02902,1.03554,0.001894526,0.001548823,0.004646468
11/30/22 19:56,UP,1.03559,1.04108,1.03556,1.04052,0.002097304,0.001569451,0.004708353
12/1/22 5:52,UP,1.04055,1.04517,1.03989,1.04471,0.00056491,0.001327793,0.00398338
12/1/22 13:13,UP,1.04469,1.04642,1.03934,1.0453,0.000220057,0.001467534,0.004402603
12/1/22 14:58,UP,1.04527,1.05291,1.04507,1.05239,0.001673784,0.001717156,0.005151468
12/2/22 7:04,UP,1.05235,1.05397,1.04693,1.05304,0.000588945,0.001263484,0.003790451
12/2/22 13:37,DOWN,1.05305,1.05452,1.0437,1.04504,-0.008300068,0.002341827,0.007025481
12/2/22 17:14,UP,1.04499,1.05284,1.0445,1.05281,0.001273595,0.002139586,0.006418757
12/5/22 3:29,UP,1.05281,1.05799,1.05108,1.05785,0.001570453,0.00179183,0.005375489
12/5/22 13:08,UP,1.05788,1.0595,1.0519,1.059,0.002212077,0.001663541,0.004990624
12/5/22 15:05,DOWN,1.05903,1.05919,1.05036,1.05214,-0.004135373,0.001849301,0.005547904
12/5/22 20:58,DOWN,1.05211,1.05398,1.04802,1.04876,-0.000505231,0.001546006,0.004638018
12/6/22 12:06,UP,1.04879,1.05229,1.04756,1.05207,0.001065135,0.00121095,0.00363285
12/6/22 18:21,DOWN,1.05209,1.05291,1.04703,1.04723,-0.001688746,0.001162594,0.003487781
12/7/22 10:17,UP,1.0472,1.04941,1.04431,1.04928,0.002003378,0.001004858,0.003014573
12/7/22 13:04,UP,1.04928,1.05418,1.04839,1.05334,0.002623675,0.001109647,0.00332894
12/7/22 15:11,DOWN,1.05334,1.05501,1.04951,1.05034,-0.001417583,0.001176447,0.003529342
12/8/22 14:18,UP,1.05048,1.05343,1.04881,1.05224,0.00072253,0.000857205,0.002571616
12/8/22 16:52,UP,1.05227,1.0565,1.05172,1.05533,0.000995445,0.000834108,0.002502324
12/9/22 1:21,UP,1.05534,1.05828,1.05383,1.0578,0.002006171,0.000907605,0.002722816
12/9/22 9:35,DOWN,1.05784,1.05886,1.05468,1.05473,-0.001421155,0.000821637,0.00246491
12/9/22 13:30,DOWN,1.05476,1.05689,1.05024,1.05223,-0.00300812,0.001065697,0.003197092
12/12/22 0:00,DOWN,1.05232,1.05631,1.05055,1.05212,-0.00085505,0.001153506,0.003460519
12/12/22 9:24,UP,1.05208,1.05526,1.0506,1.05479,0.00069232,0.000949703,0.00284911
12/12/22 16:10,DOWN,1.05477,1.05803,1.05176,1.05228,-0.001984194,0.001241035,0.003723106
12/13/22 7:13,UP,1.05227,1.056,1.05106,1.05581,0.000596876,0.000981333,0.002943998
12/13/22 13:32,UP,1.05578,1.06408,1.05278,1.06405,0.009015661,0.002348574,0.007045722
12/14/22 10:00,UP,1.06407,1.06736,1.06067,1.06631,0.001201122,0.001274889,0.003824666
12/14/22 20:17,UP,1.0663,1.06954,1.06207,1.06816,0.001724074,0.001025586,0.003076758
12/15/22 4:55,DOWN,1.06812,1.06887,1.06466,1.06467,-0.000779281,0.001007135,0.003021406
12/15/22 9:10,DOWN,1.06472,1.06611,1.06084,1.06151,-0.001299191,0.001021467,0.003064401
12/15/22 13:46,UP,1.06155,1.06683,1.06056,1.06628,0.001736511,0.001125332,0.003375997
12/15/22 14:26,UP,1.06632,1.07365,1.06414,1.07069,0.001430007,0.001285305,0.003855914
12/15/22 15:24,DOWN,1.07071,1.07152,1.06405,1.06422,-0.003601782,0.001554516,0.004663548
12/16/22 2:41,UP,1.06426,1.06627,1.05921,1.06568,0.001380353,0.00133743,0.004012291
12/16/22 10:07,DOWN,1.0657,1.06633,1.06094,1.06159,-0.001327315,0.001289747,0.003869241
12/16/22 16:46,DOWN,1.06161,1.0649,1.05976,1.06026,-0.001206523,0.001178041,0.003534123
12/19/22 7:18,UP,1.06024,1.06381,1.0582,1.06324,0.001421197,0.000979906,0.002939717
12/19/22 11:22,DOWN,1.06325,1.06582,1.06093,1.06123,-0.000329752,0.000995094,0.002985282
12/19/22 17:03,UP,1.06124,1.06288,1.05759,1.06244,0.001384566,0.001360984,0.004082951
12/20/22 5:57,DOWN,1.06242,1.06524,1.05788,1.05836,-0.001793621,0.00124793,0.003743789
12/20/22 8:44,UP,1.05833,1.06298,1.05828,1.0626,0.001685968,0.001193567,0.0035807
12/20/22 13:33,DOWN,1.06263,1.06462,1.0594,1.06005,-0.001140805,0.001119911,0.003359732
12/20/22 15:26,UP,1.06004,1.06587,1.05982,1.06463,0.001513407,0.001128009,0.003384026
12/20/22 18:12,DOWN,1.0646,1.06548,1.06068,1.061,-0.001440997,0.001089579,0.003268736
12/21/22 17:11,DOWN,1.06105,1.06458,1.05916,1.05933,-0.00146212,0.001065728,0.003197185
12/22/22 2:25,UP,1.05933,1.06337,1.05903,1.06273,0.000254095,0.001025715,0.003077146
12/22/22 13:51,DOWN,1.0627,1.06596,1.06036,1.06144,-0.001722588,0.001073025,0.003219074
12/23/22 7:38,UP,1.0614,1.06198,1.05732,1.06176,0.000782027,0.000797316,0.002391948
12/23/22 14:39,DOWN,1.06173,1.06331,1.05947,1.05956,-0.001584308,0.000899249,0.002697746
12/26/22 23:29,UP,1.0596,1.06402,1.05922,1.06388,0.002220759,0.001027707,0.003083121
12/27/22 13:14,DOWN,1.06383,1.06694,1.06196,1.06227,-0.002491551,0.001130853,0.003392559
12/27/22 16:56,UP,1.0623,1.06607,1.06114,1.06552,0.000328532,0.001117591,0.003352773
12/28/22 14:48,UP,1.06549,1.06747,1.06248,1.06665,0.001970721,0.000942451,0.002827354
12/28/22 15:47,DOWN,1.06665,1.06706,1.06304,1.0631,-0.00179502,0.001054365,0.003163096
12/29/22 9:56,UP,1.06311,1.06569,1.06066,1.06569,0.002198175,0.000973574,0.002920723
12/29/22 18:18,UP,1.06566,1.06906,1.06316,1.06777,0.001011966,0.000987153,0.00296146
12/30/22 6:20,DOWN,1.06772,1.06801,1.06409,1.06488,-0.00064775,0.000855619,0.002566857
12/30/22 11:46,UP,1.06487,1.06986,1.06384,1.06919,0.002172224,0.000998671,0.002996012
12/30/22 17:07,UP,1.06917,1.07047,1.06453,1.07046,0.001608078,0.00113233,0.003396991
1/2/23 7:50,DOWN,1.07043,1.07134,1.06701,1.0674,-0.002694512,0.001138795,0.003416385
1/3/23 8:03,DOWN,1.06728,1.07005,1.06201,1.06247,-0.003176217,0.00124246,0.00372738
1/3/23 9:00,DOWN,1.06245,1.06251,1.05471,1.05494,-0.002480475,0.001659008,0.004977024
1/3/23 14:42,UP,1.05497,1.0597,1.05195,1.05944,0.002788374,0.00145854,0.004375621
1/3/23 17:30,DOWN,1.05942,1.05972,1.05373,1.05511,-0.000170584,0.001333589,0.004000767
1/4/23 7:37,UP,1.05513,1.05935,1.05401,1.05911,0.002088838,0.001093163,0.00327949
1/4/23 15:14,DOWN,1.05915,1.06354,1.05822,1.05889,-0.001623025,0.001009973,0.003029918
1/5/23 0:20,UP,1.05884,1.06208,1.05812,1.06169,0.000989479,0.000850819,0.002552456
1/5/23 7:56,DOWN,1.06171,1.06317,1.05902,1.05981,-0.000726282,0.00083552,0.002506559
1/5/23 13:17,DOWN,1.0598,1.06291,1.05841,1.05891,-0.001830396,0.000895417,0.002686252
1/5/23 13:55,DOWN,1.0589,1.05908,1.05535,1.05564,-0.001287489,0.000995857,0.002987572
1/5/23 16:11,DOWN,1.05563,1.0568,1.0515,1.05255,-0.00023749,0.000911421,0.002734263
1/6/23 9:38,DOWN,1.05253,1.05434,1.04967,1.05119,-0.000485047,0.000738858,0.002216574
1/6/23 13:56,UP,1.05116,1.05451,1.04833,1.05375,0.002594109,0.000971507,0.002914521
1/6/23 15:12,UP,1.05376,1.05728,1.05009,1.05691,0.005464754,0.001636748,0.004910243
1/6/23 17:02,UP,1.05697,1.06228,1.0567,1.06223,0.001102063,0.001532218,0.004596653
1/9/23 1:31,UP,1.0622,1.06679,1.06165,1.06638,0.000393933,0.001263305,0.003789916
1/9/23 13:13,UP,1.06641,1.06998,1.06601,1.06968,0.000757523,0.001032606,0.003097818
1/9/23 14:55,UP,1.06971,1.07385,1.06936,1.07345,0.001556943,0.001148181,0.003444543
1/10/23 0:26,DOWN,1.07341,1.07607,1.07206,1.07219,-0.001127895,0.000916105,0.002748316
1/10/23 14:36,UP,1.07225,1.07595,1.07121,1.07583,0.001572115,0.000866994,0.002600983
1/11/23 3:10,DOWN,1.07583,1.07583,1.07217,1.07289,-0.000465922,0.000813379,0.002440137
1/11/23 14:30,UP,1.0729,1.0769,1.07254,1.0767,0.001598751,0.00089409,0.00268227
1/11/23 17:00,DOWN,1.07671,1.07765,1.07378,1.07384,-0.001702714,0.000907435,0.002722306
1/12/23 0:10,UP,1.07383,1.07717,1.07352,1.07692,0.000445815,0.00079252,0.00237756
1/12/23 13:33,UP,1.07693,1.0814,1.07302,1.07791,0.000928152,0.000699362,0.002098085
1/12/23 13:59,UP,1.07798,1.08389,1.0768,1.08302,0.004052447,0.001201401,0.003604203
1/12/23 17:26,UP,1.08298,1.08355,1.07518,1.08321,0.00104374,0.001414275,0.004242825
1/13/23 11:38,DOWN,1.08321,1.08682,1.08083,1.0811,-0.00275266,0.001225193,0.003675579
1/13/23 18:57,UP,1.08113,1.08389,1.07805,1.0832,0.000212356,0.001136437,0.00340931
1/16/23 2:01,UP,1.08318,1.08724,1.08204,1.08687,0.002164513,0.001115707,0.003347122
1/16/23 7:37,DOWN,1.0869,1.08743,1.08299,1.08368,-0.000479731,0.001020972,0.003062917
1/16/23 9:11,DOWN,1.08364,1.08406,1.08013,1.08017,-0.000638584,0.001037338,0.003112015
1/17/23 5:24,UP,1.0802,1.08367,1.08015,1.08299,0.000221633,0.000859749,0.002579248
1/17/23 12:55,UP,1.08299,1.08466,1.0809,1.08396,0.000442919,0.000856563,0.002569688
1/17/23 15:26,DOWN,1.084,1.08696,1.08111,1.08161,-0.001302763,0.001092812,0.003278436
1/18/23 2:41,DOWN,1.08159,1.08277,1.07743,1.07805,-0.00065838,0.000955666,0.002866999
1/18/23 7:34,UP,1.07809,1.0821,1.07659,1.08087,0.00094413,0.000932324,0.002796973
1/18/23 8:16,UP,1.08087,1.08438,1.08081,1.08432,0.001190394,0.001038201,0.003114602
1/18/23 11:50,DOWN,1.08429,1.08718,1.082,1.08263,-0.001753447,0.001076312,0.003228935
1/18/23 14:18,UP,1.08265,1.08836,1.08119,1.08767,0.001831275,0.001056654,0.003169962
1/18/23 15:45,DOWN,1.08763,1.08876,1.08361,1.0842,-0.000700732,0.001005922,0.003017767
1/18/23 17:17,DOWN,1.0842,1.08496,1.07933,1.0802,-0.001480111,0.001006951,0.003020852
1/19/23 8:24,UP,1.08023,1.08245,1.07822,1.0818,0.000906308,0.000919928,0.002759783
1/19/23 13:32,DOWN,1.08184,1.08386,1.07986,1.08014,-0.001091855,0.00086507,0.002595209
1/19/23 18:31,UP,1.08016,1.08269,1.07838,1.08269,0.001321657,0.000959636,0.002878908
1/20/23 12:44,DOWN,1.08264,1.08591,1.08144,1.08181,-0.000535995,0.000797912,0.002393737
1/20/23 15:29,UP,1.08183,1.08452,1.08023,1.08446,0.001716612,0.000966924,0.002900771
1/22/23 23:41,UP,1.08446,1.08698,1.08224,1.08684,0.00098499,0.000873356,0.002620069
1/23/23 3:15,UP,1.08684,1.09032,1.08639,1.09002,0.000412922,0.000903287,0.002709861
1/23/23 12:06,DOWN,1.09001,1.09271,1.08751,1.08754,-0.001295664,0.000975685,0.002927056
1/24/23 2:33,UP,1.08755,1.08833,1.08463,1.08788,0.000588473,0.000793296,0.002379888
1/24/23 9:55,DOWN,1.08791,1.08982,1.08532,1.08538,-0.001657032,0.000842612,0.002527837
1/24/23 16:11,UP,1.08537,1.08811,1.08351,1.08798,0.001085167,0.000871162,0.002613485
1/25/23 4:58,UP,1.088,1.0903,1.0867,1.08993,0.000229399,0.00070542,0.002116259
1/25/23 8:50,DOWN,1.08991,1.09114,1.08675,1.08699,-0.001737237,0.00087813,0.00263439
1/25/23 15:01,UP,1.08701,1.09011,1.08572,1.0895,0.000927461,0.000932507,0.002797521
1/25/23 20:57,UP,1.08945,1.09237,1.08742,1.09132,0.000458266,0.000986887,0.002960661
1/26/23 13:21,DOWN,1.09133,1.09297,1.08867,1.08937,-4.59E-05,0.00085175,0.002555249
1/26/23 15:50,DOWN,1.08936,1.09178,1.08653,1.08675,-0.002141712,0.00098225,0.002946749
1/26/23 23:04,UP,1.08675,1.08957,1.08505,1.08928,0.000376466,0.000983615,0.002950846
1/27/23 13:07,DOWN,1.08929,1.09006,1.08594,1.08651,-0.001278508,0.001002269,0.003006806
1/30/23 0:57,UP,1.08649,1.08792,1.08379,1.08741,0.000331117,0.00100969,0.003029069
1/30/23 9:53,UP,1.08744,1.09032,1.0853,1.08988,0.001276184,0.000985172,0.002955516
1/30/23 15:43,DOWN,1.08991,1.09138,1.08741,1.088,-0.001267579,0.000969301,0.002907903
1/30/23 19:22,DOWN,1.08799,1.0889,1.08393,1.08433,-0.001152122,0.000927612,0.002782837
1/31/23 8:10,DOWN,1.08432,1.08603,1.08242,1.0825,-0.001855091,0.000860445,0.002581335
1/31/23 13:32,UP,1.08245,1.08622,1.0802,1.08563,0.002656363,0.001034142,0.003102425
2/1/23 6:13,UP,1.08567,1.08758,1.08333,1.08726,0.000690045,0.000793795,0.002381384
2/1/23 12:45,UP,1.08731,1.08981,1.08658,1.08956,0.000110142,0.000691727,0.002075181
2/1/23 16:24,UP,1.08958,1.09246,1.08881,1.09193,0.000164859,0.000721407,0.002164221
2/1/23 19:45,UP,1.09187,1.09741,1.08888,1.09656,0.006523383,0.001809839,0.005429517
2/2/23 2:04,UP,1.09663,1.10333,1.09633,1.10167,8.17E-05,0.001522394,0.004567181
2/2/23 13:19,DOWN,1.10165,1.10257,1.09629,1.09655,-0.002195391,0.001310389,0.003931167
2/2/23 14:48,DOWN,1.09651,1.09886,1.091,1.09236,-0.002514322,0.001489644,0.004468933
2/3/23 1:29,DOWN,1.09233,1.09492,1.08855,1.08939,-0.00019275,0.001199856,0.003599569
2/3/23 9:57,UP,1.08941,1.09291,1.08818,1.09284,0.001620946,0.001136451,0.003409354
2/3/23 13:39,DOWN,1.09281,1.09402,1.08434,1.08602,-0.00613206,0.001812626,0.005437878
2/3/23 19:46,DOWN,1.08595,1.08764,1.08052,1.08064,-0.000564321,0.00177097,0.00531291
2/6/23 11:13,DOWN,1.08067,1.08076,1.07598,1.07626,-0.000650189,0.001146455,0.003439366
2/6/23 14:55,DOWN,1.0763,1.07833,1.0739,1.07408,-0.002259846,0.001189468,0.003568404
2/7/23 8:07,DOWN,1.07405,1.07478,1.07038,1.07051,-0.002947516,0.001103371,0.003310113
2/7/23 13:34,DOWN,1.07048,1.07349,1.06858,1.06865,-0.001682951,0.001010012,0.003030036
2/7/23 17:53,UP,1.06866,1.07442,1.0669,1.07421,0.004562575,0.00145165,0.004354949
2/7/23 18:50,DOWN,1.07416,1.0767,1.06873,1.06923,-0.001112332,0.001452447,0.00435734
2/8/23 6:07,UP,1.06925,1.07364,1.06923,1.07356,0.000363343,0.001193051,0.003579154
2/8/23 14:54,DOWN,1.07356,1.07611,1.07178,1.07217,-0.000503525,0.000986523,0.002959568
2/9/23 7:39,UP,1.07218,1.0745,1.07088,1.07375,0.000586901,0.000790186,0.002370558
2/9/23 10:26,UP,1.07372,1.07688,1.07247,1.07672,0.000994253,0.000810667,0.002432
2/9/23 14:41,UP,1.07674,1.07908,1.07588,1.07863,0.000296717,0.000753161,0.002259483
2/9/23 16:13,DOWN,1.07864,1.07896,1.07521,1.07574,-0.001059175,0.000835278,0.002505834
2/9/23 20:31,DOWN,1.07575,1.07617,1.07324,1.07329,-0.000447123,0.000729098,0.002187294
2/10/23 9:53,DOWN,1.07328,1.0753,1.07082,1.07142,-0.001044796,0.000877084,0.002631252
2/10/23 16:05,DOWN,1.07142,1.0715,1.06744,1.0683,-0.001290938,0.000777504,0.002332512
2/13/23 7:41,UP,1.06832,1.069,1.06554,1.06861,0.00116106,0.00064763,0.001942891
2/13/23 14:59,UP,1.06863,1.0707,1.06632,1.07047,0.001495789,0.000779128,0.002337385
2/14/23 0:43,UP,1.07047,1.07371,1.07019,1.07322,0.000829624,0.000715712,0.002147135
2/14/23 10:01,UP,1.07325,1.0767,1.07254,1.07648,0.001580469,0.000738794,0.002216383
2/14/23 13:50,UP,1.07652,1.08046,1.0719,1.07846,0.00145684,0.000844245,0.002532735
2/14/23 14:15,DOWN,1.07845,1.07867,1.07349,1.07412,-0.002204027,0.001053464,0.003160393
2/14/23 15:26,UP,1.0741,1.07719,1.07086,1.07591,0.000316062,0.001068862,0.003206586
2/14/23 15:59,DOWN,1.07587,1.0761,1.07068,1.07161,-0.002022943,0.001215116,0.003645348
2/15/23 6:55,DOWN,1.07159,1.07456,1.07038,1.07105,-0.000336062,0.000867823,0.00260347
2/15/23 13:24,DOWN,1.07105,1.07331,1.06965,1.06965,-0.000943789,0.000754813,0.002264438
2/15/23 15:49,DOWN,1.06964,1.07061,1.0666,1.06702,-0.000618354,0.000769124,0.002307373
2/16/23 0:12,UP,1.06699,1.06956,1.06604,1.0693,0.000392857,0.00076552,0.002296561
2/16/23 13:55,DOWN,1.06933,1.07225,1.06698,1.06735,-0.001843991,0.00090733,0.00272199
2/16/23 19:10,UP,1.06731,1.06966,1.06544,1.06958,0.0009541,0.00078914,0.002367421
2/16/23 23:55,DOWN,1.06956,1.06977,1.06623,1.06654,-0.000524925,0.000810835,0.002432504
2/17/23 4:56,DOWN,1.06652,1.06659,1.06327,1.06361,-0.001597054,0.000846603,0.002539809
2/17/23 12:39,DOWN,1.06361,1.06614,1.06127,1.06189,-0.000546047,0.000735495,0.002206484
2/17/23 14:24,UP,1.06186,1.06558,1.06128,1.06484,0.001071157,0.000775011,0.002325032
2/17/23 16:50,UP,1.06481,1.06823,1.06366,1.06771,0.001199547,0.000956672,0.002870015
2/20/23 13:15,DOWN,1.06768,1.07048,1.06702,1.06746,-0.000608737,0.000718455,0.002155364
2/21/23 2:44,DOWN,1.06746,1.06941,1.06669,1.06679,-0.000309291,0.000648571,0.001945713
2/21/23 10:26,DOWN,1.06682,1.06888,1.06427,1.06549,-0.001266221,0.000626311,0.001878932
2/21/23 15:42,UP,1.06547,1.06983,1.06439,1.06931,0.002818869,0.001034401,0.003103202
2/21/23 17:14,DOWN,1.06933,1.06946,1.06541,1.06573,-0.001040998,0.001054537,0.003163612
2/22/23 10:14,DOWN,1.06576,1.0664,1.06309,1.06363,-0.00046058,0.000809205,0.002427614
2/22/23 14:33,UP,1.06365,1.06561,1.06246,1.06546,0.000629034,0.000723242,0.002169727
2/22/23 16:10,DOWN,1.06546,1.06604,1.0625,1.063,-0.000902697,0.000718485,0.002155456
2/22/23 19:35,DOWN,1.06301,1.06362,1.06031,1.06061,-0.00104602,0.000682273,0.00204682
2/23/23 2:50,UP,1.06059,1.06243,1.05991,1.06223,0.0008759,0.000667899,0.002003696
2/23/23 9:20,DOWN,1.06226,1.06279,1.05997,1.06005,-0.001008877,0.000680329,0.002040987
2/23/23 13:02,UP,1.06005,1.06193,1.05857,1.06158,0.000933007,0.000694641,0.002083922
2/23/23 15:53,DOWN,1.06156,1.06212,1.05875,1.05882,-0.001453393,0.000818138,0.002454415
2/24/23 1:08,UP,1.05885,1.06145,1.05769,1.06102,0.001273171,0.000773842,0.002321525
2/24/23 8:14,DOWN,1.06109,1.06118,1.05797,1.05825,-0.001152183,0.000769267,0.002307801
2/24/23 13:12,DOWN,1.05822,1.05962,1.05641,1.05703,-0.000435087,0.000722749,0.002168246
2/24/23 14:11,DOWN,1.05701,1.05768,1.05429,1.05443,-0.001345793,0.000776735,0.002330206
2/27/23 6:39,DOWN,1.05439,1.05608,1.05348,1.05359,-0.000464968,0.000606225,0.001818674
2/27/23 9:47,UP,1.05355,1.05614,1.05329,1.05565,0.000170526,0.000597324,0.001791971
2/27/23 13:57,UP,1.05562,1.05821,1.05486,1.0578,0.001314912,0.000624397,0.00187319
2/27/23 15:16,UP,1.05778,1.06018,1.05757,1.05992,0.001085577,0.000654817,0.00196445
2/27/23 19:30,UP,1.05989,1.06199,1.05797,1.06099,0.000829758,0.000694631,0.002083894
2/28/23 5:35,DOWN,1.06102,1.06151,1.05831,1.05838,-0.000925515,0.000690468,0.002071404
2/28/23 9:03,UP,1.05832,1.0626,1.05819,1.06245,0.002138857,0.000860095,0.002580286
2/28/23 17:20,DOWN,1.06245,1.06454,1.05981,1.06015,-0.001103009,0.000790055,0.002370164
2/28/23 21:05,DOWN,1.06017,1.061,1.05759,1.0577,-0.000576557,0.00076857,0.00230571
3/1/23 3:48,UP,1.05771,1.05959,1.05652,1.05952,0.00106709,0.000797636,0.002392909
3/1/23 7:46,UP,1.05952,1.06234,1.05881,1.06217,0.001073851,0.000800291,0.002400872
3/1/23 9:02,UP,1.06219,1.0652,1.06217,1.06502,0.000601108,0.000823512,0.002470537
3/1/23 12:32,UP,1.06506,1.06833,1.06377,1.06797,0.001049269,0.00079026,0.002370781
3/1/23 15:16,DOWN,1.06794,1.06916,1.06434,1.06528,-0.001528945,0.000793528,0.002380585
3/2/23 4:48,DOWN,1.06528,1.06788,1.06442,1.06494,-0.000375537,0.000688287,0.002064862
3/2/23 10:04,DOWN,1.06495,1.0651,1.0619,1.06263,-0.000526856,0.000671471,0.002014412
3/2/23 13:15,DOWN,1.06262,1.06312,1.06025,1.06046,-0.000791796,0.000672115,0.002016344
3/2/23 18:15,DOWN,1.0605,1.06148,1.05765,1.05781,-0.001058231,0.000731405,0.002194216
3/3/23 0:56,UP,1.05783,1.06083,1.05768,1.0608,0.000924258,0.000802644,0.002407931
3/3/23 14:05,UP,1.06081,1.06298,1.06004,1.06269,0.00082843,0.000682453,0.002047358
3/3/23 15:02,DOWN,1.0627,1.06271,1.05974,1.05975,-0.002054976,0.00083293,0.002498789
3/3/23 18:15,UP,1.05978,1.06276,1.05884,1.06238,0.000423667,0.000803607,0.002410822
3/6/23 5:57,UP,1.06239,1.06503,1.062,1.06467,4.70E-05,0.000708209,0.002124627
3/6/23 10:18,DOWN,1.06464,1.06575,1.06253,1.0632,-0.000329141,0.000682853,0.002048559
3/6/23 13:38,UP,1.06321,1.06555,1.06221,1.06549,0.001023527,0.00068124,0.002043721
3/6/23 15:28,UP,1.06551,1.06851,1.06495,1.06777,0.000477745,0.000657771,0.001973314
3/7/23 9:28,DOWN,1.06775,1.06947,1.06583,1.06638,-0.001049731,0.000730944,0.002192831
3/7/23 15:04,DOWN,1.06634,1.06721,1.06067,1.0607,-0.003472798,0.001091655,0.003274964
3/7/23 17:03,DOWN,1.06066,1.06158,1.05702,1.05758,-0.000189093,0.000945239,0.002835717
3/7/23 18:56,DOWN,1.05755,1.05883,1.0552,1.05529,-0.000795673,0.000963835,0.002891504
3/8/23 14:32,UP,1.05528,1.05619,1.05244,1.05582,0.001326863,0.000754485,0.002263455
3/9/23 9:47,UP,1.05583,1.05741,1.0529,1.05605,0.000208345,0.000575221,0.001725662
3/9/23 13:16,DOWN,1.05597,1.05815,1.05524,1.05574,-0.001069767,0.000730753,0.00219226
3/9/23 16:36,UP,1.05575,1.05866,1.05535,1.05804,0.001030738,0.000688497,0.002065491
3/10/23 1:03,UP,1.05804,1.05995,1.05694,1.05924,0.000132179,0.000660682,0.001982045
3/10/23 13:38,UP,1.05925,1.06324,1.05739,1.06264,0.004215377,0.001237232,0.003711696
3/10/23 15:05,UP,1.06254,1.06822,1.0612,1.06795,0.002174749,0.001221416,0.003664248
3/10/23 18:33,DOWN,1.06791,1.07008,1.06498,1.06519,-0.001454082,0.001091972,0.003275917
3/12/23 21:19,UP,1.06516,1.06866,1.0636,1.06861,0.004351544,0.001410675,0.004232025
3/13/23 2:45,UP,1.06861,1.07183,1.0664,1.07149,0.00236399,0.001389842,0.004169527
3/13/23 9:07,DOWN,1.07146,1.07373,1.06904,1.06925,-0.001345832,0.001171045,0.003513134
3/13/23 13:13,UP,1.06923,1.0699,1.06502,1.0698,0.000327217,0.000991558,0.002974674
3/13/23 16:00,UP,1.06986,1.07336,1.06932,1.0731,0.001426793,0.000950933,0.002852798
3/14/23 0:33,DOWN,1.07308,1.07486,1.07115,1.07188,-0.000811329,0.000743712,0.002231136
3/14/23 7:39,DOWN,1.07192,1.07228,1.06798,1.06882,-0.001196866,0.000649617,0.00194885
3/14/23 10:04,UP,1.06882,1.07144,1.06788,1.0709,0.000709935,0.000605098,0.001815294
3/14/23 12:30,UP,1.07091,1.07319,1.06989,1.07296,0.000410165,0.000576347,0.001729042
3/14/23 13:45,DOWN,1.07311,1.07496,1.07004,1.07034,-0.002444829,0.000955664,0.002866992
3/14/23 17:52,UP,1.07031,1.07432,1.0698,1.07386,0.000894371,0.000955131,0.002865393
3/15/23 9:18,DOWN,1.07382,1.076,1.0715,1.07209,-0.001500613,0.000873919,0.002621756
3/15/23 9:42,DOWN,1.07209,1.07234,1.06718,1.06766,-0.004140677,0.001321598,0.003964795
3/15/23 11:03,DOWN,1.06766,1.06846,1.06197,1.06259,-0.001138079,0.001464713,0.004394139
3/15/23 12:24,DOWN,1.06257,1.06278,1.05619,1.05778,-0.000793801,0.001489678,0.004469035
3/15/23 15:24,DOWN,1.05777,1.05964,1.05223,1.05371,-0.000531314,0.001227991,0.003683973
3/15/23 18:38,UP,1.05374,1.059,1.0516,1.0577,0.002726603,0.001252559,0.003757676
3/16/23 5:40,UP,1.05772,1.06158,1.05729,1.06129,0.001310585,0.000964378,0.002893134
3/16/23 12:54,DOWN,1.06133,1.06357,1.05757,1.05977,-0.001668781,0.000972348,0.002917045
3/16/23 15:58,UP,1.05975,1.06266,1.05507,1.06229,0.002988581,0.001217579,0.003652737
3/17/23 2:43,UP,1.06229,1.06391,1.05916,1.06356,0.000884215,0.000974165,0.002922495
3/17/23 7:52,UP,1.06354,1.06695,1.06315,1.06669,0.000393819,0.000929724,0.002789173
3/17/23 10:16,DOWN,1.06678,1.06702,1.06346,1.06358,-0.001353002,0.000926323,0.00277897
3/17/23 16:29,UP,1.06361,1.06735,1.0612,1.06718,0.002354763,0.000991375,0.002974124
3/20/23 7:18,DOWN,1.06718,1.06904,1.06418,1.06542,-0.001106932,0.000785657,0.002356971
3/20/23 10:02,UP,1.06539,1.06779,1.06314,1.06719,0.000553007,0.000917959,0.002753877
3/20/23 12:18,UP,1.06712,1.0709,1.06712,1.0707,0.000981148,0.000925999,0.002777998
3/21/23 8:15,UP,1.07068,1.07346,1.07027,1.07333,0.001678432,0.000713496,0.002140489
3/21/23 11:03,UP,1.07333,1.07701,1.07248,1.07661,0.001738444,0.00082214,0.00246642
3/22/23 9:17,UP,1.07666,1.07903,1.07563,1.07902,0.001344716,0.000698358,0.002095074
3/22/23 18:05,UP,1.079,1.0859,1.07755,1.08541,0.005774835,0.001551822,0.004655465
3/23/23 3:48,UP,1.08536,1.09128,1.08337,1.08993,0.000477209,0.001399675,0.004199024
3/23/23 17:56,DOWN,1.08996,1.09299,1.08641,1.08667,-0.002325508,0.001132404,0.003397213
3/23/23 22:47,DOWN,1.08668,1.08768,1.08241,1.08289,-0.000996834,0.001114632,0.003343895
3/24/23 8:28,DOWN,1.08289,1.08373,1.07728,1.0786,-0.002305888,0.001147473,0.003442418
3/24/23 10:15,DOWN,1.07856,1.07941,1.07214,1.07293,-0.000885034,0.001492428,0.004477284
3/24/23 20:11,UP,1.07294,1.07677,1.07132,1.07606,-6.51E-05,0.001197412,0.003592237
3/27/23 16:16,UP,1.07608,1.0795,1.07449,1.07901,0.000741695,0.000847403,0.002542208
3/28/23 3:02,UP,1.07901,1.08197,1.0786,1.08154,0.000351413,0.00077652,0.002329559
3/28/23 12:46,UP,1.0815,1.08471,1.08061,1.08401,0.000682884,0.00075284,0.002258519
3/29/23 1:42,UP,1.08401,1.08496,1.08163,1.08437,8.30E-05,0.000650353,0.001951058
3/29/23 9:57,UP,1.08433,1.08581,1.08179,1.08579,0.001862129,0.000766154,0.002298462
3/29/23 16:04,DOWN,1.08575,1.08714,1.08244,1.08311,-0.000581489,0.00079657,0.00238971
3/30/23 8:32,UP,1.08312,1.08688,1.08235,1.08688,0.001675921,0.001033207,0.003099621
3/30/23 12:55,UP,1.08681,1.09105,1.08588,1.09042,0.001495955,0.001029262,0.003087786
3/31/23 7:36,DOWN,1.09045,1.09264,1.08851,1.08872,-0.00132178,0.000939575,0.002818724
3/31/23 18:56,DOWN,1.0887,1.09021,1.08481,1.08592,-0.00021178,0.000913814,0.002741443
4/2/23 22:33,DOWN,1.08592,1.08605,1.08228,1.08245,-0.001790626,0.001020958,0.003062874
4/3/23 5:54,DOWN,1.08238,1.08267,1.07882,1.07913,-0.000185317,0.000974801,0.002924403
4/3/23 7:19,UP,1.0791,1.08301,1.07891,1.08289,0.001589605,0.001091977,0.003275931
4/3/23 10:51,UP,1.08287,1.08714,1.08226,1.08694,0.001979989,0.001107926,0.003323779
4/3/23 19:29,UP,1.08697,1.0917,1.08607,1.08994,0.001165881,0.000974227,0.002922682
4/4/23 8:01,UP,1.08996,1.09383,1.08827,1.09229,0.0012917,0.000933762,0.002801285
4/4/23 13:08,DOWN,1.09232,1.09361,1.08867,1.08906,-0.001202149,0.000888695,0.002666086
4/4/23 14:11,UP,1.08904,1.09416,1.08885,1.09383,0.002902281,0.001150999,0.003452998
4/5/23 13:40,DOWN,1.09381,1.09734,1.09341,1.09391,-0.001561979,0.000933843,0.002801529
4/5/23 14:55,DOWN,1.09388,1.0967,1.09027,1.09104,-0.002014394,0.001118033,0.0033541
4/6/23 15:31,UP,1.09105,1.09284,1.08847,1.09216,0.000549521,0.000959022,0.002877065
4/7/23 12:43,DOWN,1.09218,1.09377,1.08764,1.08926,-0.002164265,0.000976907,0.002930721
4/10/23 12:24,DOWN,1.08927,1.09175,1.08574,1.0858,-0.003245786,0.001138534,0.003415603
4/10/23 23:59,UP,1.08576,1.08722,1.08313,1.08687,0.000644259,0.000944646,0.002833937
4/11/23 7:25,UP,1.08687,1.09024,1.0867,1.09019,0.001735147,0.00093964,0.002818919
4/11/23 14:25,UP,1.09019,1.09281,1.0894,1.09231,0.000192272,0.000746877,0.002240632
4/12/23 2:12,UP,1.09231,1.0929,1.08961,1.09255,8.24E-05,0.000700553,0.00210166
4/12/23 12:34,UP,1.09253,1.09858,1.09159,1.09808,0.005314256,0.001444207,0.004332622
4/13/23 7:24,UP,1.09804,1.10051,1.09581,1.09983,0.000936947,0.000963085,0.002889256
4/13/23 12:42,UP,1.09988,1.10459,1.09954,1.10285,0.000589556,0.000868259,0.002604777
4/13/23 13:51,UP,1.10283,1.10678,1.10271,1.10641,0.001257105,0.000960255,0.002880765
4/14/23 5:58,UP,1.10643,1.10752,1.10439,1.10731,0.000171602,0.000715802,0.002147407
4/14/23 12:44,DOWN,1.10729,1.10761,1.10267,1.10316,-0.002354093,0.000839314,0.002517942
4/14/23 14:40,DOWN,1.1032,1.10366,1.09962,1.10056,-0.00014537,0.000761593,0.00228478
4/14/23 16:46,DOWN,1.10054,1.10097,1.09724,1.09733,-0.000564848,0.000788462,0.002365385
4/17/23 1:15,DOWN,1.09735,1.09997,1.09616,1.09623,-0.002305251,0.000940124,0.002820371
4/17/23 5:51,UP,1.09627,1.09948,1.09617,1.09939,0.001083005,0.000912246,0.002736739
4/17/23 12:46,DOWN,1.09942,1.1,1.09584,1.09592,-0.002187546,0.000997433,0.0029923
4/17/23 14:14,DOWN,1.09596,1.09612,1.09193,1.09224,-0.000997452,0.0009939,0.002981699
4/18/23 5:37,UP,1.09221,1.09409,1.09091,1.09398,0.000438861,0.000710846,0.002132537
4/18/23 8:00,UP,1.09396,1.0971,1.0935,1.09674,0.000738825,0.000739725,0.002219175
4/18/23 13:28,DOWN,1.09673,1.09831,1.09465,1.09494,-0.000483928,0.000789912,0.002369736
4/18/23 20:27,UP,1.09497,1.0975,1.09429,1.09732,9.11E-05,0.000690172,0.002070517
4/19/23 6:21,DOWN,1.09729,1.09842,1.09538,1.09551,-0.000729987,0.000636236,0.001908708
4/19/23 9:51,DOWN,1.09553,1.09726,1.09262,1.09292,-0.002202674,0.000773993,0.002321979
4/19/23 13:20,UP,1.09288,1.09578,1.09172,1.09514,0.000822151,0.000798478,0.002395434
4/20/23 12:14,DOWN,1.09514,1.09795,1.09383,1.09399,-0.002683806,0.001021165,0.003063495
4/20/23 13:10,UP,1.09401,1.09851,1.09335,1.09768,0.000337131,0.001119267,0.0033578
4/21/23 5:25,DOWN,1.09765,1.09898,1.09563,1.09586,-0.000501763,0.000807858,0.002423574
4/21/23 11:14,UP,1.09586,1.09722,1.0938,1.09708,0.000738596,0.000848964,0.002546891
4/21/23 14:09,DOWN,1.09705,1.09938,1.09425,1.09462,-0.000894887,0.001065536,0.003196609
4/21/23 18:18,UP,1.09464,1.0988,1.09442,1.09858,0.001074691,0.001066077,0.003198232
4/24/23 9:00,UP,1.09859,1.10097,1.09658,1.10057,0.001764278,0.000878081,0.002634244
4/24/23 16:50,UP,1.10056,1.10372,1.09991,1.10336,0.000725321,0.000843037,0.002529111
4/25/23 1:02,UP,1.10337,1.10667,1.1031,1.10603,0.000262233,0.000776462,0.002329385
4/25/23 7:08,DOWN,1.10603,1.10672,1.10302,1.10338,-0.001630022,0.000751807,0.00225542
4/25/23 11:39,DOWN,1.10336,1.10442,1.10141,1.10144,-0.000535519,0.000687788,0.002063364
4/25/23 13:59,DOWN,1.10141,1.10296,1.09943,1.09986,-0.000654415,0.000690678,0.002072034
4/25/23 16:24,DOWN,1.09982,1.1004,1.09653,1.09696,-0.000601482,0.000720658,0.002161973
4/26/23 6:01,UP,1.09697,1.09907,1.09641,1.09854,0.000336867,0.000560428,0.001681284
4/26/23 7:11,UP,1.09858,1.10118,1.09848,1.10065,0.00050892,0.000636541,0.001909623
4/26/23 8:49,UP,1.10062,1.10399,1.10052,1.10349,0.000815927,0.000675941,0.002027822
4/26/23 13:28,UP,1.1035,1.10956,1.10313,1.10922,0.00382983,0.001222579,0.003667737
4/26/23 14:57,DOWN,1.10929,1.10933,1.10418,1.10429,-0.001429761,0.001214092,0.003642277
4/27/23 12:38,DOWN,1.10426,1.10637,1.10111,1.10145,-0.002819572,0.001083437,0.003250311
4/27/23 19:32,UP,1.1014,1.103,1.0992,1.10269,0.000272099,0.000898177,0.00269453
4/28/23 7:17,DOWN,1.10264,1.10394,1.09945,1.09945,-0.002879111,0.001016826,0.003050479
4/28/23 13:21,UP,1.09949,1.10157,1.09626,1.10056,0.000836288,0.000948268,0.002844803
4/28/23 14:57,UP,1.10055,1.10392,1.09908,1.10355,0.001087991,0.000953297,0.00285989
4/28/23 19:08,DOWN,1.10359,1.10453,1.10119,1.10125,-0.001170711,0.000862157,0.002586471
5/1/23 9:00,DOWN,1.10123,1.10292,1.09915,1.09925,-0.000800226,0.00073288,0.00219864
5/1/23 12:34,UP,1.09923,1.102,1.09884,1.10161,0.000472148,0.000705845,0.002117534
5/1/23 14:11,DOWN,1.10165,1.10359,1.09962,1.09992,-0.00195278,0.000869624,0.002608872
5/1/23 15:38,DOWN,1.09995,1.10013,1.09675,1.09688,-0.000164088,0.000859153,0.00257746
5/2/23 1:35,UP,1.09691,1.09944,1.09643,1.09926,0.001411035,0.000744132,0.002232397
5/2/23 8:16,DOWN,1.09927,1.10069,1.096,1.09664,-0.001558094,0.00077447,0.002323411
5/2/23 14:38,UP,1.09668,1.09904,1.0942,1.09868,0.002588267,0.000950389,0.002851168
5/2/23 23:51,UP,1.09869,1.1014,1.0974,1.10111,0.000645012,0.00081277,0.002438311
5/3/23 7:31,UP,1.10113,1.10413,1.10047,1.10366,0.000779529,0.000751105,0.002253316
5/3/23 18:04,UP,1.1037,1.10918,1.10221,1.10674,0.001636773,0.000687698,0.002063095
5/3/23 19:11,DOWN,1.10674,1.10779,1.10373,1.10432,-0.000986546,0.000660723,0.00198217
5/3/23 22:04,UP,1.10436,1.10717,1.10407,1.10698,0.001554985,0.000770014,0.002310043
5/4/23 7:39,DOWN,1.10689,1.10916,1.10621,1.10658,-0.000189756,0.000692778,0.002078335
5/4/23 11:14,UP,1.10664,1.10722,1.10365,1.1069,0.001328916,0.000769307,0.002307922
5/4/23 12:33,DOWN,1.10692,1.10847,1.10126,1.10186,-0.003071893,0.0011016,0.003304801
5/5/23 2:12,UP,1.10187,1.10551,1.09861,1.1034,0.000770643,0.000960945,0.002882834
5/5/23 12:20,DOWN,1.10344,1.1048,1.10074,1.10166,-0.000426538,0.000775135,0.002325404
5/5/23 12:37,DOWN,1.10167,1.10187,1.09716,1.09762,-0.003673934,0.001172455,0.003517366
5/5/23 15:15,UP,1.0976,1.10218,1.09667,1.10212,0.001607287,0.001051739,0.003155218
5/8/23 4:57,UP,1.10215,1.10443,1.10096,1.1043,0.000534418,0.000914135,0.002742404
5/8/23 15:08,DOWN,1.10427,1.10538,1.10115,1.10152,-0.000880214,0.000862908,0.002588724
5/9/23 0:25,DOWN,1.10148,1.10295,1.0986,1.09869,-0.001337063,0.000860423,0.002581269
5/9/23 12:08,DOWN,1.09862,1.10009,1.09583,1.09595,-0.001303954,0.000844592,0.002533777
5/10/23 2:32,UP,1.09596,1.09743,1.09411,1.09727,9.11E-05,0.000756087,0.002268261
5/10/23 9:22,DOWN,1.09729,1.09826,1.09478,1.09495,-0.000657348,0.00087468,0.002624039
5/10/23 12:41,UP,1.095,1.0992,1.09416,1.09905,0.004276453,0.001318594,0.003955782
5/10/23 17:50,DOWN,1.09898,1.10071,1.09616,1.09652,-0.000619952,0.001206851,0.003620552
5/11/23 6:37,DOWN,1.09656,1.09984,1.09455,1.09455,-0.003238094,0.001291871,0.003875613
5/11/23 13:55,DOWN,1.0945,1.09545,1.0902,1.09039,-0.001402184,0.001027932,0.003083797
5/12/23 7:46,UP,1.09039,1.09356,1.09001,1.09303,0.000137243,0.000745696,0.002237088
5/12/23 11:34,DOWN,1.09303,1.09305,1.08889,1.08925,-0.001513658,0.000885682,0.002657046
5/12/23 15:04,DOWN,1.08922,1.08975,1.08601,1.08626,-0.001094902,0.000796761,0.002390282
5/15/23 7:29,UP,1.08626,1.08722,1.08452,1.08716,0.000294388,0.000596238,0.001788715
5/15/23 17:19,UP,1.08717,1.08909,1.08554,1.08786,0.000478117,0.00048702,0.001461061
5/16/23 8:00,UP,1.08784,1.08947,1.08627,1.0888,0.000679878,0.000519056,0.001557168
5/16/23 12:30,DOWN,1.08883,1.09047,1.08732,1.08744,-0.001075343,0.000577763,0.001733288
5/16/23 14:21,DOWN,1.08753,1.08895,1.08597,1.08666,-0.000965797,0.000607808,0.001823423
5/17/23 7:41,DOWN,1.08665,1.08737,1.08388,1.08396,-0.001953882,0.000733041,0.002199124
5/17/23 16:59,UP,1.08398,1.08483,1.08102,1.08416,0.000802787,0.000727017,0.002181051
5/18/23 6:56,DOWN,1.08414,1.08493,1.08234,1.08249,-0.00036945,0.000596539,0.001789616
5/18/23 12:32,DOWN,1.08245,1.08312,1.07961,1.08003,-0.001619014,0.000705247,0.002115741
5/18/23 14:39,DOWN,1.08006,1.08008,1.07748,1.07749,-0.000584521,0.000704173,0.00211252
5/19/23 8:37,UP,1.07749,1.07921,1.07599,1.07889,0.000769605,0.000690227,0.00207068
5/19/23 12:28,UP,1.07885,1.08158,1.07866,1.0813,0.000823422,0.000691504,0.002074513
5/19/23 14:56,DOWN,1.08132,1.08239,1.07843,1.07866,-0.000639478,0.000655492,0.001966477
5/19/23 15:17,UP,1.07868,1.08224,1.07821,1.08176,0.002869814,0.00094765,0.002842949
5/22/23 12:38,UP,1.08173,1.08314,1.07954,1.08285,0.000711339,0.000764877,0.002294631
5/22/23 15:06,DOWN,1.08288,1.08298,1.07973,1.08041,-0.000490434,0.000705657,0.002116972
5/23/23 7:15,DOWN,1.08037,1.08217,1.0791,1.0791,-0.001601904,0.000700201,0.002100604
5/23/23 10:30,DOWN,1.07909,1.08083,1.07698,1.07725,-0.000900036,0.000734734,0.002204201
5/23/23 14:03,UP,1.07723,1.07931,1.0763,1.07897,0.00092724,0.000726541,0.002179622
5/23/23 16:45,DOWN,1.07894,1.07953,1.07602,1.07673,-0.000677749,0.000675403,0.002026209
5/24/23 10:24,DOWN,1.07676,1.07948,1.07481,1.07519,-0.002341029,0.000751842,0.002255527
5/24/23 12:14,UP,1.07517,1.07899,1.0749,1.07847,0.000992639,0.00083912,0.002517361
5/24/23 14:49,DOWN,1.07847,1.08014,1.07618,1.0763,-0.000213672,0.000784708,0.002354123
5/25/23 2:10,DOWN,1.0763,1.07661,1.07404,1.0742,-8.38E-05,0.000649481,0.001948444
5/25/23 12:41,DOWN,1.07423,1.0746,1.07141,1.07173,-0.00142658,0.000681961,0.002045884
5/26/23 2:07,UP,1.07171,1.07375,1.07073,1.07364,0.000894554,0.000692921,0.002078762
5/26/23 12:03,UP,1.0737,1.07588,1.07253,1.07534,0.00053951,0.000612341,0.001837024
5/26/23 13:39,DOWN,1.0753,1.07579,1.07249,1.07264,-0.001062234,0.00068072,0.002042161
5/26/23 15:07,DOWN,1.07261,1.0741,1.0702,1.07076,-0.000476184,0.000786145,0.002358434
5/29/23 1:44,UP,1.07078,1.07331,1.07017,1.0728,0.000801962,0.000739522,0.002218567
5/29/23 10:29,DOWN,1.0728,1.07437,1.07132,1.07145,-0.000233301,0.000676027,0.002028082
5/30/23 5:34,DOWN,1.07143,1.07265,1.0684,1.06924,-0.001308485,0.000764765,0.002294294
5/30/23 8:51,UP,1.06928,1.07085,1.06724,1.07044,0.001046846,0.000797251,0.002391754
5/30/23 10:46,UP,1.07044,1.0736,1.0697,1.07338,0.000708295,0.000815868,0.002447605
5/30/23 17:22,DOWN,1.0734,1.07467,1.07141,1.07179,-0.000764783,0.000703587,0.002110762
5/31/23 2:20,DOWN,1.07176,1.07372,1.07092,1.07095,-0.000840022,0.000729716,0.002189147
5/31/23 6:43,DOWN,1.07099,1.07099,1.06835,1.06848,-0.000664275,0.000741411,0.002224232
5/31/23 8:57,DOWN,1.06846,1.06887,1.066,1.06611,-0.000881322,0.000688883,0.00206665
5/31/23 11:39,UP,1.06612,1.06874,1.06586,1.06866,0.000964289,0.000680277,0.002040831
5/31/23 14:22,DOWN,1.06858,1.07053,1.0658,1.06597,-0.001190694,0.000966696,0.002900087
5/31/23 16:36,DOWN,1.06597,1.0685,1.0638,1.06385,-0.00140898,0.000971113,0.002913339
5/31/23 18:56,UP,1.06388,1.068,1.06351,1.06729,0.000318615,0.001010475,0.003031426
6/1/23 9:56,UP,1.06727,1.0709,1.06617,1.07072,0.001617042,0.0009065,0.0027195
6/1/23 13:50,UP,1.07075,1.07279,1.06845,1.07258,0.001184762,0.000920334,0.002761001
6/1/23 16:55,UP,1.07255,1.07642,1.07211,1.07633,0.00121784,0.000840628,0.002521883
6/2/23 12:50,DOWN,1.07631,1.07791,1.07347,1.07436,-0.0015625,0.000681457,0.00204437
6/2/23 13:30,UP,1.07436,1.07688,1.07363,1.07687,0.000752463,0.000765044,0.002295131
6/2/23 14:28,DOWN,1.07688,1.07711,1.07233,1.07278,-0.001322788,0.000906691,0.002720072
6/4/23 23:16,DOWN,1.0728,1.07346,1.06998,1.07008,-0.000457805,0.000791135,0.002373405
6/5/23 12:54,DOWN,1.07008,1.07048,1.06745,1.06762,-0.001263696,0.000649393,0.00194818
6/5/23 14:07,UP,1.06762,1.072,1.06754,1.07154,0.003028266,0.000963983,0.002891948
6/6/23 8:38,DOWN,1.07157,1.0733,1.06952,1.07025,-0.000672514,0.000745872,0.002237615
6/6/23 12:00,DOWN,1.07022,1.07037,1.06761,1.06784,-0.000879894,0.000696496,0.002089488
6/6/23 15:56,UP,1.06784,1.0697,1.0667,1.06961,0.000869854,0.000684517,0.002053552
6/7/23 6:39,DOWN,1.0696,1.07045,1.06735,1.06745,-0.001245184,0.000662935,0.001988805
6/7/23 9:32,UP,1.0675,1.06976,1.06683,1.06974,0.001113039,0.000725491,0.002176474
6/7/23 13:36,UP,1.06974,1.07268,1.06918,1.07259,0.000886099,0.000773109,0.002319327
6/7/23 14:51,DOWN,1.07256,1.07398,1.07058,1.07068,-0.000793573,0.000800806,0.002402418
6/8/23 8:16,UP,1.0707,1.07194,1.06909,1.07176,0.001363174,0.000710385,0.002131154
6/8/23 12:35,UP,1.07178,1.07573,1.0713,1.07559,0.001795976,0.000774816,0.002324448
6/8/23 14:32,UP,1.07562,1.0776,1.07413,1.0776,0.000891266,0.000795848,0.002387543
6/9/23 8:20,DOWN,1.07758,1.07872,1.07619,1.07647,-0.000482944,0.000558718,0.001676155
6/9/23 12:12,UP,1.07643,1.07818,1.07565,1.07795,0.001048836,0.000584913,0.001754739
6/9/23 14:55,DOWN,1.07791,1.07843,1.07538,1.07556,-0.001059352,0.000620918,0.001862753
6/12/23 2:18,DOWN,1.07559,1.076,1.07355,1.07361,-0.000940309,0.00056459,0.001693769
6/12/23 7:46,UP,1.07358,1.07575,1.07331,1.07574,0.000864895,0.000567822,0.001703465
6/12/23 9:30,UP,1.07574,1.07841,1.07567,1.078,0.000111323,0.000651928,0.001955784
6/12/23 13:48,DOWN,1.07804,1.07903,1.0751,1.07511,-0.001626417,0.000713074,0.002139221
6/13/23 1:38,UP,1.07513,1.07686,1.07431,1.07666,0.000241517,0.000605112,0.001815337
6/13/23 5:19,UP,1.07667,1.07896,1.07641,1.07895,0.000880874,0.000626895,0.001880686
6/13/23 9:01,UP,1.07894,1.08085,1.07814,1.08069,0.000833148,0.000617696,0.001853088
6/13/23 14:18,DOWN,1.08067,1.08237,1.07782,1.07864,-0.000519038,0.000632868,0.001898604
6/14/23 5:38,DOWN,1.07858,1.08091,1.07789,1.07822,-0.000426538,0.000620055,0.001860166
6/14/23 9:21,UP,1.0782,1.08049,1.0774,1.08013,0.000435228,0.000565652,0.001696957
6/14/23 12:32,UP,1.08012,1.08277,1.08009,1.08248,0.001867829,0.000685745,0.002057235
6/14/23 14:50,UP,1.08259,1.08541,1.08218,1.08519,0.000728248,0.000653958,0.001961875
6/14/23 18:08,DOWN,1.08521,1.08642,1.08024,1.08024,-0.004912744,0.001343923,0.004031768
6/14/23 23:34,UP,1.08026,1.08453,1.08012,1.08393,0.000479851,0.001128759,0.003386277
6/15/23 9:35,UP,1.08389,1.08462,1.08038,1.08447,0.001107144,0.001007355,0.003022066
6/15/23 12:34,UP,1.08446,1.08782,1.08145,1.08722,0.002993752,0.001230501,0.003691502
6/15/23 14:15,UP,1.08728,1.09119,1.08519,1.09061,0.000963228,0.00120507,0.003615211
6/15/23 16:54,UP,1.09059,1.09452,1.09057,1.09447,0.000594071,0.001134639,0.003403918
6/16/23 12:10,UP,1.09451,1.09677,1.09339,1.09659,0.001003613,0.000792387,0.00237716
6/16/23 14:32,DOWN,1.09659,1.09708,1.09314,1.09374,-0.000731168,0.000745655,0.002236965
6/19/23 9:37,DOWN,1.09378,1.09464,1.0918,1.09206,-0.000860388,0.000617884,0.001853652
6/20/23 7:42,UP,1.09209,1.09462,1.09071,1.09383,0.00095124,0.000530536,0.001591607
6/20/23 12:56,DOWN,1.0938,1.09463,1.0912,1.09172,-0.000274758,0.000586844,0.001760531
6/20/23 14:55,DOWN,1.09174,1.09247,1.08921,1.08955,-0.000532188,0.000616363,0.00184909
6/20/23 18:34,UP,1.08956,1.09172,1.08956,1.09162,0.000192393,0.000627738,0.001883215
6/21/23 8:39,UP,1.09162,1.09339,1.09056,1.09262,0.000540132,0.00048034,0.00144102
6/21/23 14:25,UP,1.09262,1.09419,1.09081,1.09387,0.001289833,0.000548894,0.001646683
6/21/23 17:01,UP,1.09386,1.09739,1.09372,1.09681,0.00095778,0.000698752,0.002096257
6/21/23 23:40,UP,1.09683,1.09926,1.09671,1.0991,0.000154684,0.000671374,0.002014121
6/22/23 9:47,UP,1.09912,1.10042,1.09797,1.10006,0.000636531,0.000579575,0.001738726
6/22/23 12:45,DOWN,1.10003,1.1012,1.09803,1.09813,-0.000928421,0.000659439,0.001978318
6/22/23 15:19,DOWN,1.09817,1.09893,1.09559,1.09595,-0.000583798,0.000657695,0.001973084
6/23/23 2:35,DOWN,1.09596,1.09645,1.09349,1.09355,-0.001142413,0.000600848,0.001802545
6/23/23 7:18,DOWN,1.09356,1.09409,1.08838,1.08865,-0.003557711,0.001016476,0.003049428
6/23/23 12:07,UP,1.08867,1.08922,1.08445,1.08848,0.00119504,0.001031277,0.003093832
6/26/23 1:48,UP,1.08846,1.09099,1.08788,1.09054,0.000284303,0.00072124,0.00216372
6/26/23 11:54,UP,1.09057,1.09174,1.08873,1.09171,0.001044779,0.000678905,0.002036715
6/27/23 2:59,UP,1.09173,1.09352,1.08999,1.09233,0.000100707,0.000537721,0.001613162
6/27/23 7:09,UP,1.09234,1.09399,1.09163,1.09377,0.00065849,0.000583299,0.001749898
6/27/23 11:12,UP,1.0938,1.09529,1.0926,1.09497,0.000721741,0.000561809,0.001685426
6/27/23 13:36,UP,1.09494,1.0975,1.09428,1.09728,0.000756702,0.000633054,0.001899162
6/27/23 14:12,DOWN,1.09727,1.09768,1.0948,1.09483,-0.001524189,0.000722508,0.002167524
6/28/23 6:59,DOWN,1.0948,1.09657,1.09359,1.0938,-0.00117868,0.000631993,0.00189598
6/28/23 12:20,DOWN,1.09376,1.09626,1.09308,1.09343,-0.000923272,0.000629982,0.001889945
6/28/23 14:55,DOWN,1.09343,1.09446,1.09015,1.09032,-0.00118244,0.000782494,0.002347483
6/29/23 3:00,DOWN,1.09031,1.0924,1.08924,1.08927,-0.000724993,0.000704254,0.002112763
6/29/23 7:35,UP,1.08925,1.09208,1.08806,1.09133,0.00043076,0.00070315,0.002109449
6/29/23 11:53,UP,1.0913,1.09383,1.09105,1.09378,0.000942132,0.000669686,0.002009057
6/29/23 12:43,DOWN,1.09382,1.09415,1.08964,1.0903,-0.001979146,0.000844712,0.002534136
6/29/23 13:34,DOWN,1.09029,1.09064,1.08668,1.0872,-0.000183942,0.000938984,0.002816951
6/30/23 1:42,DOWN,1.08719,1.08965,1.08602,1.08646,-0.000496904,0.00070595,0.002117851
6/30/23 8:52,DOWN,1.08646,1.08757,1.08353,1.08391,-0.001217072,0.000695612,0.002086835
6/30/23 12:23,UP,1.08388,1.08742,1.08356,1.08712,0.001417591,0.000718964,0.002156892
6/30/23 13:01,UP,1.08715,1.09013,1.08705,1.09003,0.001064758,0.00081895,0.00245685
6/30/23 14:19,UP,1.09005,1.09281,1.08962,1.09266,0.000347836,0.000783266,0.002349799
7/3/23 1:23,DOWN,1.09269,1.09319,1.09005,1.09049,-0.000119205,0.000607856,0.001823569
7/3/23 6:28,DOWN,1.09052,1.09183,1.08882,1.08908,-0.001247981,0.00066649,0.001999469
7/3/23 11:17,UP,1.08903,1.09042,1.08703,1.09021,0.001183959,0.00068554,0.00205662
7/3/23 14:00,UP,1.0902,1.0934,1.08924,1.09295,0.001978258,0.000776624,0.002329871
7/4/23 3:10,DOWN,1.09296,1.09341,1.09019,1.09046,-0.000568406,0.000677383,0.002032149
7/4/23 16:39,DOWN,1.09045,1.09149,1.08896,1.08924,-0.000633269,0.000601177,0.001803531
7/5/23 5:08,DOWN,1.08925,1.08974,1.08683,1.08689,-0.000846094,0.000662115,0.001986344
7/5/23 7:20,UP,1.08686,1.09081,1.08677,1.09031,0.001679832,0.000771489,0.002314466
7/5/23 8:10,DOWN,1.09034,1.09041,1.08665,1.08736,-0.001497921,0.000862152,0.002586457
7/5/23 15:05,DOWN,1.08735,1.09021,1.0867,1.08712,-0.000119575,0.000811678,0.002435033
7/6/23 1:24,DOWN,1.0871,1.08774,1.08434,1.08435,-0.001023131,0.000730422,0.002191265
7/6/23 6:38,UP,1.08437,1.08679,1.08337,1.08638,0.00038668,0.000781327,0.002343981
7/6/23 10:23,UP,1.08635,1.08826,1.08454,1.08809,0.001324296,0.00081457,0.002443711
7/6/23 14:10,DOWN,1.08813,1.09007,1.08461,1.08494,-0.003285103,0.001180577,0.00354173
7/6/23 18:49,UP,1.08494,1.08861,1.08337,1.08844,0.0005514,0.001097275,0.003291824
7/7/23 12:30,UP,1.08847,1.09204,1.0867,1.09028,0.000981881,0.00077536,0.002326081
7/7/23 14:38,UP,1.09037,1.09452,1.08952,1.09445,0.002360131,0.000956142,0.002868425
7/10/23 9:41,UP,1.09447,1.09734,1.09424,1.09696,0.000565358,0.000676517,0.002029552
7/10/23 12:50,DOWN,1.09694,1.0971,1.09435,1.09451,-0.000538909,0.00063486,0.00190458
7/10/23 14:00,UP,1.09448,1.09714,1.09435,1.09683,0.001158553,0.000677961,0.002033884
7/10/23 17:53,UP,1.09684,1.09967,1.09664,1.09959,0.000727809,0.000623926,0.001871778
7/11/23 2:52,UP,1.09957,1.10167,1.09913,1.10153,0.000790123,0.000562645,0.001687935
7/11/23 9:05,DOWN,1.1015,1.10272,1.0999,1.10012,-0.001090196,0.000514529,0.001543586
7/11/23 12:11,DOWN,1.10008,1.10128,1.0983,1.09893,-0.000191077,0.000555918,0.001667755
7/11/23 16:57,UP,1.09894,1.10008,1.0977,1.10003,0.000691129,0.000538214,0.001614642
7/12/23 1:00,UP,1.10006,1.10218,1.09975,1.10187,0.000263224,0.000509371,0.001528112
7/12/23 5:02,UP,1.10185,1.1037,1.10185,1.10353,0.000543858,0.00048276,0.001448281
7/12/23 12:34,UP,1.10351,1.10678,1.10136,1.10574,0.003179394,0.000905129,0.002715386
7/12/23 13:46,UP,1.10579,1.10926,1.10445,1.10883,0.000378849,0.000901344,0.002704031
7/12/23 14:58,UP,1.10881,1.11236,1.10875,1.11203,0.000998673,0.000871476,0.002614428
7/13/23 0:21,UP,1.11201,1.11438,1.11105,1.11435,0.000745106,0.000707252,0.002121756
7/13/23 8:47,UP,1.11439,1.11702,1.11298,1.11687,0.001388771,0.000652991,0.001958973
7/13/23 13:42,UP,1.11684,1.1191,1.1155,1.11889,0.000509563,0.000614566,0.001843698
7/13/23 16:35,UP,1.11889,1.12089,1.11806,1.12062,0.001250089,0.000662479,0.001987436
7/13/23 22:10,UP,1.1206,1.12281,1.1202,1.12272,2.67E-05,0.000621563,0.001864689
7/14/23 3:28,UP,1.12279,1.12412,1.12134,1.124,0.000480542,0.000610906,0.001832718
7/14/23 6:35,DOWN,1.12398,1.12431,1.12146,1.12184,-0.00062378,0.0005972,0.0017916
7/14/23 8:47,UP,1.12187,1.1236,1.12041,1.12313,0.000605634,0.000684519,0.002053556
7/14/23 13:59,UP,1.12312,1.12452,1.12102,1.12394,0.000587392,0.000790451,0.002371352
7/17/23 8:19,UP,1.12386,1.12452,1.12146,1.12429,0.00076522,0.000598289,0.001794866
7/17/23 12:47,DOWN,1.1243,1.12489,1.12225,1.12226,-0.00047215,0.000551137,0.00165341
7/17/23 17:44,UP,1.12226,1.12421,1.12033,1.12413,0.000783134,0.000706907,0.002120721
7/18/23 7:07,UP,1.12416,1.12647,1.12332,1.12643,0.001456988,0.000635599,0.001906798
7/18/23 8:50,DOWN,1.12644,1.12758,1.12323,1.12328,-0.001627832,0.000791512,0.002374536
7/18/23 13:31,DOWN,1.1233,1.12701,1.1223,1.12245,-0.001184207,0.000761565,0.002284695
7/19/23 6:25,DOWN,1.12247,1.12457,1.12087,1.12148,-0.000909099,0.000522685,0.001568056
7/19/23 7:37,UP,1.12152,1.12352,1.1196,1.12325,0.000516492,0.000668909,0.002006728
7/19/23 14:11,DOWN,1.1232,1.12403,1.11986,1.11988,-0.001668429,0.000723874,0.002171622
7/20/23 0:41,UP,1.11991,1.1214,1.11743,1.12125,0.000874407,0.000706864,0.002120591
7/20/23 7:56,DOWN,1.12125,1.12292,1.1198,1.12039,-0.001025902,0.000653331,0.001959992
7/20/23 12:30,DOWN,1.12038,1.12168,1.11832,1.11883,-0.000973758,0.000655298,0.001965893
7/20/23 14:39,DOWN,1.11877,1.1191,1.1144,1.11459,-0.001568853,0.000823165,0.002469496
7/21/23 6:32,UP,1.1146,1.11526,1.11184,1.11443,0.000547515,0.000623519,0.001870557
7/21/23 11:02,DOWN,1.11446,1.11451,1.11201,1.11255,-0.000134816,0.00056138,0.00168414
7/21/23 14:08,DOWN,1.11253,1.11382,1.11115,1.11143,-0.001411598,0.000612065,0.001836194
7/24/23 0:35,UP,1.11145,1.11359,1.11078,1.1132,0.000251559,0.00051588,0.001547639
7/24/23 7:11,UP,1.1132,1.1147,1.11168,1.1147,0.001714935,0.000653291,0.001959872
7/24/23 7:30,DOWN,1.1147,1.11472,1.10957,1.10964,-0.004549672,0.001281855,0.003845565
7/24/23 18:09,DOWN,1.10962,1.11092,1.10658,1.10742,-0.000731162,0.001016505,0.003049516
7/25/23 9:30,DOWN,1.10741,1.10872,1.10527,1.10549,-0.000958391,0.000829761,0.002489282
7/25/23 13:32,DOWN,1.10548,1.10555,1.10256,1.10271,-0.001612904,0.000827837,0.00248351
7/25/23 21:55,UP,1.10269,1.10585,1.10207,1.10574,0.000425145,0.000765698,0.002297095
7/26/23 6:36,UP,1.10574,1.10712,1.10378,1.10662,0.000813618,0.000694472,0.002083415
7/26/23 18:47,UP,1.10664,1.1103,1.10566,1.10878,0.001426006,0.000750867,0.002252601
7/27/23 2:23,UP,1.10879,1.11181,1.10774,1.111,0.001125746,0.000802388,0.002407165
7/27/23 7:44,UP,1.111,1.113,1.1088,1.11295,0.001879658,0.000872207,0.002616622
7/27/23 12:30,DOWN,1.11293,1.11498,1.10761,1.10797,-0.004161119,0.001309559,0.003928676
7/27/23 13:24,DOWN,1.10808,1.10878,1.10257,1.10295,-0.001340956,0.001301501,0.003904503
7/27/23 17:05,DOWN,1.10297,1.10325,1.0984,1.09941,-0.000372858,0.00106333,0.00318999
7/28/23 4:32,DOWN,1.09943,1.10106,1.09596,1.0962,-0.001303656,0.000839395,0.002518186
7/28/23 7:52,DOWN,1.09622,1.09914,1.09488,1.09573,-0.000200759,0.000949423,0.00284827
7/28/23 10:43,UP,1.09579,1.09924,1.09436,1.09921,0.001739123,0.000945526,0.002836578
7/28/23 14:02,UP,1.0992,1.10389,1.09919,1.10312,0.002968722,0.001098804,0.003296412
7/31/23 5:02,DOWN,1.10316,1.10477,1.10053,1.10064,-0.000644871,0.000718063,0.002154189
7/31/23 9:17,UP,1.10065,1.10363,1.10056,1.10282,0.000644011,0.000624155,0.001872465
7/31/23 16:57,DOWN,1.10284,1.10459,1.10038,1.10065,-0.001089671,0.000832878,0.002498634
8/1/23 7:09,DOWN,1.10066,1.10114,1.0977,1.09773,-0.001265448,0.00072783,0.002183489
8/1/23 21:44,UP,1.0977,1.09982,1.09523,1.09943,0.001019229,0.00088597,0.00265791
8/2/23 6:22,DOWN,1.09943,1.10207,1.09802,1.09837,-0.000855448,0.000844036,0.002532108
8/2/23 12:36,DOWN,1.09835,1.09973,1.09596,1.09619,-0.001203446,0.00074687,0.002240609
8/2/23 14:18,DOWN,1.09619,1.09686,1.09342,1.09355,-0.001535102,0.000804245,0.002412734
8/3/23 5:23,DOWN,1.09353,1.09577,1.0918,1.09283,-0.000548883,0.000653965,0.001961895
8/3/23 11:55,UP,1.09288,1.09488,1.09122,1.0942,0.000960066,0.000654083,0.001962248
8/3/23 13:50,DOWN,1.09422,1.09563,1.0916,1.09204,-0.000988486,0.000879385,0.002638154
8/3/23 16:45,UP,1.09204,1.09591,1.09154,1.09577,0.001004365,0.000874854,0.002624561
8/4/23 12:31,UP,1.09574,1.09795,1.09351,1.09697,0.002930532,0.000943153,0.002829459
8/4/23 13:21,UP,1.09705,1.10238,1.09567,1.10117,0.001163076,0.001007028,0.003021083
8/4/23 19:07,DOWN,1.1012,1.1042,1.10024,1.10074,-0.001071432,0.000940668,0.002822004
8/7/23 6:31,DOWN,1.10073,1.10239,1.09734,1.0975,-0.000856125,0.00081019,0.002430569
8/7/23 13:37,UP,1.09752,1.10118,1.09653,1.10045,0.001109252,0.000802268,0.002406804
8/8/23 1:55,DOWN,1.10042,1.10102,1.09788,1.09798,-0.000746547,0.000699881,0.002099643
8/8/23 6:50,UP,1.09796,1.10114,1.09768,1.1005,0.000927281,0.000706044,0.002118131
8/8/23 8:23,DOWN,1.10052,1.10067,1.09737,1.09777,-0.000200386,0.000748173,0.002244518
8/8/23 11:06,DOWN,1.09778,1.09875,1.09506,1.09511,-0.001596738,0.000820737,0.00246221
8/8/23 19:16,UP,1.09509,1.09612,1.0929,1.09582,0.00014602,0.000637526,0.001912578
8/9/23 5:37,UP,1.09583,1.09792,1.09503,1.09753,0.000729175,0.000573768,0.001721305
8/10/23 1:20,DOWN,1.09753,1.09955,1.09621,1.09701,-0.000373673,0.000499659,0.001498976
8/10/23 6:29,UP,1.09698,1.09957,1.09692,1.09939,0.000900905,0.000530157,0.001590471
8/10/23 8:25,UP,1.09938,1.10266,1.09914,1.10254,0.001279684,0.000670798,0.002012393
8/10/23 15:12,DOWN,1.1025,1.10651,1.10077,1.10131,-0.00062633,0.000894815,0.002684446
8/10/23 17:41,DOWN,1.10132,1.10222,1.09781,1.09817,-0.002410199,0.001010139,0.003030418
8/11/23 13:02,DOWN,1.09814,1.10052,1.09656,1.09688,-0.000956803,0.000903586,0.002710758
8/11/23 17:04,DOWN,1.09686,1.0984,1.09453,1.09461,-0.001250805,0.000877142,0.002631425
8/14/23 8:23,UP,1.0946,1.09572,1.09261,1.09544,0.000155201,0.000664671,0.001994014
8/14/23 12:07,DOWN,1.09551,1.09603,1.09305,1.0932,-0.000704106,0.000646923,0.001940769
8/14/23 13:18,DOWN,1.09322,1.09336,1.08943,1.08961,-0.00130237,0.000753614,0.002260843
8/14/23 15:44,UP,1.08961,1.09234,1.08747,1.09215,0.001521094,0.000862759,0.002588277
8/15/23 7:19,UP,1.09212,1.09361,1.09003,1.09265,0.000695799,0.000624014,0.001872043
8/15/23 12:30,DOWN,1.09265,1.0945,1.09053,1.09067,-0.001987626,0.000832013,0.002496039
8/15/23 13:15,UP,1.09059,1.09508,1.08968,1.09506,0.002468663,0.001009972,0.003029915
8/15/23 17:13,DOWN,1.09501,1.09525,1.09149,1.09164,-0.000760035,0.00090375,0.00271125
8/16/23 8:06,UP,1.09166,1.09273,1.0899,1.09245,0.000402846,0.000656091,0.001968273
8/16/23 12:27,DOWN,1.09248,1.09347,1.0906,1.09086,-9.17E-06,0.000610329,0.001830986
8/16/23 16:53,DOWN,1.09088,1.09236,1.08873,1.08894,-0.000798623,0.000683859,0.002051578
8/17/23 1:34,DOWN,1.08892,1.09004,1.08619,1.08625,-0.000745407,0.000752054,0.002256163
8/17/23 11:05,UP,1.08623,1.08877,1.08618,1.08848,0.000183759,0.000668975,0.002006924
8/17/23 12:42,UP,1.08848,1.09185,1.08812,1.09113,0.001348136,0.000716374,0.002149123
8/17/23 15:13,DOWN,1.09117,1.0918,1.08831,1.08842,-0.000670472,0.000663753,0.001991258
8/17/23 18:56,DOWN,1.08839,1.08897,1.08567,1.08572,-0.000349937,0.000863394,0.002590181
8/18/23 1:04,UP,1.08573,1.08922,1.08563,1.08865,0.001102891,0.000840025,0.002520074
8/18/23 9:21,DOWN,1.08865,1.0894,1.08626,1.08634,-0.000763742,0.000666057,0.001998172
8/18/23 14:34,UP,1.08636,1.08816,1.08449,1.08777,0.000938138,0.000667102,0.002001307
8/21/23 9:02,UP,1.08779,1.08898,1.0868,1.08871,0.000395041,0.000487977,0.001463932
8/21/23 11:12,UP,1.08871,1.09055,1.08863,1.09048,0.000559543,0.000513798,0.001541393
8/21/23 13:48,DOWN,1.09047,1.09137,1.08824,1.08852,-0.000808111,0.000547928,0.001643784
8/21/23 16:31,UP,1.08853,1.08985,1.08752,1.08981,0.001074158,0.00065491,0.00196473
8/22/23 4:36,UP,1.08983,1.0917,1.08906,1.09136,0.000183274,0.000558492,0.001675475
8/22/23 9:45,DOWN,1.09135,1.09304,1.08983,1.09056,-0.000348384,0.000583921,0.001751764
8/22/23 12:36,DOWN,1.09058,1.09103,1.08805,1.08839,-0.000293969,0.000626162,0.001878485
8/22/23 13:49,DOWN,1.08841,1.08841,1.08501,1.08511,-0.000884312,0.0007423,0.002226899
8/23/23 5:45,UP,1.08509,1.08629,1.08329,1.08603,0.000285484,0.000575312,0.001725937
8/23/23 7:37,DOWN,1.08606,1.08715,1.08118,1.08134,-0.004714488,0.00129342,0.003880261
8/23/23 14:21,UP,1.08137,1.08487,1.08025,1.08487,0.000737688,0.001077166,0.003231497
8/24/23 5:37,UP,1.08495,1.08767,1.0841,1.08755,0.000607053,0.000786833,0.002360498
8/24/23 12:05,DOWN,1.08758,1.0876,1.08388,1.0839,-0.001419787,0.000763906,0.002291718
8/24/23 14:17,UP,1.08388,1.08483,1.08142,1.08457,0.000645625,0.00083245,0.002497349
8/24/23 18:01,DOWN,1.0846,1.08489,1.08136,1.0818,-0.000378926,0.000737928,0.002213785
8/25/23 1:48,DOWN,1.08182,1.08202,1.07873,1.07883,-0.000741269,0.000728179,0.002184536
8/25/23 11:08,UP,1.07883,1.081,1.07661,1.08092,0.001305296,0.000710141,0.002130423
8/25/23 14:35,DOWN,1.0809,1.08419,1.07814,1.07828,-0.002399093,0.000913733,0.0027412
8/25/23 18:31,UP,1.07831,1.08112,1.07658,1.08095,0.001499806,0.000859526,0.002578578
8/28/23 20:01,UP,1.08093,1.08224,1.07913,1.08176,0.000656553,0.000562528,0.001687584
8/29/23 6:48,DOWN,1.08175,1.08384,1.08126,1.08134,-0.000942829,0.000580287,0.001740862
8/29/23 12:22,DOWN,1.08131,1.08298,1.0791,1.07934,-0.001518294,0.000660608,0.001981825
8/29/23 14:01,UP,1.07933,1.08344,1.0782,1.08286,0.003135509,0.001032303,0.003096909
8/29/23 17:12,UP,1.08286,1.08689,1.08227,1.08677,0.001648441,0.00108545,0.00325635
8/30/23 12:25,UP,1.08675,1.09031,1.08551,1.08894,0.00078088,0.000878712,0.002636135
8/30/23 12:59,UP,1.08903,1.0926,1.08903,1.0923,0.000906755,0.000999084,0.002997251
8/31/23 6:53,DOWN,1.09231,1.09455,1.09111,1.09114,-0.000284066,0.000731864,0.002195593
8/31/23 9:03,DOWN,1.09113,1.09121,1.0868,1.08688,-0.001856806,0.00094978,0.002849341
8/31/23 13:49,DOWN,1.0869,1.08853,1.08403,1.08427,-0.00179683,0.000901398,0.002704195
9/1/23 7:41,UP,1.08426,1.08597,1.08284,1.08584,0.001031992,0.000895312,0.002685936
9/1/23 13:20,UP,1.08583,1.08819,1.08324,1.08687,0.000929706,0.000989709,0.002969128
9/1/23 14:22,DOWN,1.08687,1.08814,1.08237,1.08247,-0.000997221,0.001040335,0.003121004
9/1/23 15:56,DOWN,1.08247,1.08251,1.07873,1.07887,-0.00057451,0.001002682,0.003008047
9/4/23 9:49,UP,1.07885,1.0807,1.07716,1.07981,-2.78E-05,0.000732731,0.002198194
9/5/23 6:41,DOWN,1.0798,1.0809,1.07578,1.07617,-0.001940189,0.000773084,0.002319253
9/5/23 10:45,DOWN,1.07618,1.07719,1.07419,1.07433,-0.000604845,0.000732267,0.0021968
9/5/23 14:59,DOWN,1.07436,1.07488,1.07073,1.07099,-0.000951937,0.000829255,0.002487764
9/6/23 5:31,UP,1.07093,1.07368,1.07064,1.07337,-3.73E-05,0.000736952,0.002210857
9/6/23 14:03,DOWN,1.07336,1.0749,1.07024,1.07074,-0.002471866,0.000854483,0.002563449
9/7/23 12:05,DOWN,1.07079,1.07319,1.07025,1.07063,-0.00045757,0.000652388,0.001957163
9/8/23 2:00,UP,1.07063,1.07212,1.0686,1.07173,0.000784087,0.000663588,0.001990764
9/8/23 9:20,DOWN,1.07175,1.07281,1.07029,1.07033,-0.001064525,0.000701557,0.002104671
9/8/23 13:52,UP,1.07035,1.07261,1.06941,1.07255,0.00155825,0.000710271,0.002130814
9/8/23 15:59,DOWN,1.07257,1.0744,1.07067,1.07087,-0.000373458,0.000829584,0.002488753
9/11/23 2:54,UP,1.07089,1.07282,1.0697,1.07246,0.000466327,0.0007342,0.0022026
9/11/23 14:24,UP,1.07248,1.07594,1.07156,1.07573,0.001972699,0.000743247,0.002229741
9/12/23 5:41,DOWN,1.07569,1.07692,1.07371,1.07378,-0.000353827,0.000583617,0.00175085
9/12/23 8:10,DOWN,1.07381,1.07411,1.07121,1.07173,-0.000503731,0.000577331,0.001731994
9/12/23 15:30,UP,1.07171,1.07303,1.07055,1.07289,0.001408405,0.000575666,0.001726999
9/12/23 22:19,UP,1.07287,1.0765,1.07216,1.07561,0.001358291,0.000648051,0.001944154
9/13/23 6:37,DOWN,1.07559,1.07649,1.07349,1.07385,-0.000353804,0.000636161,0.001908483
9/13/23 12:52,UP,1.07384,1.07604,1.0711,1.07571,0.001246465,0.00073601,0.00220803
9/13/23 14:21,DOWN,1.07566,1.07618,1.0727,1.07343,-0.000335317,0.000703351,0.002110052
9/14/23 5:35,UP,1.07341,1.07523,1.07278,1.07516,0.000520988,0.000649284,0.001947853
9/14/23 9:32,DOWN,1.07515,1.07523,1.07281,1.07281,-0.000959635,0.000651061,0.001953184
9/14/23 12:20,DOWN,1.07284,1.07485,1.06915,1.07097,-0.001893684,0.000754677,0.002264032
9/14/23 12:32,DOWN,1.071,1.07111,1.0655,1.06665,-0.004041884,0.001231087,0.003693261
9/14/23 17:16,DOWN,1.06669,1.06977,1.06451,1.06478,-0.000112693,0.000985177,0.002955531
9/15/23 6:41,UP,1.06481,1.06669,1.06318,1.06669,0.001134994,0.000818893,0.00245668
9/15/23 14:09,UP,1.06669,1.06881,1.06451,1.06814,0.002080542,0.000840899,0.002522698
9/18/23 13:01,DOWN,1.06808,1.06847,1.06547,1.06565,-0.000591014,0.000651387,0.001954162
9/18/23 15:24,UP,1.06564,1.06822,1.06559,1.0681,0.000983538,0.000690894,0.002072682
9/19/23 11:02,UP,1.06811,1.07098,1.06751,1.07019,0.000775864,0.000647516,0.001942547
9/19/23 13:07,DOWN,1.07018,1.0718,1.06905,1.06911,-0.000776045,0.000732241,0.002196724
9/20/23 9:09,UP,1.06907,1.07,1.0673,1.06976,0.000215025,0.000610525,0.001831574
9/20/23 14:51,UP,1.06975,1.07273,1.06921,1.07192,0.00040123,0.000531919,0.001595758
9/20/23 18:09,DOWN,1.07189,1.07368,1.06739,1.06822,-0.00413851,0.001149052,0.003447157
9/20/23 19:44,DOWN,1.06825,1.0718,1.06624,1.06624,-0.001049869,0.001124906,0.003374717
9/21/23 2:54,DOWN,1.06626,1.06658,1.06167,1.06238,-0.001345129,0.001068151,0.003204453
9/21/23 8:37,UP,1.06237,1.06638,1.06236,1.0655,0.000178336,0.000926864,0.002780591
9/21/23 12:30,DOWN,1.06553,1.06647,1.06269,1.06273,-0.000658464,0.000894067,0.0026822
9/21/23 14:33,UP,1.06266,1.06696,1.06242,1.06684,0.002355515,0.000995624,0.002986871
9/22/23 7:15,DOWN,1.06686,1.06736,1.0625,1.06261,-0.002941248,0.001001016,0.003003047
9/22/23 12:31,UP,1.06262,1.06608,1.06149,1.06592,0.002169494,0.001033619,0.003100857
9/25/23 7:59,DOWN,1.06593,1.06719,1.06316,1.06383,-0.000592025,0.000700141,0.002100424
9/25/23 13:16,DOWN,1.06376,1.06436,1.06086,1.06095,-0.001008022,0.000692456,0.002077368
9/25/23 14:25,DOWN,1.06093,1.06165,1.05818,1.05823,-0.001869301,0.000788322,0.002364965
9/26/23 7:00,DOWN,1.05823,1.0599,1.05711,1.05716,-0.001068331,0.00067069,0.00201207
9/26/23 8:22,UP,1.05716,1.05964,1.057,1.0596,0.000906413,0.000691191,0.002073573
9/26/23 15:02,DOWN,1.05961,1.06091,1.05782,1.05832,-0.000453446,0.000643793,0.00193138
9/26/23 18:38,DOWN,1.05834,1.05841,1.05621,1.05628,-0.000473247,0.000596156,0.001788467
9/27/23 11:02,DOWN,1.05627,1.05755,1.05515,1.0553,-0.000805134,0.000569064,0.001707193
9/27/23 13:30,DOWN,1.0553,1.0555,1.05302,1.05309,-0.001470777,0.000678195,0.002034586
9/27/23 16:19,DOWN,1.05312,1.05333,1.05009,1.05075,-0.001198425,0.000704471,0.002113413
9/28/23 1:04,UP,1.05075,1.05189,1.04881,1.0514,0.000704071,0.000748836,0.002246509
9/28/23 8:21,UP,1.05143,1.05244,1.0491,1.05231,0.001093431,0.000829146,0.002487438
9/28/23 11:46,UP,1.05228,1.05484,1.05119,1.05464,0.000730374,0.000788189,0.002364567
9/28/23 14:11,UP,1.05462,1.05587,1.05177,1.05557,0.001260777,0.001040723,0.003122168
9/29/23 2:25,UP,1.05557,1.0583,1.05456,1.05817,0.001077912,0.000938262,0.002814786
9/29/23 7:46,UP,1.0582,1.06109,1.05741,1.06062,0.000443235,0.000860455,0.002581364
9/29/23 13:35,DOWN,1.06063,1.06171,1.05854,1.05871,-0.001359222,0.000794377,0.002383132
10/1/23 22:47,DOWN,1.05867,1.05929,1.05584,1.0561,-0.000842368,0.000716001,0.002148002
10/2/23 9:32,DOWN,1.0561,1.05921,1.0546,1.05464,-0.001695823,0.000774687,0.00232406
10/2/23 13:40,DOWN,1.05462,1.05476,1.05211,1.05234,-0.000702948,0.000657196,0.001971588
10/2/23 14:46,DOWN,1.05232,1.05274,1.04924,1.04935,-0.001723391,0.000839241,0.002517723
10/2/23 20:11,DOWN,1.04934,1.05128,1.04802,1.0481,-0.000925056,0.000741409,0.002224227
10/3/23 7:50,UP,1.04812,1.04833,1.04599,1.04793,0.000353139,0.000595711,0.001787132
10/3/23 12:05,DOWN,1.04794,1.04936,1.04676,1.04686,-0.000611165,0.000607537,0.001822611
10/3/23 15:52,DOWN,1.04687,1.04859,1.04483,1.04542,-0.000879642,0.000867315,0.002601946
10/4/23 7:52,UP,1.0454,1.04835,1.04496,1.04789,0.000801932,0.000772721,0.002318163
10/4/23 10:15,UP,1.04793,1.05086,1.04771,1.05071,0.001552537,0.000796263,0.00238879
10/4/23 12:59,UP,1.05074,1.05323,1.04962,1.05269,0.000798274,0.000775482,0.002326447
10/4/23 14:04,DOWN,1.05268,1.05273,1.04935,1.04956,-0.001504261,0.00083581,0.002507431
10/4/23 16:15,UP,1.04952,1.05215,1.0483,1.05167,0.000294813,0.000774261,0.002322782
10/5/23 3:04,UP,1.05163,1.0529,1.04978,1.05233,9.50E-06,0.000775493,0.002326479
10/5/23 15:52,UP,1.05236,1.05375,1.05,1.05281,0.000189986,0.00065797,0.00197391
10/5/23 19:51,UP,1.05281,1.05518,1.05241,1.05496,0.00020856,0.000595976,0.001787927
10/6/23 10:19,UP,1.05493,1.05621,1.05315,1.05586,0.000521038,0.000493942,0.001481825
10/6/23 12:37,DOWN,1.05588,1.05685,1.05009,1.0515,-0.004526118,0.001233394,0.003700182
10/6/23 14:40,UP,1.05146,1.05555,1.04825,1.05553,0.002342799,0.001344508,0.004033524
10/6/23 15:34,UP,1.05549,1.05925,1.0536,1.05883,0.002534304,0.001531805,0.004595415
10/9/23 3:39,DOWN,1.05881,1.06,1.05481,1.05532,-0.001041795,0.00124993,0.003749791
10/9/23 18:00,UP,1.05534,1.05651,1.05195,1.05643,0.002492621,0.001073358,0.003220074
10/10/23 8:27,UP,1.05642,1.05865,1.05543,1.05853,0.001153206,0.000791538,0.002374614
10/10/23 12:00,DOWN,1.05853,1.06113,1.05719,1.05753,-0.000453785,0.000823453,0.002470359
10/10/23 14:11,UP,1.05754,1.06049,1.05742,1.06041,0.001198368,0.00077931,0.00233793
10/11/23 12:31,DOWN,1.06041,1.06285,1.05797,1.0594,-0.000915194,0.000538845,0.001616535
10/11/23 13:06,UP,1.05934,1.06184,1.05916,1.06167,0.001328979,0.00063219,0.001896571
10/11/23 16:03,DOWN,1.06163,1.06347,1.06064,1.06094,-0.000800856,0.00061902,0.00185706
10/11/23 21:45,UP,1.06095,1.06229,1.0585,1.06193,0.000442688,0.000650266,0.001950797
10/12/23 11:13,DOWN,1.0621,1.06399,1.06133,1.06171,-0.000357849,0.000554225,0.001662676
10/12/23 12:32,DOWN,1.06171,1.06294,1.05843,1.05867,-0.00288625,0.000878213,0.002634639
10/12/23 13:53,DOWN,1.05876,1.05939,1.05508,1.05547,-0.00067246,0.000834315,0.002502944
10/12/23 18:03,DOWN,1.05546,1.05628,1.05321,1.05336,-0.000759186,0.000805373,0.002416118
10/13/23 5:07,UP,1.05334,1.05509,1.05256,1.05499,0.000578372,0.000686428,0.002059285
10/13/23 10:25,DOWN,1.05502,1.05586,1.05212,1.0523,-0.001177677,0.000825387,0.002476161
10/13/23 14:16,DOWN,1.05228,1.05476,1.05092,1.05097,-0.001692241,0.000964709,0.002894128
10/15/23 22:11,UP,1.05099,1.05253,1.04954,1.05244,0.000950625,0.000813838,0.002441513
10/16/23 9:13,UP,1.05243,1.0543,1.05156,1.05387,0.000474554,0.000646713,0.001940139
10/16/23 15:04,UP,1.05387,1.05554,1.05257,1.05498,0.000464572,0.000677487,0.00203246
10/17/23 6:00,DOWN,1.05499,1.05629,1.05393,1.05437,-0.000512023,0.000559428,0.001678285
10/17/23 10:13,UP,1.05436,1.05623,1.05328,1.05575,0.000559001,0.000718512,0.002155537
10/17/23 15:22,UP,1.05572,1.05908,1.05382,1.05892,0.001322977,0.000976864,0.002930591
10/18/23 10:40,DOWN,1.05894,1.05949,1.05542,1.05587,-0.000975023,0.0008488,0.002546399
10/18/23 14:37,DOWN,1.05586,1.05745,1.05342,1.05346,-0.001688244,0.000819809,0.002459427
10/19/23 10:36,UP,1.05344,1.05537,1.05232,1.0548,0.000844118,0.000630412,0.001891237
10/19/23 12:37,UP,1.05476,1.05739,1.05466,1.05734,0.001590157,0.00071687,0.00215061
10/19/23 16:04,UP,1.05733,1.06168,1.05555,1.06037,0.002530619,0.000870037,0.002610112
10/20/23 1:08,DOWN,1.06035,1.06096,1.05562,1.0573,-0.000831963,0.001009142,0.003027426
10/23/23 7:58,UP,1.05727,1.06038,1.05649,1.05955,0.000783658,0.000700073,0.00210022
10/23/23 14:29,UP,1.05957,1.0632,1.05906,1.06264,0.001299496,0.000792996,0.002378988
10/23/23 16:53,UP,1.06264,1.06576,1.06176,1.06573,0.001220566,0.000827136,0.002481407
10/24/23 2:23,UP,1.06575,1.06834,1.06575,1.06832,0.001311328,0.000776031,0.002328093
10/24/23 8:04,DOWN,1.06833,1.06949,1.06551,1.06577,-0.000619079,0.000804928,0.002414785
10/24/23 10:23,DOWN,1.06574,1.06576,1.063,1.06314,-0.001165677,0.000795596,0.002386787
10/24/23 13:48,DOWN,1.06312,1.06416,1.05962,1.06045,-0.001356993,0.000820224,0.002460671
10/25/23 4:58,UP,1.06045,1.06163,1.05831,1.06063,0.000245167,0.000621644,0.001864931
10/25/23 7:39,DOWN,1.06063,1.06069,1.05783,1.0585,-0.000604446,0.000630011,0.001890034
10/25/23 12:39,DOWN,1.05848,1.0597,1.05659,1.05703,-0.000472912,0.000604541,0.001813623
10/25/23 15:03,UP,1.05701,1.05916,1.05669,1.0588,9.44E-06,0.000648747,0.001946242
10/25/23 17:30,DOWN,1.05876,1.05956,1.05673,1.05677,-0.000368981,0.000663171,0.001989513
10/26/23 3:00,DOWN,1.0568,1.05739,1.05436,1.05472,-0.000720311,0.000578057,0.001734172
10/26/23 13:44,UP,1.0547,1.05606,1.05216,1.05572,0.000957151,0.00055333,0.001659989
10/26/23 15:40,DOWN,1.0557,1.05577,1.05253,1.0529,-0.001290837,0.000739726,0.002219177
10/26/23 18:23,UP,1.05287,1.05572,1.05248,1.05566,0.000938242,0.000724725,0.002174174
10/27/23 11:54,DOWN,1.05565,1.05702,1.05363,1.05394,-0.001071593,0.000723133,0.0021694
10/27/23 13:19,UP,1.05393,1.05764,1.05354,1.0567,0.001193103,0.000759444,0.002278331
10/27/23 17:51,DOWN,1.05671,1.05971,1.05573,1.05614,-0.000776111,0.000915965,0.002747894
10/30/23 9:26,UP,1.05615,1.05837,1.0547,1.05837,0.002563825,0.000929358,0.002788075
10/30/23 13:09,UP,1.05838,1.0615,1.05733,1.06065,0.001811851,0.000955804,0.002867413
10/31/23 3:34,DOWN,1.06068,1.06251,1.05909,1.05959,-0.000792445,0.000826721,0.002480162
10/31/23 7:54,UP,1.05957,1.06251,1.05906,1.06237,0.001780626,0.000842558,0.002527675
10/31/23 9:56,UP,1.06226,1.06504,1.06153,1.06501,0.000939399,0.000809055,0.002427165
10/31/23 12:41,DOWN,1.06501,1.0675,1.06272,1.06292,-0.002705853,0.001000618,0.003001854
10/31/23 15:04,DOWN,1.06295,1.06344,1.05947,1.0596,-0.000603819,0.000980262,0.002940786
10/31/23 16:29,DOWN,1.0596,1.05964,1.05601,1.0563,-0.001031372,0.000960118,0.002880355
11/1/23 8:31,DOWN,1.0563,1.05859,1.05573,1.05576,-0.00053975,0.000729749,0.002189247
11/1/23 13:28,DOWN,1.05575,1.05629,1.05259,1.05279,-0.000797562,0.00073051,0.002191531
11/1/23 14:24,UP,1.05274,1.05626,1.05215,1.05563,0.001118441,0.000766174,0.002298523
11/1/23 16:09,DOWN,1.05561,1.0571,1.05358,1.05404,-0.000369936,0.000786269,0.002358808
11/1/23 19:26,UP,1.05401,1.05619,1.0517,1.05584,0.000720065,0.000771701,0.002315103
11/2/23 0:23,UP,1.05585,1.05945,1.05562,1.05925,0.00103901,0.000792944,0.002378833
11/2/23 9:32,UP,1.05925,1.06208,1.05911,1.06196,0.001649256,0.000744987,0.00223496
11/2/23 12:29,UP,1.06198,1.06537,1.06167,1.06473,0.001071268,0.000718389,0.002155168
11/2/23 15:32,DOWN,1.06472,1.06678,1.06208,1.06233,-0.001561383,0.000756985,0.002270955
11/3/23 9:47,UP,1.06235,1.06428,1.06105,1.06423,0.00155162,0.000694328,0.002082983
11/3/23 12:35,UP,1.06421,1.06971,1.06408,1.06888,0.003702302,0.001110059,0.003330178
11/3/23 15:35,UP,1.06884,1.07356,1.06882,1.07288,0.000997813,0.001046169,0.003138506
11/6/23 9:04,UP,1.07287,1.07564,1.07223,1.07499,0.000176761,0.000735403,0.00220621
11/6/23 15:18,DOWN,1.07497,1.07564,1.0726,1.07299,-0.001117745,0.000635276,0.001905829
11/6/23 20:48,DOWN,1.073,1.07495,1.07191,1.07211,-0.000326406,0.000599543,0.001798629
11/7/23 6:53,DOWN,1.0721,1.0723,1.07018,1.07024,-0.000467076,0.000519329,0.001557986
11/7/23 10:01,DOWN,1.07026,1.07065,1.06829,1.06831,-0.001047836,0.000601299,0.001803896
11/7/23 14:37,DOWN,1.06832,1.06977,1.06652,1.06673,-0.000140607,0.000636343,0.001909028
11/7/23 16:18,UP,1.06672,1.06929,1.06641,1.06885,0.000364945,0.000615071,0.001845213
11/7/23 19:22,UP,1.06887,1.07049,1.06725,1.06998,0.000916325,0.000654325,0.001962974
11/8/23 7:32,DOWN,1.06997,1.07051,1.06755,1.06779,-0.000496229,0.000583221,0.001749664
11/8/23 14:49,UP,1.06782,1.06884,1.06593,1.06884,0.001704232,0.000694394,0.002083183
11/8/23 18:59,UP,1.06888,1.07161,1.06826,1.07093,0.000551075,0.000719482,0.002158445
11/9/23 10:59,DOWN,1.07088,1.07159,1.0685,1.06862,-0.00091665,0.000619391,0.001858173
11/9/23 14:37,UP,1.06863,1.07123,1.06804,1.07058,0.000102753,0.000567532,0.001702595
11/9/23 17:45,DOWN,1.07059,1.07257,1.06998,1.07005,-0.000784702,0.000677599,0.002032798
11/9/23 19:54,DOWN,1.07004,1.07057,1.06602,1.06656,-0.00088095,0.000894057,0.002682172
11/10/23 14:05,UP,1.06655,1.06929,1.06562,1.06859,0.000468016,0.000629607,0.001888821
11/10/23 17:25,DOWN,1.06858,1.06866,1.06625,1.06669,-0.000168732,0.000587351,0.001762053
11/12/23 22:59,UP,1.06666,1.06904,1.06641,1.06892,0.000364921,0.000566756,0.001700268
11/13/23 12:52,DOWN,1.06847,1.07015,1.067,1.067,-0.00157327,0.000625071,0.001875213
11/13/23 15:55,UP,1.067,1.06924,1.0665,1.06918,0.000364832,0.000610897,0.001832691
11/14/23 10:09,UP,1.06922,1.0724,1.06852,1.07205,0.001260063,0.000582814,0.001748441
11/14/23 13:36,UP,1.07205,1.07935,1.0715,1.07911,0.005901861,0.001535838,0.004607514
11/14/23 15:28,UP,1.07909,1.08414,1.07816,1.08409,0.001310713,0.001327456,0.003982368
11/14/23 18:10,UP,1.08411,1.08745,1.08254,1.08726,0.00098461,0.001255055,0.003765165
11/15/23 9:57,DOWN,1.08725,1.08876,1.08439,1.08509,-0.000580429,0.000925772,0.002777317
11/15/23 15:00,DOWN,1.08507,1.08865,1.08315,1.0837,-0.001254173,0.000904797,0.002714391
11/16/23 3:03,DOWN,1.08372,1.08688,1.08299,1.08334,-0.000728961,0.000762346,0.002287038
11/16/23 11:25,UP,1.08333,1.0861,1.08316,1.08572,0.000884597,0.000690055,0.002070166
11/16/23 13:52,UP,1.08574,1.08796,1.0839,1.08762,0.001730041,0.00085054,0.00255162
11/16/23 16:39,DOWN,1.08762,1.08957,1.0851,1.08546,-0.002420005,0.001046965,0.003140895
11/17/23 8:17,DOWN,1.08544,1.08657,1.08249,1.08324,-0.000452244,0.000833648,0.002500943
11/17/23 10:25,UP,1.08322,1.08673,1.08316,1.08646,0.000902419,0.000852736,0.002558208
11/17/23 15:39,UP,1.08648,1.08905,1.08574,1.08905,0.001709371,0.000874439,0.002623318
11/17/23 21:09,UP,1.08906,1.09093,1.08748,1.09082,0.00116494,0.000876962,0.002630886
11/20/23 9:27,UP,1.09078,1.09362,1.08974,1.09322,0.001052492,0.000722935,0.002168805
11/20/23 18:11,UP,1.09323,1.09521,1.09187,1.09502,0.000465853,0.000715286,0.002145858
11/21/23 16:42,DOWN,1.09506,1.09654,1.09236,1.09272,-0.001463165,0.000644233,0.001932699
11/22/23 5:50,DOWN,1.09272,1.09283,1.09,1.09067,-0.000760711,0.000558895,0.001676686
11/22/23 14:26,DOWN,1.09067,1.092,1.08713,1.08783,-0.001368762,0.00077384,0.00232152
11/22/23 18:59,UP,1.08778,1.08882,1.08523,1.0883,0.000358421,0.000789469,0.002368407
11/23/23 6:24,UP,1.08831,1.0918,1.08797,1.09152,0.001054132,0.000744321,0.002232962
11/23/23 14:15,DOWN,1.09155,1.09309,1.08922,1.08931,-0.000669925,0.000772145,0.002316434
11/24/23 9:06,UP,1.08931,1.09197,1.08872,1.09167,0.000623093,0.000654911,0.001964732
11/24/23 14:46,UP,1.09164,1.09319,1.09015,1.09247,0.000375367,0.000637796,0.001913388
11/24/23 20:39,UP,1.09246,1.09487,1.09225,1.09467,0.000191857,0.000649681,0.001949042
11/27/23 7:28,UP,1.09468,1.09594,1.09267,1.09543,0.000465679,0.000648921,0.001946764
11/27/23 14:19,DOWN,1.09545,1.09569,1.09291,1.09313,-0.001645293,0.000655582,0.001966747
11/27/23 20:35,UP,1.09313,1.09567,1.09251,1.09542,0.000502217,0.000582037,0.00174611
11/28/23 7:53,DOWN,1.09543,1.09631,1.09361,1.09391,-0.000657973,0.000543424,0.001630271
11/28/23 13:42,UP,1.09388,1.09645,1.09345,1.09621,0.001186608,0.00053291,0.00159873
11/28/23 15:07,UP,1.09619,1.09884,1.09587,1.09826,0.000245874,0.000549157,0.001647471
11/28/23 17:07,UP,1.09824,1.1009,1.0968,1.10045,0.000818182,0.000737104,0.002211312
11/28/23 18:40,DOWN,1.10048,1.1009,1.09732,1.09786,-0.000446223,0.000772611,0.002317832
11/29/23 0:44,UP,1.09786,1.10058,1.09735,1.10048,-1.82E-05,0.000784454,0.002353362
11/29/23 7:52,DOWN,1.10045,1.10174,1.09819,1.09862,-0.000427718,0.000693819,0.002081458
11/29/23 10:31,DOWN,1.09865,1.09985,1.097,1.09704,-0.000728969,0.000673411,0.002020234
11/29/23 15:31,DOWN,1.09707,1.09947,1.09601,1.09652,-0.000756654,0.000624813,0.00187444
11/29/23 19:24,UP,1.09654,1.0995,1.09601,1.09894,0.001110777,0.000628796,0.001886388
11/30/23 7:56,DOWN,1.09897,1.09899,1.09403,1.09471,-0.002299334,0.000757909,0.002273726
11/30/23 10:20,DOWN,1.09471,1.09595,1.0911,1.09125,-0.001318718,0.000929304,0.002787912
11/30/23 14:48,DOWN,1.09127,1.095,1.08924,1.08967,-0.001577215,0.000853706,0.002561118
11/30/23 20:34,DOWN,1.08964,1.09184,1.08794,1.08804,-0.001093112,0.000878202,0.002634606
12/1/23 3:00,UP,1.08803,1.0913,1.08794,1.09085,2.75E-05,0.000825693,0.002477078
12/1/23 12:49,DOWN,1.09084,1.09124,1.08818,1.08818,-0.001037892,0.000722901,0.002168702
12/1/23 14:42,DOWN,1.08817,1.08847,1.08545,1.08561,-0.000920717,0.000727207,0.002181621
12/1/23 15:59,DOWN,1.08562,1.08667,1.08327,1.08388,-0.000424311,0.000736315,0.002208944
12/1/23 16:49,UP,1.08393,1.08846,1.08287,1.0884,0.001830045,0.000894483,0.002683449
12/4/23 7:54,DOWN,1.08842,1.08951,1.08499,1.08507,-0.001491878,0.000834795,0.002504386
12/4/23 14:04,DOWN,1.08508,1.0881,1.08437,1.08442,-0.001557224,0.000888912,0.002666735
12/4/23 15:40,DOWN,1.08441,1.08463,1.08069,1.08079,-0.000721434,0.001058406,0.003175218
12/5/23 0:51,UP,1.08077,1.08464,1.08041,1.08436,0.000811868,0.000873643,0.00262093
12/5/23 7:34,DOWN,1.08436,1.08476,1.0806,1.08103,-0.001691399,0.000891247,0.002673741
12/5/23 9:24,UP,1.08102,1.08391,1.08041,1.08385,0.000646054,0.000881418,0.002644255
12/5/23 16:00,DOWN,1.08386,1.08428,1.07985,1.08061,-0.000231324,0.000916222,0.002748667
12/6/23 7:10,DOWN,1.0806,1.08134,1.0778,1.07825,-0.000936265,0.000717354,0.002152061
12/6/23 18:25,DOWN,1.07824,1.08046,1.07724,1.07751,-0.001335522,0.000673541,0.002020624
12/7/23 8:39,UP,1.07753,1.0783,1.07552,1.07781,0.00015774,0.000577006,0.001731017
12/7/23 13:47,UP,1.07783,1.07935,1.07593,1.07917,0.001827145,0.000703101,0.002109303
12/7/23 17:22,UP,1.07919,1.07982,1.07672,1.07975,0.000444646,0.000623606,0.001870819
12/7/23 22:27,DOWN,1.07976,1.08177,1.07886,1.07897,-0.000843041,0.000650612,0.001951835
12/8/23 7:44,DOWN,1.07896,1.08009,1.07731,1.07761,-0.000287632,0.000553052,0.001659155
12/8/23 13:35,DOWN,1.07763,1.07914,1.07237,1.07407,-0.003039869,0.000930082,0.002790246
12/8/23 15:31,UP,1.07399,1.07859,1.07304,1.07805,0.000928031,0.001111621,0.003334864
12/11/23 10:15,UP,1.07803,1.0783,1.07402,1.07736,0.001123747,0.000801654,0.002404962
12/11/23 15:44,DOWN,1.07739,1.07791,1.07418,1.07454,-0.00105106,0.000700912,0.002102736
12/12/23 1:20,UP,1.07456,1.07698,1.07415,1.07679,0.000427287,0.000600866,0.001802597
12/12/23 10:13,UP,1.07678,1.07989,1.07611,1.07976,0.001093433,0.000646447,0.001939341
12/12/23 13:45,DOWN,1.07979,1.08277,1.07832,1.07832,-0.003268264,0.001040717,0.003122152
12/13/23 13:48,UP,1.07835,1.08028,1.07671,1.07939,0.000583833,0.000683717,0.002051152
12/13/23 18:30,DOWN,1.07939,1.08095,1.07801,1.07843,-0.000621081,0.000714475,0.002143424
12/13/23 19:04,UP,1.07844,1.08477,1.07794,1.08379,0.004957878,0.001398098,0.004194294
12/13/23 20:00,UP,1.08387,1.08917,1.08278,1.08855,0.000505387,0.001411662,0.004234985
12/14/23 9:18,UP,1.08851,1.09155,1.08648,1.09089,0.000605194,0.000904767,0.0027143
12/14/23 14:07,UP,1.09092,1.09564,1.08981,1.09393,0.000704132,0.000900818,0.002702455
12/14/23 14:59,UP,1.09396,1.09927,1.09358,1.09913,0.002468631,0.001163489,0.003490467
12/15/23 8:39,DOWN,1.09916,1.10094,1.0946,1.09578,-0.001732423,0.000962277,0.002886831
12/15/23 13:40,DOWN,1.09577,1.09695,1.0908,1.0912,-0.003047039,0.00114311,0.003429329
12/15/23 19:26,DOWN,1.09121,1.09284,1.08887,1.089,-0.000459031,0.000898361,0.002695082
12/18/23 6:36,UP,1.08902,1.0918,1.089,1.09173,0.000265669,0.000786137,0.002358412
12/18/23 15:01,UP,1.09173,1.09313,1.09072,1.09305,0.000594843,0.000592806,0.001778419
12/19/23 7:16,UP,1.09304,1.09358,1.09109,1.09358,0.000557957,0.00052603,0.00157809
12/19/23 12:58,UP,1.09358,1.09686,1.09273,1.09682,0.001943866,0.000698227,0.002094682
12/19/23 15:31,UP,1.09679,1.09845,1.09536,1.09829,0.000947375,0.000675617,0.00202685
12/20/23 5:43,DOWN,1.0983,1.09894,1.09653,1.0966,-0.000237068,0.000538738,0.001616214
12/20/23 11:36,DOWN,1.0966,1.09715,1.09389,1.09397,-0.001342828,0.000681385,0.002044156
12/20/23 14:13,UP,1.094,1.09655,1.09341,1.09642,0.001049419,0.000716482,0.002149445
12/20/23 19:53,DOWN,1.09643,1.09757,1.09437,1.09445,-0.001387862,0.00072578,0.002177341
12/21/23 11:38,UP,1.09446,1.09819,1.09299,1.09819,0.002717244,0.000901455,0.002704366
12/21/23 21:33,UP,1.09812,1.10065,1.09725,1.10058,0.000836272,0.000644121,0.001932364
12/22/23 10:58,UP,1.10058,1.10211,1.09937,1.10198,0.000898787,0.000558071,0.001674214
12/22/23 14:44,UP,1.10197,1.10402,1.10017,1.1038,0.000507467,0.000649094,0.001947283
12/22/23 16:45,DOWN,1.10379,1.10402,1.10082,1.10123,-0.000417628,0.000696817,0.002090452
12/26/23 15:21,UP,1.10121,1.10328,1.10001,1.10322,0.000888704,0.000574924,0.001724772
12/27/23 8:23,UP,1.10321,1.10547,1.10234,1.10484,0.00081493,0.000554489,0.001663466
12/27/23 13:33,UP,1.10484,1.10707,1.10446,1.10681,0.000750184,0.000510426,0.001531278
12/27/23 15:08,UP,1.10683,1.11091,1.10621,1.11037,0.002226962,0.000735374,0.002206123
12/28/23 10:04,UP,1.11033,1.11396,1.10985,1.11289,0.000818025,0.000635431,0.001906294
12/28/23 13:48,DOWN,1.11291,1.11327,1.11054,1.11074,-0.000459048,0.000597985,0.001793956
12/28/23 17:12,DOWN,1.11074,1.11135,1.10674,1.1069,-0.000722478,0.000954772,0.002864317
12/29/23 10:02,DOWN,1.10691,1.10845,1.10443,1.10513,-0.000280471,0.000797223,0.002391668
12/29/23 12:24,UP,1.10514,1.108,1.10474,1.10796,0.000496531,0.000813144,0.002439433
12/29/23 19:40,DOWN,1.10797,1.10806,1.10391,1.10426,-0.001267014,0.001025498,0.003076493
1/2/24 10:21,DOWN,1.10423,1.1051,1.09971,1.10038,-0.001062704,0.000909006,0.002727019
1/2/24 11:55,DOWN,1.10039,1.10113,1.09666,1.09677,-0.001348507,0.0010284,0.0030852
1/2/24 22:15,DOWN,1.09678,1.09721,1.09383,1.09403,-0.000621362,0.000776427,0.002329281
1/3/24 8:13,UP,1.09457,1.09655,1.09381,1.09635,0.000392287,0.000666451,0.001999352
1/3/24 10:19,DOWN,1.09638,1.09645,1.0932,1.09325,-0.000850313,0.000678079,0.002034238
1/3/24 15:40,DOWN,1.09324,1.09389,1.09046,1.0905,-0.000879943,0.000711625,0.002134876
1/4/24 4:31,UP,1.09053,1.09309,1.08929,1.09257,0.000375332,0.000662435,0.001987306
1/4/24 8:21,UP,1.09255,1.0949,1.09209,1.0943,0.00053016,0.000618361,0.001855084
1/4/24 9:44,UP,1.09431,1.0966,1.0937,1.09655,0.001542386,0.00068404,0.002052121
1/4/24 13:44,DOWN,1.09652,1.09724,1.09327,1.09418,-0.00063041,0.000615308,0.001845923
1/4/24 15:37,UP,1.09421,1.09652,1.09382,1.09611,0.000228105,0.000612594,0.001837783
1/5/24 3:42,DOWN,1.09611,1.09655,1.09403,1.09418,-0.000959163,0.00058619,0.001758571
1/5/24 8:40,DOWN,1.09417,1.09419,1.09115,1.09127,-0.000961719,0.000603149,0.001809448
1/5/24 13:30,DOWN,1.09128,1.09307,1.08834,1.08853,-0.003017866,0.000909974,0.002729923
1/5/24 14:12,UP,1.08854,1.09394,1.08766,1.09291,0.001235998,0.001018911,0.003056733
1/5/24 15:05,UP,1.09288,1.09902,1.09249,1.09876,0.003491837,0.001309822,0.003929465
1/5/24 17:29,DOWN,1.09884,1.09986,1.09442,1.09472,-0.000730514,0.001199138,0.003597415
1/8/24 9:40,DOWN,1.09475,1.09599,1.09226,1.09293,-2.74E-05,0.000862833,0.002588499
1/8/24 14:17,UP,1.09291,1.09587,1.09289,1.09567,0.000684747,0.000731654,0.002194962
1/8/24 21:33,DOWN,1.09565,1.0979,1.09489,1.09503,-0.000392606,0.000686829,0.002060488
1/9/24 10:15,DOWN,1.09504,1.09664,1.09359,1.09371,-0.00066723,0.000645698,0.001937095
1/9/24 15:46,DOWN,1.09368,1.09514,1.09255,1.09261,-0.001280515,0.000645041,0.001935123
1/10/24 2:57,UP,1.09259,1.094,1.09103,1.09343,0.000347591,0.00056878,0.00170634
1/10/24 9:39,UP,1.09343,1.09521,1.09228,1.09496,0.000666913,0.000622945,0.001868836
1/10/24 15:40,UP,1.09497,1.09599,1.09319,1.09592,0.001314829,0.000666895,0.002000685
1/11/24 2:25,UP,1.09593,1.09851,1.09524,1.09814,0.000428088,0.00066997,0.002009911
1/11/24 9:55,DOWN,1.09811,1.09888,1.09588,1.09647,-0.000200624,0.000578715,0.001736144
1/11/24 13:10,UP,1.09644,1.09905,1.09587,1.09864,0.000409681,0.000567439,0.001702318
1/11/24 13:32,DOWN,1.09865,1.09995,1.09403,1.09464,-0.003647509,0.001049251,0.003147753
1/11/24 19:27,UP,1.09469,1.09821,1.09302,1.09746,0.00089337,0.000890843,0.002672529
1/12/24 11:09,DOWN,1.09745,1.09854,1.09562,1.09586,-0.000209859,0.000792794,0.002378383
1/12/24 14:41,UP,1.09583,1.09798,1.0936,1.09774,0.001248798,0.000892747,0.00267824
1/12/24 18:01,DOWN,1.09772,1.09871,1.09472,1.09501,-0.000438256,0.000821307,0.002463921
1/15/24 10:34,DOWN,1.09502,1.09676,1.09335,1.09363,-0.000850018,0.000682264,0.002046792
1/16/24 0:50,DOWN,1.09363,1.09592,1.09294,1.09298,-0.001535902,0.000692071,0.002076214
1/16/24 8:35,DOWN,1.09294,1.09318,1.09008,1.09009,-0.001017746,0.00070167,0.002105009
1/16/24 14:04,DOWN,1.09013,1.0907,1.08712,1.0876,-0.000873102,0.000596483,0.001789448
1/17/24 4:13,DOWN,1.08759,1.08948,1.08621,1.08669,-0.000699127,0.000647245,0.001941735
1/17/24 10:15,UP,1.08668,1.0884,1.08553,1.08786,0.000478117,0.000563438,0.001690315
1/17/24 14:55,DOWN,1.08783,1.08833,1.08507,1.08511,-0.000930348,0.000593694,0.001781083
1/17/24 17:55,UP,1.08514,1.08711,1.08446,1.08684,0.000524594,0.000668894,0.002006682
1/17/24 21:45,UP,1.08685,1.08828,1.08565,1.08815,0.000634305,0.000685203,0.00205561
1/18/24 6:08,UP,1.08817,1.0903,1.0879,1.09024,0.00067898,0.000623556,0.001870668
1/18/24 8:13,DOWN,1.09024,1.0907,1.08796,1.08815,-0.001010379,0.000685745,0.002057235
1/18/24 13:32,DOWN,1.08816,1.08997,1.08527,1.08644,-0.001195853,0.000625908,0.001877723
1/18/24 21:25,UP,1.08648,1.08748,1.08467,1.08746,0.000763538,0.000637042,0.001911126
1/19/24 18:01,UP,1.08745,1.08935,1.08656,1.0889,0.000330664,0.000435019,0.001305056
1/22/24 3:26,UP,1.08888,1.09095,1.08856,1.09041,0.000366902,0.000442839,0.001328517
1/22/24 10:30,DOWN,1.09039,1.09098,1.08873,1.08899,-0.000495749,0.000435438,0.001306314
1/22/24 17:46,UP,1.08901,1.09001,1.088,1.08998,0.000532261,0.0005012,0.0015036
1/22/24 19:27,DOWN,1.08997,1.08999,1.08803,1.08815,-0.000569612,0.000557683,0.00167305
1/23/24 5:59,UP,1.08815,1.0908,1.08757,1.09074,0.001238458,0.000601074,0.001803223
1/23/24 9:03,DOWN,1.09075,1.09163,1.08923,1.08932,-0.000890068,0.000588498,0.001765494
1/23/24 11:03,DOWN,1.08932,1.08951,1.08674,1.08681,-0.001572176,0.000674444,0.002023331
1/23/24 15:26,DOWN,1.08683,1.0876,1.0836,1.08371,-0.001724067,0.000756535,0.002269606
1/23/24 23:15,UP,1.0837,1.08586,1.08216,1.08585,0.000884491,0.000682501,0.002047504
1/24/24 8:00,UP,1.08586,1.08795,1.08513,1.08763,0.000616208,0.000610299,0.001830897
1/24/24 9:52,UP,1.08761,1.0908,1.08626,1.0906,0.001651831,0.00081672,0.00245016
1/24/24 13:32,UP,1.0906,1.0918,1.08874,1.09162,0.001054035,0.000849772,0.002549316
1/24/24 15:39,DOWN,1.09162,1.09324,1.08956,1.08984,-0.000532047,0.000857103,0.002571309
1/24/24 21:06,DOWN,1.08989,1.0909,1.08775,1.08784,-0.000661643,0.000755086,0.002265258
1/25/24 8:53,UP,1.08785,1.08976,1.08703,1.08952,0.00056922,0.000664177,0.00199253
1/25/24 14:08,DOWN,1.08952,1.09028,1.08553,1.08604,-0.000911153,0.000859084,0.002577253
1/25/24 15:41,DOWN,1.08599,1.08726,1.08334,1.08366,-0.000968469,0.000865901,0.002597702
1/26/24 7:47,DOWN,1.08365,1.08523,1.08127,1.08132,-0.001183038,0.000804679,0.002414037
1/26/24 9:21,UP,1.08138,1.0848,1.08128,1.08398,0.000433681,0.000813479,0.002440437
1/26/24 11:16,UP,1.08392,1.0873,1.0834,1.08689,0.000984945,0.000836932,0.002510796
1/28/24 22:57,DOWN,1.08689,1.08866,1.08411,1.08467,-0.001032039,0.000655888,0.001967663
1/29/24 9:57,DOWN,1.0843,1.08509,1.0823,1.08264,-0.00047096,0.000609585,0.001828756
1/29/24 14:16,DOWN,1.08265,1.0837,1.08088,1.08107,-0.001026234,0.000675667,0.002027002
1/29/24 20:06,UP,1.08108,1.08318,1.07959,1.08279,0.001192077,0.000657602,0.001972806
1/30/24 7:00,DOWN,1.08276,1.08424,1.08135,1.08142,-0.000933521,0.000608413,0.001825239
1/30/24 10:35,UP,1.08143,1.08354,1.08119,1.08345,0.000775602,0.000580322,0.001740967
1/31/24 2:19,DOWN,1.08352,1.08577,1.08212,1.08243,-0.001440164,0.000629686,0.001889059
1/31/24 9:27,UP,1.08243,1.08357,1.08059,1.08351,0.000563144,0.000586061,0.001758183
1/31/24 13:18,UP,1.08354,1.08509,1.08212,1.08436,0.000553475,0.000599328,0.001797985
1/31/24 14:13,UP,1.08439,1.08686,1.08425,1.08684,0.000754766,0.000631434,0.001894303
1/31/24 16:18,DOWN,1.08683,1.08876,1.08517,1.08542,-0.000644704,0.000660958,0.001982874
1/31/24 19:08,DOWN,1.08543,1.08593,1.08157,1.08292,-0.001430292,0.000689306,0.002067918
1/31/24 19:49,UP,1.08303,1.08644,1.08232,1.08583,0.002452744,0.000878581,0.002635743
1/31/24 20:13,DOWN,1.08582,1.08588,1.07962,1.08105,-0.002429865,0.001121548,0.003364644
2/1/24 7:47,DOWN,1.08118,1.08221,1.07838,1.07852,-0.000611763,0.000881359,0.002644078
2/1/24 12:03,UP,1.0785,1.08135,1.07799,1.0813,0.00069385,0.000771466,0.002314397
2/1/24 16:07,UP,1.08125,1.08372,1.0803,1.08368,0.000960154,0.000738608,0.002215825
2/1/24 17:08,UP,1.08367,1.08714,1.08366,1.08695,0.000763896,0.000792053,0.002376158
2/2/24 8:17,UP,1.08693,1.08903,1.08606,1.0885,0.00015619,0.000590726,0.001772177
2/2/24 13:36,DOWN,1.08849,1.08976,1.08119,1.08126,-0.006691948,0.001749991,0.005249973
2/5/24 0:21,DOWN,1.08127,1.08288,1.07699,1.07743,-0.000306238,0.001102458,0.003307373
2/5/24 10:05,DOWN,1.07745,1.07862,1.07515,1.07516,-0.000855321,0.000857671,0.002573012
2/5/24 15:09,DOWN,1.0752,1.0759,1.07253,1.07268,-0.001071507,0.000752152,0.002256456
2/6/24 1:57,UP,1.07272,1.07474,1.07231,1.07462,0.000241975,0.000616312,0.001848935
2/6/24 10:03,DOWN,1.07461,1.07626,1.07254,1.07315,-0.001033804,0.000653202,0.001959605
2/6/24 16:35,UP,1.07313,1.07504,1.07225,1.07497,0.000614159,0.00069228,0.00207684
2/7/24 7:39,UP,1.07498,1.07723,1.07433,1.07708,0.000743025,0.000523656,0.001570969
2/8/24 1:36,UP,1.07709,1.0784,1.07557,1.07774,0.00014847,0.000438146,0.001314439
2/8/24 8:50,DOWN,1.07773,1.07891,1.07685,1.07729,-0.000454742,0.00042381,0.00127143
2/8/24 11:40,DOWN,1.07726,1.07857,1.07621,1.07668,-0.000612808,0.00050553,0.001516591
2/8/24 13:53,DOWN,1.07672,1.07683,1.07414,1.07464,-0.000474465,0.000503601,0.001510804
2/8/24 16:48,UP,1.07465,1.07677,1.07434,1.07672,0.000408732,0.000569321,0.001707962
2/9/24 7:56,UP,1.07671,1.07831,1.07662,1.07818,0.000584489,0.000450542,0.001351625
2/9/24 10:13,DOWN,1.07819,1.07848,1.07633,1.0764,-0.000594398,0.000474371,0.001423114
2/9/24 13:33,UP,1.07641,1.07951,1.07619,1.07933,0.002291079,0.000708222,0.002124667
2/12/24 9:20,DOWN,1.07932,1.08057,1.07713,1.0773,-0.000538238,0.000614384,0.001843151
2/12/24 18:27,UP,1.07734,1.07863,1.07559,1.07813,0.000259743,0.000527643,0.001582928
2/13/24 8:45,DOWN,1.07812,1.07845,1.07606,1.07637,-0.000362263,0.000494214,0.001482641
2/13/24 11:32,UP,1.07638,1.0782,1.07567,1.07791,0.000575353,0.000498868,0.001496605
2/13/24 13:30,DOWN,1.07792,1.08013,1.07351,1.07363,-0.004720453,0.001254875,0.003764625
2/14/24 1:23,DOWN,1.07364,1.07497,1.07004,1.07053,-0.000429601,0.000864789,0.002594367
2/14/24 14:44,UP,1.07048,1.07203,1.06947,1.07195,0.001045371,0.000683928,0.002051785
2/15/24 7:42,UP,1.07196,1.07416,1.07132,1.07361,0.000717464,0.000526338,0.001579013
2/15/24 13:33,UP,1.07363,1.07733,1.07279,1.07629,0.001804115,0.000637822,0.001913466
2/15/24 15:13,UP,1.07636,1.07843,1.0755,1.07822,0.000816493,0.000627048,0.001881143
2/15/24 16:05,DOWN,1.07821,1.07849,1.07569,1.07596,-0.000873257,0.000691238,0.002073714
2/16/24 11:33,UP,1.07598,1.0777,1.07552,1.07751,0.000863474,0.000521107,0.001563321
2/16/24 13:34,DOWN,1.07751,1.07803,1.07413,1.07424,-0.002361671,0.000760572,0.002281717
2/16/24 15:18,UP,1.07423,1.07715,1.07321,1.07715,0.001802673,0.000804326,0.002412977
2/19/24 13:51,DOWN,1.07713,1.07896,1.07625,1.07695,-0.00020426,0.000540856,0.001622569
2/20/24 9:37,UP,1.07694,1.0795,1.07616,1.07939,0.001780366,0.000619562,0.001858687
2/20/24 13:46,UP,1.0794,1.08188,1.0792,1.08188,0.001174572,0.000664292,0.001992875
2/20/24 15:45,DOWN,1.08187,1.08388,1.08129,1.08135,-0.000813467,0.000768404,0.002305211
2/21/24 9:04,DOWN,1.08134,1.08249,1.07908,1.07931,-0.001333296,0.000602268,0.001806803
2/21/24 14:50,UP,1.07927,1.08154,1.07898,1.08124,0.000305252,0.000500774,0.001502321
2/22/24 0:28,UP,1.08125,1.08277,1.07998,1.08267,0.000813136,0.000456189,0.001368568
2/22/24 7:09,UP,1.0827,1.08447,1.08189,1.08434,0.000922645,0.000510876,0.001532628
2/22/24 8:33,UP,1.08431,1.08888,1.08429,1.08686,0.000699507,0.000563987,0.00169196
2/22/24 11:14,DOWN,1.08686,1.08746,1.08448,1.08463,-0.000995236,0.000634023,0.001902068
2/22/24 13:32,DOWN,1.08462,1.08588,1.08268,1.08274,-0.001882336,0.000750896,0.002252689
2/23/24 4:31,UP,1.08266,1.08355,1.08026,1.08282,0.000508062,0.000566312,0.001698935
2/23/24 12:35,UP,1.08281,1.08376,1.08139,1.08369,0.000738491,0.000545708,0.001637124
2/23/24 15:50,DOWN,1.0837,1.084,1.08117,1.08164,-0.000406707,0.000531672,0.001595017
2/26/24 7:14,UP,1.08162,1.08326,1.08127,1.08316,0.000637228,0.000425668,0.001277004
2/26/24 10:45,UP,1.08318,1.08488,1.08271,1.08467,0.000654791,0.000410899,0.001232698
2/26/24 18:43,DOWN,1.08466,1.086,1.08387,1.08435,-0.000147543,0.000410192,0.001230576
2/27/24 7:26,UP,1.08435,1.08609,1.08418,1.08605,0.000939625,0.000405449,0.001216346
2/27/24 10:04,DOWN,1.08607,1.0866,1.08463,1.08473,-0.000691177,0.000531556,0.001594669
2/27/24 14:31,DOWN,1.08472,1.08632,1.084,1.08426,-0.000378067,0.000489935,0.001469804
2/27/24 18:17,UP,1.08427,1.0858,1.0833,1.08555,0.000313254,0.000416754,0.001250261
2/28/24 1:05,DOWN,1.08553,1.08567,1.08403,1.08423,-0.000147559,0.000387393,0.001162178
2/28/24 6:31,DOWN,1.08428,1.08439,1.08254,1.08269,-0.000470938,0.000384627,0.001153881
2/28/24 9:00,DOWN,1.08268,1.08272,1.08082,1.08122,-0.000425355,0.000397375,0.001192126
2/28/24 14:02,UP,1.08121,1.0831,1.07966,1.08281,0.000960926,0.000554879,0.001664638
2/29/24 8:34,UP,1.08283,1.08475,1.08214,1.08449,0.000525731,0.000426684,0.001280052
2/29/24 12:09,DOWN,1.08449,1.08544,1.08289,1.08334,-0.000378388,0.000462104,0.001386312
2/29/24 14:18,UP,1.08334,1.08483,1.08219,1.08461,0.000885503,0.000491972,0.001475916
2/29/24 15:48,DOWN,1.08459,1.08561,1.08289,1.0829,-0.001872841,0.000710042,0.002130125
2/29/24 17:24,DOWN,1.08292,1.08327,1.07999,1.0801,-0.000536843,0.000707937,0.00212381
3/1/24 2:27,UP,1.08009,1.08219,1.07958,1.08186,0.000323569,0.000580444,0.001741333
3/1/24 12:37,UP,1.08187,1.08249,1.07984,1.08205,0.00023107,0.000570884,0.001712652
3/1/24 15:39,UP,1.08205,1.08418,1.0798,1.08362,0.000812423,0.000632894,0.001898681
3/4/24 0:54,UP,1.08363,1.08483,1.08234,1.0847,0.00045184,0.000564421,0.001693263
3/4/24 15:04,UP,1.08475,1.08619,1.08376,1.08595,0.00063559,0.000473339,0.001420017
3/5/24 1:50,DOWN,1.08596,1.0867,1.08484,1.08485,-0.000322573,0.000354614,0.001063842
3/5/24 15:06,UP,1.08488,1.08764,1.08399,1.08654,0.00178708,0.000535078,0.001605233
3/5/24 19:08,DOWN,1.08659,1.08749,1.08511,1.0852,-0.000525111,0.000503499,0.001510498
3/6/24 7:14,UP,1.08519,1.08641,1.0842,1.08623,0.000460414,0.000439971,0.001319912
3/6/24 9:54,UP,1.08627,1.0876,1.08591,1.08759,0.000395448,0.00043576,0.001307281
3/6/24 14:02,UP,1.0876,1.08878,1.08674,1.08869,0.001093655,0.000463044,0.001389133
3/6/24 16:02,UP,1.0887,1.09088,1.08813,1.09033,0.001073646,0.000488574,0.001465723
3/6/24 19:40,DOWN,1.09032,1.09156,1.08933,1.08958,-0.00018354,0.000462032,0.001386095
3/7/24 13:25,DOWN,1.08957,1.09077,1.08733,1.08838,-0.000900016,0.000440599,0.001321797
3/7/24 14:48,UP,1.08839,1.09078,1.08677,1.08974,0.000146835,0.00046292,0.001388759
3/7/24 15:40,UP,1.08975,1.09251,1.08974,1.0925,0.000805817,0.000629192,0.001887577
3/7/24 19:34,UP,1.09251,1.09475,1.0923,1.09458,0.000420341,0.000608374,0.001825121
3/8/24 7:56,DOWN,1.09453,1.09559,1.09315,1.09332,-0.000448076,0.0005311,0.001593299
3/8/24 13:42,UP,1.09333,1.09781,1.09175,1.09751,0.00297478,0.000899229,0.002697686
3/8/24 16:40,DOWN,1.09749,1.09815,1.09417,1.0945,-0.000420195,0.000843795,0.002531386
3/11/24 13:35,DOWN,1.09449,1.09484,1.09238,1.09271,-0.000274509,0.000535715,0.001607145
3/12/24 2:33,UP,1.09273,1.09361,1.09144,1.09346,0.000539717,0.000463652,0.001390956
3/12/24 8:49,DOWN,1.09345,1.09395,1.09217,1.09224,-0.000841951,0.00046007,0.001380209
3/12/24 13:13,DOWN,1.09225,1.09441,1.09026,1.09115,-0.001071689,0.00066439,0.00199317
3/12/24 19:31,UP,1.09116,1.09247,1.09023,1.09226,6.41E-05,0.000559949,0.001679847
3/13/24 12:00,UP,1.09227,1.09458,1.09201,1.09412,0.000667426,0.00045314,0.001359421
3/13/24 17:19,UP,1.09417,1.09641,1.09314,1.09571,0.000894797,0.000470855,0.001412566
3/14/24 4:40,DOWN,1.09569,1.09614,1.0939,1.09408,-0.000228476,0.000434879,0.001304638
3/14/24 13:33,DOWN,1.09407,1.09454,1.09169,1.09174,-0.000842337,0.000566665,0.001699996
3/14/24 15:11,DOWN,1.09178,1.09207,1.08913,1.08919,-0.000926865,0.000585417,0.001756251
3/15/24 4:56,DOWN,1.08921,1.08935,1.08728,1.08753,-0.000110336,0.000497056,0.001491167
3/15/24 10:24,UP,1.08754,1.08997,1.08733,1.0895,0.000596782,0.000465622,0.001396866
3/18/24 9:46,UP,1.08949,1.09006,1.08805,1.09001,0.000486352,0.00040983,0.001229489
3/18/24 13:33,DOWN,1.08999,1.09062,1.08862,1.08883,-0.000257124,0.000445268,0.001335804
3/18/24 16:44,DOWN,1.08884,1.08934,1.08693,1.08721,-0.000726367,0.000459191,0.001377572
3/19/24 7:51,DOWN,1.08722,1.08775,1.08572,1.08577,-0.000497219,0.00038311,0.001149329
3/19/24 10:03,DOWN,1.08573,1.08581,1.08347,1.08404,-0.00044269,0.000435204,0.001305611
3/19/24 13:03,UP,1.08406,1.08561,1.0839,1.08557,0.000175039,0.000402821,0.001208464
3/20/24 3:48,UP,1.08555,1.08714,1.08493,1.08687,0.000506168,0.000337402,0.001012205
3/20/24 8:31,DOWN,1.08691,1.08722,1.08547,1.08571,-0.000791795,0.000396842,0.001190527
3/20/24 9:50,DOWN,1.08567,1.0857,1.08387,1.0839,-0.00013838,0.000521871,0.001565614
3/20/24 16:57,UP,1.08392,1.08602,1.08364,1.08601,0.000617128,0.000514382,0.001543147
3/20/24 18:13,UP,1.08602,1.08944,1.08586,1.08819,0.001480617,0.000617133,0.001851399
3/20/24 19:01,UP,1.08816,1.09178,1.08658,1.09084,0.00099973,0.000723598,0.002170795
3/21/24 0:01,UP,1.09089,1.09375,1.09018,1.0934,0.000246967,0.000688519,0.002065558
3/21/24 8:37,DOWN,1.09336,1.09427,1.08973,1.09043,-0.001795843,0.000730892,0.002192677
3/21/24 14:08,DOWN,1.09044,1.09238,1.0877,1.08792,-0.001331931,0.000738429,0.002215288
3/21/24 20:49,DOWN,1.08793,1.08818,1.08554,1.08589,-4.60E-05,0.00061858,0.001855739
3/22/24 2:49,DOWN,1.08589,1.08683,1.08413,1.0842,-0.000756032,0.000665747,0.001997242
3/22/24 7:53,DOWN,1.08418,1.08428,1.08209,1.08218,-0.000655868,0.000608863,0.001826589
3/22/24 16:28,DOWN,1.08217,1.08319,1.08073,1.08102,-0.000323716,0.000532383,0.00159715
3/25/24 8:16,UP,1.081,1.08233,1.08017,1.08207,0.000268041,0.000530549,0.001591648
3/25/24 13:12,UP,1.08206,1.08369,1.0807,1.08367,0.000581527,0.000522998,0.001568993
3/26/24 9:28,UP,1.08367,1.08537,1.08291,1.08528,0.000331767,0.000470795,0.001412385
3/26/24 14:23,DOWN,1.08527,1.08643,1.08457,1.08459,-0.000285781,0.000454052,0.001362155
3/26/24 16:00,DOWN,1.08458,1.08469,1.08253,1.08277,-0.001181455,0.00051276,0.001538281
3/27/24 13:01,DOWN,1.08277,1.08392,1.0815,1.08168,-0.000175637,0.000593785,0.001781355
3/28/24 7:19,DOWN,1.08171,1.08291,1.08047,1.08063,-0.001377876,0.000590171,0.001770514
3/28/24 9:09,DOWN,1.08064,1.08069,1.07837,1.07841,-0.000871274,0.000611691,0.001835073
3/28/24 12:57,UP,1.07843,1.08031,1.07751,1.08031,0.001278228,0.000619654,0.001858962
3/28/24 18:59,DOWN,1.08026,1.08191,1.07859,1.07881,-0.000694969,0.00056134,0.001684021
3/29/24 9:14,DOWN,1.07881,1.07955,1.07675,1.07762,-0.000204133,0.00047492,0.001424759
3/29/24 12:52,UP,1.07773,1.0807,1.07727,1.07984,0.000926492,0.000550875,0.001652624
4/1/24 10:46,DOWN,1.07987,1.08041,1.07806,1.07814,-0.000713938,0.000473128,0.001419384
4/1/24 14:02,DOWN,1.07815,1.07879,1.07549,1.0756,-0.002098949,0.000669193,0.002007579
4/1/24 15:40,DOWN,1.07557,1.07567,1.07323,1.07343,-0.000502934,0.000651759,0.001955278
4/2/24 6:42,DOWN,1.07341,1.07464,1.07245,1.07245,-0.000447473,0.000521369,0.001564107
4/2/24 10:31,UP,1.07248,1.07433,1.07244,1.07417,1.86E-05,0.000515049,0.001545148
4/2/24 13:41,UP,1.07418,1.07648,1.07389,1.07646,0.000920104,0.000515125,0.001545375
4/3/24 3:10,UP,1.07645,1.0779,1.07578,1.07783,0.000603245,0.000447196,0.001341588
4/3/24 11:35,UP,1.0778,1.07848,1.07639,1.07801,0.000723817,0.000434513,0.001303538
4/3/24 14:00,UP,1.07797,1.0807,1.07729,1.08,0.000972695,0.000525382,0.001576146
4/3/24 14:54,UP,1.08011,1.08219,1.07967,1.08214,0.001266812,0.000583638,0.001750914
4/4/24 1:03,UP,1.08216,1.08437,1.08194,1.08413,0.000369028,0.000483549,0.001450648
4/4/24 8:54,UP,1.08412,1.08607,1.08382,1.08605,0.000543401,0.000432003,0.00129601
4/4/24 13:38,UP,1.08603,1.08731,1.08507,1.0869,0.000119613,0.000483792,0.001451377
4/4/24 18:13,DOWN,1.08691,1.08767,1.08533,1.08565,-0.000377583,0.000441709,0.001325128
4/4/24 19:26,DOWN,1.08567,1.08577,1.08411,1.08415,-0.000571713,0.000451209,0.001353626
4/5/24 2:10,DOWN,1.08414,1.08441,1.08237,1.08261,-0.000590989,0.000482983,0.001448948
4/5/24 8:41,UP,1.08261,1.08451,1.08225,1.08434,0.000350505,0.000434639,0.001303916
4/5/24 12:30,DOWN,1.08435,1.08481,1.08078,1.08139,-0.00209695,0.000647452,0.001942357
4/5/24 14:38,UP,1.08139,1.08238,1.07914,1.08225,0.000961423,0.000620422,0.001861267
4/5/24 16:13,UP,1.08223,1.08445,1.08147,1.08421,0.00056278,0.000653383,0.001960149
4/8/24 9:07,DOWN,1.08418,1.08434,1.08206,1.08206,-0.000868336,0.000514426,0.001543279
4/8/24 13:02,UP,1.08213,1.08379,1.08208,1.08377,0.000978546,0.000523068,0.001569205
4/8/24 15:15,UP,1.08377,1.0859,1.08366,1.08572,0.00086616,0.000553701,0.001661102
4/9/24 6:10,UP,1.0857,1.08652,1.08467,1.08625,0.000423565,0.000435387,0.001306162
4/9/24 12:55,UP,1.08625,1.08841,1.0849,1.08817,0.001222983,0.000532339,0.001597016
4/9/24 14:55,DOWN,1.08818,1.08852,1.0853,1.08579,-0.000865355,0.000599363,0.001798088
4/10/24 11:15,UP,1.0858,1.08659,1.08475,1.08641,0.000193316,0.000387999,0.001163996
4/10/24 12:31,DOWN,1.0864,1.08666,1.08043,1.08075,-0.00451443,0.00117651,0.003529531
4/10/24 13:19,DOWN,1.08067,1.08102,1.07628,1.07688,-0.000668375,0.001191321,0.003573964
4/10/24 16:16,DOWN,1.07688,1.07746,1.07301,1.07304,-0.000745268,0.00106249,0.003187471
4/11/24 12:27,DOWN,1.07302,1.07545,1.07148,1.07223,-0.000764469,0.000640871,0.001922614
4/11/24 13:29,UP,1.07224,1.07567,1.07147,1.07556,0.001209404,0.000725242,0.002175725
4/11/24 14:24,DOWN,1.07558,1.07559,1.07158,1.07159,-0.001370853,0.000847713,0.002543138
4/11/24 18:03,UP,1.07158,1.073,1.06992,1.07298,0.000708559,0.000787442,0.002362326
4/12/24 6:32,DOWN,1.07297,1.07346,1.07021,1.07021,-0.000915289,0.000681177,0.002043532
4/12/24 8:59,DOWN,1.07019,1.07051,1.06709,1.0671,-0.000974129,0.000756765,0.002270295
4/12/24 11:09,DOWN,1.06711,1.0675,1.0644,1.06462,-0.000544647,0.000731726,0.002195177
4/12/24 14:23,DOWN,1.06461,1.06594,1.06226,1.0624,-0.001758618,0.000784036,0.002352108
4/12/24 18:00,UP,1.06239,1.0651,1.06239,1.06467,0.000450946,0.000677249,0.002031748
4/15/24 6:09,UP,1.06465,1.06592,1.06304,1.06566,0.000384812,0.000512374,0.001537123
4/15/24 12:32,DOWN,1.06563,1.06654,1.06325,1.06381,-0.001699986,0.000564362,0.001693086
4/15/24 14:04,DOWN,1.06386,1.06609,1.06308,1.06335,-0.000846024,0.000676069,0.002028207
4/15/24 18:50,DOWN,1.06334,1.06477,1.06218,1.0624,-0.000385844,0.000632428,0.001897285
4/16/24 9:14,UP,1.06241,1.0633,1.06023,1.06326,0.001609556,0.00068434,0.002053019
4/16/24 11:56,UP,1.06329,1.06475,1.06194,1.06454,0.001278364,0.000727135,0.002181406
4/16/24 15:37,DOWN,1.06451,1.06539,1.06237,1.06248,-0.000743267,0.000648698,0.001946093
4/17/24 8:53,UP,1.06243,1.0649,1.06011,1.06445,0.001485437,0.000760008,0.002280024
4/17/24 17:47,UP,1.06445,1.06645,1.063,1.06596,0.000938562,0.0007484,0.0022452
4/18/24 6:31,UP,1.06598,1.06901,1.06595,1.06889,0.001132657,0.000759746,0.002279238
4/18/24 13:33,DOWN,1.06887,1.06902,1.06569,1.06635,-0.000215666,0.000702004,0.002106013
4/18/24 23:59,DOWN,1.06635,1.06649,1.064,1.0643,-0.000197293,0.00059476,0.00178428
4/19/24 1:46,DOWN,1.06428,1.06447,1.06138,1.06164,-0.001947915,0.000746705,0.002240115
4/19/24 6:45,UP,1.06164,1.06433,1.06105,1.06415,0.001363519,0.000788002,0.002364007
4/19/24 12:41,UP,1.06414,1.06728,1.06408,1.06695,0.001453795,0.000848836,0.002546509
4/22/24 11:40,DOWN,1.06701,1.06777,1.06351,1.06403,-0.001371201,0.000689268,0.002067804
4/22/24 18:43,UP,1.06403,1.06609,1.06238,1.06586,0.000675739,0.000679628,0.002038885
4/23/24 7:49,UP,1.06587,1.06954,1.06385,1.06783,0.003142135,0.00098278,0.00294834
4/23/24 13:57,UP,1.06783,1.07101,1.06532,1.07063,0.00365874,0.001285882,0.003857645
4/25/24 6:14,UP,1.07066,1.07165,1.06779,1.07162,0.000970965,0.000766743,0.00230023
4/25/24 13:08,DOWN,1.07163,1.07407,1.06855,1.06873,-0.001561383,0.000871526,0.002614577
4/25/24 15:53,UP,1.06875,1.0721,1.06784,1.07198,0.000718555,0.000881308,0.002643925
4/26/24 8:54,UP,1.07197,1.0753,1.07151,1.07436,0.000782167,0.000729028,0.002187084
4/26/24 11:53,DOWN,1.07437,1.0744,1.07187,1.07192,-0.000979071,0.000738902,0.002216707
4/26/24 14:33,DOWN,1.07192,1.07413,1.069,1.0691,-0.002055691,0.000860069,0.002580207
4/29/24 0:52,UP,1.06909,1.07104,1.0674,1.07103,0.000775255,0.000826234,0.002478701
4/29/24 13:30,DOWN,1.07104,1.0734,1.06973,1.06994,-0.001428965,0.000826113,0.002478339
4/29/24 16:56,UP,1.06989,1.07293,1.06902,1.07258,0.000820788,0.000788907,0.002366721
4/30/24 6:21,DOWN,1.07259,1.07298,1.06899,1.06911,-0.001439414,0.00076046,0.002281381
4/30/24 9:06,UP,1.06911,1.07269,1.06901,1.0726,0.002183998,0.000925119,0.002775358
4/30/24 15:26,DOWN,1.07263,1.07355,1.06872,1.06929,-0.000738535,0.000925577,0.002776731
4/30/24 23:25,DOWN,1.0693,1.0695,1.06647,1.06664,-0.00029059,0.000811962,0.002435885
5/1/24 12:30,UP,1.06665,1.06801,1.06493,1.06783,0.000702606,0.000694033,0.002082099
5/1/24 19:02,UP,1.06783,1.07327,1.06705,1.07268,0.003389786,0.001091643,0.003274928
5/2/24 13:58,DOWN,1.07267,1.07284,1.06802,1.06875,-0.000897842,0.000953106,0.002859318
5/2/24 16:53,UP,1.06882,1.07218,1.06743,1.07204,0.001418864,0.000952084,0.002856253
5/3/24 11:06,UP,1.07208,1.0748,1.07139,1.0747,0.00030711,0.00075768,0.002273039
5/3/24 12:43,UP,1.07473,1.08126,1.07436,1.08025,0.00521608,0.001462855,0.004388564
5/3/24 20:37,DOWN,1.08027,1.08037,1.07516,1.07641,-0.00036225,0.001161881,0.003485643
5/6/24 12:58,UP,1.0764,1.07909,1.07552,1.07894,0.001252011,0.000891433,0.002674299
5/7/24 2:09,DOWN,1.07893,1.07893,1.07641,1.07653,-0.000826389,0.000739546,0.002218639
5/7/24 14:02,UP,1.07653,1.07875,1.07543,1.07811,0.000343252,0.000662723,0.001988169
5/7/24 18:04,DOWN,1.07812,1.07829,1.0754,1.07555,-0.000501943,0.000652467,0.001957401
5/9/24 7:21,DOWN,1.07554,1.07578,1.07349,1.07391,-0.000251386,0.000464696,0.001394087
5/9/24 12:52,UP,1.0739,1.07625,1.07239,1.07609,0.002437709,0.000770859,0.002312577
5/10/24 6:25,UP,1.07608,1.0786,1.07505,1.07797,0.000334017,0.00056584,0.001697519
5/13/24 2:27,DOWN,1.07795,1.07901,1.07604,1.07668,-0.000399296,0.000454771,0.001364314
5/13/24 9:10,UP,1.07669,1.0789,1.07658,1.07872,0.001001688,0.000461759,0.001385278
5/13/24 12:11,UP,1.07871,1.07969,1.07772,1.07956,0.000898918,0.000516119,0.001548357
5/13/24 19:20,DOWN,1.07959,1.08069,1.07869,1.07879,-0.000240982,0.000486333,0.001459
5/14/24 8:33,DOWN,1.07876,1.07937,1.07753,1.07778,-0.000788347,0.000428895,0.001286686
5/14/24 10:38,UP,1.07778,1.07952,1.07773,1.07936,0.000129715,0.000456917,0.00137075
5/14/24 13:21,UP,1.07937,1.08228,1.07672,1.08181,0.001341245,0.000534686,0.001604057
5/15/24 7:12,UP,1.08179,1.08324,1.08099,1.08283,0.000378709,0.000411035,0.001233106
5/15/24 12:46,UP,1.08283,1.08696,1.08218,1.08598,0.002766305,0.000775078,0.002325234
5/15/24 16:28,UP,1.08603,1.08747,1.08316,1.08661,0.000377391,0.000804335,0.002413006
5/16/24 0:35,UP,1.08662,1.08925,1.08652,1.08919,0.000293839,0.000694897,0.00208469
5/16/24 8:37,DOWN,1.08916,1.08952,1.08664,1.08709,-0.000266732,0.000585074,0.001755221
5/17/24 1:29,DOWN,1.08708,1.08758,1.08543,1.08592,-0.000294638,0.000426917,0.001280751
5/17/24 8:53,DOWN,1.0859,1.08685,1.08416,1.08441,-0.000460974,0.000506353,0.001519058
5/17/24 14:11,UP,1.08444,1.086,1.08356,1.08594,0.00073696,0.000475513,0.00142654
5/17/24 18:58,UP,1.08595,1.08786,1.08587,1.08763,0.000321852,0.00049176,0.001475279
5/20/24 9:31,DOWN,1.08764,1.08847,1.08623,1.08688,-0.000349564,0.000446642,0.001339926
5/20/24 20:46,DOWN,1.08686,1.08739,1.08544,1.08569,-0.000607724,0.000446117,0.00133835
5/21/24 9:17,UP,1.08568,1.08737,1.08509,1.08723,0.000828135,0.000412501,0.001237503
5/21/24 12:42,DOWN,1.08725,1.08749,1.08551,1.08561,-0.000488086,0.00041633,0.001248989
5/22/24 1:12,UP,1.08562,1.08619,1.08426,1.08576,8.29E-05,0.000315361,0.000946083
5/22/24 8:30,DOWN,1.08574,1.08637,1.08461,1.08469,-0.000875443,0.000395638,0.001186913
5/22/24 11:31,DOWN,1.08469,1.08529,1.08288,1.08299,-0.000673833,0.000408662,0.001225985
5/22/24 13:30,UP,1.08302,1.08397,1.08218,1.08394,0.00038755,0.000401601,0.001204804
5/22/24 18:21,DOWN,1.08393,1.08471,1.08221,1.08229,-0.000914309,0.000443918,0.001331754
5/23/24 4:01,UP,1.08226,1.08314,1.08174,1.08305,0.000175446,0.000357696,0.001073088
5/23/24 8:09,UP,1.08305,1.0838,1.08124,1.08379,0.000987764,0.000459536,0.001378608
5/23/24 12:20,UP,1.08376,1.08544,1.08336,1.08524,0.000267258,0.000416106,0.001248317
5/23/24 13:46,DOWN,1.08527,1.08611,1.08298,1.08395,-0.001778942,0.000583868,0.001751604
5/23/24 16:59,DOWN,1.08401,1.08433,1.08179,1.08185,-0.000535975,0.000545959,0.001637878
5/24/24 7:40,UP,1.08185,1.08203,1.08047,1.08196,0.000184867,0.000363704,0.001091113
5/24/24 10:33,UP,1.08195,1.084,1.08178,1.08382,0.000876914,0.000393188,0.001179564
5/24/24 12:51,UP,1.08384,1.08539,1.08344,1.08521,0.001032591,0.000425675,0.001277026
5/27/24 9:49,UP,1.08518,1.0858,1.08415,1.08579,0.000552746,0.000284059,0.000852176
5/27/24 12:12,DOWN,1.08576,1.08676,1.08406,1.08431,-0.001474505,0.000452224,0.001356673
5/27/24 14:52,UP,1.08426,1.08591,1.08426,1.08581,0.000414523,0.00040723,0.001221691
5/28/24 1:41,UP,1.0858,1.08704,1.08528,1.08696,0.000395677,0.000357498,0.001072494
5/28/24 11:06,UP,1.08695,1.08847,1.0867,1.08844,0.000716879,0.000395384,0.001186152
5/28/24 13:44,DOWN,1.08844,1.08892,1.08702,1.08722,-0.000312675,0.000360823,0.001082469
5/28/24 15:23,UP,1.08717,1.08771,1.08578,1.08762,0.000211493,0.000347994,0.001043983
5/28/24 18:03,DOWN,1.08758,1.08798,1.08621,1.08638,-0.000745318,0.00035131,0.00105393
5/29/24 0:15,DOWN,1.08638,1.08652,1.08476,1.0849,-0.000681858,0.000371034,0.001113102
5/29/24 8:14,DOWN,1.08488,1.08589,1.08291,1.08351,-0.000931721,0.000430031,0.001290094
5/29/24 9:58,UP,1.08354,1.08564,1.08331,1.08524,0.000617566,0.000453818,0.001361455
5/29/24 13:22,DOWN,1.08521,1.08587,1.08337,1.08347,-0.000968639,0.000529803,0.001589408
5/29/24 14:41,DOWN,1.08347,1.08436,1.08155,1.08205,-0.000406553,0.000558632,0.001675897
5/29/24 19:07,DOWN,1.08205,1.08224,1.08031,1.08031,-0.000564493,0.000490742,0.001472225
5/30/24 5:48,DOWN,1.08034,1.08111,1.07884,1.07888,-0.000583768,0.000396664,0.001189993
5/30/24 7:48,UP,1.07888,1.08064,1.07882,1.08056,0.000573941,0.000392534,0.001177601
5/30/24 11:50,UP,1.08057,1.08219,1.08032,1.08206,0.000489926,0.000418907,0.001256721
5/30/24 13:03,UP,1.08205,1.08329,1.08129,1.08305,0.000295506,0.000452242,0.001356726
5/30/24 15:00,UP,1.08304,1.08445,1.08254,1.08407,0.000258319,0.000397884,0.001193652
5/30/24 19:51,DOWN,1.08406,1.08451,1.08268,1.08282,-0.000618563,0.000378895,0.001136685
5/31/24 2:12,DOWN,1.08283,1.08356,1.08197,1.08212,-0.000674374,0.000381078,0.001143233
5/31/24 8:25,UP,1.08214,1.08295,1.08111,1.0829,0.000563461,0.000404355,0.001213064
5/31/24 9:43,UP,1.08291,1.08451,1.08289,1.08429,0.000276717,0.000412439,0.001237316
5/31/24 12:33,UP,1.08429,1.08677,1.08419,1.0864,0.001049888,0.000453781,0.001361344
5/31/24 12:59,UP,1.08643,1.08825,1.08612,1.0881,0.000386068,0.000518741,0.001556222
5/31/24 14:36,DOWN,1.08813,1.08813,1.08619,1.08631,-0.000984501,0.000528013,0.00158404
5/31/24 15:30,DOWN,1.08632,1.08662,1.08417,1.08459,-0.000322651,0.000504633,0.0015139
6/3/24 1:59,UP,1.08456,1.08589,1.08397,1.08578,0.000221064,0.000423779,0.001271336
6/3/24 8:10,DOWN,1.08578,1.08588,1.08342,1.08377,-0.000516581,0.000455041,0.001365124
6/3/24 12:34,UP,1.08377,1.08498,1.08277,1.08493,0.000673081,0.000436091,0.001308272
6/3/24 14:09,UP,1.08491,1.08791,1.08421,1.08773,0.002457671,0.000723154,0.002169462
6/3/24 18:31,UP,1.08774,1.08944,1.08664,1.08936,0.000477458,0.000552693,0.001658079
6/4/24 0:17,UP,1.08935,1.09149,1.08925,1.09124,0.00041246,0.000510718,0.001532154
6/4/24 7:00,DOWN,1.09125,1.09161,1.08963,1.08973,-0.000330303,0.000429492,0.001288476
6/4/24 8:43,DOWN,1.0897,1.08987,1.08739,1.0877,-0.000836278,0.000448924,0.001346771
6/4/24 12:05,DOWN,1.08772,1.08821,1.0859,1.08642,-0.000331309,0.000401098,0.001203295
6/4/24 14:50,UP,1.08639,1.088,1.0862,1.08756,0.000450651,0.000360436,0.001081309
6/5/24 6:21,DOWN,1.08757,1.08877,1.08723,1.08727,-0.000450569,0.000282672,0.000848015
6/5/24 11:41,DOWN,1.08728,1.08803,1.08597,1.08645,-0.0003313,0.000317823,0.00095347
6/5/24 12:59,UP,1.08647,1.08844,1.08634,1.08838,0.000946809,0.000423337,0.00127001
6/5/24 14:10,DOWN,1.0884,1.0892,1.08621,1.08625,-0.002161069,0.000653469,0.001960406
6/5/24 16:15,DOWN,1.08622,1.08805,1.08544,1.0855,-0.001095669,0.000700375,0.002101125
6/6/24 1:03,UP,1.0855,1.08842,1.08548,1.08837,0.000845658,0.000669942,0.002009826
6/6/24 11:41,DOWN,1.0884,1.08959,1.08656,1.0867,-0.000892213,0.000571489,0.001714467
6/6/24 12:25,UP,1.08669,1.08945,1.08618,1.08914,0.002408466,0.000798858,0.002396573
6/7/24 2:20,UP,1.08913,1.09022,1.08719,1.08946,0.000651911,0.000573835,0.001721506
6/7/24 12:31,DOWN,1.08945,1.09036,1.08396,1.08403,-0.005400371,0.001408355,0.004225065
6/7/24 15:59,DOWN,1.0841,1.0845,1.08041,1.08065,-5.55E-05,0.00103057,0.00309171
6/9/24 22:44,DOWN,1.08063,1.08122,1.07637,1.07747,-0.000361894,0.000962388,0.002887163
6/10/24 4:10,DOWN,1.07747,1.07817,1.0749,1.07496,-0.00149661,0.000940668,0.002822003
6/10/24 10:32,DOWN,1.07494,1.07683,1.07349,1.07351,-0.000661163,0.000752282,0.002256845
6/10/24 14:58,DOWN,1.07352,1.07606,1.07328,1.07349,-0.000139721,0.000663149,0.001989448
6/10/24 16:30,UP,1.07352,1.07589,1.07331,1.07575,0.000818369,0.000671256,0.002013768
6/11/24 9:05,DOWN,1.07574,1.07737,1.0743,1.07501,-0.000790378,0.000476393,0.001429179
6/11/24 11:12,DOWN,1.07498,1.07566,1.07316,1.0732,-0.000605482,0.000559974,0.001679922
6/11/24 17:14,UP,1.0732,1.07433,1.07194,1.07403,0.000596064,0.000466312,0.001398937
6/12/24 10:20,UP,1.07401,1.0754,1.07345,1.07522,0.000195328,0.000432858,0.001298573
6/12/24 12:36,UP,1.07525,1.08277,1.0751,1.08168,0.004698172,0.001235004,0.003705013
6/12/24 15:28,UP,1.08164,1.08523,1.08096,1.085,0.000294974,0.001010967,0.0030329
6/12/24 18:50,DOWN,1.08501,1.08517,1.08136,1.08149,-0.001007361,0.000864434,0.002593303
6/13/24 11:03,DOWN,1.0815,1.08216,1.0793,1.07937,-0.001203682,0.000650143,0.001950428
6/13/24 14:12,DOWN,1.07941,1.08166,1.07805,1.07838,-0.000963945,0.000837146,0.002511438
6/13/24 15:50,DOWN,1.07836,1.07877,1.07546,1.07557,-0.000762096,0.000825085,0.002475254
6/14/24 6:03,DOWN,1.07556,1.07587,1.07275,1.07275,-0.000857241,0.000674166,0.002022499
6/14/24 8:41,DOWN,1.07278,1.07328,1.06987,1.06992,-0.000691401,0.000686445,0.002059335
6/14/24 11:36,UP,1.06991,1.07051,1.06717,1.07051,0.000934571,0.00067513,0.002025389
6/14/24 13:28,DOWN,1.07051,1.0706,1.06751,1.06763,-0.001319811,0.000715606,0.002146819
6/14/24 15:39,UP,1.06762,1.06997,1.06676,1.06991,0.00092574,0.000705134,0.002115401
6/17/24 8:32,UP,1.06989,1.07123,1.06863,1.07111,0.000672426,0.000507922,0.001523765
6/17/24 15:18,UP,1.07112,1.07241,1.0702,1.07238,0.000774279,0.000462084,0.001386252
6/17/24 23:20,UP,1.07239,1.07402,1.07168,1.07373,0.000316703,0.000441313,0.001323939
6/18/24 5:07,DOWN,1.0738,1.07413,1.07202,1.07205,-0.000391696,0.000422971,0.001268913
6/18/24 8:53,DOWN,1.07203,1.07353,1.07148,1.07173,-0.000475753,0.000440747,0.001322241
6/18/24 13:18,UP,1.07171,1.07348,1.07099,1.07342,0.000736236,0.000531667,0.001595
6/18/24 14:28,UP,1.07344,1.07615,1.07313,1.0758,0.001376668,0.000606476,0.001819427
6/18/24 18:26,DOWN,1.07582,1.07598,1.07335,1.07355,-0.000298032,0.000636114,0.001908341
6/19/24 11:08,UP,1.07357,1.07532,1.07247,1.07509,0.000632705,0.000528111,0.001584334
6/20/24 6:33,DOWN,1.07511,1.07534,1.07321,1.07348,-0.000437733,0.000418557,0.001255672
6/20/24 8:22,DOWN,1.07348,1.07365,1.07125,1.07138,-0.001268586,0.000505519,0.001516558
6/20/24 14:26,UP,1.07137,1.07323,1.07128,1.07299,0.000522042,0.000457116,0.001371349
6/20/24 16:04,DOWN,1.07299,1.07309,1.07057,1.07068,-0.000877562,0.000514543,0.001543629
6/21/24 5:35,UP,1.07067,1.072,1.07011,1.07193,0.000363896,0.000416155,0.001248466
6/21/24 7:33,DOWN,1.07196,1.07207,1.0675,1.06812,-0.002393867,0.00073915,0.00221745
6/24/24 5:55,UP,1.06808,1.06984,1.06709,1.06979,0.000420732,0.000525975,0.001577926
6/24/24 8:18,UP,1.06977,1.07168,1.06973,1.07162,0.000149318,0.000512958,0.001538875
6/24/24 13:19,UP,1.07163,1.07411,1.07112,1.07387,0.000763885,0.000522856,0.001568568
6/24/24 16:27,DOWN,1.07388,1.07464,1.07234,1.07278,0,0.000504896,0.001514689
6/25/24 4:54,UP,1.0728,1.07398,1.07219,1.07396,0.000288693,0.000441046,0.001323138
6/25/24 7:18,DOWN,1.07394,1.07405,1.0721,1.07213,-0.00145399,0.000540349,0.001621048
6/25/24 11:43,DOWN,1.07214,1.0736,1.0709,1.07113,-0.001007773,0.000554337,0.001663011
6/25/24 14:11,DOWN,1.07113,1.0715,1.06906,1.06927,-0.001140315,0.000576166,0.001728498
6/25/24 17:30,UP,1.06929,1.07116,1.06925,1.07109,0.000513627,0.000550861,0.001652583
6/26/24 6:40,DOWN,1.07109,1.07181,1.06981,1.06985,-0.000588694,0.000514846,0.001544538
6/26/24 13:14,DOWN,1.06986,1.06999,1.06736,1.06758,-0.000683556,0.000574347,0.001723041
6/27/24 2:13,UP,1.0676,1.0696,1.06659,1.06907,0.000907743,0.000505906,0.001517717
6/27/24 12:32,UP,1.06904,1.07089,1.06805,1.07061,0.001196295,0.000539051,0.001617153
6/27/24 13:36,UP,1.07058,1.07265,1.07036,1.07261,0.000335686,0.000564653,0.00169396
6/27/24 15:29,DOWN,1.07262,1.07265,1.07002,1.07013,-0.000878012,0.0006112,0.0018336
6/28/24 1:50,DOWN,1.07014,1.07114,1.06853,1.06857,-0.000701626,0.000662124,0.001986373
6/28/24 10:09,UP,1.06857,1.07101,1.06856,1.07085,0.001177328,0.000624351,0.001873054
6/28/24 14:59,UP,1.07088,1.07223,1.0692,1.07193,0.001372299,0.00062615,0.00187845
6/30/24 21:28,UP,1.07191,1.07484,1.0706,1.07379,0.002564307,0.000815282,0.002445847
7/1/24 6:26,UP,1.07379,1.07751,1.07325,1.07748,0.001811418,0.000812151,0.002436452
7/1/24 11:57,DOWN,1.0775,1.07766,1.07425,1.07494,-0.000223243,0.000712867,0.002138601
7/1/24 15:07,DOWN,1.07491,1.07703,1.07231,1.07249,-0.001025125,0.000740442,0.002221327
7/2/24 7:41,DOWN,1.07248,1.07428,1.07128,1.07138,-0.000923615,0.000570049,0.001710147
7/2/24 12:41,UP,1.07139,1.07334,1.07099,1.073,0.000102522,0.000551541,0.001654624
7/2/24 19:55,UP,1.07298,1.0747,1.07241,1.07457,0.000372311,0.000565096,0.001695289
7/3/24 8:24,UP,1.07453,1.07635,1.07361,1.07608,0.000483352,0.000565793,0.001697379
7/3/24 12:42,UP,1.07605,1.07761,1.07525,1.07757,0.001253604,0.000579295,0.001737886
7/3/24 14:07,UP,1.07759,1.08084,1.07719,1.08077,0.0016576,0.000708721,0.002126163
7/3/24 17:52,DOWN,1.08079,1.08169,1.0782,1.07831,-0.00088062,0.000639326,0.001917978
7/4/24 8:57,UP,1.07831,1.08033,1.07781,1.08012,0.000305568,0.000506807,0.001520421
7/4/24 15:56,UP,1.08009,1.08141,1.07939,1.08133,0.00053652,0.000457711,0.001373133
7/5/24 7:40,UP,1.08133,1.08274,1.08092,1.08266,0.000702221,0.000446486,0.001339459
7/5/24 12:30,DOWN,1.08265,1.0832,1.07978,1.08123,-0.000721141,0.000446005,0.001338016
7/5/24 12:56,UP,1.08107,1.08426,1.08107,1.08289,0.00036945,0.000510352,0.001531055
7/5/24 14:11,DOWN,1.08287,1.08344,1.08107,1.08109,-0.00068426,0.000539911,0.001619733
7/5/24 19:04,UP,1.08112,1.08388,1.08111,1.08387,0.000959985,0.000574413,0.001723238
7/8/24 6:35,DOWN,1.08387,1.08429,1.0804,1.08204,-0.000194059,0.000534958,0.001604874
7/8/24 8:20,UP,1.08201,1.08425,1.0819,1.08376,0.000129188,0.000516866,0.001550599
7/8/24 18:22,DOWN,1.08373,1.08452,1.08235,1.08299,-8.31E-05,0.000408154,0.001224463
7/9/24 8:01,DOWN,1.08297,1.08335,1.08157,1.08161,-0.00100725,0.000488657,0.001465972
7/9/24 15:18,DOWN,1.08159,1.08286,1.08053,1.08092,-0.00052719,0.000418398,0.001255193
7/10/24 6:48,UP,1.08092,1.08228,1.08058,1.08208,0.000323503,0.000340726,0.001022178
7/10/24 12:21,UP,1.08205,1.08276,1.08118,1.0827,0.000240169,0.000371849,0.001115547
7/10/24 23:14,UP,1.08269,1.08361,1.08173,1.08356,0.000618523,0.000344099,0.001032297
7/11/24 9:13,UP,1.08359,1.08527,1.0831,1.08513,0.001023442,0.000404501,0.001213503
7/11/24 12:35,UP,1.08513,1.08939,1.08431,1.08811,0.002567372,0.00073096,0.002192879
7/11/24 15:24,DOWN,1.08814,1.09,1.08686,1.08709,-0.000643714,0.000693796,0.002081388
7/12/24 8:19,UP,1.08707,1.08798,1.08597,1.08781,0.000579313,0.000472271,0.001416813
7/12/24 13:23,UP,1.08782,1.0898,1.08734,1.08935,0.000505016,0.000432627,0.001297882
7/12/24 15:04,UP,1.08933,1.09109,1.089,1.09099,0.000797759,0.00042874,0.00128622
7/14/24 21:38,DOWN,1.09101,1.09115,1.08844,1.08897,-0.001541553,0.00052475,0.001574251
7/15/24 8:12,UP,1.08929,1.09029,1.08832,1.09026,0.000963537,0.000504725,0.001514176
7/15/24 15:00,UP,1.09029,1.09205,1.09009,1.09178,0.000458073,0.000453743,0.001361229
7/15/24 17:17,DOWN,1.09176,1.09225,1.0897,1.08982,-0.000706289,0.000458973,0.001376918
7/16/24 6:25,DOWN,1.08985,1.09032,1.0884,1.0886,-0.00019289,0.000367045,0.001101135
7/16/24 8:40,UP,1.08863,1.09029,1.08836,1.09017,0.000633129,0.000395407,0.001186221
7/16/24 12:56,DOWN,1.09014,1.09056,1.08757,1.08788,-0.000615687,0.000553101,0.001659303
7/16/24 17:24,UP,1.08788,1.08905,1.08715,1.08903,0.000578664,0.000503159,0.001509476
7/17/24 6:34,UP,1.08902,1.09071,1.08883,1.09047,0.000128393,0.000405995,0.001217986
7/17/24 8:18,UP,1.09046,1.09137,1.08951,1.09126,0.000458291,0.000456634,0.001369903
7/17/24 9:05,UP,1.09126,1.09452,1.0909,1.09426,0.001069788,0.00064129,0.00192387
7/17/24 16:17,DOWN,1.09423,1.09483,1.09259,1.09268,-0.000356857,0.000493169,0.001479506
7/18/24 13:25,DOWN,1.09268,1.09413,1.09161,1.09183,-0.000924625,0.000439215,0.001317646
7/18/24 18:22,DOWN,1.09185,1.09188,1.08993,1.09001,-0.00089867,0.000521192,0.001563577
7/19/24 6:14,DOWN,1.09,1.09048,1.0884,1.0885,-0.000257202,0.000408299,0.001224897
7/19/24 18:53,DOWN,1.08853,1.08943,1.08756,1.08778,-0.000496301,0.000299373,0.000898118
7/21/24 23:11,UP,1.08779,1.09001,1.08768,1.08999,0.001432231,0.000459515,0.001378544
7/22/24 7:04,DOWN,1.08999,1.0903,1.08787,1.08832,-0.000477687,0.000441343,0.001324028
7/22/24 14:17,DOWN,1.08831,1.08955,1.08738,1.08738,-0.000597589,0.000421444,0.001264331
7/22/24 17:50,UP,1.08739,1.08919,1.08731,1.08904,0.00029388,0.00040933,0.001227991
7/23/24 7:27,DOWN,1.08906,1.08969,1.08792,1.08792,-0.000431924,0.00036862,0.00110586
7/23/24 10:09,DOWN,1.08794,1.08825,1.0862,1.08638,-0.000966046,0.000413178,0.001239533
7/23/24 13:29,DOWN,1.0864,1.08685,1.08505,1.08509,-0.000515953,0.000441681,0.001325042
7/24/24 7:09,DOWN,1.08507,1.08581,1.08416,1.08435,-0.000110659,0.000374965,0.001124895
7/24/24 8:01,DOWN,1.08434,1.08541,1.08256,1.08272,-0.000877035,0.000438837,0.001316512
7/24/24 10:26,UP,1.08274,1.08447,1.08258,1.08428,0.000645798,0.000438223,0.001314668
7/24/24 12:56,UP,1.08428,1.08562,1.08385,1.0856,0.000691101,0.000451278,0.001353834
7/24/24 18:18,DOWN,1.08559,1.08667,1.08416,1.08427,-0.000802061,0.000468327,0.00140498
7/25/24 7:10,DOWN,1.08423,1.08457,1.0829,1.08292,-0.000489298,0.000422842,0.001268526
7/25/24 7:54,UP,1.08291,1.0849,1.08282,1.08488,0.001060587,0.000506957,0.00152087
7/25/24 15:01,UP,1.08487,1.08592,1.08303,1.08555,0.000239539,0.000534343,0.001603028
7/25/24 19:08,DOWN,1.08556,1.08701,1.08461,1.08468,-0.000387136,0.000466898,0.001400694
7/26/24 2:21,UP,1.08467,1.08601,1.08434,1.08599,0.000626353,0.000449876,0.001349629
7/26/24 8:40,DOWN,1.08598,1.08609,1.08421,1.08441,-0.000460974,0.000400131,0.001200394
7/26/24 12:21,UP,1.08442,1.0863,1.08423,1.08588,0.000147357,0.000394185,0.001182554
7/29/24 1:56,UP,1.08586,1.08682,1.08491,1.08664,0.000414206,0.000334003,0.001002009
7/29/24 7:27,DOWN,1.08666,1.08701,1.08475,1.08487,-0.000875298,0.000362959,0.001088878
7/29/24 8:50,DOWN,1.08486,1.08562,1.0833,1.08341,-0.000599778,0.000382599,0.001147796
7/29/24 12:10,DOWN,1.08342,1.08422,1.08149,1.08168,-0.001201113,0.000554144,0.001662433
7/29/24 19:26,UP,1.08167,1.08261,1.08027,1.08242,5.54E-05,0.000478931,0.001436794
7/30/24 8:41,UP,1.08239,1.08347,1.08143,1.08321,0.000581774,0.000403919,0.001211758
7/30/24 12:23,DOWN,1.08323,1.08358,1.08156,1.08156,-0.000979586,0.000443902,0.001331706
7/30/24 14:50,DOWN,1.08157,1.08168,1.07982,1.08014,-0.000259192,0.000416003,0.001248008
7/30/24 16:48,UP,1.08017,1.08168,1.07989,1.08165,0.000573363,0.000413028,0.001239085
7/31/24 1:40,UP,1.08166,1.08241,1.08084,1.08238,0.000258723,0.000382778,0.001148334
7/31/24 7:35,DOWN,1.0824,1.08304,1.08116,1.08171,-0.000129416,0.000342298,0.001026894
7/31/24 10:48,UP,1.0817,1.08354,1.08065,1.08318,0.000554078,0.000353415,0.001060246
7/31/24 13:32,UP,1.08316,1.08484,1.08253,1.08474,0.000700874,0.000464778,0.001394333
7/31/24 14:47,DOWN,1.08474,1.08496,1.08234,1.08234,-0.001431058,0.000568789,0.001706368
7/31/24 19:15,UP,1.08233,1.0833,1.0802,1.08303,0.000507963,0.000597206,0.001791619
8/1/24 6:50,DOWN,1.083,1.08356,1.08114,1.08144,-0.000767201,0.000481925,0.001445776
8/1/24 8:12,DOWN,1.08141,1.08201,1.07843,1.07858,-0.00182481,0.000641844,0.001925533
8/1/24 12:37,UP,1.07857,1.08087,1.07775,1.08044,0.0014449,0.000668265,0.002004796
8/1/24 15:08,DOWN,1.08046,1.08185,1.07871,1.0788,-0.00015757,0.00074421,0.00223263
8/2/24 5:53,UP,1.07884,1.08014,1.07802,1.08014,0.000379652,0.000507216,0.001521647
8/2/24 8:28,UP,1.08012,1.08117,1.07861,1.08114,0.000592143,0.000583825,0.001751474
8/2/24 11:55,UP,1.08113,1.08374,1.08079,1.08308,9.23E-05,0.000578044,0.001734133
8/2/24 12:43,UP,1.0831,1.08738,1.08288,1.08624,0.00275641,0.000867467,0.002602401
8/2/24 13:18,UP,1.08623,1.08988,1.0858,1.08986,0.001064924,0.001010725,0.003032174
8/2/24 15:48,UP,1.08988,1.09267,1.08854,1.092,0.000100738,0.000841591,0.002524772
8/5/24 4:09,UP,1.09199,1.09341,1.09028,1.09283,0.000356935,0.000554499,0.001663496
8/5/24 6:01,DOWN,1.09283,1.094,1.0912,1.09153,-0.001647703,0.000654301,0.001962902
8/5/24 7:09,UP,1.09151,1.09259,1.08925,1.09253,0.001823121,0.000841342,0.002524025
8/5/24 7:38,UP,1.09249,1.09671,1.09209,1.09566,0.00132428,0.000929431,0.002788292
8/5/24 12:43,UP,1.09566,1.0985,1.09329,1.09842,0.001147761,0.001035922,0.003107765
8/5/24 14:36,DOWN,1.0984,1.1009,1.09564,1.09637,-0.000528879,0.000885799,0.002657397
8/5/24 17:36,DOWN,1.09635,1.09865,1.09473,1.09485,-0.000821693,0.000743928,0.002231785
8/6/24 6:57,DOWN,1.09484,1.09632,1.09344,1.09397,-0.000584854,0.000502283,0.00150685
8/6/24 9:08,DOWN,1.09395,1.0941,1.09183,1.09207,-0.000942718,0.000528155,0.001584465
8/6/24 14:17,UP,1.09203,1.09267,1.09037,1.0922,0.000100719,0.000436619,0.001309856
8/7/24 1:46,DOWN,1.09217,1.0935,1.09119,1.09123,-0.001474312,0.000515407,0.001546222
8/7/24 7:59,UP,1.09124,1.09281,1.09054,1.09217,-1.83E-05,0.000438093,0.001314279
8/7/24 15:10,UP,1.09218,1.0936,1.09084,1.09332,0.000539786,0.000447864,0.001343592
8/8/24 3:47,UP,1.09331,1.09367,1.09175,1.09337,0.000155495,0.000377181,0.001131542
8/8/24 10:01,DOWN,1.09336,1.09452,1.09261,1.09276,-0.000603793,0.000364676,0.001094027
8/8/24 12:43,DOWN,1.09275,1.09334,1.08986,1.09027,-0.002409342,0.000678443,0.002035328
8/8/24 17:20,UP,1.09025,1.09149,1.08813,1.09135,0.000687458,0.000610568,0.001831703
8/9/24 12:45,DOWN,1.09138,1.09292,1.0909,1.09095,-0.000613955,0.00045981,0.001379431
8/9/24 14:54,UP,1.09096,1.09314,1.09094,1.0926,0.000137297,0.000485688,0.001457063
8/12/24 10:06,UP,1.09259,1.09297,1.09101,1.09295,0.000823799,0.000498784,0.001496353
8/13/24 3:25,UP,1.09296,1.09395,1.0915,1.0938,0.000420641,0.000523593,0.001570779
8/13/24 10:41,DOWN,1.09377,1.09412,1.09138,1.09228,-0.000173933,0.000459077,0.001377232
8/13/24 12:55,UP,1.09229,1.09467,1.09201,1.09436,0.000456992,0.000498125,0.001494374
8/13/24 17:09,UP,1.09438,1.09746,1.09381,1.09722,0.00103953,0.000611728,0.001835183
8/13/24 19:25,UP,1.09722,1.09997,1.09718,1.09961,0.000190995,0.000682306,0.002046917
8/14/24 8:48,UP,1.0996,1.1015,1.09821,1.10141,0.000817468,0.000598204,0.001794611
8/14/24 13:49,UP,1.10143,1.10424,1.10041,1.10413,0.001295977,0.000732624,0.002197872
8/14/24 17:48,DOWN,1.10415,1.10476,1.10131,1.10156,-0.000408428,0.000720641,0.002161923
8/15/24 12:40,DOWN,1.10153,1.10172,1.09611,1.09611,-0.004778231,0.001276099,0.003828298
8/16/24 8:35,UP,1.09611,1.09899,1.09495,1.09874,0.000710156,0.000830964,0.002492893
8/16/24 18:08,UP,1.09873,1.10133,1.09787,1.10123,0.000681289,0.000721756,0.002165269
8/19/24 3:30,UP,1.10124,1.10397,1.10092,1.10367,0.000589118,0.000654523,0.00196357
8/19/24 14:38,UP,1.10369,1.10729,1.10302,1.10684,0.00145565,0.000748136,0.002244408
8/20/24 8:07,UP,1.10681,1.10889,1.10597,1.10873,0.001245443,0.000618012,0.001854037
8/20/24 13:16,UP,1.10872,1.11049,1.10749,1.1101,0.001352143,0.000646063,0.001938188
8/20/24 18:45,UP,1.1101,1.11226,1.10934,1.11206,0.000386745,0.000616471,0.001849413
8/21/24 8:22,DOWN,1.11208,1.11328,1.11102,1.11141,-0.000314866,0.00047519,0.001425571
8/21/24 15:27,UP,1.11142,1.11426,1.10989,1.11419,0.001401101,0.000598164,0.001794493
8/21/24 18:11,UP,1.1142,1.11687,1.11348,1.11669,0.001586299,0.000662268,0.001986804
8/22/24 2:20,DOWN,1.1167,1.11742,1.11404,1.11406,-0.000726806,0.000662021,0.001986064
8/22/24 12:33,DOWN,1.11408,1.11652,1.11252,1.11295,-0.000592843,0.000650472,0.001951417
8/22/24 14:07,DOWN,1.11297,1.11432,1.11064,1.11068,-0.002023737,0.000808523,0.002425569
8/23/24 1:57,UP,1.11071,1.11284,1.10981,1.11277,0.000746165,0.000708196,0.002124589
8/23/24 14:16,UP,1.11277,1.11713,1.11054,1.11573,0.002440842,0.000954534,0.002863601
8/23/24 15:17,UP,1.11571,1.11922,1.1149,1.11912,0.000858185,0.0009717,0.002915101
8/26/24 10:17,DOWN,1.11909,1.12017,1.11642,1.1174,-0.000653089,0.000733689,0.002201066
8/27/24 8:22,UP,1.11739,1.1179,1.115,1.11714,0.000411851,0.000503414,0.001510241
8/27/24 17:43,UP,1.11715,1.11817,1.11505,1.11786,0.001226308,0.000526869,0.001580607
8/28/24 3:18,DOWN,1.11787,1.11907,1.11631,1.11649,-0.000752075,0.000528685,0.001586055
8/28/24 6:03,DOWN,1.1165,1.11681,1.11396,1.11419,-0.001058505,0.000609107,0.001827321
8/28/24 10:17,DOWN,1.1142,1.11594,1.1125,1.11255,-0.00146403,0.00072867,0.002186011
8/28/24 17:40,DOWN,1.11252,1.11379,1.11049,1.11073,-0.000845932,0.000673897,0.002021691
8/29/24 1:29,UP,1.11075,1.11339,1.11052,1.1131,0.000368409,0.000621229,0.001863687
8/29/24 8:05,DOWN,1.1131,1.11402,1.10938,1.10949,-0.003086742,0.000942939,0.002828816
8/29/24 14:24,DOWN,1.10948,1.11001,1.1059,1.10607,-0.001797546,0.001001208,0.003003623
8/30/24 7:28,UP,1.10607,1.1088,1.10556,1.10841,0.000306793,0.000692354,0.002077062
8/30/24 13:03,DOWN,1.10843,1.10952,1.10577,1.10612,-0.000768157,0.000669855,0.002009566
8/30/24 16:26,DOWN,1.10615,1.10801,1.10471,1.10481,-0.000606255,0.000628701,0.001886104
9/2/24 7:54,UP,1.1048,1.10701,1.10419,1.10667,0.000488069,0.000597557,0.001792672
9/3/24 5:08,DOWN,1.10664,1.10775,1.10539,1.10545,-0.000280389,0.000494844,0.001484532
9/3/24 9:12,DOWN,1.10546,1.10678,1.10341,1.10367,-0.001457706,0.000566647,0.001699942
9/3/24 13:25,UP,1.10369,1.10619,1.10331,1.10607,0.001022157,0.000568925,0.001706774
9/3/24 15:21,DOWN,1.10607,1.10697,1.10364,1.10393,-0.000117754,0.000645108,0.001935324
9/4/24 0:11,UP,1.10397,1.10507,1.10263,1.10476,0.000108627,0.000587376,0.001762127
9/4/24 12:23,DOWN,1.10475,1.10629,1.1042,1.10421,-0.000543227,0.000526184,0.001578552
9/4/24 14:00,UP,1.10421,1.10728,1.10399,1.10706,0.001428223,0.000632288,0.001896864
9/5/24 8:17,UP,1.10699,1.10957,1.10652,1.1095,0.001145315,0.000541128,0.001623384
9/5/24 14:32,DOWN,1.10949,1.11198,1.10834,1.10863,-0.000207442,0.000751212,0.002253635
9/5/24 17:17,UP,1.10859,1.11064,1.10762,1.11057,0.000234141,0.000727406,0.002182219
9/6/24 12:41,UP,1.11056,1.11558,1.10781,1.1139,0.002759887,0.000825505,0.002476515
9/6/24 13:24,DOWN,1.11394,1.11429,1.10936,1.11023,-0.000792315,0.00088127,0.002643811
9/6/24 15:00,UP,1.11024,1.1129,1.10656,1.11285,0.001852818,0.001142569,0.003427706
9/6/24 16:09,DOWN,1.11282,1.11352,1.10767,1.10787,-0.000956334,0.001242801,0.003728403
9/9/24 7:17,DOWN,1.10788,1.10911,1.10549,1.10578,-0.000922001,0.000846776,0.002540327
9/9/24 20:16,DOWN,1.10579,1.1064,1.10339,1.10393,-0.000316999,0.000642924,0.001928773
9/10/24 13:55,DOWN,1.10392,1.10498,1.10174,1.10187,-0.001106596,0.000611986,0.001835959
9/11/24 2:01,UP,1.10185,1.10404,1.10151,1.1039,0.001377885,0.000575261,0.001725782
9/11/24 11:21,UP,1.10391,1.10534,1.10315,1.10533,0.000850787,0.000533018,0.001599053
9/11/24 12:32,DOWN,1.10531,1.10549,1.10139,1.10266,-0.001377536,0.000652693,0.001958079
9/12/24 7:01,DOWN,1.10272,1.10324,1.1002,1.10079,-0.001026009,0.000555661,0.001666984
9/12/24 12:47,UP,1.10077,1.10304,1.10054,1.10304,0.000906997,0.00053039,0.001591171
9/12/24 17:09,UP,1.10293,1.1051,1.10216,1.10498,0.000724257,0.000462581,0.001387742
9/12/24 19:02,UP,1.10496,1.10628,1.10424,1.10623,0.000596799,0.000535521,0.001606562
9/13/24 0:43,UP,1.10627,1.10858,1.10599,1.10852,0.001010867,0.000559814,0.001679443
9/13/24 9:44,UP,1.10856,1.11003,1.1073,1.10996,0.000748054,0.000561016,0.001683047
9/13/24 16:19,DOWN,1.10996,1.1102,1.10786,1.10816,-0.000117305,0.000506776,0.001520328
9/16/24 4:10,UP,1.10816,1.11049,1.10728,1.11039,0.001387863,0.000547105,0.001641314
9/16/24 7:49,UP,1.11039,1.11199,1.10957,1.11173,0.000512846,0.000561133,0.0016834
9/17/24 8:56,UP,1.11173,1.1146,1.11131,1.11453,0.000870701,0.000632589,0.001897768
9/17/24 12:55,DOWN,1.11453,1.11463,1.11178,1.11241,-0.000431403,0.000580339,0.001741016
9/18/24 8:08,UP,1.11239,1.11319,1.11111,1.11308,0.000512224,0.000488789,0.001466366
9/18/24 13:48,UP,1.1131,1.114,1.11179,1.1138,0.00043105,0.000512602,0.001537807
9/18/24 14:45,DOWN,1.11381,1.11385,1.11081,1.11134,-0.000944359,0.00061334,0.001840019
9/18/24 18:01,UP,1.11138,1.11783,1.11118,1.11586,0.002916801,0.000913216,0.002739649
9/18/24 19:02,DOWN,1.1159,1.11894,1.11355,1.11394,-0.002662664,0.001183273,0.003549818
9/19/24 0:54,DOWN,1.11397,1.11478,1.10844,1.10886,-0.001766021,0.001176929,0.003530786
9/19/24 4:17,UP,1.10884,1.11203,1.10685,1.11175,0.000728847,0.001115165,0.003345496
9/19/24 8:16,UP,1.11172,1.11531,1.11149,1.11517,0.000251114,0.000983057,0.002949172
9/19/24 12:39,DOWN,1.11517,1.11789,1.11307,1.11387,-0.001444367,0.000950103,0.00285031
9/19/24 16:17,UP,1.11389,1.11527,1.11164,1.11486,0.000322963,0.000851124,0.002553372
9/20/24 6:15,UP,1.11487,1.11737,1.11478,1.11709,0.000805989,0.00065025,0.001950749
9/20/24 10:40,DOWN,1.11711,1.1182,1.11524,1.11583,-0.000143381,0.000644137,0.001932412
9/20/24 14:00,DOWN,1.1158,1.11771,1.11482,1.11491,-0.000851724,0.000674805,0.002024416
9/20/24 16:17,UP,1.11488,1.11701,1.1136,1.11695,0.000967387,0.000776691,0.002330073
9/23/24 7:19,DOWN,1.11693,1.11761,1.11152,1.11195,-0.003483292,0.001020166,0.003060498
9/23/24 11:49,UP,1.11193,1.11276,1.10831,1.11249,0.00054847,0.000876869,0.002630608
9/23/24 14:42,UP,1.11248,1.11436,1.11084,1.11392,0.00092509,0.000838743,0.002516228
9/23/24 20:29,DOWN,1.11389,1.11407,1.11115,1.11128,-0.000260926,0.000704054,0.002112163
9/24/24 7:52,UP,1.11125,1.11323,1.11033,1.11295,0.000710077,0.000641874,0.001925623
9/24/24 11:34,DOWN,1.11295,1.11462,1.11225,1.11226,-0.000458421,0.00064147,0.00192441
9/24/24 14:18,UP,1.11227,1.11593,1.11219,1.11587,0.001282333,0.000728032,0.002184095
9/24/24 20:00,UP,1.11586,1.1177,1.11456,1.1176,0.000733984,0.00063748,0.001912439
9/25/24 12:00,UP,1.11763,1.1199,1.1175,1.11949,0.000661234,0.000513404,0.001540212
9/25/24 14:39,DOWN,1.11946,1.12141,1.1179,1.11818,-0.000831363,0.000584752,0.001754257
9/25/24 15:31,DOWN,1.11819,1.11827,1.11539,1.11544,-0.001594511,0.000704478,0.002113434
9/25/24 17:09,DOWN,1.11547,1.11588,1.11238,1.11249,-0.00141923,0.000765495,0.002296485
9/26/24 5:51,UP,1.11245,1.11485,1.11214,1.11477,0.000421701,0.000655234,0.001965701
9/26/24 11:12,UP,1.11476,1.116,1.11257,1.11586,0.000959362,0.000677572,0.002032717
9/26/24 15:28,UP,1.11583,1.11792,1.11257,1.11775,0.000895055,0.000880988,0.002642965
9/27/24 6:51,DOWN,1.11779,1.11894,1.11414,1.11422,-0.002626191,0.000934202,0.002802607
9/27/24 11:02,UP,1.11421,1.1171,1.11249,1.11655,0.000609204,0.000887394,0.002662182
9/27/24 15:39,DOWN,1.11656,1.1203,1.11541,1.11648,-0.00100265,0.00092516,0.002775481
9/30/24 8:24,UP,1.11649,1.11869,1.11462,1.11869,0.00152079,0.000766907,0.002300721
9/30/24 13:32,DOWN,1.11868,1.12091,1.11666,1.11733,-0.001404149,0.000817924,0.002453771
9/30/24 16:22,DOWN,1.1173,1.11783,1.11349,1.11437,6.28E-05,0.000882129,0.002646386
10/1/24 7:07,DOWN,1.11442,1.11629,1.11138,1.11207,-0.001473641,0.000913273,0.002739819
10/1/24 10:09,DOWN,1.1121,1.11271,1.10895,1.10899,-0.00127062,0.000910411,0.002731233
10/1/24 16:51,DOWN,1.10899,1.11,1.10482,1.10531,-0.001229668,0.000829515,0.002488545
10/1/24 19:30,UP,1.10529,1.10766,1.10458,1.10763,0.000722524,0.000814888,0.002444664
10/2/24 14:00,DOWN,1.10765,1.10829,1.10471,1.10492,-0.00059715,0.000800988,0.002402963
10/3/24 5:59,DOWN,1.10494,1.10565,1.10248,1.10281,-0.00026293,0.000617049,0.001851147
10/3/24 14:36,DOWN,1.10282,1.10474,1.10173,1.10237,-0.000879535,0.000604465,0.001813394
10/4/24 12:41,DOWN,1.10234,1.10397,1.09655,1.09834,-0.004088722,0.001095965,0.003287895
10/7/24 12:12,UP,1.09832,1.09838,1.09513,1.09808,0.00072881,0.000723356,0.002170067
10/8/24 7:52,UP,1.09807,1.0995,1.09657,1.09934,0.000910051,0.000599855,0.001799566
10/8/24 14:28,DOWN,1.0993,1.09973,1.09715,1.09727,-0.000655959,0.000610224,0.001830672
10/9/24 7:02,DOWN,1.09726,1.09813,1.09601,1.09613,-0.000483402,0.000489385,0.001468155
10/9/24 15:06,DOWN,1.09611,1.09708,1.09394,1.09487,-0.000456571,0.000459771,0.001379312
10/10/24 6:12,DOWN,1.09489,1.09563,1.09363,1.09379,-0.000228537,0.000390703,0.00117211
10/10/24 13:18,UP,1.09382,1.09552,1.09083,1.09488,0.000200955,0.000512392,0.001537175
10/10/24 14:43,DOWN,1.09488,1.09499,1.09136,1.09184,-0.001628948,0.000671565,0.002014694
10/10/24 17:16,DOWN,1.09186,1.093,1.09002,1.09018,-0.001155105,0.000713006,0.002139019
10/10/24 20:02,UP,1.09018,1.09362,1.09015,1.09359,0.001262696,0.000818774,0.002456323
10/14/24 0:11,DOWN,1.09359,1.0954,1.09153,1.09169,-0.00134563,0.00075663,0.002269891
10/14/24 12:15,DOWN,1.0917,1.09368,1.09092,1.0913,-0.000412267,0.000642367,0.001927102
10/15/24 4:54,DOWN,1.09132,1.09274,1.08881,1.08932,-0.000761653,0.000532882,0.001598646
10/15/24 8:36,UP,1.0893,1.09096,1.08849,1.09059,0.001018316,0.000573013,0.001719039
10/15/24 17:09,DOWN,1.09056,1.0917,1.08869,1.08871,-0.001184187,0.000563667,0.001691
10/16/24 7:05,DOWN,1.08872,1.08957,1.08751,1.08768,-0.000312543,0.000481331,0.001443994
10/16/24 9:55,UP,1.08765,1.08974,1.08765,1.08951,0.000633513,0.000479064,0.001437193
10/16/24 14:26,DOWN,1.08948,1.09016,1.08755,1.08764,-0.001552617,0.000643664,0.001930991
10/16/24 18:37,DOWN,1.08762,1.08818,1.08561,1.08561,-0.000663002,0.000621602,0.001864805
10/17/24 13:12,DOWN,1.08559,1.08741,1.0814,1.08143,-0.00303765,0.000939948,0.002819844
10/18/24 2:59,UP,1.08142,1.08411,1.0811,1.08391,0.000369102,0.000737897,0.00221369
10/18/24 13:11,UP,1.08388,1.08629,1.08341,1.08617,0.000414386,0.000568076,0.001704229
10/21/24 7:15,DOWN,1.0862,1.08719,1.08489,1.08543,-0.000101337,0.00043581,0.001307431
10/21/24 14:34,DOWN,1.08543,1.08592,1.08372,1.08374,-0.000793234,0.000501941,0.001505822
10/21/24 16:23,DOWN,1.08372,1.0839,1.0819,1.082,-0.000332662,0.000511301,0.001533904
10/22/24 6:25,UP,1.08197,1.08255,1.0811,1.08251,0.000351098,0.000393237,0.001179711
10/22/24 9:51,DOWN,1.08249,1.08382,1.08194,1.08194,-0.000683723,0.000434238,0.001302714
10/22/24 13:37,DOWN,1.08196,1.08295,1.08062,1.08114,-0.000138733,0.000437203,0.00131161
10/22/24 20:17,DOWN,1.08112,1.08154,1.07925,1.07956,-0.000500079,0.000390335,0.001171004
10/23/24 7:09,DOWN,1.07954,1.08069,1.07845,1.07886,-0.00079682,0.000395517,0.001186551
10/23/24 12:02,DOWN,1.07888,1.07917,1.0763,1.07651,-0.001271822,0.00048419,0.001452571
10/23/24 13:47,UP,1.07652,1.07833,1.07613,1.07827,0.001104229,0.00052544,0.001576321
10/24/24 2:50,UP,1.07825,1.079,1.07672,1.07887,0.00041719,0.00050082,0.001502461
10/24/24 7:21,DOWN,1.0789,1.07938,1.07727,1.07759,-0.000853393,0.000496159,0.001488477
10/24/24 8:17,UP,1.07758,1.0805,1.07706,1.0799,9.26E-05,0.000674367,0.002023101
10/24/24 17:14,UP,1.07993,1.0818,1.07885,1.08175,0.001165458,0.000639609,0.001918826
10/25/24 16:27,DOWN,1.08178,1.08395,1.08072,1.08091,-0.000388486,0.000733035,0.002199104
10/28/24 3:48,DOWN,1.08093,1.08098,1.07832,1.07849,-0.000593246,0.000592013,0.00177604
10/28/24 8:29,UP,1.0785,1.08165,1.0782,1.08143,0.001212093,0.000613723,0.00184117
10/29/24 3:49,DOWN,1.08141,1.08278,1.08061,1.08076,-0.000555011,0.000463556,0.001390669
10/29/24 9:18,UP,1.08078,1.08249,1.08056,1.08229,0.000610004,0.000411533,0.001234598
10/29/24 11:05,DOWN,1.08229,1.08264,1.08016,1.0804,-0.000481187,0.000448322,0.001344967
10/29/24 12:42,DOWN,1.08042,1.08054,1.07767,1.07782,-0.001909441,0.000627169,0.001881506
10/29/24 14:36,UP,1.07784,1.08122,1.07688,1.08092,0.001472052,0.000695823,0.00208747
10/29/24 19:59,UP,1.08099,1.08164,1.07851,1.08147,0.000323686,0.000736849,0.002210548
10/30/24 8:44,UP,1.08147,1.08447,1.08129,1.08408,0.00024909,0.000721654,0.002164962
10/30/24 12:35,DOWN,1.08408,1.08594,1.08079,1.08123,-0.001358639,0.000787053,0.002361159
10/30/24 14:08,UP,1.08118,1.08505,1.08088,1.085,0.001374216,0.000863665,0.002590996
10/31/24 4:06,DOWN,1.08502,1.08715,1.08416,1.08483,-0.000248856,0.000576053,0.001728159
10/31/24 10:25,UP,1.08483,1.08754,1.0845,1.08734,0.001269958,0.000557851,0.001673553
10/31/24 14:09,DOWN,1.08734,1.08883,1.08516,1.08569,-0.00144504,0.000645097,0.001935291
10/31/24 20:08,UP,1.08567,1.08805,1.08466,1.08794,0.000698812,0.000669925,0.002009775
11/1/24 8:16,DOWN,1.08795,1.08888,1.08577,1.08595,-0.00120559,0.000607275,0.001821826
11/1/24 12:41,UP,1.08597,1.09059,1.08524,1.0898,0.00283941,0.000873261,0.002619783
11/1/24 14:06,DOWN,1.08981,1.0903,1.08565,1.08611,-0.001361734,0.000909956,0.002729869
11/1/24 20:02,DOWN,1.08613,1.08666,1.08343,1.0835,-0.000498261,0.000748361,0.002245084
11/3/24 23:05,UP,1.0835,1.08845,1.08318,1.08755,0.003730918,0.001166888,0.003500663
11/4/24 10:38,UP,1.08756,1.0905,1.08698,1.09007,0.000348662,0.000779164,0.002337491
11/4/24 17:08,DOWN,1.09008,1.09149,1.088,1.088,-0.000863598,0.000727182,0.002181546
11/5/24 8:37,UP,1.088,1.08944,1.08725,1.08937,0.000569298,0.000545257,0.001635771
11/5/24 16:10,UP,1.08936,1.09123,1.08895,1.09116,0.000715091,0.000552317,0.001656951
11/5/24 18:06,UP,1.09117,1.09334,1.09103,1.09313,0.000732111,0.00056664,0.00169992
11/6/24 0:17,DOWN,1.0931,1.09374,1.08827,1.08984,-0.002849566,0.000851714,0.002555143
11/6/24 0:51,DOWN,1.08978,1.09006,1.08321,1.08477,-0.001298971,0.001174924,0.003524773
11/6/24 2:28,DOWN,1.08477,1.08575,1.08015,1.08022,-0.001997596,0.001271472,0.003814416
11/6/24 3:02,DOWN,1.0802,1.08022,1.075,1.07511,-0.002916375,0.001458321,0.004374964
11/6/24 5:02,UP,1.07515,1.0791,1.07189,1.07898,0.001140616,0.001428486,0.004285459
11/6/24 6:22,DOWN,1.079,1.07946,1.07263,1.07295,-0.002187828,0.001489135,0.004467405
11/6/24 8:44,UP,1.07294,1.0771,1.0703,1.07659,0.002064195,0.001493385,0.004480154
11/6/24 11:38,DOWN,1.07658,1.07817,1.07137,1.07168,-0.001202994,0.001330066,0.003990198
11/6/24 15:31,UP,1.07165,1.07378,1.06825,1.07299,0.000494069,0.001185188,0.003555565
11/7/24 1:28,DOWN,1.07294,1.07583,1.07129,1.07141,-0.000923589,0.001022256,0.003066767
11/7/24 5:57,UP,1.07142,1.07481,1.07129,1.07459,0.000744747,0.000949783,0.002849349
11/7/24 12:55,UP,1.0746,1.07777,1.07412,1.07772,0.000965466,0.000834075,0.002502225
11/7/24 15:01,UP,1.07771,1.08169,1.07736,1.08079,0.000981245,0.000877133,0.002631399
11/7/24 19:40,DOWN,1.08076,1.08248,1.07752,1.07775,-0.001029393,0.000907591,0.002722772
11/8/24 6:51,DOWN,1.07774,1.08107,1.0767,1.07753,-0.000742163,0.000832977,0.00249893
11/8/24 13:55,DOWN,1.07753,1.07973,1.07444,1.07581,-0.00035316,0.000775805,0.002327415
11/8/24 16:16,DOWN,1.07578,1.07658,1.07309,1.07312,-0.001852689,0.000899255,0.002697765
11/8/24 17:14,DOWN,1.07312,1.07332,1.06868,1.0689,-0.003091857,0.001152692,0.003458075
11/11/24 1:25,UP,1.06896,1.07281,1.06895,1.07269,0.000951333,0.000995341,0.002986024
11/11/24 7:47,DOWN,1.07268,1.07274,1.06931,1.06939,-0.001999141,0.00095831,0.00287493
11/11/24 12:25,DOWN,1.0694,1.06962,1.06557,1.06611,-0.000215714,0.000954839,0.002864518
11/12/24 6:11,DOWN,1.06613,1.06632,1.06286,1.06368,-0.00038538,0.000696871,0.002090612
11/12/24 12:39,DOWN,1.06369,1.06383,1.06063,1.06129,-0.000339152,0.000698955,0.002096865
11/12/24 17:00,DOWN,1.06135,1.06274,1.0596,1.05978,-0.001291886,0.000706166,0.002118498
11/12/24 21:00,UP,1.05981,1.06244,1.0595,1.06244,0.0012055,0.000724177,0.00217253
11/13/24 7:26,DOWN,1.06243,1.06295,1.06041,1.06052,-0.000612719,0.000634453,0.001903359
11/13/24 9:30,UP,1.06052,1.06236,1.05934,1.06222,0.001356571,0.000748866,0.002246598
11/13/24 14:53,DOWN,1.06221,1.0655,1.05772,1.05772,-0.002756851,0.001087904,0.003263713
11/14/24 1:21,DOWN,1.05777,1.05938,1.05558,1.05596,-0.000388197,0.000978723,0.002936169
11/14/24 9:33,DOWN,1.05598,1.05599,1.05207,1.05227,-0.001130249,0.000965686,0.002897058
11/14/24 14:19,UP,1.05226,1.05496,1.04964,1.0549,0.001337514,0.001006651,0.003019952
11/14/24 20:04,DOWN,1.05489,1.05826,1.05311,1.05327,-0.00167907,0.00096347,0.002890409
11/15/24 3:45,UP,1.05328,1.05462,1.0512,1.05447,0.000635592,0.000933443,0.002800329
11/15/24 9:26,UP,1.05446,1.05802,1.05336,1.05706,0.000255458,0.000827927,0.002483781
11/15/24 14:10,DOWN,1.05702,1.05932,1.05486,1.05507,-0.001382838,0.000913642,0.002740925
11/15/24 20:30,DOWN,1.05512,1.05601,1.0522,1.05223,-0.001481468,0.000846654,0.002539963
11/18/24 7:50,UP,1.05224,1.05508,1.05163,1.0546,0.00034142,0.000695956,0.002087869
11/18/24 11:38,DOWN,1.05461,1.05714,1.05325,1.05372,-0.001128695,0.000745991,0.002237973
11/18/24 14:04,UP,1.05374,1.05707,1.05345,1.05697,0.001192798,0.000782927,0.002348781
11/18/24 18:20,UP,1.05694,1.05925,1.05605,1.05912,0.000954077,0.000699753,0.002099259
11/19/24 8:39,DOWN,1.05912,1.06074,1.05721,1.05727,-0.001398853,0.000772874,0.002318622
11/19/24 9:25,DOWN,1.05728,1.0578,1.05233,1.05383,-0.003485941,0.001122416,0.003367248
11/19/24 13:19,UP,1.05381,1.05847,1.05302,1.05841,0.001579085,0.001124605,0.003373815
11/20/24 0:05,UP,1.05839,1.06099,1.05655,1.06096,0.001188309,0.000996837,0.002990512
11/20/24 8:14,DOWN,1.06093,1.06099,1.05651,1.05701,-0.000945618,0.000939566,0.002818699
11/20/24 14:21,DOWN,1.05703,1.0576,1.05242,1.05277,-0.002428728,0.001016866,0.003050598
11/20/24 23:21,UP,1.05293,1.05479,1.05068,1.05434,0.000474343,0.000879592,0.002638775
11/21/24 8:34,DOWN,1.05433,1.05551,1.05251,1.05263,-0.00094955,0.000757046,0.002271137
11/21/24 16:16,DOWN,1.05262,1.0545,1.04928,1.04939,-0.002731189,0.001008971,0.003026912
11/22/24 6:27,DOWN,1.04945,1.04946,1.04614,1.04645,-0.000191104,0.000916861,0.002750584
11/22/24 9:15,DOWN,1.04645,1.04982,1.03333,1.03501,-0.010447548,0.002748091,0.008244273
11/22/24 14:04,UP,1.03499,1.04376,1.03491,1.04331,0.000834232,0.002562552,0.007687655
11/24/24 22:35,UP,1.04329,1.04872,1.0392,1.04739,0.005610569,0.00236851,0.007105529
11/25/24 13:29,UP,1.04714,1.05258,1.0449,1.05208,0.002474354,0.00163835,0.004915049
11/25/24 16:46,DOWN,1.05209,1.05304,1.04668,1.04674,-0.002366458,0.001605995,0.004817984
11/26/24 0:07,DOWN,1.0468,1.05108,1.04373,1.04448,-0.003440765,0.001677396,0.005032188
11/26/24 4:09,UP,1.04448,1.04895,1.04251,1.04895,0.002242849,0.001702592,0.005107777
11/26/24 11:50,UP,1.04897,1.05211,1.04699,1.05187,0.000209173,0.001370241,0.004110722
11/26/24 15:44,DOWN,1.05186,1.05448,1.04852,1.04891,-0.001286223,0.001273374,0.003820123
11/27/24 7:30,UP,1.04896,1.05018,1.04572,1.04929,0.001106121,0.000981357,0.002944071
11/27/24 8:29,UP,1.04928,1.05405,1.04923,1.05306,0.003033865,0.001191824,0.003575472
11/27/24 13:59,UP,1.0531,1.05738,1.05074,1.05708,0.002832554,0.001260385,0.003781154
11/28/24 8:02,DOWN,1.05701,1.05879,1.05319,1.0535,-0.001479683,0.001134444,0.003403333
11/29/24 0:48,UP,1.05348,1.05719,1.05274,1.0563,0.000463991,0.000866293,0.002598878
11/29/24 7:26,UP,1.05632,1.05935,1.05565,1.05935,0.001842448,0.000879124,0.002637373
11/29/24 9:42,DOWN,1.05931,1.05972,1.05519,1.05555,-0.001940232,0.000979056,0.002937168
11/29/24 19:54,UP,1.05557,1.05803,1.05414,1.05801,0.000690213,0.000961561,0.002884683
12/1/24 23:25,DOWN,1.05794,1.05847,1.05425,1.05432,-0.002169661,0.001086936,0.003260807
12/2/24 8:00,DOWN,1.05431,1.05465,1.05009,1.05013,-0.001617538,0.00100312,0.003009361
12/2/24 14:35,DOWN,1.0501,1.05382,1.04882,1.04919,-0.001685594,0.000960355,0.002881066
12/2/24 20:42,UP,1.04917,1.05162,1.04606,1.05078,0.001619156,0.000877173,0.002631518
12/3/24 6:48,DOWN,1.05084,1.05093,1.04808,1.04841,-0.000534,0.000738913,0.002216738
12/3/24 8:36,UP,1.04841,1.05269,1.04841,1.05255,0.002120912,0.001007801,0.003023404
12/3/24 15:33,DOWN,1.05254,1.05309,1.0492,1.05011,-0.000523618,0.000868033,0.002604098
12/3/24 18:36,UP,1.05008,1.05351,1.04986,1.05325,0.001206519,0.000883034,0.002649103
12/4/24 0:42,DOWN,1.05322,1.05333,1.04972,1.04997,-0.000818736,0.00090202,0.002706059
12/4/24 6:52,UP,1.04995,1.05292,1.04879,1.05262,0.000674735,0.000924341,0.002773023
12/4/24 8:54,DOWN,1.05263,1.05272,1.04904,1.04948,-0.001352136,0.000953159,0.002859478
12/4/24 14:10,DOWN,1.04949,1.05126,1.04723,1.0475,-0.001373758,0.000876575,0.002629724
12/4/24 15:08,UP,1.04749,1.05188,1.04731,1.05104,0.00174265,0.001005589,0.003016768
12/5/24 8:25,UP,1.05105,1.05456,1.05039,1.05448,0.001471,0.00085191,0.00255573
12/5/24 13:37,UP,1.05448,1.05684,1.05213,1.05568,0.001383952,0.000894559,0.002683676
12/5/24 23:30,UP,1.05567,1.05903,1.05488,1.05857,0.000179504,0.000908015,0.002724046
12/6/24 13:42,UP,1.05856,1.06302,1.05659,1.06224,0.003829435,0.001219179,0.003657537
12/6/24 14:24,DOWN,1.06226,1.06226,1.05679,1.05775,-0.001605895,0.001363166,0.004089499
12/9/24 3:46,DOWN,1.05774,1.05899,1.05423,1.05432,-0.001071207,0.001112529,0.003337587
12/9/24 9:28,UP,1.05435,1.05753,1.05321,1.05736,0.000785282,0.000981106,0.002943318
12/9/24 19:47,DOWN,1.05737,1.05945,1.05564,1.05569,-0.000549253,0.000832188,0.002496563
12/10/24 9:02,DOWN,1.05569,1.05683,1.05346,1.05357,-0.000891807,0.000777143,0.002331429
12/10/24 15:34,DOWN,1.05352,1.0538,1.05007,1.05047,-0.000637606,0.00076924,0.002307719
12/10/24 19:29,UP,1.05049,1.05313,1.04986,1.0528,0.001073905,0.000749515,0.002248545
12/11/24 7:43,DOWN,1.05278,1.05394,1.04884,1.04892,-0.002494693,0.000900095,0.002700285
12/11/24 13:30,UP,1.04893,1.05353,1.04871,1.05178,0.001132056,0.000882913,0.002648739
12/11/24 15:01,DOWN,1.05165,1.05375,1.0494,1.04988,-0.000847357,0.000911587,0.002734761
12/12/24 7:37,UP,1.04989,1.0531,1.04802,1.05246,0.001216938,0.000901635,0.002704904
12/12/24 12:22,DOWN,1.05249,1.05266,1.04944,1.04956,-0.001057027,0.000906253,0.00271876
12/12/24 15:39,DOWN,1.04954,1.05212,1.04695,1.04706,-0.003099122,0.001428148,0.004284444
12/12/24 22:38,DOWN,1.04707,1.05175,1.04637,1.04697,-0.000276951,0.001321777,0.00396533
12/13/24 11:22,UP,1.04697,1.04959,1.0453,1.04915,0.000285987,0.000970917,0.00291275
12/16/24 1:37,UP,1.04918,1.05244,1.04822,1.052,0.000551483,0.000842183,0.002526549
12/16/24 11:06,DOWN,1.05199,1.0525,1.04881,1.04916,-0.000914599,0.00079201,0.00237603
12/16/24 19:32,UP,1.04914,1.05225,1.04745,1.05135,0.000523274,0.000826577,0.002479731
12/17/24 6:35,DOWN,1.05133,1.05344,1.04975,1.04993,-0.000951991,0.000802079,0.002406238
12/17/24 10:30,DOWN,1.04991,1.05093,1.04792,1.04816,-0.000419695,0.00076008,0.00228024
12/17/24 14:18,UP,1.04815,1.05115,1.04813,1.05073,0.001209415,0.000723884,0.002171653
12/18/24 7:03,UP,1.05074,1.0516,1.04851,1.05108,0.000713806,0.00057652,0.001729561
12/18/24 13:52,DOWN,1.05107,1.05129,1.04825,1.04901,-0.0002097,0.00057781,0.001733431
12/18/24 16:07,DOWN,1.04901,1.05033,1.04701,1.04711,-0.001555455,0.000680114,0.002040341
12/18/24 18:38,UP,1.04713,1.04921,1.04671,1.04917,0.001373456,0.000734382,0.002203146
12/18/24 19:09,DOWN,1.04919,1.04925,1.04149,1.04152,-0.007318191,0.001928811,0.005786434
12/18/24 23:18,DOWN,1.04141,1.04273,1.0344,1.03595,-0.000685127,0.001787565,0.005362695
12/19/24 8:09,UP,1.03592,1.04096,1.03475,1.04009,0.000654003,0.001350335,0.004051005
12/19/24 16:07,DOWN,1.04017,1.04225,1.03736,1.03763,-0.001338695,0.001096351,0.003289052
12/20/24 8:18,UP,1.03762,1.03931,1.0343,1.03914,0.000789426,0.000901811,0.002705434
12/20/24 13:38,UP,1.03916,1.04193,1.0376,1.04141,0.002355351,0.000978408,0.002935223
12/20/24 16:42,UP,1.04138,1.04334,1.0386,1.04321,0.002956793,0.00115209,0.003456271
12/23/24 8:26,DOWN,1.04312,1.04476,1.04073,1.04089,-0.000931461,0.000965371,0.002896112
12/24/24 19:11,DOWN,1.04087,1.04197,1.03835,1.03923,4.81E-05,0.000664845,0.001994536
12/26/24 17:09,UP,1.03924,1.0423,1.0388,1.04199,0.001037016,0.000639721,0.001919162
12/27/24 11:57,UP,1.042,1.04408,1.04051,1.04406,0.001850263,0.000745151,0.002235452
12/30/24 8:32,DOWN,1.04405,1.04442,1.04145,1.04198,-0.000729115,0.00064609,0.001938269
12/30/24 11:07,UP,1.04201,1.04442,1.04093,1.04429,0.000431008,0.000760539,0.002281616
12/30/24 13:58,DOWN,1.04426,1.04585,1.03942,1.0395,-0.00356267,0.001162582,0.003487747
12/31/24 1:32,UP,1.03948,1.04127,1.03717,1.04125,0.000653275,0.000970668,0.002912004
12/31/24 13:08,DOWN,1.04122,1.04247,1.03877,1.03881,-0.001385242,0.000890112,0.002670335
12/31/24 15:57,DOWN,1.03882,1.03974,1.03526,1.0353,-0.001573185,0.000980764,0.002942292
1/2/25 10:42,DOWN,1.03532,1.03756,1.03397,1.03401,-0.001198496,0.000761603,0.002284808
1/2/25 14:05,DOWN,1.03403,1.03429,1.031,1.03122,-0.000940191,0.000876902,0.002630705
1/2/25 15:31,DOWN,1.03119,1.0324,1.0281,1.02854,-0.001564102,0.000905772,0.002717315
1/2/25 16:05,DOWN,1.02851,1.02973,1.02241,1.0242,-0.004539573,0.001402443,0.004207329
1/3/25 2:54,UP,1.02423,1.02748,1.02411,1.02741,0.000496517,0.001040013,0.00312004
1/3/25 12:58,UP,1.02742,1.03031,1.02646,1.02964,-2.91E-05,0.000889156,0.002667468
1/6/25 1:52,UP,1.02965,1.03114,1.02731,1.03097,0.000776269,0.000755993,0.002267979
1/6/25 8:20,UP,1.03099,1.03425,1.03078,1.03414,0.001596803,0.000805232,0.002415696
1/6/25 11:21,UP,1.03411,1.04011,1.03286,1.03994,0.004732607,0.001406078,0.004218233
1/6/25 14:22,DOWN,1.03998,1.0437,1.0353,1.03611,-0.004871765,0.001746461,0.005239382
1/7/25 5:32,UP,1.03619,1.04029,1.03616,1.03988,0.000721497,0.001024639,0.003073918
1/7/25 9:08,UP,1.03991,1.04346,1.03959,1.0429,0.001343312,0.000952086,0.002856259
1/7/25 12:56,DOWN,1.04282,1.04344,1.03871,1.03903,-0.001202322,0.000946857,0.002840572
1/7/25 15:09,DOWN,1.03904,1.04053,1.03599,1.03607,-0.002997231,0.001107063,0.003321189
1/7/25 20:40,DOWN,1.03609,1.03816,1.03448,1.03465,-0.000956388,0.000901821,0.002705462
1/8/25 8:09,DOWN,1.03466,1.03578,1.03242,1.03244,-0.000968111,0.00079913,0.00239739
1/8/25 11:39,DOWN,1.03241,1.03398,1.02766,1.02766,-0.002944108,0.001013914,0.003041742
1/8/25 16:21,UP,1.02768,1.031,1.02731,1.03059,0.000533817,0.000797759,0.002393276
1/9/25 7:51,DOWN,1.03059,1.03244,1.0293,1.02952,-0.000776759,0.000633612,0.001900835
1/10/25 0:00,DOWN,1.02953,1.03192,1.02836,1.0297,-0.000271887,0.000481608,0.001444823
1/10/25 6:09,DOWN,1.02968,1.03047,1.02846,1.02864,-0.000845419,0.000520585,0.001561756
1/10/25 8:27,UP,1.02861,1.0305,1.02811,1.03026,0.000786519,0.000552959,0.001658877
1/10/25 13:33,DOWN,1.03032,1.0312,1.02344,1.02344,-0.006699932,0.001701197,0.005103591
1/13/25 3:49,DOWN,1.02341,1.02784,1.0213,1.02191,-0.001955207,0.001060164,0.003180492
1/13/25 9:40,DOWN,1.02188,1.02313,1.0178,1.01927,-0.000480621,0.000989137,0.002967411
1/13/25 17:37,UP,1.01926,1.02209,1.01861,1.0217,0.000597222,0.000787128,0.002361384
1/13/25 22:25,UP,1.02169,1.02618,1.0207,1.02595,0.004493731,0.00130355,0.003910649
1/14/25 14:44,UP,1.02516,1.02779,1.02384,1.0269,0.000857315,0.000843566,0.002530699
1/14/25 16:09,UP,1.0269,1.03008,1.02573,1.03001,0.000971336,0.000832612,0.002497837
1/15/25 8:06,UP,1.03001,1.03142,1.0279,1.03116,0.001096454,0.000664709,0.001994128
1/15/25 13:32,UP,1.0312,1.03511,1.02935,1.03469,0.00449452,0.001256988,0.003770965
1/15/25 15:50,DOWN,1.03474,1.03547,1.03012,1.03016,-0.002414184,0.00133477,0.004004309
1/16/25 12:48,DOWN,1.03014,1.03079,1.02581,1.02722,-0.001138348,0.000732321,0.002196963
1/16/25 15:13,UP,1.02725,1.03043,1.02608,1.02956,0.001389908,0.000788878,0.002366635
1/17/25 7:05,DOWN,1.02955,1.03152,1.02852,1.02879,-0.00050532,0.000637713,0.001913139
1/17/25 10:30,UP,1.0288,1.0305,1.02776,1.03026,0.001165433,0.000710596,0.002131787
1/17/25 14:20,DOWN,1.03022,1.03101,1.02667,1.02682,-0.002188834,0.000860697,0.002582092
1/17/25 15:01,UP,1.02684,1.03069,1.02652,1.03067,0.002506364,0.001057191,0.003171574
1/17/25 17:56,DOWN,1.03066,1.03307,1.02789,1.028,-0.000602931,0.001017003,0.00305101
1/20/25 4:30,UP,1.02798,1.03071,1.02662,1.03038,0.000757289,0.000870699,0.002612098
1/20/25 13:33,UP,1.03039,1.03898,1.02994,1.03757,0.005479678,0.001508846,0.004526538
1/20/25 15:24,UP,1.03755,1.04303,1.03642,1.0422,0.000508669,0.001419147,0.00425744
1/20/25 17:25,DOWN,1.04213,1.04237,1.03559,1.03653,-0.003428652,0.00170227,0.00510681
1/20/25 23:15,UP,1.03651,1.04345,1.03533,1.04224,0.000777474,0.001730791,0.005192373
1/21/25 7:08,DOWN,1.04222,1.04346,1.03521,1.03694,-0.000906103,0.001600863,0.004802588
1/21/25 14:34,UP,1.03696,1.0395,1.03418,1.03898,0.001454406,0.001234537,0.003703612
1/21/25 17:17,UP,1.03897,1.0428,1.03786,1.04235,0.000844603,0.001116261,0.003348784
1/22/25 10:15,UP,1.04233,1.04526,1.03921,1.04454,0.001513773,0.000925954,0.002777863
1/22/25 14:32,DOWN,1.04453,1.04574,1.04143,1.04153,-0.001765073,0.000912885,0.002738654
1/23/25 7:20,DOWN,1.04151,1.04289,1.03898,1.03976,-0.001364768,0.000739463,0.002218388
1/23/25 14:20,UP,1.03973,1.04205,1.03902,1.04147,0.000643528,0.000692759,0.002078276
1/23/25 17:00,UP,1.04148,1.04294,1.0372,1.04182,0.001056402,0.000733345,0.002200035
1/24/25 3:12,UP,1.04182,1.04542,1.04115,1.04472,0.001024723,0.000805091,0.002415274
1/24/25 8:18,UP,1.04476,1.04897,1.04365,1.04783,0.00191053,0.000916534,0.002749601
1/24/25 13:18,DOWN,1.04786,1.05152,1.04693,1.04699,-0.001107325,0.000830544,0.002491631
1/24/25 15:28,UP,1.047,1.05115,1.04637,1.05025,0.000914486,0.000882094,0.002646283
1/26/25 22:28,DOWN,1.05024,1.05216,1.04778,1.04852,-0.000695977,0.000851111,0.002553333
1/27/25 9:58,UP,1.04852,1.04939,1.04538,1.04877,0.000801259,0.000790946,0.002372837
1/27/25 11:23,UP,1.04878,1.05175,1.04867,1.05135,0.000523274,0.000815268,0.002445804
1/27/25 15:44,DOWN,1.05136,1.05332,1.04939,1.04973,-0.001113952,0.000771195,0.002313584
1/27/25 23:20,DOWN,1.04972,1.05078,1.04571,1.04597,-0.002673364,0.000992368,0.002977105
1/28/25 7:40,DOWN,1.04599,1.04599,1.04245,1.04315,-0.000546273,0.000883038,0.002649115
1/29/25 4:15,UP,1.04317,1.04444,1.04137,1.04414,0.000641882,0.000594022,0.001782065
1/29/25 7:44,DOWN,1.04413,1.04438,1.04183,1.04192,-0.001802735,0.000700908,0.002102724
1/29/25 10:26,DOWN,1.0419,1.04306,1.03948,1.04025,-0.00092243,0.000745612,0.002236836
1/29/25 15:39,UP,1.04023,1.04144,1.03823,1.04133,0.001412654,0.000763164,0.002289493
1/29/25 19:06,DOWN,1.04138,1.04287,1.0393,1.03972,-0.002392012,0.000923344,0.002770033
1/30/25 0:20,UP,1.03968,1.0429,1.03882,1.04281,0.00080584,0.000917371,0.002752114
1/30/25 11:04,DOWN,1.0428,1.04291,1.03949,1.03956,-0.00136503,0.00083667,0.00251001
1/30/25 14:05,UP,1.03958,1.04676,1.03903,1.04475,0.00289483,0.001058316,0.003174949
1/30/25 17:29,DOWN,1.04473,1.04486,1.04094,1.04139,-0.000854262,0.000999244,0.002997732
1/30/25 23:20,DOWN,1.0414,1.04324,1.03849,1.03884,-0.000769793,0.001127421,0.003382264
1/31/25 9:14,DOWN,1.03886,1.0413,1.03654,1.03715,-0.001608887,0.001004077,0.003012232
1/31/25 16:53,UP,1.03717,1.04078,1.03604,1.03973,0.000798603,0.00082356,0.00247068
1/31/25 18:36,DOWN,1.03975,1.04339,1.03618,1.03713,-0.004655869,0.001475148,0.004425445
2/2/25 22:41,DOWN,1.03708,1.03875,1.02373,1.025,-0.009853731,0.002756562,0.008269687
2/3/25 13:16,UP,1.02501,1.02881,1.02107,1.02796,0.001908509,0.001610485,0.004831454
2/3/25 15:43,UP,1.02796,1.03304,1.02427,1.03283,0.003248787,0.001804543,0.005413628
2/3/25 22:41,UP,1.03282,1.03496,1.0271,1.03429,0.004651667,0.001902634,0.005707902
2/4/25 5:10,DOWN,1.03451,1.03508,1.02776,1.02829,-0.003078046,0.001747268,0.005241805
2/4/25 9:16,UP,1.0283,1.03452,1.02721,1.0343,0.001344808,0.00150424,0.004512719
2/4/25 15:02,UP,1.03431,1.03776,1.03201,1.03698,0.002191448,0.001370897,0.004112692
2/5/25 7:44,UP,1.03698,1.04097,1.03579,1.04052,0.002020261,0.001013346,0.003040037
2/5/25 15:21,UP,1.04054,1.04427,1.03901,1.04278,0.000287734,0.000946203,0.00283861
2/5/25 23:38,DOWN,1.04279,1.04279,1.03972,1.03998,-0.000442218,0.000826819,0.002480458
2/6/25 8:39,DOWN,1.03998,1.04056,1.0358,1.03651,-0.001369044,0.000796481,0.002389442
2/6/25 17:33,UP,1.0365,1.03798,1.03525,1.03755,5.78E-05,0.000584918,0.001754754
2/7/25 8:50,UP,1.03758,1.04,1.03726,1.03995,0.001048677,0.000653794,0.001961382
2/7/25 12:14,DOWN,1.03996,1.03999,1.03736,1.03768,-0.000452831,0.000683422,0.002050267
2/7/25 14:51,UP,1.0377,1.04137,1.03492,1.03876,0.001917583,0.00082671,0.002480129
2/7/25 16:05,DOWN,1.03874,1.03889,1.03275,1.03325,-0.004567342,0.00138991,0.004169729
2/10/25 14:46,DOWN,1.03329,1.03605,1.02814,1.03069,-0.000562572,0.00096235,0.00288705
2/11/25 12:11,UP,1.03066,1.03253,1.02921,1.03225,0.000562037,0.000711306,0.002133917
2/11/25 16:27,UP,1.03227,1.03495,1.03166,1.03475,0.000425314,0.000662335,0.001987005
2/12/25 7:55,UP,1.03477,1.03817,1.0342,1.03753,0.001359921,0.000692327,0.00207698
2/12/25 13:31,DOWN,1.03752,1.03858,1.03248,1.03325,-0.004066244,0.001158961,0.003476882
2/12/25 15:59,UP,1.03335,1.03829,1.03171,1.03736,0.00113815,0.001134385,0.003403154
2/12/25 17:23,UP,1.03735,1.04203,1.03505,1.04145,0.001672145,0.001453552,0.004360657
2/13/25 4:09,UP,1.04142,1.043,1.03795,1.04265,0.001852768,0.001257601,0.003772803
2/13/25 12:07,DOWN,1.04264,1.04402,1.03924,1.03928,-0.002680954,0.001154289,0.003462866
2/13/25 16:05,UP,1.03929,1.04396,1.03754,1.04388,0.001313273,0.001202558,0.003607673
2/13/25 20:48,UP,1.04387,1.04618,1.03731,1.04592,0.002709419,0.001409115,0.004227346
2/14/25 13:30,UP,1.04589,1.0496,1.04473,1.04904,0.002089805,0.001068945,0.003206835
2/17/25 7:58,DOWN,1.04911,1.05144,1.04805,1.0482,-0.001115577,0.000803272,0.002409817
2/18/25 5:33,DOWN,1.04819,1.04894,1.04544,1.04546,-0.000822266,0.000683229,0.002049686
2/18/25 13:58,DOWN,1.04548,1.04692,1.04417,1.04441,-0.000430772,0.000603571,0.001810713
2/18/25 18:31,DOWN,1.04436,1.04698,1.0435,1.04388,-0.000651204,0.000686439,0.002059316
2/19/25 6:10,UP,1.0439,1.0459,1.04368,1.04588,0.000774767,0.000598267,0.001794802
2/19/25 9:01,DOWN,1.04584,1.04614,1.04358,1.04361,-0.001522398,0.000671937,0.002015811
2/19/25 16:50,DOWN,1.0436,1.04437,1.0406,1.04099,-0.001046532,0.000726807,0.00218042
2/20/25 1:11,UP,1.04102,1.04328,1.04008,1.04318,0.001026236,0.000692389,0.002077167
2/20/25 10:24,UP,1.04316,1.0443,1.04187,1.04407,0.000718601,0.000614936,0.001844807
2/20/25 15:14,UP,1.04408,1.04605,1.04308,1.04555,7.65E-05,0.000570041,0.001710124
2/20/25 17:08,UP,1.04551,1.04785,1.04521,1.0478,0.001289245,0.000660992,0.001982976
2/20/25 23:22,UP,1.04782,1.05047,1.04778,1.05038,0.000561859,0.000652046,0.001956138
2/21/25 8:16,DOWN,1.05037,1.0506,1.04705,1.04728,-0.002241394,0.000844598,0.002533793
2/21/25 16:56,DOWN,1.04722,1.0493,1.04493,1.04508,-0.000353977,0.00090205,0.002706149
2/24/25 0:15,UP,1.04507,1.04879,1.04506,1.04822,0.00028624,0.00091732,0.002751961
2/24/25 1:58,UP,1.04823,1.05201,1.04817,1.05198,0.000836868,0.00098808,0.00296424
2/24/25 7:40,DOWN,1.05199,1.05284,1.049,1.04914,-0.001923535,0.000935193,0.00280558
2/24/25 13:57,DOWN,1.04908,1.04948,1.04601,1.04665,-0.000382099,0.000767341,0.002302023
2/24/25 19:01,UP,1.04667,1.04858,1.04528,1.04817,0.0009354,0.000680936,0.002042807
2/25/25 8:35,DOWN,1.0482,1.04844,1.04563,1.04616,-0.000582915,0.000549556,0.001648668
2/25/25 11:36,UP,1.04616,1.04851,1.04587,1.04848,0.001202462,0.000601279,0.001803836
2/25/25 13:37,UP,1.0485,1.05088,1.04846,1.05057,0.000771307,0.00063952,0.001918559
2/25/25 23:53,UP,1.05058,1.0523,1.04839,1.05202,0.000570494,0.00070485,0.00211455
2/26/25 5:30,DOWN,1.05204,1.0525,1.0493,1.0496,-0.000647656,0.000662754,0.001988261
2/26/25 13:10,DOWN,1.04962,1.05117,1.04749,1.04859,-0.000247921,0.000606702,0.001820106
2/26/25 16:57,UP,1.04861,1.05156,1.04794,1.05131,0.00098021,0.000816328,0.002448985
2/26/25 18:54,DOWN,1.05127,1.05289,1.04831,1.04902,-0.00028594,0.000873821,0.002621464
2/27/25 4:37,DOWN,1.049,1.04935,1.04613,1.04616,-0.001022265,0.000748494,0.002245481
2/27/25 9:55,UP,1.04615,1.04843,1.0459,1.04824,0.000333949,0.000653148,0.001959444
2/27/25 13:57,DOWN,1.04822,1.049,1.04309,1.04343,-0.002708537,0.00092712,0.002781361
2/27/25 17:40,DOWN,1.04345,1.04418,1.04034,1.04057,-0.000634067,0.000853729,0.002561187
2/28/25 2:18,DOWN,1.04059,1.04179,1.03804,1.03846,-0.000567988,0.000757954,0.002273862
2/28/25 12:19,UP,1.03845,1.04081,1.03813,1.0405,0.000961539,0.000629488,0.001888464
2/28/25 18:08,DOWN,1.04049,1.042,1.039,1.03962,-0.000230827,0.000633975,0.001901924
2/28/25 18:57,DOWN,1.03957,1.03975,1.0364,1.03653,-0.000646179,0.00082856,0.002485679
3/2/25 22:16,UP,1.03655,1.04066,1.03599,1.03998,0.003081726,0.00105481,0.003164431
3/3/25 10:13,UP,1.04022,1.0439,1.03887,1.04335,0.001678698,0.000959318,0.002877953
3/3/25 12:29,UP,1.04333,1.04687,1.0433,1.0468,0.000783647,0.000936744,0.002810233
3/3/25 15:30,UP,1.04679,1.05038,1.04594,1.05037,0.001095452,0.000904989,0.002714966
3/3/25 20:51,DOWN,1.05034,1.05043,1.04664,1.04748,-0.000372253,0.000796215,0.002388646
3/4/25 7:55,UP,1.04746,1.05006,1.0471,1.04978,0.001448972,0.000702371,0.002107114
3/4/25 12:00,UP,1.0498,1.05464,1.04862,1.05455,0.002468551,0.000935143,0.002805429
3/4/25 14:42,DOWN,1.05453,1.05597,1.05219,1.05247,-0.00020901,0.000884702,0.002654107
3/4/25 17:24,UP,1.05244,1.05409,1.04964,1.05364,0.000218315,0.000815075,0.002445225
3/4/25 18:29,UP,1.05365,1.0572,1.05306,1.05705,0.001789595,0.000918729,0.002756188
3/4/25 20:03,UP,1.05704,1.06071,1.057,1.06047,0.00071692,0.000961849,0.002885546
3/5/25 6:39,UP,1.06044,1.06392,1.0602,1.0633,0.000291588,0.000780768,0.002342303
3/5/25 7:59,UP,1.06331,1.06764,1.06242,1.06717,0.000693663,0.000983222,0.002949667
3/5/25 9:04,UP,1.06716,1.07144,1.06587,1.07116,0.002954433,0.001185295,0.003555884
3/5/25 14:11,UP,1.07114,1.07415,1.06764,1.07376,0.001883012,0.001271942,0.003815826
3/5/25 17:30,UP,1.07369,1.07869,1.07216,1.07838,0.000992722,0.001147544,0.003442631
3/6/25 1:58,UP,1.07837,1.08202,1.07638,1.08161,0.001711878,0.001023729,0.003071188
3/6/25 9:38,DOWN,1.08164,1.08224,1.07804,1.07827,-0.000926982,0.000928666,0.002785999
3/6/25 13:53,UP,1.07825,1.08456,1.07814,1.08358,0.00212485,0.001062548,0.003187644
3/6/25 17:15,DOWN,1.08356,1.08539,1.08045,1.08046,-0.001646091,0.001082772,0.003248315
3/7/25 5:47,UP,1.08042,1.08177,1.07657,1.08155,0.000962046,0.000984777,0.002954332
3/7/25 9:29,UP,1.08152,1.08714,1.0808,1.08593,0.001317711,0.000952183,0.002856549
3/7/25 14:38,UP,1.08591,1.08889,1.08412,1.08813,0.002235686,0.001126645,0.003379935
3/7/25 17:49,DOWN,1.08814,1.08865,1.08319,1.08338,-0.001014826,0.001368681,0.004106042
3/10/25 5:16,DOWN,1.08337,1.08714,1.08256,1.08295,-0.000396985,0.00110497,0.003314909
3/10/25 9:58,UP,1.08292,1.08568,1.0805,1.08508,0.000700655,0.001139273,0.003417819
3/10/25 15:33,DOWN,1.08508,1.08747,1.08125,1.08328,-0.000433773,0.000903308,0.002709925
3/11/25 0:56,UP,1.0833,1.08515,1.08175,1.08514,0.000746726,0.00086447,0.002593409
3/11/25 7:33,UP,1.08516,1.08813,1.08356,1.08766,0.000717393,0.000833363,0.002500088
3/11/25 9:01,UP,1.08764,1.09192,1.08725,1.09146,0.001558761,0.000914339,0.002743017
3/11/25 13:41,UP,1.09145,1.09262,1.08811,1.09251,0.001007363,0.000898595,0.002695785
3/11/25 18:11,UP,1.09253,1.09411,1.08952,1.09406,0.001115735,0.00079437,0.002383109
3/11/25 22:54,DOWN,1.09401,1.09474,1.09075,1.09156,-3.66E-05,0.000752879,0.002258638
3/12/25 7:02,DOWN,1.09158,1.0918,1.08909,1.08921,-0.001238663,0.000709515,0.002128546
3/12/25 8:57,UP,1.08925,1.09208,1.08875,1.09185,0.000952966,0.000719092,0.002157276
3/12/25 12:10,DOWN,1.09188,1.09262,1.08943,1.08951,-0.001183318,0.000682032,0.002046095
3/12/25 14:58,UP,1.08955,1.0932,1.08757,1.09131,0.001916966,0.000810788,0.002432365
3/12/25 18:41,DOWN,1.09129,1.0928,1.08824,1.08834,-0.002147755,0.000908344,0.002725032
3/13/25 7:41,DOWN,1.08827,1.08976,1.08597,1.08644,-0.001269398,0.000813593,0.002440779
3/13/25 12:03,DOWN,1.08638,1.08856,1.08445,1.08513,-0.001574608,0.000799133,0.002397399
3/13/25 14:27,UP,1.08519,1.08814,1.08225,1.08654,0.000561573,0.001079861,0.003239583
3/14/25 3:15,DOWN,1.08652,1.08784,1.08342,1.08386,-0.00027675,0.000902234,0.002706701
3/14/25 10:20,UP,1.08386,1.08683,1.08306,1.08677,0.000911371,0.00082683,0.00248049
3/14/25 11:37,UP,1.08675,1.09128,1.08658,1.09,0.000541431,0.000930728,0.002792183
3/14/25 15:58,DOWN,1.09001,1.09115,1.08655,1.08729,-0.000174731,0.000873223,0.002619669
3/17/25 10:35,UP,1.08734,1.091,1.08685,1.09076,0.001247615,0.000753145,0.002259434
3/17/25 15:15,UP,1.09074,1.09195,1.08874,1.09184,0.000760474,0.00068519,0.00205557
3/18/25 8:12,UP,1.09188,1.09442,1.09035,1.09438,0.002232062,0.000846012,0.002538037
3/18/25 11:50,DOWN,1.09445,1.09548,1.09226,1.09228,-0.000979123,0.000835249,0.002505748
3/18/25 16:37,UP,1.09229,1.09393,1.08925,1.09368,0.000503016,0.000855343,0.002566029
3/19/25 7:11,DOWN,1.09364,1.09519,1.09094,1.09096,-0.002051133,0.0008603,0.0025809
3/19/25 16:08,DOWN,1.09103,1.09177,1.08732,1.08788,-0.000569753,0.000930925,0.002792774
3/19/25 18:47,UP,1.08787,1.09135,1.08606,1.09041,0.001036845,0.000918917,0.00275675
3/20/25 7:32,DOWN,1.09036,1.09175,1.08802,1.08814,-0.001432612,0.000890162,0.002670487
3/20/25 9:30,DOWN,1.08809,1.08859,1.08387,1.08433,-0.002063661,0.00098521,0.002955631
3/21/25 0:10,UP,1.08429,1.0859,1.08146,1.08561,0.000294809,0.000828547,0.002485642
3/21/25 5:37,DOWN,1.0856,1.08561,1.08224,1.08224,-0.001274321,0.000846805,0.002540414
3/21/25 12:04,UP,1.08227,1.08589,1.08199,1.08579,0.001345548,0.000844896,0.002534688
3/21/25 13:54,DOWN,1.0858,1.08614,1.08263,1.08275,-0.000129292,0.000889039,0.002667118
3/24/25 0:31,UP,1.08274,1.08401,1.07961,1.08362,0.001449898,0.000970867,0.0029126
3/24/25 10:20,UP,1.08363,1.08586,1.08171,1.08482,0.001152929,0.000908824,0.002726471
3/24/25 13:49,DOWN,1.08479,1.08549,1.08071,1.08102,-0.001275758,0.000964311,0.002892934
3/25/25 8:28,DOWN,1.08101,1.08204,1.07769,1.07812,-0.000852973,0.000821033,0.002463098
3/25/25 10:55,UP,1.07806,1.08245,1.07785,1.08197,0.001498391,0.000902062,0.002706187
3/25/25 18:59,DOWN,1.08192,1.08301,1.07973,1.07982,-0.001064426,0.00086038,0.002581139
3/26/25 17:42,DOWN,1.07984,1.08028,1.07519,1.07687,-0.001456867,0.000720768,0.002162303
3/26/25 22:24,DOWN,1.07683,1.07688,1.07339,1.07376,-0.001330883,0.000786789,0.002360367
3/27/25 2:48,UP,1.07381,1.07801,1.07331,1.07794,0.001411092,0.000908619,0.002725858
3/27/25 15:17,UP,1.07795,1.07997,1.07542,1.07957,0.001557387,0.000863748,0.002591245
3/28/25 8:22,DOWN,1.07958,1.08212,1.07795,1.07797,-0.001631367,0.001024734,0.003074203
3/28/25 13:44,UP,1.07793,1.08101,1.07646,1.08041,0.000935268,0.000987507,0.002962521
3/28/25 15:24,UP,1.08043,1.08411,1.08009,1.08406,0.001319986,0.001020224,0.003060671
3/31/25 10:41,DOWN,1.08402,1.08494,1.08054,1.08139,-0.000416045,0.00084637,0.002539109
4/1/25 2:46,UP,1.08141,1.08294,1.07841,1.08248,0.00059141,0.000811571,0.002434714
4/1/25 11:05,DOWN,1.08249,1.08303,1.07902,1.07953,-0.000694506,0.00091021,0.002730631
4/2/25 12:55,UP,1.0795,1.08149,1.07784,1.08105,0.000823613,0.000641229,0.001923688
4/2/25 14:42,UP,1.08103,1.08333,1.08076,1.08323,0.000840433,0.000655125,0.001965376
4/2/25 16:15,UP,1.08317,1.08731,1.08317,1.08581,0.000340818,0.000746737,0.002240212
4/2/25 20:17,UP,1.0858,1.09245,1.08327,1.09118,0.005605963,0.001527125,0.004581375
4/2/25 21:14,DOWN,1.09109,1.09154,1.08157,1.0837,-0.006878568,0.002243004,0.006729011
4/2/25 23:54,UP,1.08376,1.09109,1.08051,1.08998,0.00056898,0.00230788,0.006923641
4/3/25 6:47,UP,1.08999,1.09869,1.08799,1.09745,0.002773902,0.001948865,0.005846594
4/3/25 8:49,UP,1.09746,1.10202,1.09428,1.10174,0.002772187,0.001961051,0.005883153
4/3/25 10:22,UP,1.1017,1.1146,1.10037,1.11065,0.004014711,0.002161451,0.006484352
4/3/25 13:23,UP,1.11066,1.11349,1.10389,1.11235,0.002610497,0.002119727,0.006359182
4/3/25 16:00,DOWN,1.11232,1.11278,1.10411,1.10506,-0.000370952,0.002065431,0.006196293
4/4/25 3:36,UP,1.10504,1.1086,1.10161,1.10835,0.001507881,0.001652871,0.004958614
4/4/25 7:56,DOWN,1.10838,1.11078,1.10065,1.10066,-0.003799579,0.001644975,0.004934924
4/4/25 11:16,UP,1.10059,1.10638,1.09645,1.10566,0.002372437,0.001741203,0.005223608
4/4/25 12:58,DOWN,1.10564,1.10902,1.10077,1.10083,-0.002875507,0.001806991,0.005420972
4/4/25 14:43,DOWN,1.1008,1.10483,1.09742,1.09749,-0.001529595,0.001654942,0.004964825
4/4/25 17:12,DOWN,1.09748,1.10199,1.09337,1.09342,-0.003250551,0.001668684,0.005006053
4/6/25 21:26,DOWN,1.0934,1.09674,1.08805,1.08903,-0.005439574,0.002026842,0.006080526
4/6/25 22:36,UP,1.08839,1.09948,1.08822,1.09893,0.002049545,0.002577902,0.007733706
4/7/25 2:49,DOWN,1.09892,1.10013,1.09198,1.09288,-0.002385338,0.002119922,0.006359765
4/7/25 5:51,UP,1.09289,1.1001,1.09266,1.0998,0.000600289,0.001969362,0.005908085
4/7/25 8:37,DOWN,1.09982,1.10501,1.09679,1.09734,-0.001466109,0.001772214,0.005316642
4/7/25 11:32,DOWN,1.09736,1.10088,1.09353,1.09462,-0.000557116,0.001750217,0.00525065
4/7/25 14:54,DOWN,1.09464,1.09915,1.09202,1.09231,-0.001070551,0.001542068,0.004626205
4/8/25 1:23,UP,1.09234,1.09548,1.09012,1.09495,0.000740034,0.001170971,0.003512913
4/8/25 6:53,UP,1.09497,1.09921,1.09467,1.09876,0.001028961,0.001101824,0.003305472
4/8/25 7:53,DOWN,1.09874,1.09897,1.09386,1.09439,-0.002427629,0.001196295,0.003588885
4/8/25 12:33,UP,1.09434,1.09604,1.09112,1.09579,0.000739466,0.001094238,0.003282714
4/8/25 14:17,DOWN,1.09576,1.09686,1.0912,1.09197,-0.001738463,0.001084924,0.003254771
4/8/25 17:16,UP,1.09202,1.09488,1.08892,1.09399,0.001307997,0.001271136,0.003813407
4/9/25 0:03,UP,1.09398,1.09852,1.09263,1.09766,0.000346251,0.001355401,0.004066203
4/9/25 1:21,UP,1.09763,1.10324,1.09713,1.10301,0.002060126,0.001413978,0.004241933
4/9/25 5:04,UP,1.10299,1.10691,1.10095,1.10574,0.0001628,0.001290529,0.003871588
4/9/25 8:00,DOWN,1.10573,1.10898,1.10095,1.10136,-0.003073285,0.00135894,0.004076821
4/9/25 12:19,UP,1.10131,1.10579,1.09981,1.10506,0.001412685,0.001067305,0.003201915
4/9/25 13:55,DOWN,1.10508,1.10952,1.1033,1.10361,-0.002452568,0.001444513,0.004333538
4/9/25 17:34,DOWN,1.10355,1.10695,1.09464,1.097,-0.007003676,0.002207511,0.006622533
4/9/25 18:19,DOWN,1.0971,1.10199,1.09135,1.09216,-0.002313831,0.002715726,0.008147178
4/10/25 5:48,UP,1.09221,1.09957,1.09206,1.09831,0.000145689,0.00186234,0.005587019
4/10/25 8:31,UP,1.09822,1.10373,1.09628,1.10285,0.000634921,0.001706986,0.005120958
4/10/25 12:26,UP,1.10287,1.11008,1.10251,1.10994,0.002625206,0.001547048,0.004641144
4/10/25 15:01,UP,1.10996,1.11864,1.10909,1.11776,0.003055407,0.001613885,0.004841656
4/10/25 18:31,UP,1.11782,1.12413,1.11537,1.12402,0.003091909,0.001845247,0.00553574
4/10/25 19:30,DOWN,1.12401,1.12415,1.11588,1.11634,-0.004022927,0.002105313,0.006315939
4/10/25 23:58,UP,1.11635,1.12624,1.11618,1.12577,0.002712933,0.002125841,0.006377524
4/11/25 0:41,UP,1.12573,1.1385,1.12513,1.13462,0.006339348,0.002555352,0.007666055
4/11/25 6:23,DOWN,1.13456,1.1366,1.12553,1.12681,-0.001418931,0.002163842,0.006491527
4/11/25 7:32,UP,1.1268,1.13558,1.12464,1.13558,0.002150993,0.002393935,0.007181804
4/11/25 8:50,UP,1.1356,1.14723,1.13316,1.14693,0.006586999,0.002782218,0.008346654
4/11/25 10:43,DOWN,1.14695,1.14738,1.133,1.13342,-0.003962424,0.002991882,0.008975646
4/11/25 16:03,DOWN,1.13352,1.14122,1.13124,1.13145,-0.002938804,0.002454075,0.007362226
4/14/25 0:40,UP,1.13152,1.13708,1.12767,1.13658,0.001629016,0.002082149,0.006246446
4/14/25 12:59,DOWN,1.13657,1.14248,1.13345,1.1337,-0.00166572,0.001597848,0.004793543
4/14/25 15:14,UP,1.13368,1.13772,1.12959,1.13661,0.001294157,0.001619427,0.004858281
4/15/25 0:37,DOWN,1.13659,1.1382,1.13175,1.13186,-0.001897726,0.001507551,0.004522652
4/15/25 13:16,DOWN,1.13181,1.1379,1.13087,1.13131,-0.001889826,0.00126749,0.003802471
4/15/25 18:14,DOWN,1.13128,1.13296,1.12641,1.12688,-0.000833814,0.001339852,0.004019557
4/16/25 0:36,UP,1.12691,1.13217,1.12665,1.13172,0.001866159,0.001319661,0.003958982
4/16/25 6:16,UP,1.13171,1.13857,1.13101,1.13683,0.001646279,0.001236716,0.003710148
4/16/25 19:22,UP,1.13682,1.14063,1.13383,1.14051,0.002704199,0.001244941,0.003734823
4/17/25 5:55,DOWN,1.1405,1.1413,1.1344,1.13522,-0.001258875,0.001214218,0.003642654
4/18/25 10:57,UP,1.13524,1.13906,1.13353,1.13738,0.00024621,0.000758738,0.002276215
4/18/25 19:32,UP,1.13741,1.1398,1.13717,1.13956,0.000114086,0.000602558,0.001807675
4/20/25 23:10,UP,1.13953,1.14405,1.13909,1.14399,0.001846125,0.000870974,0.002612922
4/21/25 2:33,UP,1.144,1.15305,1.14353,1.15076,0.003569225,0.001310681,0.003932043
4/21/25 9:21,UP,1.15075,1.15733,1.14989,1.15715,0.002240766,0.001405346,0.004216037
4/21/25 11:17,DOWN,1.15718,1.15729,1.15148,1.15172,-0.002298263,0.001545426,0.004636277
4/21/25 15:19,DOWN,1.15174,1.15502,1.14818,1.14876,-0.000965793,0.001554694,0.004664082
4/22/25 9:58,DOWN,1.14878,1.15476,1.1482,1.1489,-0.001165653,0.001384376,0.004153127
4/22/25 16:57,DOWN,1.14892,1.15008,1.14332,1.14342,-0.002306202,0.001320181,0.003960544
4/22/25 22:10,DOWN,1.14341,1.14542,1.13341,1.13678,-0.005430433,0.001779389,0.005338167
4/23/25 1:39,UP,1.13675,1.14039,1.13081,1.13979,0.00071091,0.001806923,0.00542077
4/23/25 13:59,DOWN,1.13976,1.14398,1.13392,1.13403,-0.003740691,0.001759747,0.005279241
4/24/25 7:55,UP,1.13405,1.13835,1.13105,1.13795,0.001759093,0.001446006,0.004338019
4/25/25 2:43,DOWN,1.13797,1.13977,1.13414,1.13444,-0.000740179,0.001211034,0.003633101
4/25/25 16:31,UP,1.13442,1.13887,1.13157,1.13824,0.00210194,0.001283358,0.003850075
4/28/25 16:45,UP,1.13825,1.14138,1.13295,1.14017,0.001711735,0.001173848,0.003521543
4/29/25 4:55,DOWN,1.14011,1.14258,1.13742,1.13776,-0.001361399,0.001223362,0.003670086
4/30/25 1:55,DOWN,1.1378,1.1419,1.13654,1.13663,-0.001766824,0.001184058,0.003552174
4/30/25 15:23,DOWN,1.13664,1.13996,1.13455,1.13462,-0.001329957,0.000997616,0.002992849
5/1/25 1:04,DOWN,1.13465,1.13648,1.13172,1.13185,-0.000627095,0.000924458,0.002773373
5/1/25 12:38,UP,1.13182,1.13412,1.12875,1.13265,0.000494538,0.000809333,0.002427998
5/1/25 14:32,DOWN,1.13261,1.13279,1.12832,1.12844,-0.001726558,0.000932003,0.002796008
5/2/25 6:04,UP,1.12846,1.13156,1.1266,1.13137,0.001025832,0.000902914,0.002708741
5/2/25 10:20,UP,1.1314,1.1355,1.13133,1.13443,0.000652523,0.000831113,0.00249334
5/2/25 14:06,UP,1.13445,1.1381,1.13043,1.1369,0.000633502,0.001047543,0.003142629
5/2/25 15:53,DOWN,1.13693,1.13755,1.13233,1.13263,-0.003085388,0.001228489,0.003685467
5/5/25 5:16,UP,1.13261,1.13476,1.12925,1.13456,0.001270021,0.001130467,0.0033914
5/5/25 13:03,UP,1.1346,1.13634,1.13113,1.13584,0.000792679,0.000943963,0.00283189
5/5/25 15:34,DOWN,1.13591,1.13649,1.1324,1.13259,-0.001323522,0.000950935,0.002852805
5/6/25 1:03,DOWN,1.13257,1.13262,1.12803,1.12803,-0.00210765,0.00110137,0.003304111
5/6/25 5:27,UP,1.12801,1.13276,1.128,1.13173,0.00030047,0.001055013,0.00316504
5/6/25 14:15,UP,1.13171,1.13576,1.13053,1.13507,0.000502298,0.000898067,0.002694201
5/6/25 18:57,UP,1.13503,1.13705,1.13307,1.13687,0.000334307,0.000920409,0.002761226
5/6/25 22:24,DOWN,1.13688,1.13812,1.13305,1.1333,-0.004068304,0.001337787,0.004013362
5/7/25 6:53,UP,1.13335,1.13781,1.13254,1.13764,0.001292984,0.00111741,0.003352229
5/7/25 18:00,DOWN,1.1376,1.13771,1.1335,1.13399,-0.000899075,0.000922137,0.00276641
5/7/25 19:14,DOWN,1.1339,1.13651,1.13152,1.13153,-0.001112917,0.00102237,0.00306711
5/8/25 6:34,DOWN,1.13155,1.13363,1.128,1.12811,-0.002204799,0.001077456,0.003232367
5/8/25 12:16,UP,1.12808,1.13103,1.12704,1.13086,0.001451276,0.000984913,0.00295474
5/8/25 15:25,DOWN,1.13085,1.13203,1.127,1.12757,-0.000292622,0.000944566,0.002833697
5/8/25 16:17,DOWN,1.12756,1.12808,1.1225,1.1226,-0.001806669,0.001169884,0.003509651
5/9/25 6:32,UP,1.12259,1.12422,1.11966,1.12413,0.001281812,0.001028207,0.003084622
5/9/25 14:25,UP,1.12406,1.12858,1.12371,1.12858,0.001951255,0.000988486,0.002965457
5/11/25 22:29,DOWN,1.12859,1.12929,1.11919,1.12265,-0.002739752,0.001140576,0.003421728
5/12/25 7:11,DOWN,1.12266,1.12428,1.1173,1.1176,-0.003813407,0.001327222,0.003981666
5/12/25 7:43,DOWN,1.11755,1.11764,1.11108,1.11127,-0.000683668,0.001729875,0.005189624
5/12/25 10:57,DOWN,1.11129,1.11454,1.10722,1.10822,-0.000775718,0.001608964,0.004826893
5/12/25 17:33,DOWN,1.10827,1.11347,1.10751,1.10764,-0.001822036,0.001372052,0.004116155
5/13/25 4:34,UP,1.10767,1.11171,1.10654,1.11142,0.001161351,0.0011811,0.003543299
5/13/25 13:29,UP,1.1114,1.1148,1.10971,1.11426,0.000978706,0.001018946,0.003056839
5/13/25 15:57,UP,1.11431,1.11764,1.11303,1.11757,0.000957893,0.001052503,0.00315751
5/14/25 8:05,UP,1.11755,1.12318,1.11644,1.12268,0.002872258,0.00102837,0.003085111
5/14/25 12:12,DOWN,1.12267,1.12658,1.12119,1.12128,-0.000802332,0.001104233,0.0033127
5/14/25 16:44,DOWN,1.12127,1.12356,1.11758,1.11856,-0.001786417,0.001209486,0.003628458
5/15/25 6:47,UP,1.11858,1.12217,1.11646,1.12217,0.002632297,0.001159804,0.003479412
5/15/25 16:10,DOWN,1.12218,1.1228,1.11728,1.11822,-0.000384466,0.00107206,0.003216179
5/16/25 1:45,UP,1.11817,1.12083,1.11704,1.12062,0.000330229,0.000987782,0.002963345
5/16/25 14:43,DOWN,1.12061,1.12198,1.11552,1.11607,-0.002514599,0.000985853,0.002957558
5/18/25 22:08,UP,1.11604,1.11864,1.11312,1.11856,0.002757338,0.001116453,0.003349358
5/19/25 7:34,UP,1.11855,1.12406,1.11724,1.12387,0.002556942,0.001227485,0.003682456
5/19/25 15:56,DOWN,1.12389,1.12884,1.12335,1.12378,-0.001564918,0.000978738,0.002936215
5/20/25 6:24,UP,1.12376,1.12626,1.1218,1.12555,0.000453214,0.000932476,0.002797429
5/20/25 12:38,DOWN,1.12556,1.12779,1.12238,1.12331,-0.001156625,0.000852937,0.002558812
5/20/25 14:13,UP,1.12332,1.12659,1.12249,1.12605,0.001786596,0.000934009,0.002802027
5/20/25 21:01,UP,1.12602,1.12853,1.12453,1.12853,0.001019544,0.001004512,0.003013537
5/21/25 2:32,UP,1.12804,1.13226,1.12782,1.13205,0.001856764,0.001006228,0.003018683
5/21/25 17:27,UP,1.13207,1.1363,1.13123,1.13615,0.001682531,0.001019102,0.003057306
5/21/25 22:11,DOWN,1.13609,1.13611,1.13157,1.13236,-0.000388494,0.001000273,0.003000818
5/22/25 7:42,DOWN,1.13237,1.1345,1.12953,1.13126,-0.000521406,0.000893864,0.002681593
5/22/25 12:37,DOWN,1.13123,1.13349,1.12903,1.12913,-0.001610563,0.000962948,0.002888843
5/22/25 17:28,DOWN,1.12907,1.13091,1.12559,1.12562,-0.002200807,0.00103326,0.00309978
5/23/25 0:23,UP,1.12563,1.12912,1.12562,1.12909,0.000478376,0.000990045,0.002970135
5/23/25 6:12,UP,1.12906,1.13269,1.12906,1.13229,0.000132484,0.000942476,0.002827428
5/23/25 9:10,UP,1.13231,1.13487,1.13096,1.13444,0.000511396,0.000974049,0.002922148
5/23/25 12:16,DOWN,1.13448,1.13758,1.12976,1.13124,-0.001104372,0.001057443,0.003172328
5/23/25 17:05,UP,1.13122,1.13598,1.13082,1.13561,0.001030814,0.001064573,0.00319372
5/26/25 0:34,UP,1.13563,1.13949,1.13517,1.13935,0.001686593,0.001050344,0.003151031
5/26/25 8:58,DOWN,1.13934,1.14188,1.13833,1.13839,-0.000658608,0.00091621,0.00274863
5/27/25 6:59,DOWN,1.1384,1.14073,1.13649,1.13655,-0.002197224,0.000969029,0.002907087
5/27/25 13:38,UP,1.13653,1.13742,1.13371,1.13695,0.000395874,0.000848822,0.002546465
5/27/25 15:06,DOWN,1.13693,1.1375,1.1337,1.13384,-0.000194012,0.000890306,0.002670919
5/28/25 2:44,DOWN,1.1338,1.13454,1.13076,1.13104,-0.000662887,0.000819294,0.002457882
5/28/25 8:04,UP,1.13106,1.13344,1.12955,1.13327,0.001191953,0.000805094,0.002415282
5/28/25 13:31,DOWN,1.13329,1.13408,1.12976,1.13004,-0.001388367,0.000827036,0.002481108
5/28/25 16:06,DOWN,1.13003,1.13247,1.12839,1.12913,-0.000265656,0.000901703,0.002705108
5/28/25 23:43,DOWN,1.1291,1.13009,1.12165,1.12182,-0.004855285,0.001486445,0.004459336
5/29/25 6:27,UP,1.12181,1.12724,1.12102,1.12696,0.002807942,0.001340128,0.004020385
5/29/25 12:35,UP,1.12695,1.13178,1.12619,1.13153,0.003035898,0.001315248,0.003945745
5/29/25 15:51,UP,1.13152,1.13699,1.13113,1.13628,0.000528178,0.001191082,0.003573247
5/30/25 6:41,DOWN,1.13625,1.13899,1.13361,1.13467,-0.00044056,0.00090051,0.002701529
5/30/25 13:47,DOWN,1.13466,1.13584,1.13126,1.1313,-0.002401428,0.001025073,0.00307522
5/30/25 14:59,UP,1.13131,1.13546,1.1313,1.13536,0.002107278,0.001140942,0.003422825
6/2/25 5:56,UP,1.13537,1.13823,1.13435,1.13789,0.000826432,0.000915882,0.002747646
6/2/25 7:46,UP,1.13787,1.14243,1.1378,1.14243,0.001629435,0.001020639,0.003061918
6/2/25 14:43,UP,1.1424,1.14498,1.14043,1.14439,0.000384558,0.000968486,0.002905459
6/3/25 3:44,DOWN,1.14441,1.14548,1.14118,1.14174,-0.000630418,0.000865886,0.002597657
6/3/25 11:28,DOWN,1.14175,1.14324,1.13866,1.13874,-0.002114138,0.000944188,0.002832564
6/4/25 5:37,DOWN,1.1387,1.13951,1.13572,1.13622,-0.00084455,0.000758047,0.00227414
6/4/25 7:38,UP,1.13624,1.13969,1.13575,1.13954,0.001686311,0.000832761,0.002498282
6/4/25 14:04,UP,1.13956,1.1418,1.13751,1.14172,0.001577813,0.00089549,0.00268647
6/5/25 5:43,DOWN,1.14173,1.14348,1.1408,1.14087,-7.01E-05,0.000697892,0.002093677
6/5/25 12:40,UP,1.14088,1.1449,1.14046,1.14385,0.001067143,0.000729925,0.002189774
6/5/25 13:33,UP,1.14382,1.1495,1.14186,1.14901,0.002527102,0.001147457,0.003442372
6/5/25 15:24,DOWN,1.14899,1.14947,1.14432,1.14516,-0.000445253,0.001074761,0.003224284
6/6/25 9:14,DOWN,1.14515,1.14574,1.14111,1.14116,-0.001208565,0.000805655,0.002416965
6/6/25 13:06,DOWN,1.14117,1.14314,1.13838,1.13929,-0.001236848,0.000783934,0.002351801
6/6/25 14:32,UP,1.13931,1.14164,1.13717,1.14127,0.001253776,0.00085991,0.002579729
6/9/25 2:25,UP,1.14129,1.1425,1.13809,1.14246,0.001489125,0.000908374,0.002725121
6/9/25 12:46,DOWN,1.14244,1.14393,1.14032,1.14034,-0.001253226,0.000804103,0.002412308
6/9/25 18:10,UP,1.14033,1.14263,1.13866,1.14233,0.000113809,0.000744408,0.002233223
6/10/25 2:22,DOWN,1.14231,1.14358,1.13863,1.13937,-0.001105263,0.000857217,0.002571652
6/10/25 10:00,UP,1.13934,1.14184,1.1373,1.14165,0.00069222,0.000818844,0.002456531
6/11/25 2:20,DOWN,1.14163,1.14477,1.14062,1.1413,-0.000761998,0.000636737,0.00191021
6/11/25 9:43,UP,1.14132,1.14458,1.14055,1.14383,0.000620914,0.000623585,0.001870755
6/11/25 12:38,UP,1.14382,1.14894,1.14267,1.14777,0.003569796,0.001045011,0.003135032
6/11/25 17:11,UP,1.14779,1.1496,1.1453,1.14927,0.00049609,0.000906439,0.002719317
6/12/25 1:14,UP,1.14925,1.15267,1.14794,1.15216,0.000798819,0.000905887,0.002717661
6/12/25 9:21,UP,1.15213,1.15623,1.15058,1.15548,0.001394332,0.000934234,0.002802701
6/12/25 10:49,UP,1.15547,1.15968,1.15547,1.15917,0.001165305,0.000993267,0.0029798
6/12/25 12:45,UP,1.15915,1.16318,1.15839,1.16273,0.002419651,0.001112427,0.003337281
6/12/25 14:06,DOWN,1.16274,1.16274,1.15795,1.15817,-0.001544349,0.001155797,0.003467392
6/13/25 0:06,UP,1.15824,1.16147,1.15638,1.16047,0.000922466,0.000938585,0.002815755
6/13/25 0:40,DOWN,1.16046,1.16066,1.15464,1.15465,-0.002784843,0.001235908,0.003707724
6/13/25 10:36,DOWN,1.15469,1.15625,1.1512,1.15122,-0.001171982,0.001102777,0.00330833
6/13/25 14:39,UP,1.15115,1.15463,1.1489,1.15362,0.000945299,0.001005446,0.003016339
6/15/25 22:17,DOWN,1.15364,1.15696,1.15262,1.15284,-0.001230983,0.000979918,0.002939753
6/16/25 5:55,UP,1.15286,1.15625,1.15238,1.1561,0.001099125,0.000815277,0.002445831
6/16/25 7:29,UP,1.15609,1.15844,1.15398,1.15828,0.000941494,0.000941615,0.002824845
6/16/25 14:12,UP,1.15827,1.16148,1.15698,1.16135,0.001758121,0.000923231,0.002769692
6/16/25 17:17,DOWN,1.16123,1.16146,1.15726,1.15774,-0.000595811,0.000862006,0.002586018
6/17/25 0:51,DOWN,1.15773,1.15815,1.15426,1.15483,-0.000216459,0.000759235,0.002277705
6/17/25 12:22,UP,1.15483,1.15737,1.15454,1.15712,0.000561897,0.00057893,0.001736791
6/17/25 14:21,DOWN,1.15717,1.15831,1.15414,1.15432,-0.001601392,0.000696842,0.002090527
6/17/25 16:52,DOWN,1.15428,1.15464,1.15049,1.15056,-0.002430641,0.001071591,0.003214774
6/18/25 4:57,UP,1.15055,1.15089,1.14745,1.1506,0.000504212,0.00083115,0.002493451
6/18/25 13:57,DOWN,1.15061,1.15235,1.14891,1.14896,-0.000965625,0.000766963,0.002300889
6/18/25 15:54,UP,1.14895,1.15303,1.14844,1.15233,0.000876869,0.000823857,0.00247157
6/18/25 18:58,DOWN,1.15234,1.15295,1.14743,1.14764,-0.001836868,0.000903848,0.002711543
6/19/25 2:29,DOWN,1.14769,1.1489,1.14511,1.14524,-0.001012376,0.000839665,0.002518994
6/19/25 11:34,UP,1.14522,1.14854,1.14463,1.14854,0.001062783,0.000796071,0.002388213
6/19/25 16:56,DOWN,1.14855,1.14876,1.14546,1.14572,-0.000977074,0.000803389,0.002410168
6/19/25 20:12,UP,1.14574,1.15002,1.14555,1.14933,0.000705007,0.000967552,0.002902657
6/20/25 4:08,UP,1.14931,1.15305,1.14902,1.15294,0.000511866,0.000887096,0.002661289
6/20/25 16:54,UP,1.15298,1.15364,1.14952,1.15353,0.000719789,0.000714734,0.002144203
6/22/25 22:00,DOWN,1.1535,1.1544,1.14552,1.14795,-0.003139802,0.001048409,0.003145227
6/23/25 9:28,DOWN,1.14795,1.15212,1.1457,1.14571,-0.002153548,0.000994881,0.002984642
6/23/25 13:55,UP,1.14572,1.14939,1.14536,1.14918,0.001602425,0.000941268,0.002823804
6/23/25 14:55,UP,1.14916,1.15391,1.14886,1.15351,0.000693776,0.001056699,0.003170098
6/23/25 17:54,UP,1.15352,1.15735,1.15179,1.15711,0.000985699,0.001019261,0.003057784
6/24/25 0:49,UP,1.15709,1.16091,1.15662,1.16033,0.000568966,0.000890223,0.002670668
6/24/25 6:24,UP,1.16038,1.16219,1.15867,1.16208,0.000714492,0.000766354,0.002299062
6/24/25 8:14,DOWN,1.16205,1.16223,1.158,1.1592,-0.000120766,0.000793615,0.002380845
6/24/25 14:32,UP,1.15921,1.16416,1.15822,1.16301,0.00142835,0.000982226,0.002946677
6/25/25 8:06,DOWN,1.163,1.16365,1.159,1.15948,-0.001111949,0.000778952,0.002336856
6/25/25 15:24,UP,1.1595,1.16273,1.15902,1.16244,0.000318347,0.000781133,0.0023434
6/25/25 18:42,UP,1.16246,1.16577,1.16168,1.16547,0.001330821,0.00078302,0.002349061
6/26/25 3:06,UP,1.16547,1.17106,1.16511,1.171,0.002325503,0.001019382,0.003058147
6/26/25 8:09,UP,1.17101,1.1724,1.16717,1.17199,0.001972952,0.001088591,0.003265774
6/26/25 11:28,DOWN,1.17201,1.17449,1.16959,1.16983,-0.001742324,0.001165341,0.003496022
6/26/25 17:04,UP,1.16985,1.17403,1.169,1.17308,0.000605428,0.001070095,0.003210286
6/26/25 23:25,DOWN,1.17306,1.17322,1.1681,1.16933,-0.00052153,0.000985686,0.002957059
6/27/25 12:33,UP,1.1693,1.17371,1.16835,1.17359,0.001944646,0.001089687,0.00326906
6/27/25 14:47,DOWN,1.17362,1.17537,1.17055,1.17067,-0.001843397,0.001076372,0.003229117
6/30/25 1:37,UP,1.17066,1.17385,1.16879,1.17314,0.000878371,0.000963648,0.002890944
6/30/25 15:17,UP,1.17315,1.17552,1.17078,1.17528,0.001950373,0.000945865,0.002837596
6/30/25 21:16,UP,1.17524,1.17882,1.17418,1.17839,0.000551752,0.000873343,0.002620029
7/1/25 9:47,UP,1.1777,1.183,1.17676,1.18221,0.001506789,0.000813866,0.002441599
7/1/25 14:10,DOWN,1.18222,1.18235,1.17832,1.1787,-0.001703816,0.000831522,0.002494566
7/1/25 21:12,UP,1.17874,1.18089,1.17614,1.18049,0.00123754,0.000798722,0.002396165
7/2/25 6:48,DOWN,1.17999,1.18101,1.17761,1.17763,-0.000984544,0.000728904,0.002186713
7/2/25 16:10,UP,1.17761,1.17941,1.1747,1.17914,0.001018209,0.000811437,0.002434311
7/3/25 12:30,DOWN,1.1791,1.18103,1.17479,1.17487,-0.003670259,0.001092572,0.003277717
7/4/25 4:06,UP,1.17541,1.17899,1.17174,1.1773,0.000526767,0.000915782,0.002747346
7/7/25 6:37,DOWN,1.17729,1.17903,1.17502,1.17528,-0.001751239,0.000678367,0.002035101
7/7/25 9:22,DOWN,1.17522,1.17588,1.17221,1.17264,-0.001056884,0.000699005,0.002097014
7/7/25 16:49,DOWN,1.17264,1.17454,1.17017,1.17064,-0.000973352,0.000748912,0.002246736
7/7/25 23:18,UP,1.17059,1.17382,1.16866,1.17342,0.002141338,0.000927756,0.002783267
7/8/25 10:51,DOWN,1.17341,1.17654,1.17232,1.17269,-0.001167572,0.000799239,0.002397717
7/8/25 13:39,DOWN,1.17267,1.17386,1.16939,1.17017,-0.001033504,0.000792346,0.002377038
7/8/25 18:06,UP,1.17019,1.17262,1.16826,1.17243,0.00075086,0.000818917,0.002456752
7/9/25 12:04,DOWN,1.17252,1.17298,1.16896,1.16982,-0.000555487,0.000653556,0.001960667
7/9/25 23:58,UP,1.16981,1.1731,1.16951,1.17308,0.000784568,0.000722102,0.002166307
7/10/25 11:45,DOWN,1.17314,1.17498,1.17118,1.17156,-0.001322148,0.000692369,0.002077107
7/10/25 14:42,DOWN,1.17155,1.17167,1.16625,1.16732,-0.001429605,0.000834476,0.002503427
7/10/25 22:07,UP,1.1673,1.17046,1.16708,1.17029,0.000384594,0.00073771,0.002213129
7/11/25 4:36,DOWN,1.17028,1.17076,1.16646,1.1672,-0.000676604,0.000813376,0.002440129
7/11/25 12:35,UP,1.16723,1.17012,1.16702,1.16995,0.000846548,0.000735323,0.002205968
7/13/25 22:14,DOWN,1.16994,1.1714,1.1661,1.16662,-0.001918236,0.000817052,0.002451157
7/14/25 6:39,DOWN,1.16659,1.16979,1.16541,1.16626,-0.00044577,0.000814089,0.002442266
7/14/25 11:47,UP,1.16627,1.16972,1.166,1.16909,0.000153978,0.000769271,0.002307814
7/14/25 16:28,DOWN,1.1691,1.16959,1.16603,1.1663,-0.001302418,0.000737819,0.002213458
7/15/25 5:46,UP,1.16629,1.16852,1.16592,1.16841,0.000684926,0.000599244,0.001797731
7/15/25 12:04,DOWN,1.16838,1.16928,1.1667,1.16677,-0.000908079,0.000562406,0.001687217
7/15/25 13:42,DOWN,1.16677,1.16911,1.16427,1.16509,-0.001218048,0.000748732,0.002246197
7/15/25 14:44,DOWN,1.16507,1.16513,1.16159,1.16187,-0.001255806,0.000824646,0.002473939
7/16/25 6:19,UP,1.16189,1.16239,1.15929,1.16224,0.000430296,0.000673097,0.002019291
7/16/25 12:29,DOWN,1.16223,1.16285,1.15931,1.15947,-0.001120574,0.000686927,0.002060781
7/16/25 13:47,DOWN,1.15946,1.16146,1.15729,1.15742,-0.000665052,0.000851022,0.002553066
7/16/25 15:05,UP,1.1574,1.16162,1.15624,1.16153,0.003994088,0.001250705,0.003752115
7/16/25 15:31,UP,1.1615,1.17219,1.16073,1.17189,0.004095791,0.001918199,0.005754596
7/16/25 15:55,DOWN,1.1718,1.17216,1.16108,1.16409,-0.004012248,0.002148935,0.006446806
7/17/25 6:20,DOWN,1.16408,1.16586,1.15947,1.1595,-0.002463543,0.001555914,0.004667741
7/18/25 0:14,UP,1.15948,1.1621,1.15569,1.16201,0.00051648,0.001038086,0.003114258
7/18/25 12:09,UP,1.16204,1.16518,1.1612,1.16507,0.000446425,0.000832336,0.002497007
7/18/25 17:05,DOWN,1.16509,1.16721,1.16263,1.16291,-0.000447054,0.000902952,0.002708855
7/21/25 7:09,UP,1.1629,1.16474,1.16145,1.16452,0.000755962,0.000741364,0.002224093
7/21/25 12:08,UP,1.16455,1.167,1.16336,1.16686,0.000634382,0.000814778,0.002444333
7/21/25 15:06,UP,1.16684,1.1703,1.16577,1.17026,0.001188476,0.000848301,0.002544904
7/22/25 1:45,DOWN,1.17026,1.17167,1.16824,1.16835,-0.000641725,0.000724095,0.002172284
7/22/25 14:59,UP,1.16837,1.17266,1.1679,1.17234,0.001869806,0.000727851,0.002183553
7/22/25 16:26,UP,1.17235,1.17597,1.17147,1.17575,0.00148952,0.000803586,0.002410759
7/23/25 5:51,DOWN,1.17573,1.17607,1.1727,1.17287,-0.000647773,0.000700456,0.002101369
7/23/25 12:48,DOWN,1.17288,1.1753,1.17202,1.17252,-5.12E-05,0.000640645,0.001921935
7/23/25 16:04,UP,1.17253,1.17582,1.1711,1.17563,0.002674482,0.000857673,0.00257302
7/24/25 1:33,UP,1.17563,1.1779,1.17429,1.17773,0.00085795,0.000738678,0.002216033
7/24/25 9:58,DOWN,1.17771,1.17802,1.17467,1.17511,-0.000391376,0.000651761,0.001955283
7/24/25 13:39,UP,1.17512,1.17735,1.17306,1.1765,0.001088565,0.000721678,0.002165034
7/24/25 22:17,DOWN,1.17649,1.17889,1.17349,1.17466,-0.000859454,0.000676484,0.002029452
7/25/25 10:20,DOWN,1.17467,1.1761,1.17308,1.17308,-0.000715807,0.000612897,0.00183869
7/25/25 18:12,UP,1.1731,1.17403,1.17032,1.17396,0.000860706,0.000741807,0.00222542
7/28/25 6:05,DOWN,1.17397,1.17706,1.17364,1.17386,-0.0004514,0.000703423,0.00211027
7/28/25 7:48,DOWN,1.17388,1.17408,1.16864,1.16864,-0.002521121,0.001009176,0.003027528
7/28/25 11:24,DOWN,1.16865,1.16903,1.16465,1.16492,-0.000789442,0.000934975,0.002804925
7/28/25 15:23,DOWN,1.16496,1.16653,1.16188,1.16214,-0.001315671,0.000895274,0.002685822
7/28/25 18:56,DOWN,1.16212,1.16268,1.15853,1.15926,-0.000112134,0.00082433,0.00247299
7/29/25 6:44,DOWN,1.15923,1.15994,1.15547,1.15658,-0.001624162,0.000804572,0.002413715
7/29/25 9:28,UP,1.15654,1.15793,1.15268,1.15781,0.000855428,0.000910659,0.002731976
7/29/25 11:58,DOWN,1.15782,1.15883,1.15375,1.15378,-0.001757888,0.000970942,0.002912827
7/30/25 0:58,UP,1.15379,1.15678,1.15189,1.15673,0.000934103,0.000826449,0.002479348
7/30/25 10:47,DOWN,1.15677,1.15728,1.15323,1.15385,-0.001229906,0.000729279,0.002187838
7/30/25 12:35,DOWN,1.15392,1.15434,1.14908,1.14923,-0.002693827,0.000968617,0.002905852
7/30/25 18:56,DOWN,1.14927,1.15033,1.14254,1.14277,-0.003223794,0.001254342,0.003763026
7/31/25 6:20,UP,1.14284,1.14484,1.14023,1.14475,0.000891421,0.001051379,0.003154137
7/31/25 13:13,DOWN,1.14473,1.14609,1.14107,1.14162,-0.001549228,0.000932742,0.002798227
7/31/25 14:57,UP,1.14163,1.14497,1.14061,1.14453,0.001337688,0.00098978,0.002969339
7/31/25 19:58,DOWN,1.14455,1.14498,1.14131,1.14131,-0.001427165,0.000917499,0.002752497
8/1/25 6:42,UP,1.14132,1.14381,1.1405,1.14372,0.000734715,0.000766388,0.002299164
8/1/25 9:22,DOWN,1.14376,1.14376,1.1403,1.1403,-0.001043041,0.000795721,0.002387163
8/1/25 12:34,UP,1.14029,1.15119,1.13915,1.15119,0.009189148,0.002359941,0.007079822
8/1/25 19:43,UP,1.15117,1.15882,1.15019,1.15753,0.002828979,0.001610064,0.004830193
8/4/25 8:47,DOWN,1.15743,1.15979,1.15499,1.15526,-0.00052788,0.001084394,0.003253183
8/5/25 4:15,DOWN,1.15532,1.15884,1.15528,1.1555,-0.00044127,0.000817755,0.002453265
8/5/25 14:59,UP,1.1555,1.15662,1.15277,1.15649,0.001938773,0.000818189,0.002454568
8/6/25 10:12,UP,1.15648,1.1598,1.15629,1.1598,0.001320064,0.00071746,0.00215238
8/6/25 13:11,UP,1.15982,1.16293,1.15927,1.16293,0.002074502,0.00083719,0.002511569
8/6/25 16:02,UP,1.16289,1.16485,1.16173,1.16478,0.001194071,0.000823595,0.002470786
8/7/25 4:23,UP,1.16476,1.16739,1.16307,1.16735,0.001577463,0.000779096,0.002337289
8/7/25 11:36,DOWN,1.16734,1.1699,1.16405,1.16483,-0.001381222,0.000775151,0.002325452
8/7/25 14:30,DOWN,1.16485,1.16627,1.1618,1.16287,-0.00028374,0.000793766,0.002381297
8/7/25 21:10,UP,1.16289,1.16713,1.1611,1.16636,0.000831993,0.000928603,0.00278581
8/8/25 5:28,DOWN,1.16635,1.16794,1.1644,1.16445,-0.001518877,0.000858403,0.002575208
8/8/25 15:25,UP,1.16447,1.16679,1.16289,1.16649,0.000823321,0.00074623,0.002238691
8/11/25 2:53,UP,1.16648,1.16679,1.16364,1.16678,0.001277835,0.000762116,0.002286349
8/11/25 7:59,DOWN,1.16675,1.16754,1.1646,1.16486,-0.000883836,0.000725623,0.00217687
8/11/25 12:15,DOWN,1.16489,1.16604,1.16166,1.16179,-0.001651258,0.000834949,0.002504846
8/12/25 1:53,UP,1.16175,1.16277,1.159,1.16201,0.000284031,0.000679676,0.002039028
8/12/25 12:41,UP,1.16198,1.16555,1.15987,1.16519,0.002861995,0.000933399,0.002800197
8/12/25 15:13,UP,1.16522,1.16681,1.16175,1.16666,0.000917569,0.001065662,0.003196986
8/13/25 7:08,UP,1.16665,1.16974,1.1664,1.16965,0.000667089,0.000837171,0.002511513
8/13/25 9:55,UP,1.16969,1.17301,1.16965,1.17291,0.000929745,0.000839426,0.002518279
8/13/25 13:23,DOWN,1.1729,1.17304,1.1693,1.16988,-0.00074339,0.000809757,0.002429271
8/14/25 5:30,DOWN,1.16989,1.17237,1.16959,1.16986,-0.000316227,0.000672655,0.002017964
8/14/25 8:57,DOWN,1.1699,1.17066,1.16685,1.16689,-0.000813799,0.000658043,0.001974129
8/14/25 10:30,UP,1.16692,1.16965,1.16678,1.16962,0.001146328,0.000735795,0.002207386
8/14/25 12:56,DOWN,1.16964,1.16973,1.1649,1.16603,-0.00128559,0.000797145,0.002391434
8/14/25 18:04,DOWN,1.16602,1.16714,1.16311,1.16365,-0.000481129,0.000783509,0.002350527
8/15/25 5:58,UP,1.16365,1.16714,1.1633,1.16711,0.000985826,0.000690464,0.002071391
8/15/25 13:31,UP,1.16714,1.17015,1.16651,1.16967,0.000607193,0.000596451,0.001789352
8/18/25 7:59,DOWN,1.16956,1.17176,1.16803,1.16806,-0.001479993,0.000582459,0.001747378
8/18/25 15:11,DOWN,1.16804,1.16885,1.16603,1.16616,-0.00084858,0.000539384,0.001618153
8/19/25 1:35,DOWN,1.16615,1.16751,1.16393,1.16453,-0.001115708,0.000586718,0.001760154
8/19/25 7:18,UP,1.16452,1.16813,1.16434,1.16767,0.001577031,0.00065899,0.001976969
8/19/25 14:47,DOWN,1.16766,1.16929,1.1664,1.16648,-0.000899739,0.000641337,0.00192401
8/19/25 18:59,DOWN,1.1665,1.16754,1.16424,1.16466,-0.00068666,0.000653533,0.001960599
8/20/25 6:23,DOWN,1.16466,1.16542,1.1622,1.16238,-0.001306808,0.000670843,0.00201253
8/20/25 10:38,UP,1.16239,1.16576,1.16234,1.16514,0.000635319,0.000687509,0.002062527
8/20/25 17:55,UP,1.16512,1.16737,1.16403,1.16697,0.000651471,0.000744046,0.002232139
8/21/25 0:51,DOWN,1.16696,1.16728,1.16412,1.16427,-0.000532381,0.00068555,0.002056649
8/21/25 9:29,UP,1.1643,1.16628,1.16251,1.16578,0.000171574,0.000836416,0.002509249
8/21/25 13:58,DOWN,1.16579,1.16613,1.16157,1.16188,-0.002149374,0.000884435,0.002653306
8/22/25 3:50,DOWN,1.1619,1.16295,1.15903,1.15945,-0.001525422,0.000742883,0.002228649
8/22/25 12:20,UP,1.15947,1.16127,1.15831,1.16116,0.001223663,0.000697176,0.002091529
8/22/25 14:08,UP,1.16115,1.16775,1.15976,1.16704,0.006007521,0.001627579,0.004882736
8/22/25 15:09,UP,1.16703,1.17279,1.1668,1.17273,0.001151823,0.001588727,0.004766182
8/25/25 1:52,DOWN,1.17274,1.17428,1.16935,1.16962,-7.69E-05,0.001231059,0.003693178
8/25/25 16:00,DOWN,1.16964,1.17205,1.16654,1.16674,-0.001455991,0.000999691,0.002999074
8/25/25 18:45,DOWN,1.16679,1.16695,1.16226,1.16228,-0.002062778,0.001046648,0.003139943
8/26/25 0:28,UP,1.1623,1.16542,1.16028,1.16513,0.001692229,0.001067228,0.003201683
8/26/25 7:08,DOWN,1.16509,1.16601,1.16133,1.16197,-0.000937622,0.000924296,0.002772888
8/26/25 11:48,UP,1.16204,1.16572,1.16022,1.16564,0.000703724,0.000867085,0.002601254
8/27/25 2:14,DOWN,1.16569,1.16653,1.16252,1.16265,-0.000808171,0.000746665,0.002239995
8/27/25 7:36,DOWN,1.16266,1.16331,1.15962,1.15965,-0.001757606,0.000835677,0.002507032
8/27/25 16:17,UP,1.15972,1.16172,1.15741,1.16133,0.000465092,0.000753266,0.002259797
8/27/25 23:05,UP,1.16127,1.16443,1.16127,1.16438,0.000506836,0.000803351,0.002410054
8/28/25 10:53,UP,1.16437,1.1675,1.16292,1.1672,0.001569085,0.000769303,0.002307908
8/28/25 17:06,UP,1.16718,1.16965,1.16586,1.16961,0.001437409,0.000872153,0.00261646
8/29/25 1:26,DOWN,1.16962,1.16975,1.1663,1.16634,-0.001293811,0.000819095,0.002457285
8/29/25 14:37,UP,1.16635,1.17,1.16508,1.16991,0.001702434,0.000736577,0.002209731
9/1/25 3:00,UP,1.16988,1.1714,1.16847,1.1713,0.001042121,0.000673041,0.002019122
9/1/25 13:00,DOWN,1.17132,1.17365,1.17045,1.17072,-0.000614817,0.000639039,0.001917117
9/2/25 4:38,DOWN,1.17071,1.17184,1.169,1.1694,-0.000102611,0.000478362,0.001435086
9/2/25 7:26,DOWN,1.16943,1.17066,1.16738,1.16783,-0.002275139,0.000720486,0.002161457
9/2/25 8:02,DOWN,1.16784,1.16791,1.16413,1.1648,-0.002126858,0.000861744,0.002585233
9/2/25 12:48,DOWN,1.16479,1.16558,1.16139,1.1614,-0.001445485,0.000885981,0.002657943
9/2/25 13:54,UP,1.16139,1.16504,1.16129,1.16455,0.000661418,0.000898114,0.002694341
9/2/25 17:20,DOWN,1.16456,1.16826,1.16421,1.16446,-9.45E-05,0.000934191,0.002802573
9/3/25 7:21,DOWN,1.1645,1.16484,1.16085,1.16091,-0.00266676,0.000969147,0.00290744
9/3/25 8:21,UP,1.16088,1.1657,1.16081,1.16516,0.001649202,0.001104466,0.003313399
9/3/25 14:18,UP,1.16515,1.16805,1.16386,1.16783,0.001165232,0.001002167,0.0030065
9/4/25 5:29,DOWN,1.16782,1.16823,1.16481,1.16525,-0.000128719,0.000726883,0.00218065
9/5/25 1:32,UP,1.16523,1.16644,1.16299,1.16641,0.000626048,0.000611728,0.001835185
9/5/25 9:33,UP,1.16642,1.16922,1.16619,1.16884,0.00092442,0.000597711,0.001793133
9/5/25 12:32,UP,1.16883,1.1752,1.16777,1.17349,0.003337505,0.001004363,0.003013088
9/5/25 16:17,UP,1.17345,1.17595,1.17143,1.17558,0.000357334,0.000887982,0.002663947
9/5/25 18:04,DOWN,1.17558,1.17558,1.17226,1.17228,-0.000835629,0.000900704,0.002702113
9/8/25 8:01,UP,1.17227,1.17371,1.17037,1.17363,0.000758619,0.000677866,0.002033599
9/8/25 13:13,UP,1.17368,1.17498,1.172,1.17498,0.001243347,0.000665292,0.001995877
9/8/25 19:02,UP,1.17496,1.17641,1.1735,1.17639,0.001522763,0.000694593,0.00208378
9/9/25 8:00,DOWN,1.17635,1.178,1.17477,1.17527,-0.000884512,0.000572716,0.001718148
9/9/25 12:26,DOWN,1.17529,1.17725,1.17349,1.17388,-0.000570594,0.000578734,0.001736203
9/9/25 16:51,DOWN,1.17393,1.17628,1.17156,1.17204,-0.000460629,0.000536346,0.001609038
9/10/25 0:21,DOWN,1.17204,1.17236,1.16961,1.16993,-0.000555435,0.000496094,0.001488282
9/10/25 4:55,UP,1.16992,1.17139,1.16894,1.17137,0.000469646,0.000474542,0.001423625
9/10/25 12:32,UP,1.17135,1.17289,1.16825,1.17191,0.000947621,0.000631091,0.001893272
9/10/25 14:50,UP,1.17188,1.17307,1.16929,1.1727,0.000272912,0.000636796,0.001910388
9/10/25 17:32,DOWN,1.17268,1.17301,1.17017,1.17021,-0.000486973,0.000618094,0.001854281
9/11/25 6:04,DOWN,1.1702,1.17124,1.16866,1.16898,-0.000521686,0.000547659,0.001642976
9/11/25 12:40,UP,1.16901,1.17209,1.16582,1.17095,0.001692366,0.000601158,0.001803473
9/11/25 13:05,UP,1.17094,1.17368,1.16923,1.17335,0.002705322,0.000884791,0.002654373
9/12/25 8:51,DOWN,1.17342,1.17478,1.17139,1.17165,-0.001100406,0.000695292,0.002085875
9/12/25 12:46,DOWN,1.17164,1.17353,1.17014,1.17034,-0.001118707,0.000714943,0.002144828
9/12/25 17:20,UP,1.17035,1.17376,1.17032,1.17368,0.001534815,0.000757196,0.002271589
9/15/25 9:33,UP,1.17367,1.1751,1.17163,1.17485,0.001465089,0.000747595,0.002242786
9/15/25 16:02,UP,1.17483,1.17732,1.17447,1.17724,0.000883813,0.000661404,0.001984212
9/16/25 3:42,UP,1.1772,1.17869,1.17562,1.17851,0.00072151,0.000577282,0.001731845
9/16/25 9:16,UP,1.17848,1.18093,1.17736,1.18087,0.001516982,0.000685882,0.002057646
9/16/25 13:38,UP,1.18089,1.18257,1.17883,1.18235,0.001040843,0.000685447,0.002056341
9/16/25 14:57,UP,1.18234,1.18531,1.18139,1.18531,0.000903125,0.000734299,0.002202898
9/16/25 17:27,UP,1.18532,1.18785,1.18352,1.18722,0.000471801,0.000771093,0.002313278
9/17/25 7:12,DOWN,1.18719,1.18739,1.1844,1.18441,-0.000666776,0.000623508,0.001870525
9/17/25 18:05,UP,1.18444,1.18948,1.18329,1.18876,0.002990773,0.000893206,0.002679618
9/17/25 18:47,DOWN,1.1888,1.1919,1.18328,1.18346,-0.002641296,0.001123855,0.003371565
9/17/25 20:25,DOWN,1.18345,1.1857,1.18079,1.18105,-0.001311531,0.001126066,0.003378199
9/18/25 5:54,DOWN,1.18104,1.1829,1.17855,1.17867,-0.000534358,0.00097795,0.00293385
9/18/25 7:53,UP,1.1787,1.1839,1.17805,1.18369,0.001538748,0.001078841,0.003236524
9/18/25 13:03,DOWN,1.18366,1.18483,1.17919,1.17941,-0.001169393,0.000939918,0.002819753
9/18/25 13:42,DOWN,1.17942,1.17962,1.17526,1.1753,-0.00261718,0.001111145,0.003333435
9/18/25 17:43,UP,1.17528,1.17939,1.17501,1.1792,0.000356237,0.000967663,0.00290299
9/19/25 8:11,DOWN,1.17922,1.17928,1.17562,1.17581,-0.001274903,0.000720968,0.002162904
9/19/25 12:21,DOWN,1.1758,1.17687,1.17351,1.17354,-0.000817703,0.000715853,0.002147559
9/19/25 14:09,UP,1.17357,1.17642,1.17288,1.17632,0.000944066,0.000797385,0.002392156
9/21/25 22:42,DOWN,1.17622,1.17678,1.17374,1.17403,-0.000527956,0.000689691,0.002069074
9/22/25 7:39,UP,1.17405,1.17544,1.1726,1.17511,0.000553293,0.000586574,0.001759723
9/22/25 9:58,UP,1.17508,1.17759,1.17469,1.17753,0.000764604,0.000637197,0.001911592
9/22/25 17:04,UP,1.17755,1.17904,1.17627,1.17885,0.000229063,0.00060398,0.001811939
9/23/25 2:10,UP,1.17887,1.18201,1.17859,1.18121,0.000482672,0.000546977,0.001640931
9/23/25 7:26,DOWN,1.18122,1.18122,1.17771,1.17838,-0.001373825,0.000616853,0.001850559
9/23/25 9:39,UP,1.17839,1.18125,1.17838,1.18079,0.000508264,0.000595255,0.001785765
9/23/25 17:43,UP,1.18077,1.18174,1.17843,1.1817,0.000872006,0.000591542,0.001774626
9/24/25 1:51,DOWN,1.18167,1.18199,1.17976,1.17995,-0.000406714,0.000524463,0.00157339
9/24/25 8:36,DOWN,1.17996,1.18049,1.17684,1.17702,-0.001604462,0.000593484,0.001780453
9/24/25 11:54,DOWN,1.177,1.17749,1.17466,1.17484,-7.66E-05,0.000592481,0.001777443
9/24/25 16:50,DOWN,1.17485,1.17581,1.17282,1.17315,-0.000775389,0.000581341,0.001744023
9/25/25 3:14,UP,1.17316,1.17518,1.17301,1.17486,0.000221327,0.00048133,0.001443991
9/25/25 12:34,DOWN,1.17487,1.17542,1.17063,1.17119,-0.002132306,0.000708747,0.002126242
9/25/25 14:31,DOWN,1.17118,1.17121,1.16801,1.16842,-0.000154042,0.000732377,0.00219713
9/25/25 17:37,DOWN,1.1684,1.16863,1.16521,1.16548,-0.001414725,0.000741582,0.002224747
9/26/25 2:22,UP,1.16547,1.16744,1.16455,1.16744,0.000308415,0.000660981,0.001982943
9/26/25 13:06,UP,1.16744,1.16942,1.16617,1.16896,0.001224058,0.000645301,0.001935903
9/28/25 21:46,UP,1.16898,1.17073,1.16782,1.17053,0.000504172,0.000595024,0.001785072
9/29/25 2:39,UP,1.17053,1.17278,1.16979,1.17272,0.000417919,0.000576704,0.001730112
9/29/25 12:59,UP,1.17275,1.17514,1.17078,1.17497,0.001405278,0.000656299,0.001968896
9/29/25 17:31,DOWN,1.17495,1.17546,1.17222,1.17232,-0.000315564,0.000665753,0.001997259
9/30/25 6:39,UP,1.17227,1.17411,1.17123,1.17393,0.000494189,0.000580346,0.001741038
9/30/25 12:33,DOWN,1.17395,1.17616,1.17365,1.17374,-0.000383316,0.000547036,0.001641107
9/30/25 14:54,UP,1.17373,1.17524,1.17166,1.17509,0.000681031,0.000589054,0.001767163
9/30/25 17:18,UP,1.17508,1.17593,1.17259,1.17551,0.001046902,0.000722003,0.002166009
10/1/25 6:13,UP,1.17552,1.1767,1.17297,1.1759,1.70E-05,0.00066884,0.002006521
10/1/25 9:20,DOWN,1.17589,1.17787,1.1742,1.17452,-0.001131737,0.000734748,0.002204243
10/1/25 10:30,DOWN,1.17451,1.17481,1.17161,1.17166,-0.001356129,0.000808316,0.002424947
10/1/25 12:16,UP,1.17164,1.17529,1.1716,1.17461,0.000621676,0.000814736,0.002444209
10/1/25 15:26,DOWN,1.17458,1.17689,1.17214,1.17302,-0.000681768,0.000663918,0.001991753
10/2/25 7:28,UP,1.17282,1.17541,1.17155,1.17482,0.000698223,0.000565151,0.001695454
10/2/25 13:01,DOWN,1.17482,1.17584,1.17339,1.17368,-0.000877197,0.000551052,0.001653156
10/2/25 14:18,DOWN,1.17367,1.17439,1.17058,1.17119,-0.000631636,0.000680909,0.002042726
10/2/25 19:56,UP,1.1712,1.17269,1.16832,1.17205,0.000384016,0.000690562,0.002071686
10/3/25 8:44,UP,1.17201,1.174,1.17117,1.17394,0.000340791,0.000606577,0.001819732
10/3/25 14:12,UP,1.17393,1.17589,1.17272,1.1753,0.001268566,0.000582947,0.001748842
10/5/25 21:59,DOWN,1.17526,1.17531,1.17207,1.17239,-0.001218987,0.000595029,0.001785088
10/6/25 2:27,UP,1.17301,1.17319,1.17063,1.17298,0.000938222,0.000568173,0.001704519
10/6/25 6:15,DOWN,1.17295,1.17309,1.17044,1.17083,-0.000708648,0.000559697,0.001679092
10/6/25 7:41,DOWN,1.17086,1.17133,1.16799,1.16824,-0.001847228,0.00070793,0.00212379
10/6/25 8:12,DOWN,1.16823,1.16882,1.16528,1.16532,-0.001140667,0.000790894,0.002372681
10/6/25 12:52,UP,1.16539,1.16891,1.16517,1.16856,0.000710528,0.000772795,0.002318385
10/6/25 15:09,UP,1.16855,1.1721,1.16838,1.17179,0.000896467,0.000733803,0.002201408
10/7/25 5:15,DOWN,1.17177,1.17194,1.16904,1.16919,-0.001179608,0.000637991,0.001913973
10/7/25 9:25,DOWN,1.16916,1.16938,1.16626,1.16657,-0.00059987,0.000597536,0.001792609
10/7/25 20:18,DOWN,1.16658,1.16812,1.16476,1.16531,-0.000291725,0.00060728,0.001821841
10/8/25 1:25,DOWN,1.16527,1.16617,1.16358,1.16362,-0.001253919,0.000659724,0.001979173
10/8/25 6:30,DOWN,1.16361,1.16364,1.16072,1.16106,-0.000430548,0.000625452,0.001876357
10/8/25 8:06,UP,1.16107,1.16345,1.16071,1.16334,0.00067931,0.000630522,0.001891565
10/8/25 10:01,DOWN,1.16332,1.16356,1.1606,1.16098,-0.00052528,0.000640024,0.001920072
10/8/25 12:24,UP,1.16095,1.16364,1.16095,1.16355,0.000481402,0.000731191,0.002193573
10/8/25 16:13,DOWN,1.16356,1.16448,1.1601,1.16016,-0.001300698,0.000739715,0.002219144
10/8/25 21:58,UP,1.16015,1.16325,1.15984,1.16319,0.000541761,0.00076519,0.00229557
10/9/25 6:51,DOWN,1.16319,1.16483,1.16142,1.16142,-0.001144495,0.000761165,0.002283495
10/9/25 13:48,DOWN,1.16141,1.16275,1.15916,1.15966,-0.001094549,0.000656347,0.001969042
10/9/25 15:23,DOWN,1.15968,1.16054,1.15622,1.15649,-0.001641554,0.000759316,0.002277947
10/10/25 2:57,UP,1.15648,1.15732,1.1542,1.157,0.000190165,0.000664987,0.001994962
10/10/25 8:34,UP,1.15704,1.15895,1.15612,1.15862,0.000656168,0.00063216,0.001896479
10/10/25 15:13,UP,1.15858,1.16216,1.1559,1.16055,0.001949251,0.000785815,0.002357444
10/13/25 6:32,UP,1.16053,1.16308,1.15922,1.16255,0.001049968,0.000788391,0.002365173
10/13/25 8:30,DOWN,1.16254,1.16287,1.15895,1.15895,-0.000896962,0.000836409,0.002509227
10/13/25 14:22,DOWN,1.15894,1.15982,1.15619,1.15643,-0.000700186,0.000802308,0.002406923
10/14/25 4:37,UP,1.15645,1.15876,1.15549,1.15839,0.000310824,0.000656977,0.001970932
10/14/25 7:42,DOWN,1.15844,1.15937,1.15479,1.15487,-0.001764874,0.000726639,0.002179917
10/14/25 13:41,UP,1.15488,1.1583,1.15428,1.15788,0.001348198,0.000711826,0.002135479
10/14/25 16:05,UP,1.15786,1.16106,1.15691,1.16084,0.001474157,0.000787409,0.002362227
10/15/25 5:34,UP,1.16085,1.16261,1.16005,1.16257,0.000671153,0.000579835,0.001739506
10/15/25 13:14,DOWN,1.16256,1.16454,1.16106,1.16167,-0.000413113,0.000544611,0.001633834
10/15/25 15:45,UP,1.16168,1.16458,1.16121,1.16435,0.001633145,0.000653298,0.001959894
10/16/25 0:40,UP,1.16434,1.16639,1.1627,1.16635,0.001570229,0.000734982,0.002204946
10/16/25 11:35,DOWN,1.16634,1.16755,1.16431,1.16498,-0.00046342,0.000557956,0.001673868
10/16/25 14:52,UP,1.16503,1.16769,1.1649,1.16756,0.000702566,0.000549717,0.001649152
10/16/25 17:12,UP,1.16757,1.16882,1.16611,1.16875,0.0008988,0.000585606,0.001756819
10/17/25 0:58,UP,1.16877,1.17114,1.16805,1.17073,0.000931477,0.000539933,0.001619799
10/17/25 5:57,UP,1.17072,1.17279,1.16951,1.17275,0.001348169,0.000609337,0.00182801
10/17/25 7:12,DOWN,1.17276,1.17284,1.17005,1.17047,-0.000563717,0.000618638,0.001855914
10/17/25 11:34,DOWN,1.17044,1.17163,1.16805,1.16859,-0.000752761,0.000532113,0.001596338
10/17/25 14:09,DOWN,1.16859,1.16907,1.16585,1.16632,-0.001328084,0.000587526,0.001762578
10/20/25 7:03,DOWN,1.16628,1.16794,1.16517,1.16554,-0.00043747,0.000519492,0.001558476
10/20/25 13:35,DOWN,1.16555,1.16682,1.16444,1.1648,-0.000377676,0.000434382,0.001303147
10/20/25 17:46,DOWN,1.16482,1.16645,1.16412,1.16436,-0.000798403,0.000479629,0.001438887
10/21/25 2:47,DOWN,1.16437,1.16554,1.16325,1.16343,-0.000687386,0.000477443,0.00143233
10/21/25 10:20,DOWN,1.16342,1.16375,1.16066,1.16081,-0.001377399,0.000537821,0.001613463
10/21/25 22:38,DOWN,1.16079,1.1626,1.1596,1.16016,-0.000361954,0.000571971,0.001715913
10/22/25 8:14,DOWN,1.16018,1.16158,1.15927,1.1594,-0.000715631,0.000516761,0.001550282
10/22/25 14:59,UP,1.15941,1.16116,1.15766,1.16111,0.001103001,0.00052632,0.001578959
10/23/25 2:00,DOWN,1.16112,1.16227,1.15966,1.15967,-0.000732699,0.000519629,0.001558888
10/23/25 11:06,DOWN,1.15971,1.16063,1.15855,1.15856,-0.000604016,0.000494887,0.00148466
10/23/25 13:48,UP,1.15859,1.16108,1.15855,1.16058,0.000336095,0.000491692,0.001475077
10/24/25 12:34,UP,1.16057,1.16516,1.1601,1.16405,0.002132765,0.00067997,0.002039909
10/27/25 4:38,DOWN,1.16406,1.1648,1.16182,1.16211,-0.000868731,0.000605054,0.001815161
10/27/25 10:53,UP,1.1621,1.16447,1.16177,1.16405,0.000137461,0.000557167,0.0016715
10/27/25 23:41,UP,1.16407,1.16536,1.16316,1.1653,0.00054078,0.00052799,0.00158397
10/28/25 12:46,DOWN,1.16529,1.16681,1.16436,1.16445,-0.001201562,0.000577313,0.00173194
10/28/25 14:56,UP,1.16446,1.16636,1.16256,1.16582,0.000386069,0.000711888,0.002135665
10/29/25 3:33,DOWN,1.16583,1.1669,1.1641,1.16415,-0.00046375,0.000561867,0.0016856
10/29/25 15:01,UP,1.16412,1.16532,1.16188,1.16499,0.000961844,0.000590617,0.001771852
10/29/25 18:38,DOWN,1.16502,1.1666,1.16032,1.16054,-0.002916796,0.000946194,0.002838583
10/30/25 2:34,UP,1.16057,1.16199,1.15778,1.16167,0.000533857,0.000842441,0.002527324
10/30/25 12:00,DOWN,1.16166,1.16376,1.15959,1.15972,-0.000810212,0.000713979,0.002141937
10/30/25 12:58,DOWN,1.15971,1.15992,1.15565,1.15604,-0.000994281,0.000882469,0.002647406
10/31/25 12:24,DOWN,1.15599,1.15864,1.15471,1.15598,-0.000259486,0.000583358,0.001750073
10/31/25 14:26,DOWN,1.15597,1.15612,1.1523,1.15234,-0.001396182,0.000668469,0.002005407
11/3/25 9:01,DOWN,1.15233,1.15435,1.15098,1.15114,-0.001250152,0.000645998,0.001937994
11/3/25 17:32,UP,1.15113,1.15378,1.1505,1.15353,0.000546299,0.000631524,0.001894572
11/4/25 0:18,DOWN,1.15352,1.15353,1.15062,1.15066,-0.001129149,0.000649622,0.001948867
11/4/25 7:13,UP,1.15066,1.15308,1.14981,1.15293,0.000668087,0.000637122,0.001911365
11/4/25 10:02,DOWN,1.15292,1.15337,1.14989,1.15039,-0.000712548,0.00067086,0.002012579
11/4/25 14:43,DOWN,1.15037,1.15057,1.14732,1.14774,-0.001079801,0.000715248,0.002145743
11/6/25 0:37,UP,1.14772,1.14995,1.1469,1.14983,0.000478446,0.000543286,0.001629857
11/6/25 9:11,UP,1.14979,1.15238,1.14973,1.15181,0.000451565,0.000490745,0.001472234
11/6/25 12:58,UP,1.1518,1.15328,1.15103,1.15313,0.000676649,0.000488547,0.001465642
11/6/25 16:59,UP,1.15314,1.15441,1.15191,1.1538,0.00010401,0.00051221,0.001536631
11/7/25 5:58,DOWN,1.15378,1.15525,1.15298,1.15341,-0.000130041,0.000440213,0.001320638
11/7/25 11:15,UP,1.15342,1.15527,1.15296,1.15512,0.000623506,0.000460133,0.001380398
11/7/25 13:26,UP,1.1551,1.15697,1.15505,1.15685,0.000908049,0.000497214,0.001491643
11/7/25 15:18,UP,1.15687,1.15899,1.15621,1.15838,0.000777249,0.000523176,0.001569529
11/7/25 19:56,DOWN,1.15839,1.15913,1.15555,1.15594,-0.000821504,0.000553682,0.001661045
11/10/25 8:19,UP,1.15597,1.15772,1.15417,1.15745,0.000509871,0.000653865,0.001961596
11/10/25 15:54,DOWN,1.15746,1.15836,1.15469,1.15485,-0.00139315,0.000666623,0.00199987
11/11/25 5:48,UP,1.15487,1.15652,1.15411,1.15632,0.000458456,0.000584936,0.001754808
11/11/25 10:36,UP,1.15631,1.1574,1.15497,1.15731,0.000674204,0.000571753,0.001715258
11/11/25 13:51,UP,1.1573,1.16019,1.15684,1.15957,1.72E-05,0.000647755,0.001943265
11/11/25 21:13,DOWN,1.15956,1.16057,1.15825,1.15846,-0.00019852,0.000537998,0.001613994
11/12/25 14:12,DOWN,1.15847,1.15898,1.15652,1.15672,-0.000138313,0.000448486,0.001345457
11/12/25 16:09,UP,1.1567,1.15978,1.15629,1.15962,0.001251192,0.0005342,0.001602601
11/13/25 8:05,UP,1.15961,1.16158,1.15789,1.16134,0.001973807,0.000653645,0.001960934
11/13/25 15:34,UP,1.16133,1.1635,1.16045,1.16343,0.000859897,0.000738599,0.002215797
11/13/25 23:09,DOWN,1.16343,1.16561,1.16291,1.16292,-0.000361095,0.000625614,0.001876843
11/14/25 10:22,DOWN,1.16293,1.16489,1.16163,1.16167,-0.001066859,0.000590867,0.001772602
11/14/25 12:47,UP,1.16166,1.16455,1.16088,1.16451,0.001357715,0.000684034,0.002052103
11/14/25 14:54,DOWN,1.1645,1.16539,1.16209,1.16226,-0.000894408,0.000649389,0.001948168
11/17/25 3:42,DOWN,1.16225,1.16261,1.15964,1.15971,-0.000706823,0.000530958,0.001592873
11/17/25 13:14,DOWN,1.15973,1.1615,1.15921,1.1594,-0.000500134,0.000527786,0.001583357
11/18/25 8:07,UP,1.15939,1.1604,1.1582,1.16029,0.000525869,0.000432399,0.001297198
11/18/25 10:43,DOWN,1.16033,1.16064,1.15797,1.15824,-0.000673209,0.000459728,0.001379183
11/18/25 13:39,UP,1.15829,1.16022,1.15801,1.15986,0.000163826,0.000467209,0.001401626
11/18/25 16:09,DOWN,1.15987,1.16079,1.15756,1.15771,-0.001544962,0.000571331,0.001713992
11/19/25 7:36,UP,1.15773,1.15945,1.15715,1.15931,0.000457273,0.000424725,0.001274175
11/19/25 8:39,DOWN,1.15937,1.15974,1.15758,1.15761,-0.00072537,0.000471194,0.001413581
11/19/25 12:02,UP,1.15762,1.15885,1.15656,1.15857,0.000777122,0.000488748,0.001466244
11/19/25 14:26,DOWN,1.15863,1.1591,1.15568,1.15628,-0.000778055,0.00062256,0.001867679
11/19/25 16:36,DOWN,1.15632,1.15647,1.15348,1.1536,-0.00072789,0.000618133,0.001854398
11/20/25 3:23,DOWN,1.15361,1.15425,1.15148,1.15181,-8.68E-06,0.00064158,0.001924739
11/20/25 13:39,UP,1.15179,1.1539,1.15001,1.1538,0.002090935,0.000703948,0.002111843
11/21/25 6:24,UP,1.15379,1.155,1.15178,1.15451,0.000476506,0.000525605,0.001576815
11/21/25 10:05,DOWN,1.15452,1.15524,1.15176,1.15178,-0.001674265,0.000614488,0.001843465
11/21/25 16:17,DOWN,1.15177,1.15269,1.1493,1.14952,-0.000678314,0.000675306,0.002025917
11/21/25 21:05,UP,1.1495,1.15189,1.14912,1.15178,0.000416833,0.000609328,0.001827985
11/24/25 8:27,UP,1.15184,1.15336,1.15018,1.15327,0.001779136,0.000691641,0.002074923
11/24/25 15:21,DOWN,1.15328,1.15505,1.15168,1.15193,-0.000841711,0.000633319,0.001899956
11/25/25 9:45,UP,1.15196,1.15366,1.15115,1.15337,0.000364217,0.0004873,0.001461901
11/25/25 13:18,UP,1.15338,1.15622,1.15246,1.15574,0.001203416,0.000626151,0.001878452
11/25/25 15:17,UP,1.15573,1.15744,1.15426,1.15727,0.000501305,0.000715934,0.002147801
11/25/25 18:02,UP,1.15731,1.15844,1.15499,1.15821,0.000371331,0.000731552,0.002194657
11/26/25 3:38,UP,1.15813,1.159,1.15582,1.15899,0.000699129,0.000599267,0.001797801
11/26/25 10:11,DOWN,1.159,1.15959,1.15657,1.1572,-0.000190096,0.000515798,0.001547393
11/26/25 13:49,DOWN,1.15719,1.15842,1.15536,1.15547,-0.001366475,0.000561497,0.001684492
11/26/25 15:04,UP,1.15545,1.15884,1.15471,1.15867,0.001139887,0.000690448,0.002071344
11/27/25 1:59,UP,1.15861,1.16129,1.15809,1.16096,0.000482476,0.000561754,0.001685262
11/27/25 7:37,DOWN,1.16095,1.16136,1.15862,1.15876,-0.000517661,0.000544416,0.001633249
11/27/25 20:00,UP,1.15875,1.16017,1.15766,1.15954,0.00012937,0.000503582,0.001510747
11/28/25 2:53,DOWN,1.15957,1.16024,1.15815,1.15825,-0.000448852,0.000481776,0.001445327
11/28/25 8:00,DOWN,1.15821,1.15942,1.15736,1.15742,-0.001027621,0.000429944,0.001289831
11/28/25 10:40,DOWN,1.15771,1.15813,1.15619,1.15635,-0.000268049,0.000424356,0.001273068
11/28/25 14:00,UP,1.15631,1.15787,1.15552,1.15779,0.000449232,0.000441214,0.001323642
11/28/25 15:57,UP,1.15778,1.16056,1.15712,1.1605,0.001871634,0.000654084,0.001962253
12/1/25 3:24,DOWN,1.16049,1.16159,1.15894,1.15947,-0.000137985,0.00055117,0.001653509
12/1/25 8:32,UP,1.15951,1.1622,1.15904,1.16174,0.000964536,0.00062251,0.001867531
12/1/25 12:43,UP,1.16179,1.16388,1.16061,1.16385,0.000971387,0.000582281,0.001746844
12/1/25 15:56,DOWN,1.16384,1.1652,1.16228,1.1627,-0.000481522,0.00054245,0.001627349
12/1/25 20:57,DOWN,1.16268,1.16343,1.16066,1.16094,-1.72E-05,0.000485465,0.001456396
12/2/25 16:44,DOWN,1.16093,1.16233,1.15933,1.16029,-0.000379144,0.000403394,0.001210183
12/2/25 19:59,UP,1.16028,1.16249,1.15911,1.16226,0.001205276,0.00056087,0.00168261
12/3/25 6:33,UP,1.16227,1.16479,1.16172,1.16452,0.000627064,0.000499163,0.001497488
12/3/25 10:41,UP,1.16453,1.16623,1.16357,1.16611,0.0013902,0.000556957,0.00167087
12/4/25 3:34,DOWN,1.16612,1.16778,1.16546,1.16552,-0.000506084,0.000450545,0.001351634
12/4/25 8:48,UP,1.16555,1.16802,1.16529,1.16789,0.000933743,0.000503222,0.001509667
12/4/25 16:45,DOWN,1.1679,1.1682,1.16523,1.1655,-0.001534643,0.000659611,0.001978832
12/5/25 7:50,UP,1.16551,1.16718,1.16409,1.16674,0.000660176,0.0005255,0.001576501
12/5/25 11:29,DOWN,1.16671,1.16676,1.16445,1.16466,-0.000266137,0.000497152,0.001491457
12/5/25 16:18,DOWN,1.16465,1.16602,1.16315,1.16319,-0.00132307,0.000552551,0.001657653
12/8/25 2:05,UP,1.1632,1.16536,1.1628,1.16526,0.000506453,0.000476435,0.001429304
12/8/25 9:23,DOWN,1.16528,1.1672,1.16478,1.16487,-0.000145928,0.000493468,0.001480405
12/8/25 15:22,DOWN,1.16486,1.16573,1.16247,1.16282,-0.001040033,0.00048219,0.00144657
12/9/25 0:00,UP,1.16283,1.16423,1.16164,1.16406,0.000567142,0.000503957,0.001511871
12/9/25 12:41,DOWN,1.16405,1.16573,1.16335,1.16367,-0.000644305,0.000493822,0.001481465
12/10/25 7:30,UP,1.16368,1.16414,1.16151,1.16384,0.000550055,0.00055678,0.001670341
12/10/25 10:51,DOWN,1.16382,1.16579,1.16283,1.16294,-0.000421257,0.000649618,0.001948855
12/10/25 18:11,UP,1.16293,1.16603,1.16274,1.16578,0.000703639,0.00066923,0.00200769
12/10/25 20:11,UP,1.16579,1.16967,1.16451,1.16932,0.001557673,0.000965698,0.002897095
12/11/25 11:36,UP,1.16935,1.1718,1.16822,1.17141,0.000751514,0.000650091,0.001950272
12/11/25 14:21,UP,1.17138,1.17442,1.17099,1.17433,0.00067295,0.000653665,0.001960995
12/11/25 23:57,DOWN,1.17435,1.17628,1.17315,1.1739,-0.000323655,0.00060934,0.001828021
12/12/25 12:46,DOWN,1.17391,1.17463,1.17198,1.17201,-0.000614141,0.000504915,0.001514744
12/12/25 15:07,UP,1.17202,1.17437,1.17196,1.17399,0.000408946,0.000517754,0.001553261
12/15/25 12:26,UP,1.17398,1.1754,1.17261,1.17535,0.000561693,0.000498406,0.001495218
12/15/25 18:40,DOWN,1.17532,1.17689,1.174,1.17409,-0.000604541,0.000548557,0.001645671
12/16/25 9:39,UP,1.17403,1.1764,1.17384,1.17575,0.000314742,0.000461175,0.001383524
12/16/25 13:11,UP,1.17581,1.17787,1.17518,1.17737,0.00070521,0.000449209,0.001347628
12/16/25 15:10,UP,1.17736,1.1804,1.17569,1.17944,0.00024591,0.000594532,0.001783596
12/16/25 16:10,DOWN,1.17945,1.17945,1.17612,1.17638,-0.001112966,0.000661575,0.001984724
12/16/25 22:22,DOWN,1.1764,1.1778,1.17349,1.1749,-0.000714699,0.000705101,0.002115303
12/17/25 6:14,DOWN,1.17465,1.17523,1.17236,1.17247,-0.000383731,0.000633533,0.0019006
12/17/25 14:07,UP,1.17241,1.17378,1.17031,1.17343,0.000971983,0.000614783,0.001844348
12/17/25 18:04,UP,1.17342,1.17583,1.17283,1.17539,0.000136134,0.000530586,0.001591757
12/18/25 8:08,DOWN,1.17538,1.17555,1.173,1.17338,-0.000783753,0.0004653,0.001395899
12/18/25 12:18,DOWN,1.1734,1.17372,1.17144,1.17148,-0.000648542,0.00045009,0.00135027
12/18/25 13:38,UP,1.17149,1.17564,1.17131,1.17352,0.000119306,0.000563236,0.001689707
12/18/25 15:26,DOWN,1.17342,1.17627,1.17197,1.17241,-0.000980405,0.000740588,0.002221763
12/19/25 6:40,DOWN,1.17244,1.1746,1.17145,1.17156,-0.000341367,0.000594408,0.001783225
12/19/25 14:22,UP,1.17149,1.17367,1.1703,1.17353,0.001441137,0.000563658,0.001690975
12/19/25 16:09,DOWN,1.1735,1.17378,1.17084,1.17114,-0.00059753,0.000553416,0.001660247
12/22/25 8:06,UP,1.17113,1.17319,1.17059,1.17307,0.001074682,0.000499128,0.001497383
12/22/25 13:34,UP,1.17303,1.17502,1.17231,1.17499,0.000536319,0.000459887,0.00137966
12/22/25 15:40,UP,1.17504,1.17663,1.1745,1.17653,0.000153004,0.00052881,0.00158643
12/23/25 1:55,UP,1.17654,1.17753,1.17482,1.17744,0.000501213,0.000536989,0.001610968
12/23/25 10:00,UP,1.17745,1.17931,1.17686,1.17924,0.000788955,0.000472805,0.001418416
12/23/25 14:01,DOWN,1.17921,1.18021,1.1773,1.1774,-0.001018676,0.000486807,0.001460421
12/23/25 19:30,UP,1.17743,1.17894,1.17638,1.17864,0.000678979,0.000458035,0.001374105
12/24/25 1:54,UP,1.17865,1.18063,1.17855,1.18046,0.000482979,0.000435222,0.001305665
12/24/25 8:13,DOWN,1.18045,1.18082,1.17826,1.17829,-0.000543013,0.000542429,0.001627286
12/24/25 15:13,DOWN,1.17829,1.18009,1.17774,1.1779,-0.000322556,0.000487041,0.001461124
12/26/25 2:59,UP,1.17791,1.17938,1.17726,1.17927,0.000517403,0.000392765,0.001178295
12/26/25 7:18,DOWN,1.1793,1.17931,1.17716,1.17739,-0.000916863,0.000452801,0.001358403
12/26/25 13:31,UP,1.17735,1.17944,1.17664,1.17924,0.000958704,0.000455806,0.001367417
12/26/25 16:14,DOWN,1.17923,1.17968,1.17708,1.17724,-0.000832109,0.000501236,0.001503709
12/29/25 0:57,UP,1.17723,1.1784,1.17616,1.17785,0.000186798,0.00042535,0.00127605
12/29/25 5:15,DOWN,1.17786,1.17865,1.17571,1.17573,-0.001028619,0.000508532,0.001525596
12/29/25 8:49,UP,1.17572,1.1785,1.17538,1.17842,0.000865941,0.000552534,0.001657602
12/29/25 11:21,DOWN,1.1784,1.17891,1.17576,1.1762,-0.00116409,0.000582333,0.001746998
12/29/25 14:43,UP,1.17619,1.17854,1.17558,1.17824,0.0009935,0.000583763,0.001751288
12/29/25 16:42,DOWN,1.17822,1.17888,1.17524,1.17594,-0.000552597,0.000562724,0.001688171
12/29/25 22:16,UP,1.17595,1.1775,1.17494,1.17739,0.000577715,0.000529876,0.001589629
12/30/25 13:04,DOWN,1.17681,1.17799,1.17594,1.17598,-0.000450586,0.000455201,0.001365603
12/30/25 21:09,DOWN,1.17597,1.17681,1.17432,1.17481,-0.000119161,0.000427117,0.001281352
12/31/25 7:15,DOWN,1.1748,1.17501,1.1733,1.17342,-0.000153386,0.000381643,0.001144928
12/31/25 11:57,UP,1.17343,1.17471,1.17201,1.17471,0.000587552,0.000450924,0.001352771
12/31/25 14:59,DOWN,1.17473,1.17595,1.17274,1.17301,-0.000741407,0.000465147,0.00139544
12/31/25 16:02,UP,1.17298,1.17471,1.17203,1.17471,0.001354442,0.000563383,0.00169015
12/31/25 21:02,UP,1.17467,1.17532,1.17286,1.17516,0.000655445,0.00052149,0.00156447
1/2/26 7:24,DOWN,1.17514,1.17651,1.17415,1.17439,-2.55E-05,0.000538127,0.00161438
1/2/26 10:30,DOWN,1.1744,1.17458,1.17133,1.17156,-0.000529069,0.000626432,0.001879297
1/2/26 15:36,UP,1.17158,1.17383,1.17142,1.17377,0.000332318,0.000558814,0.001676441
1/2/26 18:08,DOWN,1.17381,1.17545,1.17265,1.17268,-0.0005797,0.000601053,0.001803158
1/5/26 1:02,DOWN,1.17268,1.1729,1.17004,1.17036,-0.000546691,0.000598426,0.001795279
1/5/26 3:25,DOWN,1.17035,1.17073,1.16737,1.16738,-0.000950395,0.000634732,0.001904196
1/5/26 13:18,DOWN,1.16737,1.16949,1.16606,1.16645,-0.000685607,0.000562223,0.001686668
1/5/26 14:51,UP,1.16644,1.16868,1.16591,1.16862,0.000830384,0.00068678,0.00206034
1/5/26 16:43,UP,1.16858,1.17188,1.16831,1.17144,0.000589192,0.000651595,0.001954786
1/6/26 3:40,UP,1.17142,1.17382,1.17101,1.17374,0.000409033,0.000556976,0.001670929
1/6/26 9:19,DOWN,1.17373,1.17429,1.17153,1.17156,-0.001032278,0.000537141,0.001611422
1/6/26 15:19,DOWN,1.17158,1.17186,1.16935,1.16943,-0.001179366,0.000573112,0.001719335
1/7/26 8:08,DOWN,1.16944,1.17027,1.16773,1.16784,-0.000428049,0.000498021,0.001494063
1/7/26 14:05,UP,1.16783,1.16948,1.16728,1.16934,0.000504685,0.000419057,0.001257171
1/7/26 19:00,DOWN,1.16935,1.16986,1.168,1.16837,-0.00031663,0.000369978,0.001109934
1/8/26 8:56,DOWN,1.16837,1.16854,1.16689,1.16721,-0.000154202,0.000321537,0.000964611
1/8/26 14:06,DOWN,1.16716,1.16824,1.16582,1.16661,-0.000257122,0.000312328,0.000936985
1/8/26 17:07,DOWN,1.1666,1.16739,1.16524,1.16537,-8.58E-05,0.000406581,0.001219744
1/9/26 9:33,DOWN,1.1654,1.16627,1.16401,1.16438,-0.000257615,0.000357426,0.001072278
1/9/26 14:30,DOWN,1.16437,1.16606,1.16258,1.16398,-0.000412293,0.000377537,0.001132612
1/9/26 15:25,DOWN,1.16399,1.16444,1.16182,1.16243,-0.000249446,0.000394677,0.001184031
1/9/26 16:07,UP,1.16241,1.16434,1.1624,1.1641,0.000300707,0.000464444,0.001393331
1/12/26 0:41,UP,1.16413,1.16589,1.16215,1.16568,0.001107263,0.000502242,0.001506726
1/12/26 7:26,UP,1.16569,1.16834,1.16529,1.16829,0.000967694,0.000530309,0.001590928
1/12/26 17:09,DOWN,1.16835,1.16987,1.16706,1.16741,-0.000291201,0.000480427,0.001441282
1/13/26 2:53,DOWN,1.16741,1.16761,1.16564,1.16596,-7.72E-05,0.000410928,0.001232783
1/13/26 13:14,DOWN,1.16595,1.16744,1.16529,1.16538,-0.000488991,0.000416184,0.001248551
1/13/26 15:40,DOWN,1.16537,1.1678,1.16442,1.16462,-0.000592292,0.000499821,0.001499462
1/14/26 10:17,UP,1.16461,1.1655,1.1634,1.16512,0.000180255,0.000368744,0.001106231
1/14/26 16:04,UP,1.16512,1.16616,1.16438,1.16587,0.000351731,0.000342921,0.001028764
1/14/26 17:53,DOWN,1.16586,1.16617,1.16456,1.16462,-0.000412067,0.000334936,0.001004807
1/15/26 1:35,DOWN,1.16461,1.1648,1.1634,1.16348,-0.000292184,0.000336197,0.001008592
1/15/26 7:43,DOWN,1.16347,1.16417,1.16259,1.16289,-0.000481443,0.000300711,0.000902133
1/15/26 12:55,DOWN,1.16285,1.1641,1.16269,1.16271,-0.000429937,0.000280401,0.000841204
1/15/26 13:40,DOWN,1.16274,1.16275,1.16049,1.16051,-0.001360544,0.000443377,0.001330132
1/15/26 18:45,UP,1.16051,1.16151,1.15931,1.16145,0.000241107,0.000434377,0.00130313
1/16/26 11:31,UP,1.16147,1.16216,1.16023,1.16188,0.00032711,0.000331945,0.000995834
1/16/26 15:25,DOWN,1.16186,1.16275,1.16038,1.16044,-0.001730603,0.000541015,0.001623044
1/18/26 22:17,DOWN,1.1605,1.1606,1.15772,1.15789,-0.001622326,0.000572478,0.001717434
1/18/26 23:22,UP,1.15786,1.16108,1.15775,1.16073,0.001224117,0.000681331,0.002043992
1/19/26 5:14,UP,1.16075,1.1638,1.16046,1.16352,0.000464217,0.000684066,0.002052199
1/19/26 14:34,UP,1.16353,1.16415,1.1611,1.16373,0.000317994,0.000493764,0.001481293
1/20/26 3:47,UP,1.16371,1.16588,1.16318,1.16572,0.000978415,0.000503983,0.001511949
1/20/26 7:36,UP,1.16571,1.16899,1.16554,1.1689,0.001806747,0.000629677,0.00188903
1/20/26 8:58,UP,1.16891,1.1722,1.16867,1.17195,0.000717011,0.000649488,0.001948465
1/20/26 12:31,UP,1.17194,1.17438,1.17153,1.17404,0.000528231,0.000542176,0.001626527
1/20/26 17:14,UP,1.17406,1.17686,1.17153,1.17402,0.000630512,0.000583819,0.001751456
1/20/26 19:45,DOWN,1.17401,1.1741,1.17158,1.1718,-0.000307172,0.000555767,0.001667301
1/21/26 3:31,DOWN,1.17183,1.17344,1.17107,1.17114,-0.001459051,0.000576543,0.001729629
1/21/26 9:53,DOWN,1.17116,1.17255,1.17031,1.17042,-0.000503966,0.000493686,0.001481057
1/21/26 12:35,UP,1.17041,1.17285,1.17012,1.17278,0.001083484,0.000536283,0.00160885
1/21/26 15:18,DOWN,1.17279,1.17432,1.17145,1.17155,-0.00074233,0.000568436,0.001705309
1/21/26 18:40,DOWN,1.17152,1.17161,1.16945,1.16945,-0.000444555,0.000481315,0.001443944
1/21/26 23:32,DOWN,1.16947,1.17056,1.16742,1.16742,-0.001061608,0.000562315,0.001686945
1/22/26 7:49,UP,1.16739,1.16973,1.16701,1.16919,0.000342176,0.000482607,0.001447822
1/22/26 12:38,UP,1.16921,1.17092,1.1684,1.17024,1.71E-05,0.000441555,0.001324666
1/22/26 14:57,UP,1.17026,1.17254,1.17,1.17222,0.000640016,0.000440727,0.00132218
1/22/26 16:26,UP,1.17222,1.17507,1.17187,1.17493,0.001158186,0.000515152,0.001545455
1/23/26 7:43,DOWN,1.17492,1.17596,1.17274,1.17386,-0.000281084,0.000431567,0.0012947
1/23/26 15:26,UP,1.17384,1.17537,1.17283,1.175,0.00033197,0.0004801,0.001440301
1/23/26 16:52,UP,1.17502,1.17752,1.17465,1.17734,0.001240853,0.000554144,0.001662432
1/23/26 17:31,UP,1.17735,1.17952,1.17675,1.17952,0.000975448,0.00060955,0.00182865
1/23/26 20:12,UP,1.17951,1.18162,1.17771,1.18136,0.001397672,0.000674325,0.002022975
1/25/26 22:35,UP,1.18138,1.18701,1.1813,1.18654,0.002945659,0.000991168,0.002973504
1/26/26 7:41,DOWN,1.18654,1.18978,1.18443,1.18491,-0.000497804,0.000717549,0.002152647
1/26/26 13:19,DOWN,1.18495,1.18674,1.18349,1.18395,-0.000388454,0.000611444,0.001834333
1/26/26 14:21,UP,1.18397,1.18646,1.18397,1.18645,0.000699811,0.000686867,0.002060601
1/26/26 15:51,UP,1.18647,1.18924,1.18646,1.18918,0.000992773,0.000679089,0.002037266
1/27/26 7:37,DOWN,1.18919,1.18994,1.18695,1.18719,-0.000117919,0.000541402,0.001624205
1/27/26 10:05,UP,1.18718,1.18899,1.18503,1.18774,0.000631651,0.000608361,0.001825082
1/27/26 12:12,UP,1.18775,1.19038,1.18742,1.19038,0.001311365,0.000651086,0.001953258
1/27/26 13:06,UP,1.19036,1.19387,1.19027,1.19329,0.000335264,0.000694428,0.002083283
1/27/26 14:41,UP,1.19331,1.19525,1.19143,1.19511,0.001398338,0.000755328,0.002265985
1/27/26 16:45,UP,1.19513,1.19882,1.1936,1.19877,0.001460896,0.000832813,0.00249844
1/27/26 20:49,UP,1.19876,1.20827,1.19587,1.20666,0.006610234,0.001816966,0.005450898
1/28/26 1:29,DOWN,1.20652,1.20682,1.20008,1.20045,-0.000624571,0.001619988,0.004859963
1/28/26 11:47,DOWN,1.20044,1.20259,1.19618,1.19679,-0.000643181,0.001116981,0.003350942
1/28/26 15:56,DOWN,1.19685,1.19834,1.19233,1.1938,-0.001431376,0.001124122,0.003372365
1/28/26 22:12,UP,1.19374,1.19573,1.18956,1.19544,0.00072803,0.001091319,0.003273958
1/29/26 7:14,UP,1.19566,1.19966,1.19523,1.19861,0,0.000865691,0.002597073
1/29/26 10:30,DOWN,1.19859,1.19894,1.19466,1.19534,-0.000184031,0.000862937,0.00258881
1/29/26 15:25,DOWN,1.19534,1.19727,1.19149,1.19257,-0.002512417,0.001016705,0.003050115
1/29/26 17:38,UP,1.19255,1.19616,1.19061,1.1957,0.000928758,0.000902482,0.002707445
1/30/26 0:55,DOWN,1.19569,1.19747,1.1931,1.19347,-0.000963113,0.000879973,0.002639918
1/30/26 7:59,UP,1.19355,1.19427,1.1895,1.19384,0.00120692,0.000815892,0.002447677
1/30/26 10:01,DOWN,1.19384,1.19431,1.18983,1.19098,-0.000780565,0.0007665,0.0022995
1/30/26 11:59,UP,1.19099,1.19494,1.19047,1.1949,0.001205849,0.000808093,0.002424279
1/30/26 13:21,DOWN,1.19489,1.19548,1.1913,1.19171,-0.00047819,0.000872735,0.002618206
1/30/26 16:14,DOWN,1.19175,1.19246,1.18831,1.18886,-0.000790361,0.000738039,0.002214117
1/30/26 18:42,DOWN,1.1889,1.18897,1.18546,1.18578,-0.000960931,0.000669446,0.002008337
2/1/26 23:12,DOWN,1.18579,1.1885,1.18402,1.18452,-0.000751077,0.000743388,0.002230164
2/2/26 2:00,UP,1.18449,1.18748,1.18398,1.18741,0.000783524,0.000758574,0.002275722
2/2/26 5:51,DOWN,1.18736,1.18749,1.18451,1.18459,-0.001248598,0.000701344,0.002104033
2/2/26 13:13,DOWN,1.18455,1.18714,1.18347,1.18383,-0.000962513,0.000615337,0.001846011
2/2/26 14:29,DOWN,1.18382,1.18388,1.18054,1.18129,-0.000499329,0.000651481,0.001954444
2/2/26 15:44,DOWN,1.18128,1.183,1.17919,1.17924,-0.001559111,0.00077478,0.002324339
2/2/26 19:23,DOWN,1.17923,1.18125,1.1776,1.1777,-0.000916621,0.000735932,0.002207797
2/3/26 0:17,UP,1.17769,1.18046,1.17763,1.18044,0.00094077,0.000721249,0.002163748
2/3/26 10:29,DOWN,1.18042,1.18246,1.17885,1.1796,-0.000288192,0.000600049,0.001800146
2/3/26 15:56,UP,1.17959,1.18127,1.17801,1.18087,0.000177851,0.000663298,0.001989893
2/4/26 4:30,UP,1.18086,1.18322,1.18057,1.18288,0.000507365,0.000552878,0.001658633
2/4/26 10:30,DOWN,1.18291,1.18381,1.18098,1.18121,-0.000710882,0.00054967,0.00164901
2/4/26 16:05,DOWN,1.18125,1.18271,1.17933,1.17971,-0.000627076,0.000676524,0.002029573
2/5/26 4:15,DOWN,1.17971,1.1815,1.17829,1.17885,-0.000118753,0.000550284,0.001650853
2/5/26 13:41,UP,1.17887,1.18129,1.17803,1.18043,0.00030502,0.000549099,0.001647298
2/5/26 15:33,DOWN,1.18041,1.18219,1.17882,1.17913,-0.001381421,0.00067905,0.002037149
2/5/26 23:13,DOWN,1.17915,1.18043,1.17765,1.17772,-0.000636621,0.000625093,0.001875278
2/6/26 6:14,UP,1.17773,1.18016,1.17655,1.17984,0.000322129,0.000538114,0.001614343
2/6/26 14:06,UP,1.1798,1.18154,1.17857,1.18141,0.001651934,0.000609538,0.001828615
2/9/26 5:58,UP,1.18138,1.18365,1.18052,1.18333,0.000938471,0.000683196,0.002049587
2/9/26 9:22,UP,1.18332,1.18698,1.18331,1.18647,0.000902242,0.000690081,0.002070243
2/9/26 13:15,UP,1.18646,1.18917,1.18552,1.18912,0.001236973,0.000717865,0.002153595
2/9/26 19:39,UP,1.18911,1.19268,1.18896,1.19206,0.000629361,0.000669269,0.002007808
2/10/26 12:53,DOWN,1.19206,1.19223,1.18912,1.18916,-0.001218605,0.00062126,0.00186378
2/10/26 14:26,UP,1.18917,1.19214,1.18882,1.19186,0.001208926,0.000678062,0.002034185
2/10/26 18:52,DOWN,1.19187,1.19287,1.18905,1.18921,-0.000554836,0.000666073,0.001998218
2/11/26 5:43,UP,1.18918,1.19177,1.18862,1.19167,0.00048683,0.000652534,0.001957601
2/11/26 13:31,DOWN,1.19173,1.19273,1.18388,1.18486,-0.004530343,0.001232425,0.003697275
2/11/26 17:17,UP,1.18493,1.18913,1.18332,1.18887,0.00074889,0.001089887,0.003269662
2/12/26 18:30,DOWN,1.18888,1.18936,1.18523,1.18587,-0.000480544,0.000712522,0.002137565
2/13/26 7:40,DOWN,1.18586,1.18747,1.18471,1.18496,-0.0006496,0.000624583,0.001873748
2/13/26 17:43,UP,1.18495,1.18846,1.18477,1.18737,0.000446464,0.000578525,0.001735575
2/16/26 12:50,DOWN,1.18738,1.18824,1.18526,1.18536,-0.000902272,0.000562314,0.001686943
2/17/26 4:50,DOWN,1.18537,1.18637,1.18381,1.18413,-2.53E-05,0.000480833,0.001442498
2/17/26 13:53,DOWN,1.18414,1.185,1.1816,1.18261,-0.000304365,0.00051105,0.00153315
2/17/26 16:54,UP,1.1826,1.18353,1.18049,1.18327,0.000295834,0.000661359,0.001984076
2/18/26 11:22,DOWN,1.18326,1.18577,1.18285,1.18318,-0.000659023,0.000515601,0.001546802
2/18/26 14:21,DOWN,1.1832,1.18486,1.18187,1.18187,-0.001369771,0.000617723,0.001853168
2/18/26 19:00,DOWN,1.18191,1.18268,1.17857,1.17865,-0.001610716,0.000715301,0.002145904
2/19/26 12:22,DOWN,1.17861,1.18076,1.1772,1.1774,-0.000670745,0.000603325,0.001809974
2/19/26 14:43,DOWN,1.17741,1.17799,1.1742,1.17492,-0.00011064,0.000670547,0.002011641
2/19/26 22:50,UP,1.17495,1.17767,1.1745,1.17731,0.000509766,0.000636964,0.001910892
2/20/26 8:08,DOWN,1.17732,1.17769,1.17452,1.1746,-0.001182682,0.000630277,0.001890832
2/20/26 13:24,UP,1.1746,1.17709,1.17434,1.17693,0.000254933,0.000602129,0.001806386
2/20/26 15:27,UP,1.17693,1.18076,1.17553,1.18006,0.001585922,0.000765878,0.002297633
2/20/26 17:32,DOWN,1.18006,1.18032,1.17655,1.17727,-0.000653842,0.000724905,0.002174716
2/22/26 23:36,UP,1.17727,1.18238,1.17727,1.18227,0.002108339,0.00091556,0.00274668
2/23/26 10:14,DOWN,1.18227,1.18349,1.17953,1.17966,-0.001016725,0.000730513,0.002191539
2/23/26 15:21,UP,1.17967,1.18099,1.17744,1.18042,0.000262653,0.000646287,0.00193886
2/24/26 1:08,DOWN,1.18043,1.18089,1.17831,1.17848,-0.000644691,0.000534352,0.001603055
2/24/26 15:05,DOWN,1.17849,1.17931,1.1767,1.17705,-0.000509619,0.000430617,0.001291851
2/25/26 3:13,UP,1.17704,1.17944,1.1766,1.1789,0.000186632,0.000469188,0.001407563
2/25/26 9:43,DOWN,1.17891,1.1808,1.17858,1.17875,-0.000212067,0.000464625,0.001393874
2/25/26 15:24,UP,1.17874,1.18014,1.1771,1.17924,0.000525901,0.000475428,0.001426285
2/25/26 22:14,UP,1.17923,1.18144,1.17893,1.18101,0.000228644,0.000422609,0.001267827
2/26/26 2:01,UP,1.181,1.1829,1.18055,1.18265,0.000456706,0.000439224,0.001317671
2/26/26 8:21,DOWN,1.18266,1.18285,1.1803,1.18057,-0.000685874,0.000456937,0.00137081
2/26/26 13:32,UP,1.18059,1.18169,1.17933,1.18113,0.000423413,0.000457875,0.001373625
2/26/26 15:27,DOWN,1.18111,1.18159,1.17865,1.17888,-0.00201683,0.000661164,0.001983493
2/26/26 20:09,UP,1.17885,1.17994,1.17739,1.17978,0.000881909,0.00062566,0.001876981
2/27/26 13:47,DOWN,1.17977,1.18218,1.17891,1.17921,-0.001025585,0.00060716,0.001821481
2/27/26 16:15,UP,1.17921,1.18206,1.17904,1.18198,0.001329163,0.000699708,0.002099125
3/1/26 22:21,DOWN,1.18199,1.1827,1.17567,1.17596,-0.005486808,0.00146385,0.00439155
3/2/26 6:31,DOWN,1.17642,1.1796,1.17367,1.17415,-0.001591375,0.001227707,0.00368312
3/2/26 10:27,UP,1.1741,1.17473,1.16981,1.17447,0.000962599,0.001099595,0.003298785
3/2/26 12:59,DOWN,1.17448,1.1747,1.17021,1.17049,-0.001246564,0.001026335,0.003079006
3/2/26 15:59,DOWN,1.17047,1.17239,1.16799,1.16804,-0.001061044,0.000929374,0.002788123
3/2/26 19:52,UP,1.16803,1.17136,1.16717,1.17117,0.000828575,0.000889601,0.002668802
3/3/26 5:09,DOWN,1.17115,1.17134,1.16785,1.16838,-0.000641709,0.000767908,0.002303725
3/3/26 7:38,DOWN,1.16839,1.1685,1.16511,1.16513,-0.000737843,0.000741627,0.002224882
3/3/26 8:41,DOWN,1.16515,1.16574,1.16219,1.16224,-0.001143688,0.000765886,0.002297658
3/3/26 11:11,DOWN,1.16223,1.16292,1.15865,1.15872,-0.0012075,0.000763987,0.002291962
3/3/26 12:58,UP,1.1587,1.16141,1.1582,1.1613,0.000758059,0.000761711,0.002285134
3/3/26 14:24,DOWN,1.16129,1.16154,1.158,1.15801,-0.00132036,0.00078083,0.002342491
3/3/26 15:25,DOWN,1.15792,1.15855,1.15302,1.15515,-0.000216399,0.000775192,0.002325577
3/3/26 16:10,UP,1.15514,1.1586,1.15487,1.15809,0.000466394,0.000827043,0.002481129
3/3/26 18:39,UP,1.15808,1.16182,1.15791,1.16182,0.001352242,0.000879396,0.002638189
3/4/26 1:13,DOWN,1.16178,1.16259,1.159,1.15927,-0.000353608,0.000773752,0.002321257
3/4/26 7:04,UP,1.15926,1.16178,1.15746,1.16143,0.000568427,0.000740365,0.002221095
3/4/26 10:12,UP,1.16145,1.16472,1.15922,1.16349,0.001668789,0.000896864,0.002690593
3/5/26 3:21,DOWN,1.16352,1.16549,1.16143,1.16156,-0.00106696,0.000649702,0.001949106
3/5/26 6:08,DOWN,1.16154,1.16174,1.15911,1.15913,-0.001431084,0.000683019,0.002049058
3/5/26 8:29,DOWN,1.15914,1.16162,1.15828,1.15832,-0.001035447,0.000760137,0.002280411
3/5/26 9:17,UP,1.15834,1.16447,1.15814,1.16285,0.002531473,0.001000589,0.003001767
3/5/26 13:54,DOWN,1.16283,1.1638,1.159,1.15969,-0.001266777,0.000863467,0.002590401
3/5/26 15:44,DOWN,1.15968,1.16091,1.15694,1.15724,-0.001390274,0.000922012,0.002766037
3/5/26 20:18,UP,1.15724,1.16088,1.15589,1.15998,0.002425394,0.000962501,0.002887503
3/6/26 9:12,DOWN,1.16002,1.16214,1.1591,1.1591,-0.001276038,0.000742736,0.002228207
3/6/26 12:14,DOWN,1.15912,1.15944,1.15522,1.15528,-0.001133282,0.000775014,0.002325043
3/6/26 13:35,UP,1.15529,1.15958,1.15527,1.15896,0.002263207,0.000940602,0.002821807
3/6/26 14:06,DOWN,1.15899,1.15927,1.15505,1.15513,-0.002222386,0.001069965,0.003209895
3/6/26 15:18,UP,1.15512,1.15929,1.1546,1.15882,9.49E-05,0.001085889,0.003257666
3/6/26 21:12,UP,1.15885,1.16216,1.15706,1.16167,0.001507588,0.00089606,0.002688179
3/8/26 22:04,DOWN,1.16166,1.16183,1.15444,1.15456,-0.006139306,0.001736724,0.005210173
3/9/26 6:00,UP,1.15458,1.15716,1.15073,1.15664,0.001773948,0.001199389,0.003598166
3/9/26 8:30,DOWN,1.15663,1.15685,1.15217,1.1524,-0.002400795,0.001197281,0.003591844
3/9/26 11:17,UP,1.15242,1.15731,1.15153,1.15668,0.000622665,0.001094854,0.003284563
3/9/26 16:05,UP,1.15669,1.15994,1.15476,1.15928,0.000422765,0.0009915,0.002974499
3/9/26 21:28,UP,1.15923,1.1638,1.15753,1.16363,0.002159373,0.001215921,0.003647764
3/10/26 7:44,UP,1.16363,1.16529,1.1607,1.16525,0.001640478,0.001019774,0.003059322
3/10/26 17:05,UP,1.16524,1.16636,1.16203,1.16575,0.000514823,0.000815633,0.002446899
3/10/26 18:19,DOWN,1.1657,1.16674,1.16149,1.16153,-0.002339001,0.000993062,0.002979186
3/11/26 6:14,UP,1.16146,1.16395,1.16029,1.16389,0.000661793,0.000795813,0.002387438
3/11/26 9:05,DOWN,1.16388,1.16453,1.15905,1.15945,-0.001663198,0.000832919,0.002498757
3/11/26 15:21,DOWN,1.15943,1.16127,1.15756,1.15778,-0.000682108,0.000700926,0.002102779
3/11/26 23:34,DOWN,1.15779,1.15779,1.15418,1.15423,-0.001636116,0.00072261,0.00216783
3/12/26 9:56,UP,1.15418,1.15608,1.15317,1.15596,0.001151221,0.000650408,0.001951225
3/12/26 12:48,DOWN,1.15597,1.15664,1.15326,1.15345,-0.001057138,0.000729228,0.002187683
3/13/26 4:00,DOWN,1.15349,1.15505,1.15047,1.15092,-0.000538554,0.000562376,0.001687128
3/13/26 7:01,DOWN,1.15091,1.15093,1.14778,1.14778,-0.001923605,0.000710065,0.002130195
3/13/26 8:13,DOWN,1.14779,1.14838,1.14377,1.14391,-0.002880689,0.000978429,0.002935286
3/13/26 12:27,UP,1.1439,1.14732,1.14329,1.14717,0.000270267,0.000845508,0.002536523
3/13/26 15:47,DOWN,1.14721,1.14902,1.14345,1.14404,-0.001336472,0.000839081,0.002517242
3/13/26 20:12,DOWN,1.14401,1.14527,1.14166,1.14171,-0.000980504,0.000775117,0.002325351
3/16/26 0:48,UP,1.14172,1.14528,1.1413,1.14516,0.000864882,0.000786921,0.002360763
3/16/26 6:48,DOWN,1.1452,1.14569,1.14246,1.14248,-0.001076026,0.000754818,0.002264453
3/16/26 9:34,UP,1.14247,1.14492,1.14143,1.14458,0.000611765,0.000781458,0.002344373
3/16/26 11:39,UP,1.14456,1.14815,1.14431,1.14753,0.000113293,0.000821994,0.002465981
3/16/26 18:24,UP,1.14749,1.15097,1.14723,1.15097,0.001104026,0.000974384,0.002923152
3/17/26 5:52,DOWN,1.15096,1.15251,1.14816,1.14819,-0.001096778,0.000850669,0.002552008
3/17/26 8:59,UP,1.1482,1.15181,1.14659,1.15093,0.001582582,0.000936838,0.002810513
3/17/26 18:07,UP,1.15094,1.1545,1.1504,1.15447,0.001508322,0.000901238,0.002703714
3/18/26 12:54,DOWN,1.15443,1.15554,1.15091,1.15117,-0.001180709,0.000903383,0.002710148
3/18/26 18:53,DOWN,1.15115,1.15297,1.14838,1.14844,-0.002235318,0.000965523,0.00289657
3/19/26 8:00,DOWN,1.14841,1.14915,1.14506,1.1454,-0.001012234,0.000823194,0.002469583
3/19/26 12:50,UP,1.14541,1.14899,1.14431,1.14872,0.001576909,0.000878254,0.002634762
3/19/26 13:56,UP,1.14881,1.15271,1.14697,1.15211,0.003669569,0.001209823,0.003629469
3/19/26 17:25,UP,1.1521,1.15552,1.14985,1.1553,0.002348467,0.001276921,0.003830764
3/19/26 19:14,UP,1.15529,1.16163,1.15511,1.16084,0.004420355,0.001592337,0.004777012
3/20/26 3:36,DOWN,1.16085,1.16131,1.1558,1.15584,-0.000631376,0.001422136,0.004266407
3/20/26 14:39,DOWN,1.15583,1.15809,1.15247,1.15346,-0.000329389,0.00120987,0.003629609
3/23/26 6:39,DOWN,1.15344,1.15717,1.15225,1.15269,-0.000693788,0.000914342,0.002743026
3/23/26 9:53,DOWN,1.15269,1.15462,1.14935,1.14941,-0.001999027,0.000975054,0.002925161
3/23/26 11:20,UP,1.14942,1.16192,1.14845,1.15603,0.00606491,0.001734986,0.005204959
3/23/26 14:42,UP,1.15607,1.16398,1.15253,1.16299,0.00109261,0.001707617,0.00512285
3/24/26 2:02,DOWN,1.16298,1.16375,1.15765,1.15853,-0.000474627,0.001284501,0.003853504
3/24/26 17:19,DOWN,1.15851,1.16179,1.1557,1.15682,-0.001744643,0.000936095,0.002808285
3/24/26 20:26,UP,1.15679,1.16278,1.15651,1.16274,0.003670488,0.001228966,0.003686899
3/25/26 6:11,DOWN,1.16274,1.16306,1.1587,1.15888,-0.0009315,0.001136525,0.003409576
3/25/26 14:06,DOWN,1.15888,1.16166,1.15663,1.15713,-0.000950176,0.000943274,0.002829821
3/26/26 8:00,DOWN,1.15711,1.15894,1.15506,1.15524,-0.0008393,0.000773971,0.002321913
3/26/26 12:23,DOWN,1.15522,1.1565,1.15224,1.15324,-0.000936054,0.000823944,0.002471832
3/26/26 19:54,DOWN,1.15326,1.15551,1.15221,1.15237,-0.000772023,0.00068019,0.002040571
3/27/26 8:03,DOWN,1.15237,1.15589,1.15169,1.15189,-0.001223327,0.000714922,0.002144767
3/27/26 15:29,UP,1.15188,1.15449,1.15019,1.15364,0.000407489,0.000641539,0.001924616
3/27/26 17:23,DOWN,1.15363,1.15479,1.15105,1.15113,-0.000416895,0.000664468,0.001993404
3/30/26 4:44,UP,1.15112,1.15212,1.14876,1.15185,0.000607903,0.000672333,0.002016999
3/30/26 9:41,DOWN,1.15187,1.15201,1.14839,1.14915,-0.000365421,0.000657374,0.001972122
3/30/26 13:43,DOWN,1.14915,1.15003,1.14672,1.14676,-0.001542289,0.000691536,0.002074608
3/31/26 1:55,UP,1.14675,1.14909,1.14432,1.14801,0.000313635,0.000710284,0.002130851
3/31/26 11:03,DOWN,1.14799,1.148,1.14575,1.14579,-0.000915979,0.000624196,0.001872587
3/31/26 12:11,UP,1.14581,1.15018,1.14576,1.14913,0.001192918,0.000772069,0.002316207
3/31/26 13:55,UP,1.14911,1.15327,1.14871,1.15302,0.001327831,0.000850335,0.002551004
3/31/26 20:06,UP,1.15305,1.15636,1.15111,1.15625,0.001739891,0.000906443,0.00271933
4/1/26 8:48,UP,1.15623,1.16108,1.15447,1.16035,0.001431627,0.000946745,0.002840234
4/1/26 15:20,UP,1.16038,1.16272,1.15808,1.16163,0.000198017,0.000756796,0.002270387
4/1/26 18:37,DOWN,1.16164,1.16236,1.15771,1.15782,-0.00175176,0.000859067,0.002577201
4/2/26 1:26,DOWN,1.15785,1.16056,1.1561,1.15612,-0.002194594,0.000950016,0.002850049
4/2/26 6:20,DOWN,1.15608,1.15692,1.15152,1.15222,-0.001058265,0.00088348,0.002650441
4/2/26 14:49,UP,1.15224,1.15639,1.15091,1.15468,0.001291234,0.000818916,0.002456747
4/3/26 15:01,DOWN,1.15466,1.15588,1.15184,1.15221,-0.001292332,0.000694395,0.002083185
4/6/26 7:55,UP,1.15219,1.15666,1.15053,1.15647,0.003187171,0.000990799,0.002972396
4/7/26 1:25,DOWN,1.15648,1.15717,1.15342,1.15357,-0.000597964,0.00072874,0.002186219
4/7/26 8:19,UP,1.15355,1.15682,1.15242,1.1561,0.001462881,0.000730239,0.002190717
4/7/26 14:40,UP,1.15609,1.15815,1.15459,1.15782,0.001322323,0.000682755,0.002048265
4/7/26 19:58,UP,1.15781,1.16018,1.1566,1.15956,0.000880031,0.000695825,0.002087476
4/7/26 22:35,UP,1.15955,1.16353,1.1589,1.16353,0.002831607,0.000963473,0.002890418
4/7/26 23:37,UP,1.16347,1.16879,1.16345,1.16743,0.000608359,0.00102246,0.00306738
4/8/26 12:14,UP,1.16744,1.17105,1.16661,1.17066,0.000769093,0.000808622,0.002425865
4/8/26 16:29,DOWN,1.17065,1.17219,1.16787,1.16797,-0.001001237,0.000790007,0.002370022
4/8/26 19:04,DOWN,1.16797,1.16853,1.16435,1.16483,-0.001681235,0.000861779,0.002585336
4/9/26 9:19,UP,1.16483,1.16772,1.16468,1.16761,0.001036842,0.000783113,0.002349339
4/9/26 16:20,UP,1.16763,1.1714,1.16696,1.17137,0.00134121,0.000842862,0.002528586
4/10/26 6:59,DOWN,1.17138,1.17235,1.16834,1.16848,-0.00047914,0.000736255,0.002208764
4/10/26 10:25,UP,1.16847,1.17129,1.16775,1.17124,0.001033627,0.000762766,0.002288297
4/12/26 22:00,DOWN,1.1713,1.17396,1.16647,1.16713,-0.005016826,0.001372629,0.004117887
4/13/26 14:13,UP,1.16775,1.17121,1.16642,1.17066,0.000435747,0.00088493,0.002654789
4/13/26 18:35,UP,1.17064,1.17497,1.17016,1.17467,0.000953914,0.000830515,0.002491545
4/14/26 7:09,UP,1.17469,1.17968,1.17464,1.17938,0.002504448,0.000946472,0.002839416
4/14/26 14:21,UP,1.17937,1.18077,1.17751,1.18059,0.00024567,0.000756884,0.002270653
4/15/26 6:50,DOWN,1.18059,1.18112,1.17788,1.1786,-0.00052591,0.000600329,0.001800986
4/15/26 11:47,DOWN,1.17859,1.17955,1.1772,1.1774,-0.000169851,0.000525497,0.00157649
4/15/26 14:48,UP,1.17744,1.18003,1.17732,1.17948,0.000322228,0.000503875,0.001511626
4/16/26 3:41,UP,1.17952,1.1824,1.17927,1.1813,0.000728277,0.000472349,0.001417046
4/16/26 7:21,DOWN,1.1813,1.18161,1.17934,1.1795,-4.24E-05,0.000500486,0.001501457
4/16/26 10:37,DOWN,1.17951,1.17999,1.17726,1.17749,-0.000670694,0.000505408,0.001516223
4/17/26 9:10,UP,1.17748,1.17965,1.1767,1.17934,0.001009548,0.000498228,0.001494685
4/17/26 12:56,UP,1.17932,1.18374,1.1791,1.18327,0.001801718,0.000703979,0.002111937
4/17/26 14:39,DOWN,1.18329,1.18492,1.18176,1.18192,-0.000219957,0.000707823,0.00212347
4/17/26 17:08,DOWN,1.18192,1.18288,1.17919,1.17938,-0.00060183,0.000650357,0.001951072
4/19/26 22:00,DOWN,1.1794,1.17976,1.1729,1.17294,-0.003497891,0.001097087,0.003291261
4/20/26 6:57,UP,1.17294,1.17658,1.17293,1.17641,0.001284391,0.000977573,0.00293272
4/20/26 18:15,UP,1.17641,1.17903,1.17536,1.17881,0.000466681,0.000702377,0.002107132
4/21/26 8:09,DOWN,1.17884,1.17911,1.17578,1.17612,-0.001104719,0.000644879,0.001934638
4/21/26 15:27,DOWN,1.17611,1.17761,1.17475,1.17475,-0.000629723,0.000588387,0.001765162
4/21/26 17:22,DOWN,1.17477,1.17558,1.17203,1.17212,-0.001764473,0.000707581,0.002122744
4/22/26 9:03,UP,1.17213,1.17638,1.17193,1.17529,0,0.000894902,0.002684706
4/22/26 15:10,DOWN,1.17529,1.17575,1.17155,1.17207,-0.000656742,0.000763487,0.00229046
4/23/26 4:03,DOWN,1.17208,1.17239,1.16923,1.16967,-0.000247902,0.00059996,0.001799881
4/23/26 10:50,DOWN,1.16966,1.17122,1.16802,1.16813,-0.001155026,0.000584287,0.00175286
4/23/26 14:30,UP,1.16812,1.17074,1.16791,1.17063,0.001581596,0.000640715,0.001922144
4/23/26 17:12,DOWN,1.17064,1.17166,1.16823,1.16829,-0.001718985,0.000718679,0.002156036
4/24/26 10:43,UP,1.16824,1.17012,1.16692,1.17012,0.001274185,0.000628206,0.001884618
4/27/26 1:23,UP,1.17013,1.17267,1.16926,1.17255,0.001271543,0.000593764,0.001781292
4/27/26 8:23,UP,1.17261,1.17478,1.17167,1.17417,0.000306647,0.000596381,0.001789144
4/27/26 16:55,DOWN,1.17418,1.17549,1.17251,1.17257,-0.000477469,0.0005428,0.001628401
4/28/26 2:54,DOWN,1.17258,1.17301,1.17099,1.17106,-0.000256145,0.000497301,0.001491903
4/28/26 6:59,DOWN,1.17107,1.1718,1.16871,1.16879,-0.001316735,0.000560906,0.001682717
4/28/26 12:12,DOWN,1.16877,1.17078,1.16774,1.16802,-0.000718907,0.000529437,0.001588312
4/28/26 15:05,UP,1.16798,1.17097,1.16788,1.17084,0.001239195,0.000590911,0.001772733
4/29/26 8:06,DOWN,1.17084,1.17208,1.16953,1.16971,-0.000700783,0.000531615,0.001594845
4/29/26 16:57,DOWN,1.16972,1.17098,1.16823,1.16857,-0.00047055,0.000420751,0.001262252
4/30/26 0:16,UP,1.16859,1.16908,1.16613,1.16873,0.0009502,0.000438333,0.001314998
4/30/26 2:59,DOWN,1.16877,1.16887,1.16626,1.1667,-0.000651198,0.000468822,0.001406465
4/30/26 7:39,UP,1.16669,1.16815,1.16552,1.1678,0.000445381,0.000469587,0.00140876
4/30/26 10:29,UP,1.16781,1.1703,1.16732,1.17022,0.000675315,0.000664069,0.001992206
4/30/26 13:33,DOWN,1.17019,1.17196,1.16819,1.16891,-0.000521718,0.000652314,0.001956941
4/30/26 14:54,UP,1.16889,1.17284,1.16835,1.17282,0.001433472,0.0007286,0.002185801
5/1/26 11:15,UP,1.17282,1.17511,1.17188,1.1751,0.000715088,0.000572826,0.001718478
5/1/26 14:17,UP,1.17508,1.17834,1.1744,1.17782,0.001699496,0.000749824,0.002249471
5/1/26 16:42,DOWN,1.17784,1.17853,1.17423,1.17463,-0.000867982,0.000717536,0.002152608
5/1/26 19:59,DOWN,1.17462,1.17467,1.17178,1.17198,-0.000469181,0.000706029,0.002118086
5/4/26 10:16,DOWN,1.17197,1.17517,1.16919,1.1693,-0.002118681,0.0007709,0.002312699
5/4/26 16:12,DOWN,1.16931,1.17179,1.16869,1.16886,-0.000718391,0.00070895,0.00212685
5/5/26 13:34,UP,1.16885,1.17047,1.16766,1.17026,0.000709496,0.000500868,0.001502603
5/5/26 23:13,UP,1.17028,1.1722,1.16899,1.17206,0.002049776,0.000679786,0.002039359
5/6/26 8:48,UP,1.17208,1.17519,1.17112,1.17504,0.001379628,0.000649612,0.001948836
5/6/26 10:00,UP,1.17503,1.17772,1.17475,1.1776,0.000586109,0.000665785,0.001997355
5/6/26 12:14,DOWN,1.17764,1.17967,1.17524,1.17559,-0.001504495,0.00089706,0.002691181
5/7/26 8:13,UP,1.17548,1.17687,1.17419,1.17667,0.000357003,0.000566199,0.001698596
5/7/26 16:19,DOWN,1.17666,1.17784,1.17564,1.17572,-0.000688702,0.00047922,0.001437659
5/7/26 20:27,DOWN,1.17569,1.17647,1.17333,1.17355,-0.000749581,0.000497093,0.001491279
5/8/26 6:29,UP,1.17354,1.17475,1.17226,1.17472,0.000877189,0.000500838,0.001502513
5/8/26 9:38,UP,1.17474,1.17736,1.17418,1.17684,0.000705527,0.000545895,0.001637685
5/8/26 13:48,UP,1.17683,1.1787,1.17579,1.17835,0.000806537,0.000517588,0.001552763
5/11/26 3:00,DOWN,1.17834,1.17851,1.17448,1.17586,-0.000501635,0.000573597,0.001720791
5/11/26 8:39,UP,1.17584,1.17823,1.17488,1.17782,0.000526535,0.0005773,0.001731899
5/11/26 22:22,UP,1.17781,1.17879,1.17635,1.17873,0.00091666,0.000495837,0.00148751
5/12/26 1:40,DOWN,1.17872,1.1788,1.17594,1.17594,-0.001138865,0.000616854,0.001850563
5/12/26 11:10,DOWN,1.17596,1.17679,1.17349,1.17424,-0.000502326,0.000468581,0.001405743
5/12/26 15:27,DOWN,1.17426,1.17501,1.17218,1.17251,-0.000852508,0.000526131,0.001578393
5/13/26 6:36,DOWN,1.1725,1.17469,1.17227,1.17241,-0.000920755,0.000473502,0.001420506
5/13/26 8:48,DOWN,1.17239,1.17257,1.17022,1.17026,-0.000375914,0.000509611,0.001528833
5/13/26 11:38,UP,1.17027,1.17172,1.16956,1.17172,0.000324362,0.000527961,0.001583883
5/14/26 12:02,DOWN,1.17171,1.17216,1.16969,1.17033,-0.000401516,0.000350425,0.001051276
5/14/26 13:52,DOWN,1.17035,1.17068,1.16856,1.16898,-0.000265153,0.000357746,0.001073239
5/14/26 15:15,DOWN,1.16899,1.17002,1.1673,1.16741,-0.00186564,0.000578334,0.001735001
5/15/26 0:06,DOWN,1.1674,1.16817,1.1657,1.16587,-0.00137999,0.000578468,0.001735405
5/15/26 6:07,DOWN,1.16591,1.16633,1.16326,1.164,-0.000472397,0.000519094,0.001557282
5/15/26 9:24,DOWN,1.16405,1.16491,1.16173,1.16253,-0.000662129,0.000487838,0.001463514
5/15/26 10:55,UP,1.16257,1.16556,1.16221,1.16537,0.00134812,0.000592663,0.001777988
5/15/26 12:33,DOWN,1.16538,1.16544,1.16261,1.16288,-0.000232155,0.000628967,0.001886902
5/18/26 0:50,DOWN,1.16294,1.16379,1.16102,1.16118,-0.0003272,0.000513144,0.001539433
5/18/26 6:30,UP,1.16121,1.16337,1.16083,1.16302,0.000817173,0.000481539,0.001444616
5/18/26 12:35,UP,1.16301,1.16544,1.16263,1.16537,0.000609434,0.000552096,0.001656289
5/18/26 22:29,UP,1.16538,1.16627,1.16286,1.16588,0.000343147,0.000502159,0.001506478
5/19/26 4:32,DOWN,1.16587,1.16606,1.16404,1.1642,-0.000197541,0.000478988,0.001436964
5/19/26 8:49,DOWN,1.16421,1.16458,1.16259,1.16263,-0.000447162,0.000489753,0.00146926
5/19/26 13:20,DOWN,1.16263,1.16279,1.16071,1.1608,-0.000775027,0.000467306,0.001401918
5/19/26 15:11,DOWN,1.16077,1.16169,1.15921,1.15927,-0.000612267,0.000542885,0.001628655
5/19/26 17:58,UP,1.1593,1.16122,1.15926,1.16109,6.89E-05,0.000509324,0.001527973
5/20/26 5:41,DOWN,1.16111,1.16148,1.15935,1.15963,-0.000172454,0.000441214,0.001323642
5/20/26 14:33,UP,1.15963,1.1624,1.15826,1.16188,0.001696967,0.000620744,0.001862233
5/21/26 2:51,DOWN,1.16186,1.16451,1.16115,1.16185,-0.000602306,0.000611323,0.001833969
5/21/26 12:13,DOWN,1.16186,1.16356,1.15942,1.15973,-0.001008347,0.000838387,0.00251516
5/21/26 17:28,UP,1.15973,1.16204,1.15763,1.16185,0.00197294,0.000925483,0.002776448
5/22/26 9:49,DOWN,1.16188,1.16302,1.15962,1.1604,-0.000224036,0.000632939,0.001898817
5/22/26 17:10,UP,1.16039,1.16185,1.15883,1.16139,0.000628755,0.000631048,0.001893144
5/24/26 23:31,UP,1.1614,1.16464,1.16035,1.16449,0.000747387,0.000825523,0.00247657
5/26/26 13:09,DOWN,1.16448,1.16529,1.16238,1.16303,-0.000257914,0.000441425,0.001324274
5/27/26 0:26,UP,1.16304,1.16405,1.16163,1.164,0.00099706,0.000480656,0.001441968
5/27/26 12:22,UP,1.16398,1.16602,1.16327,1.16602,0.00197447,0.000624987,0.00187496
5/27/26 15:17,DOWN,1.16599,1.16611,1.16226,1.16318,-0.000704716,0.000650782,0.001952346
5/28/26 2:47,DOWN,1.16319,1.16364,1.16092,1.16109,-0.000542446,0.000548472,0.001645416
5/28/26 4:21,DOWN,1.16113,1.16139,1.15862,1.15888,-0.000543481,0.000622984,0.001868953
5/28/26 7:01,UP,1.15886,1.16144,1.1588,1.16144,0.000844136,0.000647744,0.001943231
5/28/26 12:36,UP,1.16145,1.1637,1.16035,1.16337,0.001333225,0.00069271,0.002078131
5/28/26 16:47,UP,1.16339,1.16612,1.1627,1.16578,0.000574888,0.000751081,0.002253243
5/29/26 14:58,UP,1.16579,1.16746,1.16249,1.16693,0.002024448,0.000685751,0.002057252
5/31/26 21:00,DOWN,1.16696,1.16858,1.16528,1.16528,-0.001286416,0.000679758,0.002039275
6/1/26 13:27,DOWN,1.16602,1.16649,1.16255,1.16296,-0.001108624,0.000567373,0.001702119
6/1/26 17:02,UP,1.16297,1.16309,1.16045,1.16299,0.000722537,0.000554372,0.001663117
6/2/26 6:12,UP,1.16299,1.16469,1.1625,1.16469,0.000858966,0.000473868,0.001421603
6/2/26 16:40,DOWN,1.16473,1.16557,1.16284,1.16288,-0.001022798,0.000465242,0.001395726
6/3/26 8:47,DOWN,1.16288,1.16349,1.16051,1.16077,-0.000482322,0.000526139,0.001578417
6/3/26 12:57,DOWN,1.16078,1.16232,1.15966,1.1598,-0.001059966,0.000588365,0.001765096
6/4/26 8:56,UP,1.15978,1.16151,1.15945,1.16133,0.000732187,0.000461933,0.001385798
6/4/26 11:03,UP,1.16133,1.16344,1.16125,1.1634,0.000481464,0.000503805,0.001511414
6/4/26 15:43,DOWN,1.1634,1.16451,1.16222,1.16244,-0.000258045,0.000429158,0.001287474
6/4/26 19:25,DOWN,1.16243,1.163,1.16113,1.16128,-0.000619813,0.000440046,0.001320139
6/5/26 7:51,UP,1.16125,1.16374,1.16087,1.16349,0.001023308,0.000458459,0.001375376
6/5/26 12:46,DOWN,1.1635,1.16445,1.16048,1.16061,-0.002633075,0.000767529,0.002302586
6/5/26 14:04,DOWN,1.16064,1.1607,1.157,1.15734,-0.000742807,0.000778445,0.002335335
6/5/26 15:35,DOWN,1.15734,1.15769,1.15415,1.15431,-0.000614897,0.000803997,0.002411991
6/7/26 22:33,DOWN,1.15431,1.15432,1.15062,1.15126,-0.000659928,0.000670688,0.002012063
6/8/26 5:20,UP,1.15127,1.15398,1.15102,1.15382,0.000485462,0.00063121,0.001893629
6/8/26 9:06,DOWN,1.15385,1.154,1.15078,1.15084,-0.000703586,0.0006849,0.002054699
6/8/26 11:35,UP,1.15083,1.15439,1.14998,1.15418,0.00106626,0.000685069,0.002055207
6/8/26 19:55,DOWN,1.15416,1.15548,1.15274,1.15298,-0.000242819,0.000487062,0.001461186
6/9/26 5:59,UP,1.15296,1.15484,1.15268,1.15452,0.000303202,0.000407243,0.001221729
6/9/26 9:52,UP,1.1545,1.15617,1.15364,1.15612,0.00053642,0.000456611,0.001369832
6/9/26 15:35,DOWN,1.15611,1.15782,1.15507,1.15511,-0.00115939,0.000467158,0.001401475
6/9/26 16:42,DOWN,1.15508,1.15574,1.15286,1.15314,-0.001256646,0.000567018,0.001701054
6/10/26 6:04,UP,1.15321,1.15563,1.15319,1.15558,0.000848419,0.000515894,0.001547681
6/10/26 11:45,DOWN,1.15562,1.15598,1.15355,1.15372,-0.000866386,0.000495019,0.001485056
6/10/26 13:30,UP,1.15373,1.15649,1.1536,1.15602,0.000683613,0.000544442,0.001633327
6/10/26 17:36,DOWN,1.15603,1.15733,1.15347,1.15486,-0.000588643,0.000501772,0.001505315
6/10/26 22:34,DOWN,1.15484,1.15578,1.15284,1.15324,-0.00078877,0.000523503,0.00157051
6/11/26 1:44,UP,1.15325,1.15563,1.15257,1.1554,0.000328945,0.00051264,0.001537919
6/11/26 8:32,DOWN,1.1554,1.15556,1.15373,1.15373,-0.000727808,0.000449529,0.001348587
6/11/26 14:39,DOWN,1.15374,1.15435,1.15154,1.15202,-0.000208308,0.000539174,0.001617523
6/11/26 17:34,UP,1.15203,1.15644,1.15029,1.156,0.004630079,0.001236181,0.003708543
6/12/26 8:34,UP,1.15597,1.15899,1.15414,1.15782,0.000760338,0.000826674,0.002480021
6/14/26 22:25,UP,1.15783,1.16177,1.15602,1.16106,0.003623943,0.001061124,0.003183372
6/15/26 18:47,DOWN,1.16107,1.16222,1.15941,1.15961,-0.000405227,0.000581823,0.00174547
6/16/26 5:44,DOWN,1.15962,1.16029,1.15755,1.15776,-0.000120916,0.000500114,0.001500342
6/16/26 8:08,UP,1.15774,1.15978,1.15748,1.15964,0.000655591,0.000512281,0.001536844
6/16/26 14:06,DOWN,1.15965,1.16132,1.15879,1.1589,-0.001034929,0.000562153,0.00168646
6/16/26 16:08,UP,1.15889,1.16188,1.15877,1.16172,0.000852548,0.00060872,0.001826161
6/17/26 8:26,DOWN,1.16173,1.16198,1.15981,1.15987,-0.000637799,0.000463378,0.001390134
6/17/26 18:03,DOWN,1.15989,1.1606,1.15469,1.1556,-0.003041407,0.000848808,0.002546424
6/17/26 19:22,DOWN,1.1556,1.15664,1.15027,1.15036,-0.001415945,0.001159234,0.003477701
6/18/26 1:05,UP,1.15033,1.15208,1.14778,1.15172,0.00057322,0.00111204,0.00333612
6/18/26 9:11,DOWN,1.15174,1.15284,1.14751,1.14752,-0.001471658,0.000943985,0.002831954
6/18/26 19:03,DOWN,1.14751,1.14876,1.14533,1.14559,-0.000759146,0.000662806,0.001988419
6/19/26 4:11,DOWN,1.14558,1.147,1.14388,1.14408,-0.000410726,0.000577241,0.001731723
6/19/26 7:28,UP,1.1441,1.14493,1.14178,1.14464,0.001005188,0.000634651,0.001903952
6/19/26 15:00,UP,1.14462,1.14749,1.14437,1.14699,0.000942039,0.000616182,0.001848547
6/22/26 4:35,DOWN,1.147,1.14806,1.14526,1.14557,-0.000270571,0.000549177,0.00164753
6/22/26 13:48,DOWN,1.14557,1.14637,1.14337,1.14374,-0.000288485,0.000601657,0.001804972
6/22/26 19:19,DOWN,1.14375,1.14506,1.1422,1.14222,-0.000595155,0.000635263,0.001905788
6/23/26 8:36,DOWN,1.1422,1.14392,1.14048,1.14051,-0.000902697,0.000592112,0.001776336
6/23/26 11:57,DOWN,1.14049,1.14127,1.13846,1.13851,-0.001378045,0.000631957,0.00189587
6/24/26 0:29,DOWN,1.13851,1.14004,1.13731,1.13744,-0.000711872,0.00048163,0.001444891
6/24/26 7:09,DOWN,1.13745,1.13787,1.13542,1.13549,-0.000897887,0.000515587,0.001546762
6/24/26 10:52,DOWN,1.13546,1.1361,1.13377,1.13392,-0.000123458,0.000525319,0.001575958
6/24/26 15:38,UP,1.13391,1.13622,1.13245,1.13516,0.000484631,0.000506203,0.001518609
6/25/26 3:51,UP,1.13515,1.13712,1.13474,1.13705,0.00067742,0.000458873,0.001376619
6/25/26 7:21,DOWN,1.13704,1.13715,1.13446,1.13523,-0.000378706,0.000448317,0.001344952
6/25/26 8:42,UP,1.13524,1.13727,1.13483,1.13711,0.000668584,0.000509172,0.001527517
6/25/26 11:05,DOWN,1.13706,1.13741,1.13417,1.13436,-0.001074918,0.000581604,0.001744811
6/25/26 12:53,UP,1.13432,1.13646,1.13331,1.13586,0.000819098,0.000668825,0.002006476
6/25/26 16:20,UP,1.13589,1.13881,1.13492,1.13851,0.000412905,0.000711115,0.002133344
6/26/26 0:03,DOWN,1.1385,1.13867,1.13601,1.13631,-0.000316765,0.000626885,0.001880655
6/26/26 5:54,UP,1.13626,1.13824,1.13543,1.13812,0.000448208,0.000553343,0.001660028
6/26/26 8:31,UP,1.1381,1.14028,1.13712,1.13974,0.000895342,0.000581669,0.001745008
6/26/26 13:14,UP,1.13976,1.14343,1.13938,1.14192,0.00121799,0.000670316,0.002010948
6/26/26 15:06,DOWN,1.1419,1.14284,1.1392,1.13975,-0.001613087,0.00072642,0.002179261
6/29/26 4:38,DOWN,1.13973,1.14081,1.13791,1.13844,-0.000333734,0.000544877,0.001634631
6/29/26 7:01,UP,1.13843,1.14152,1.13809,1.14076,0.000982284,0.000585977,0.00175793
6/29/26 14:36,UP,1.14077,1.14205,1.13925,1.14187,0.000770963,0.000517315,0.001551946
6/30/26 2:11,DOWN,1.14186,1.14308,1.14018,1.14038,-0.001051728,0.000492093,0.001476278
6/30/26 6:08,DOWN,1.14039,1.14068,1.13823,1.13861,-0.000500485,0.0004771,0.0014313
6/30/26 7:22,UP,1.13862,1.14068,1.13859,1.14053,0.000824518,0.000532601,0.001597804
6/30/26 14:31,UP,1.14052,1.14159,1.13834,1.14149,0.001490392,0.000604475,0.001813424
7/1/26 1:07,DOWN,1.14148,1.14367,1.14054,1.14057,-0.000490862,0.00058239,0.001747171
7/1/26 10:02,DOWN,1.14056,1.14109,1.13851,1.13884,-0.000693448,0.000533798,0.001601394
7/1/26 12:42,DOWN,1.13882,1.14005,1.1369,1.13733,-0.001116027,0.000606996,0.001820989
7/1/26 13:58,UP,1.1373,1.14119,1.13616,1.13941,0.000614542,0.000774288,0.002322863
7/2/26 7:15,UP,1.1394,1.14055,1.1375,1.13966,0.000386155,0.000543626,0.001630878
7/2/26 8:20,UP,1.13965,1.1418,1.13931,1.14177,0.001148,0.00060661,0.00181983
7/2/26 12:36,UP,1.14177,1.146,1.13954,1.1457,0.004654264,0.001265688,0.003797063
7/2/26 23:48,DOWN,1.14564,1.14728,1.14237,1.1425,-0.000918615,0.000907385,0.002722154
7/3/26 5:15,UP,1.14257,1.14544,1.14204,1.14538,0.001135639,0.00087062,0.00261186
7/5/26 23:26,DOWN,1.14543,1.14625,1.14321,1.14351,-0.000104935,0.00059715,0.001791449
7/6/26 8:44,DOWN,1.14351,1.14413,1.14157,1.14169,-0.000796747,0.000486083,0.001458249
7/6/26 17:48,UP,1.14172,1.14396,1.14084,1.14381,0.000918406,0.000449621,0.001348862
7/7/26 5:53,DOWN,1.14382,1.14484,1.14279,1.14291,-0.000612284,0.000414693,0.00124408
7/7/26 16:19,DOWN,1.14292,1.14422,1.14189,1.14194,-0.000682815,0.000444492,0.001333476
7/7/26 21:30,DOWN,1.14191,1.14299,1.1405,1.14084,-0.000683473,0.000481958,0.001445875
7/8/26 6:17,UP,1.14061,1.14237,1.13983,1.14191,0.000245233,0.000410652,0.001231957
7/8/26 8:36,DOWN,1.14191,1.14318,1.14006,1.14097,-0.001348819,0.000518051,0.001554152
7/8/26 16:03,DOWN,1.14098,1.14187,1.13913,1.13954,-0.000500077,0.000491049,0.001473148
7/8/26 17:18,UP,1.13955,1.14238,1.13954,1.14214,0.001016153,0.000604123,0.00181237
7/9/26 6:28,UP,1.14215,1.14477,1.14149,1.14457,0.001215168,0.000595525,0.001786575
7/9/26 11:18,DOWN,1.14467,1.14494,1.14211,1.14248,-0.000568776,0.000553583,0.001660748
7/10/26 1:24,UP,1.14249,1.14473,1.1422,1.14428,0.000410823,0.000481791,0.001445374
7/10/26 7:46,DOWN,1.14429,1.1461,1.14355,1.14383,-0.000236021,0.000473694,0.001421082
7/10/26 13:19,DOWN,1.14381,1.14424,1.14197,1.1421,-0.000533961,0.000428561,0.001285682
7/10/26 16:06,UP,1.14211,1.1439,1.14121,1.14364,0.000279847,0.000430083,0.001290249
7/10/26 18:40,DOWN,1.14363,1.14413,1.14135,1.14137,-0.0006744,0.000512504,0.001537511
7/13/26 1:37,DOWN,1.14138,1.14184,1.13843,1.13932,-8.78E-06,0.000617478,0.001852434
7/13/26 7:49,UP,1.13933,1.14226,1.13904,1.14216,0.001208968,0.000598073,0.001794219
7/13/26 14:00,DOWN,1.14221,1.14459,1.14142,1.14155,-0.000735571,0.000616769,0.001850306
7/13/26 16:27,DOWN,1.14156,1.14163,1.13946,1.13947,-0.00038607,0.000572353,0.001717058
7/14/26 8:00,UP,1.13945,1.13978,1.13775,1.13968,0.000412482,0.000408176,0.001224528
7/14/26 12:33,UP,1.13974,1.14629,1.13899,1.145,0.003850197,0.00104379,0.003131369
7/14/26 16:07,DOWN,1.14503,1.14592,1.14242,1.14255,-0.000734927,0.000876076,0.002628227
7/15/26 9:36,DOWN,1.14256,1.14438,1.14159,1.14183,-0.000586605,0.000626146,0.001878438
7/15/26 14:30,UP,1.14184,1.14357,1.14061,1.1433,0.000131208,0.000604567,0.001813702
7/15/26 17:47,UP,1.14329,1.1473,1.14302,1.14717,0.001989477,0.000755564,0.002266691
7/16/26 11:29,DOWN,1.14715,1.14827,1.14583,1.14597,-0.000305371,0.000493543,0.001480628
7/16/26 14:42,DOWN,1.14595,1.14707,1.14423,1.14435,-0.000655179,0.000570263,0.001710789
7/17/26 10:32,DOWN,1.1444,1.14523,1.14312,1.14324,-0.000446001,0.000500594,0.001501781
7/20/26 3:40,UP,1.14321,1.14445,1.14236,1.14412,0.000236017,0.00040865,0.001225949
7/20/26 12:10,DOWN,1.14407,1.14495,1.14252,1.14259,-0.000813609,0.000526801,0.001580404
7/20/26 15:17,DOWN,1.14258,1.14279,1.14025,1.14073,-0.000306774,0.000492434,0.001477301
7/21/26 6:48,UP,1.14074,1.14233,1.14053,1.14233,0.000288925,0.00037969,0.001139071
7/21/26 13:28,DOWN,1.14232,1.14289,1.14099,1.14107,-0.000306683,0.000328984,0.000986952
7/21/26 18:31,DOWN,1.14106,1.14196,1.13985,1.14015,-0.000640062,0.000360205,0.001080615
7/22/26 7:21,UP,1.1402,1.14151,1.13965,1.14145,0.000587145,0.000330781,0.000992342
7/23/26 1:25,UP,1.14144,1.14217,1.14004,1.14176,0.000473066,0.000301287,0.00090386
7/23/26 4:34,UP,1.14177,1.14358,1.14158,1.14349,0.000612348,0.000373506,0.001120518
7/23/26 8:20,DOWN,1.1435,1.14353,1.14168,1.14179,-0.000735416,0.000397274,0.001191822
7/23/26 11:50,DOWN,1.14182,1.14191,1.13834,1.13917,-0.001131763,0.000472073,0.00141622
7/23/26 13:23,DOWN,1.13916,1.13964,1.13679,1.1373,-0.000632878,0.000498382,0.001495146
7/24/26 1:21,UP,1.1373,1.13865,1.13638,1.13852,0.00057108,0.000430284,0.001290852
7/24/26 7:28,UP,1.13851,1.13995,1.13762,1.13994,0.001272806,0.000507618,0.001522854
7/24/26 12:04,DOWN,1.13995,1.14013,1.1371,1.13729,-0.001326837,0.000597788,0.001793363
7/26/26 22:22,UP,1.13727,1.14,1.1365,1.13934,0.002003164,0.000704638,0.002113913
7/27/26 12:18,DOWN,1.13936,1.14185,1.13836,1.13852,-0.000886723,0.000569341,0.001708023
7/28/26 0:19,DOWN,1.13853,1.13866,1.13661,1.13696,-0.000175892,0.000460205,0.001380614
7/28/26 10:05,DOWN,1.13697,1.13805,1.1354,1.13546,-0.001496071,0.000538818,0.001616454
7/28/26 14:29,UP,1.13552,1.13777,1.13533,1.13774,0.000492325,0.000512203,0.00153661
7/28/26 15:52,UP,1.13774,1.14022,1.13758,1.13973,7.90E-05,0.000543316,0.001629947
7/28/26 23:22,DOWN,1.13974,1.14054,1.13821,1.13847,-0.000474208,0.000499399,0.001498196
7/29/26 4:39,UP,1.13844,1.14027,1.13829,1.14013,0.00022807,0.000459181,0.001377543
7/29/26 10:52,DOWN,1.14013,1.14039,1.13839,1.13841,-0.000623482,0.000430559,0.001291678
7/29/26 14:27,UP,1.13843,1.1394,1.13745,1.1393,0.000254575,0.000479296,0.001437887
7/29/26 18:09,UP,1.13931,1.14307,1.13767,1.14166,0.00180602,0.000679546,0.002038637
7/29/26 19:01,UP,1.14167,1.14541,1.14066,1.14496,0.001223498,0.000762957,0.002288871
7/30/26 7:36,DOWN,1.14499,1.14752,1.14341,1.14357,-0.001066266,0.000758101,0.002274304
7/30/26 10:11,UP,1.14359,1.14692,1.14353,1.14681,0.000654202,0.000755143,0.002265428
7/30/26 13:56,UP,1.14682,1.15172,1.1465,1.15172,0.002242641,0.000951524,0.002854573
7/30/26 18:36,UP,1.15171,1.1537,1.14987,1.15329,0.00038159,0.000822151,0.002466453
7/31/26 5:04,DOWN,1.15327,1.15359,1.15044,1.15072,-0.000417043,0.000642549,0.001927647
7/31/26 11:49,DOWN,1.15071,1.15263,1.14862,1.14869,-0.001200647,0.000622194,0.001866582
7/31/26 14:08,DOWN,1.1487,1.15037,1.14552,1.14642,-0.000436045,0.000819242,0.002457727
7/31/26 14:54,UP,1.14643,1.15045,1.14637,1.15041,0.002027419,0.000978643,0.002935928
7/31/26 17:51,UP,1.15041,1.1536,1.14972,1.15346,0.000416226,0.000896178,0.002688533
8/3/26 6:39,DOWN,1.15345,1.1559,1.15237,1.15258,-0.001057935,0.000771759,0.002315276
8/3/26 15:20,DOWN,1.1526,1.15352,1.15023,1.15049,-0.000625625,0.000591122,0.001773366
8/4/26 11:52,UP,1.15051,1.15235,1.15003,1.15186,9.55E-05,0.000415492,0.001246475
8/4/26 18:52,UP,1.15188,1.15309,1.15092,1.15297,0.00042508,0.000396701,0.001190103
8/5/26 7:00,UP,1.15299,1.15459,1.15265,1.15453,0.001065937,0.0004392,0.0013176
8/5/26 12:26,UP,1.15452,1.15572,1.15312,1.15558,0.000553988,0.000474155,0.001422464
8/6/26 9:38,DOWN,1.15559,1.15599,1.15378,1.15388,-0.000424564,0.000417102,0.001251305
8/6/26 15:36,DOWN,1.15386,1.15469,1.15204,1.15213,-0.001075689,0.000443536,0.001330609
8/7/26 12:05,UP,1.15212,1.15368,1.15147,1.15358,0.00066771,0.000339077,0.00101723
8/7/26 12:34,UP,1.15357,1.15701,1.15266,1.1564,0.002441581,0.000682461,0.002047384
8/10/26 0:29,DOWN,1.15641,1.15809,1.15502,1.15558,-0.000138449,0.000543764,0.001631292
8/10/26 12:27,DOWN,1.15558,1.15658,1.15468,1.15471,-0.000259772,0.000414105,0.001242315
8/11/26 6:20,DOWN,1.1547,1.15557,1.15365,1.15365,-0.000355331,0.000393692,0.001181075
8/12/26 0:08,UP,1.15367,1.15485,1.15313,1.15439,7.80E-05,0.000307475,0.000922426
8/12/26 5:53,DOWN,1.1544,1.15448,1.15321,1.15329,-0.000260092,0.00031276,0.00093828
8/12/26 12:03,UP,1.1533,1.15499,1.15325,1.15451,0.000840536,0.000337532,0.001012595
8/12/26 13:09,UP,1.15448,1.15638,1.15328,1.156,0.000311467,0.000374899,0.001124696
8/12/26 14:51,DOWN,1.15599,1.15615,1.15413,1.15418,-0.001004538,0.000428002,0.001284006
8/12/26 18:22,DOWN,1.15413,1.1544,1.15199,1.15248,-0.000268949,0.000421675,0.001265024
8/13/26 10:04,UP,1.15247,1.15356,1.15118,1.15345,0.000494292,0.000413838,0.001241513
8/13/26 19:56,DOWN,1.15344,1.15455,1.15242,1.15285,-0.000156123,0.000452934,0.001358802
8/14/26 7:36,UP,1.15285,1.15475,1.15236,1.15459,0.000415818,0.000407646,0.001222939
8/14/26 11:17,UP,1.15457,1.15625,1.1545,1.15613,0.000666237,0.00041945,0.001258349
8/14/26 13:46,UP,1.15612,1.1584,1.15607,1.15829,0.001702231,0.000571477,0.001714431
8/14/26 18:03,DOWN,1.15827,1.15854,1.15629,1.15637,-0.00034585,0.000527583,0.00158275
8/17/26 1:30,UP,1.15636,1.1583,1.15611,1.15806,0.000112263,0.00048552,0.001456559
8/17/26 7:25,UP,1.15804,1.1604,1.15781,1.1602,0.000663899,0.000466528,0.001399585
8/17/26 10:58,DOWN,1.16022,1.16141,1.15895,1.15901,-0.000457182,0.00054011,0.001620329
8/17/26 18:08,DOWN,1.15902,1.15999,1.1576,1.15762,-0.00058724,0.000502132,0.001506396
8/18/26 14:11,UP,1.15761,1.15871,1.15665,1.15848,0.000457601,0.00033481,0.001004429
8/19/26 5:20,UP,1.15847,1.15885,1.157,1.15868,0.000302114,0.000323457,0.000970371
8/19/26 8:09,UP,1.15867,1.16011,1.15853,1.16008,0.00062084,0.000348326,0.001044979
8/19/26 12:49,UP,1.16007,1.1638,1.15964,1.16377,0.002589772,0.000723212,0.002169637
8/19/26 14:24,UP,1.16375,1.16689,1.16313,1.16661,0.000617363,0.000674891,0.002024673
8/20/26 1:44,UP,1.1666,1.16829,1.16568,1.16789,0.000496745,0.000540462,0.001621385
8/20/26 8:00,UP,1.16788,1.16936,1.16702,1.16921,0.001129605,0.000561469,0.001684407
8/20/26 10:12,UP,1.16918,1.17106,1.16887,1.17104,0.000580849,0.000552907,0.00165872
8/20/26 11:57,DOWN,1.17103,1.17106,1.16827,1.16851,-0.001009323,0.000609012,0.001827037
8/21/26 1:45,UP,1.16849,1.16947,1.16692,1.16896,0.000470614,0.000490656,0.001471969
8/21/26 13:29,DOWN,1.16896,1.17113,1.16809,1.16834,-0.00064173,0.000431888,0.001295663
8/24/26 8:07,DOWN,1.16834,1.16875,1.16644,1.16658,-0.000796884,0.000389146,0.001167437
8/24/26 17:32,DOWN,1.16657,1.16748,1.16566,1.16602,-0.000257252,0.000282067,0.000846201
8/25/26 4:50,DOWN,1.16603,1.1671,1.16552,1.16559,-0.000360268,0.000257316,0.000771947
8/25/26 9:03,UP,1.1656,1.16687,1.16511,1.16681,0.000548655,0.000284602,0.000853807
8/25/26 11:23,DOWN,1.16682,1.16739,1.16584,1.16596,-0.000257266,0.000301829,0.000905487
8/25/26 13:32,UP,1.16594,1.16755,1.16588,1.16725,0.000188495,0.000312315,0.000936944
8/26/26 3:52,DOWN,1.16726,1.16797,1.16639,1.16644,-0.000514253,0.000261543,0.000784628
8/26/26 8:24,UP,1.16642,1.16767,1.16599,1.16765,0.000531122,0.000287645,0.000862935
8/26/26 10:59,DOWN,1.16764,1.1677,1.16611,1.16618,-0.000360085,0.000327564,0.000982693
8/26/26 13:11,DOWN,1.16619,1.16766,1.16517,1.16532,-0.000789171,0.000461518,0.001384555
8/27/26 1:00,UP,1.16528,1.16588,1.1642,1.16568,0.000163008,0.000349087,0.001047261
8/27/26 9:16,DOWN,1.16567,1.16596,1.16434,1.16468,-0.000317633,0.000300854,0.000902562
8/27/26 13:37,UP,1.16469,1.166,1.16365,1.16552,0.000652282,0.000344846,0.001034539
8/28/26 5:27,DOWN,1.16551,1.16581,1.16433,1.16441,-0.000180333,0.000270293,0.000810879
8/28/26 14:04,DOWN,1.1644,1.16599,1.1617,1.1621,-0.001856979,0.00055255,0.001657651
8/28/26 15:53,DOWN,1.16208,1.16228,1.15946,1.16015,-0.000284406,0.000545216,0.001635647
8/28/26 17:43,DOWN,1.16012,1.16012,1.1579,1.1579,-0.000379926,0.000560589,0.001681767
8/31/26 7:36,UP,1.15793,1.15971,1.15765,1.1596,0.000698761,0.00042264,0.001267921
8/31/26 15:01,UP,1.1596,1.16182,1.15916,1.16154,0.00085268,0.00040025,0.001200749
9/1/26 1:54,DOWN,1.16155,1.16245,1.16076,1.16079,-0.000637294,0.000369081,0.001107242
9/1/26 7:41,DOWN,1.1608,1.16108,1.15927,1.15934,-0.000922513,0.00039006,0.00117018
9/1/26 14:11,UP,1.15931,1.1606,1.1588,1.1606,0.000637805,0.000380908,0.001142724
9/1/26 16:06,DOWN,1.16063,1.16082,1.1589,1.15918,-0.000112142,0.000371203,0.001113608
