EventTime,Type,Open,High,Low,Close,Return,Sigma,H
12/11/12 10:27,UP,1.2907,1.29628,1.28972,1.29573,0.000895649,0.001182573,0.003547718
12/11/12 16:46,UP,1.29581,1.30077,1.29553,1.3005,0.001631472,0.001206111,0.003618332
12/12/12 13:29,UP,1.30052,1.30423,1.29852,1.30399,0.001365974,0.001093749,0.003281247
12/12/12 19:01,UP,1.30395,1.3098,1.30319,1.30903,0.003297947,0.001262576,0.003787729
12/14/12 7:17,UP,1.30897,1.311,1.3041,1.31059,0.001343809,0.001172223,0.003516668
12/14/12 18:14,UP,1.31056,1.31629,1.30665,1.31624,0.002845472,0.001444009,0.004332028
12/18/12 16:43,UP,1.31624,1.32007,1.31441,1.31989,0.001425376,0.001042115,0.003126345
12/19/12 4:52,UP,1.3199,1.32564,1.31969,1.3248,0.001518362,0.001098999,0.003296998
12/19/12 13:35,UP,1.32479,1.32939,1.32289,1.32886,0.001039024,0.001159145,0.003477435
12/19/12 18:04,DOWN,1.3288,1.33086,1.32394,1.3241,-0.001629968,0.001250734,0.003752203
12/20/12 12:25,UP,1.32405,1.32684,1.31885,1.32645,0.002513617,0.001352847,0.00405854
12/20/12 18:08,DOWN,1.32649,1.32954,1.32147,1.32242,-0.0004007,0.00163869,0.004916071
12/21/12 17:34,DOWN,1.32237,1.32529,1.31664,1.3176,-0.00080417,0.001345567,0.004036701
12/26/12 16:42,UP,1.31761,1.32547,1.31587,1.32387,0.002594251,0.001305605,0.003916816
12/27/12 14:22,UP,1.32395,1.3284,1.32155,1.32728,0.000617996,0.001173687,0.00352106
12/27/12 19:00,DOWN,1.32728,1.3283,1.32015,1.32112,-0.001565626,0.001221611,0.003664832
12/28/12 10:21,DOWN,1.32106,1.3257,1.31791,1.31804,-0.003120978,0.001431965,0.004295896
1/2/13 2:45,UP,1.31804,1.32644,1.3166,1.3263,0.00460987,0.001590385,0.004771154
1/2/13 17:06,DOWN,1.32641,1.32999,1.32248,1.32249,-0.002477099,0.001515167,0.004545502
1/3/13 3:53,DOWN,1.32243,1.32286,1.31458,1.31485,-0.002256266,0.001578807,0.004736422
1/3/13 13:22,DOWN,1.31484,1.31701,1.30822,1.3091,-0.001145169,0.00155399,0.004661971
1/3/13 23:49,DOWN,1.3091,1.3121,1.30248,1.30307,-0.001778828,0.001547898,0.004643695
1/4/13 20:11,UP,1.30314,1.30648,1.29974,1.30569,0.000444308,0.001258205,0.003774615
1/7/13 16:55,UP,1.30568,1.30977,1.30167,1.30961,0.003028382,0.001293445,0.003880334
1/8/13 14:42,DOWN,1.30966,1.31403,1.30771,1.30804,-0.001260634,0.001159071,0.003477213
1/9/13 13:19,DOWN,1.30808,1.30973,1.30453,1.3049,-0.001516208,0.001029721,0.003089163
1/10/13 11:01,UP,1.30495,1.31067,1.30368,1.31036,0.002988374,0.001245648,0.003736944
1/10/13 14:47,UP,1.31034,1.31639,1.30925,1.31615,0.003150496,0.001413422,0.004240265
1/10/13 18:50,UP,1.31621,1.3261,1.31571,1.3256,0.003256655,0.001554016,0.004662049
1/11/13 14:45,UP,1.32554,1.33527,1.32463,1.3344,0.00371643,0.001624126,0.004872377
1/14/13 4:52,UP,1.3344,1.34042,1.33212,1.34011,0.002091567,0.001500292,0.004500876
1/14/13 15:43,DOWN,1.3401,1.34019,1.33363,1.33451,-0.001130862,0.00133019,0.003990571
1/15/13 13:46,DOWN,1.33452,1.33945,1.33125,1.3313,-0.00235582,0.001247183,0.003741548
1/15/13 20:44,DOWN,1.33126,1.33576,1.32637,1.32888,-0.000473971,0.001356305,0.004068915
1/17/13 9:57,UP,1.32894,1.33491,1.32566,1.33386,0.002041277,0.001319922,0.003959766
1/18/13 13:58,DOWN,1.33385,1.33986,1.33309,1.33354,-0.001266501,0.00128287,0.003848609
1/22/13 5:16,UP,1.33356,1.33581,1.32804,1.33478,0.002873511,0.001251374,0.003754122
1/22/13 10:22,DOWN,1.33484,1.33716,1.32668,1.32882,-0.004377755,0.001589734,0.004769203
1/22/13 16:51,DOWN,1.3288,1.33677,1.32781,1.3287,-0.002337899,0.001725068,0.005175204
1/24/13 14:09,UP,1.32867,1.3355,1.32646,1.33398,0.000547384,0.001353885,0.004061654
1/25/13 8:09,UP,1.33394,1.34181,1.33274,1.34149,0.004505135,0.001629725,0.004889175
1/25/13 21:03,UP,1.34156,1.34795,1.34049,1.34672,0.000794839,0.001337675,0.004013024
1/29/13 15:39,UP,1.3467,1.34909,1.34144,1.34832,0.002554583,0.001275926,0.003827778
1/30/13 10:31,UP,1.34826,1.35276,1.34619,1.35197,0.001058276,0.001149125,0.003447376
1/30/13 16:34,UP,1.35197,1.35781,1.35172,1.35644,0.000604706,0.00109141,0.003274231
2/1/13 1:40,UP,1.35644,1.36185,1.35412,1.36128,0.002596516,0.001001787,0.003005362
2/1/13 10:17,UP,1.36128,1.36567,1.36033,1.36487,0.001598499,0.001004039,0.003012116
2/1/13 15:55,DOWN,1.36486,1.36751,1.35862,1.35927,-0.003532418,0.001313731,0.003941194
2/1/13 17:25,UP,1.35927,1.37112,1.35884,1.36978,0.003590957,0.001803346,0.005410038
2/4/13 9:13,DOWN,1.36973,1.37038,1.36021,1.36075,-0.001835536,0.001760816,0.005282448
2/4/13 17:23,DOWN,1.36075,1.36113,1.35402,1.35424,-0.001188153,0.001528989,0.004586968
2/5/13 8:48,DOWN,1.35428,1.35468,1.34616,1.3466,-0.00148412,0.001402697,0.004208092
2/5/13 10:30,UP,1.3466,1.35427,1.34583,1.35342,0.001575031,0.001602856,0.004808569
2/5/13 18:27,UP,1.35341,1.35977,1.3502,1.3574,0.000641137,0.001646673,0.004940018
2/6/13 13:59,DOWN,1.35744,1.35965,1.35044,1.35279,-9.61E-05,0.001364028,0.004092085
2/7/13 10:23,UP,1.35282,1.35777,1.34936,1.35646,0.001807805,0.001319539,0.003958617
2/7/13 15:02,DOWN,1.35645,1.35759,1.34527,1.34551,-0.006939766,0.002075775,0.006227324
2/8/13 14:05,DOWN,1.34544,1.3477,1.33704,1.338,-0.002470787,0.001671894,0.005015683
2/12/13 12:21,UP,1.33802,1.34667,1.33531,1.34539,0.004074023,0.001668397,0.00500519
2/13/13 12:03,UP,1.34537,1.34929,1.34101,1.34891,0.001045835,0.00154976,0.004649281
2/14/13 7:58,DOWN,1.34891,1.35201,1.34191,1.34202,-0.002076798,0.001514405,0.004543216
2/14/13 11:23,DOWN,1.34198,1.34247,1.33201,1.33286,-0.003684514,0.001735425,0.005206274
2/19/13 8:57,DOWN,1.33292,1.33933,1.33063,1.33366,-0.000959305,0.001237902,0.003713706
2/19/13 19:11,UP,1.33367,1.33944,1.33288,1.33918,0.002130436,0.001183249,0.003549747
2/20/13 18:36,DOWN,1.33912,1.34208,1.33379,1.33425,-0.002111317,0.001188981,0.003566943
2/20/13 21:35,DOWN,1.33426,1.33585,1.32735,1.32844,-0.001218733,0.001377024,0.004131073
2/21/13 9:36,DOWN,1.32843,1.32911,1.32126,1.32216,-0.00290767,0.001452008,0.004356023
2/22/13 16:04,DOWN,1.32216,1.32456,1.31452,1.31497,-0.00246849,0.001421535,0.004264604
2/25/13 7:34,UP,1.31497,1.32189,1.31483,1.32125,0.002204889,0.001432999,0.004298998
2/25/13 12:59,UP,1.32124,1.32748,1.32062,1.3268,0.000867123,0.001363683,0.004091049
2/25/13 16:48,DOWN,1.32681,1.3319,1.32264,1.32312,-0.003696527,0.00174174,0.00522522
2/25/13 19:34,DOWN,1.32313,1.3234,1.3148,1.31493,-0.002066415,0.001806113,0.005418339
2/25/13 22:17,DOWN,1.31484,1.31507,1.30475,1.30595,-0.002844452,0.001922756,0.005768268
2/27/13 11:13,UP,1.30589,1.31231,1.30182,1.31144,0.002932374,0.001674067,0.005022201
2/28/13 1:22,UP,1.31146,1.31622,1.30664,1.31462,0.000304317,0.001693827,0.00508148
2/28/13 16:57,DOWN,1.31467,1.31585,1.3058,1.30677,-0.002178575,0.001596997,0.004790991
3/1/13 13:06,DOWN,1.30677,1.31015,1.30093,1.30094,-0.00254875,0.001580943,0.00474283
3/5/13 6:36,UP,1.30097,1.30468,1.29666,1.30322,0.000399091,0.00122068,0.003662039
3/6/13 14:28,DOWN,1.30323,1.30755,1.30102,1.30182,-0.001366383,0.001188529,0.003565587
3/7/13 10:08,UP,1.30183,1.30445,1.29652,1.30358,0.000590856,0.001278441,0.003835324
3/7/13 14:34,UP,1.30356,1.30974,1.29886,1.30947,0.002523284,0.001579173,0.004737518
3/8/13 13:52,DOWN,1.30952,1.31347,1.30066,1.30168,-0.005791078,0.002018502,0.006055506
3/11/13 17:29,UP,1.3017,1.30384,1.29552,1.30356,0.002050338,0.001672823,0.005018469
3/12/13 13:55,UP,1.30356,1.30748,1.2991,1.30679,0.002037597,0.001542004,0.004626013
3/13/13 11:59,DOWN,1.30684,1.30714,1.29956,1.30069,-0.000837666,0.001476426,0.004429278
3/13/13 13:47,DOWN,1.30065,1.30146,1.29313,1.29341,-0.003103243,0.001690886,0.005072657
3/14/13 16:29,UP,1.29335,1.29958,1.29114,1.29958,0.001517024,0.001432116,0.004296349
3/15/13 10:18,UP,1.29947,1.307,1.2988,1.30684,0.002129535,0.001391948,0.004175843
3/17/13 22:31,DOWN,1.30677,1.31072,1.28995,1.29094,-0.011475877,0.003115329,0.009345986
3/19/13 15:53,DOWN,1.29097,1.29961,1.2882,1.29017,-0.00282509,0.001850377,0.005551131
3/20/13 10:41,UP,1.29017,1.29365,1.28437,1.29189,0.000603949,0.001637973,0.00491392
3/21/13 9:00,DOWN,1.29185,1.29786,1.28796,1.28892,-0.002657608,0.001484547,0.004453641
3/22/13 11:33,UP,1.28891,1.29662,1.28831,1.29581,0.002472552,0.001240829,0.003722486
3/24/13 23:52,UP,1.29586,1.30484,1.29359,1.30327,0.003266357,0.001358182,0.004074545
3/25/13 12:57,DOWN,1.30325,1.30484,1.29351,1.2942,-0.003725088,0.001637604,0.004912813
3/25/13 17:17,DOWN,1.29422,1.29479,1.28295,1.28373,-0.003212023,0.001796531,0.005389593
3/27/13 10:10,DOWN,1.28367,1.28901,1.27987,1.28093,-0.00233931,0.0015039,0.004511701
3/28/13 14:15,UP,1.28093,1.28378,1.27514,1.28295,0.002473926,0.001468208,0.004404625
4/1/13 1:56,DOWN,1.28292,1.2845,1.27713,1.27767,-0.00349245,0.001593671,0.004781014
4/1/13 15:43,UP,1.27763,1.28682,1.27748,1.28577,0.002296981,0.001633439,0.004900317
4/2/13 14:06,DOWN,1.28572,1.2878,1.28119,1.282,-0.000849873,0.001351557,0.004054672
4/3/13 14:02,UP,1.28195,1.28609,1.27898,1.28586,0.001712382,0.001361874,0.004085622
4/4/13 8:13,DOWN,1.28589,1.28648,1.27831,1.27928,-0.00323097,0.001391611,0.004174834
4/4/13 14:53,UP,1.27929,1.28821,1.27462,1.28583,0.000715747,0.001634213,0.00490264
4/5/13 12:08,UP,1.28583,1.29492,1.2847,1.29452,0.001546169,0.00185927,0.00557781
4/5/13 14:49,UP,1.29452,1.30389,1.29382,1.3036,0.003357887,0.002174334,0.006523002
4/9/13 1:05,UP,1.3036,1.30683,1.29684,1.30612,0.003082564,0.001709987,0.005129962
4/9/13 15:27,UP,1.30618,1.30928,1.30049,1.30919,0.003358853,0.001721328,0.005163983
4/10/13 23:48,DOWN,1.30931,1.31222,1.30524,1.30597,-0.000252654,0.001318934,0.003956802
4/11/13 10:15,UP,1.30597,1.31279,1.30438,1.31277,0.003105131,0.001430731,0.004292193
4/12/13 7:46,DOWN,1.31278,1.31386,1.30622,1.30654,-0.002415682,0.001451741,0.004355222
4/15/13 1:32,UP,1.30657,1.31267,1.30378,1.31049,0.000190787,0.001229,0.003687
4/15/13 10:11,DOWN,1.31049,1.31063,1.30525,1.30601,-0.000528187,0.001120717,0.003362152
4/15/13 18:35,DOWN,1.30602,1.31075,1.30354,1.30411,-0.002144757,0.001193731,0.003581194
4/16/13 11:24,UP,1.30406,1.3124,1.30215,1.31208,0.002671084,0.001330993,0.003992979
4/16/13 17:17,UP,1.31204,1.31927,1.31121,1.31844,0.001221886,0.001385458,0.004156375
4/17/13 12:02,DOWN,1.31839,1.32018,1.31203,1.31252,-0.000967136,0.00150811,0.004524329
4/17/13 14:39,DOWN,1.31259,1.31469,1.30448,1.30481,-0.003068532,0.001792534,0.005377603
4/19/13 8:05,UP,1.3048,1.30963,1.30015,1.30771,0.001009908,0.001298572,0.003895716
4/22/13 8:10,DOWN,1.3077,1.31292,1.30347,1.30506,-0.001829659,0.001289414,0.003868242
4/23/13 7:17,UP,1.30509,1.30842,1.30152,1.30799,0.002602793,0.001245231,0.003735692
4/23/13 7:58,DOWN,1.30795,1.30829,1.298,1.29941,-0.006581292,0.002014043,0.006042128
4/25/13 1:32,UP,1.29941,1.30574,1.2954,1.3054,0.002945962,0.001572906,0.004718717
4/25/13 14:59,DOWN,1.30539,1.30937,1.29892,1.30044,-0.00176707,0.001650551,0.004951653
4/29/13 6:18,UP,1.30048,1.30686,1.29906,1.30649,0.001018513,0.001314111,0.003942333
4/30/13 13:46,UP,1.30651,1.31434,1.30543,1.31352,0.00463953,0.001627503,0.004882509
5/1/13 11:03,UP,1.31348,1.32001,1.31279,1.31974,0.000682185,0.001495145,0.004485434
5/2/13 5:24,DOWN,1.3197,1.3243,1.31664,1.31685,-0.00079704,0.001519865,0.004559596
5/2/13 13:32,DOWN,1.31685,1.32187,1.30612,1.30706,-0.007348266,0.002331613,0.006994839
5/3/13 14:28,UP,1.30703,1.31553,1.30334,1.31443,0.001896154,0.002433232,0.007299697
5/8/13 11:01,UP,1.31444,1.31594,1.30536,1.31265,0.001501908,0.001632668,0.004898004
5/9/13 13:45,DOWN,1.31268,1.31945,1.30952,1.30981,-0.002143051,0.001453249,0.004359746
5/9/13 19:46,DOWN,1.30982,1.31149,1.30103,1.30352,-0.000406509,0.00176278,0.005288341
5/10/13 12:32,DOWN,1.30351,1.30512,1.2978,1.29878,-0.000246355,0.001497175,0.004491524
5/14/13 0:48,UP,1.2988,1.30264,1.29353,1.30194,0.003385296,0.001509469,0.004528407
5/14/13 12:37,DOWN,1.30187,1.30294,1.29468,1.29576,-0.000216066,0.001508726,0.004526179
5/14/13 20:48,DOWN,1.2958,1.29947,1.29116,1.29188,-0.001902391,0.00146059,0.004381769
5/15/13 11:04,DOWN,1.29188,1.29427,1.2852,1.28578,-0.001903645,0.001462791,0.004388374
5/16/13 12:37,UP,1.2858,1.29174,1.28431,1.29139,0.002659586,0.001293763,0.00388129
5/17/13 3:37,DOWN,1.29134,1.29299,1.28561,1.28623,-0.001452805,0.001301745,0.003905235
5/17/13 13:12,DOWN,1.28625,1.28894,1.28147,1.28205,-0.003472766,0.001451872,0.004355617
5/20/13 9:50,UP,1.28211,1.28786,1.27964,1.28684,0.000303114,0.00121541,0.003646229
5/21/13 11:17,DOWN,1.28689,1.29044,1.28412,1.28449,-0.002231857,0.00116117,0.00348351
5/21/13 15:42,UP,1.28449,1.29161,1.28441,1.29147,0.003793569,0.001455354,0.004366062
5/22/13 15:10,DOWN,1.29152,1.29984,1.28732,1.28806,-0.003495274,0.001574222,0.004722666
5/23/13 9:24,UP,1.2881,1.29044,1.28214,1.28926,0.001179666,0.001366716,0.004100147
5/23/13 16:28,UP,1.28928,1.29572,1.28759,1.29488,0.002489814,0.001313033,0.003939098
5/24/13 8:36,UP,1.29491,1.29874,1.29043,1.29825,0.003572714,0.001472216,0.004416647
5/24/13 15:15,DOWN,1.29821,1.29936,1.29131,1.2919,-0.001801921,0.00141456,0.004243679
5/28/13 14:39,DOWN,1.29188,1.29498,1.28562,1.28634,-0.003809765,0.001644107,0.00493232
5/29/13 11:06,UP,1.28633,1.29693,1.28379,1.29586,0.005781191,0.001923409,0.005770227
5/30/13 9:45,UP,1.29589,1.29916,1.2919,1.29887,0.001996032,0.001539152,0.004617455
5/30/13 13:43,UP,1.29881,1.30493,1.29416,1.30265,0.002998388,0.001839004,0.005517013
5/31/13 9:36,DOWN,1.30265,1.30617,1.29802,1.29905,-0.002721362,0.001656628,0.004969885
6/3/13 8:55,UP,1.29908,1.30438,1.29442,1.30195,0.000353379,0.001573447,0.004720341
6/3/13 15:27,UP,1.30192,1.31079,1.29554,1.30829,0.004681158,0.002136209,0.006408628
6/6/13 5:06,UP,1.30839,1.31161,1.30421,1.31068,0.001114546,0.001322529,0.003967588
6/6/13 14:35,UP,1.31074,1.31749,1.30914,1.31719,0.001762878,0.001297667,0.003893002
6/6/13 16:19,UP,1.31717,1.3278,1.31674,1.32617,0.005307499,0.00181736,0.00545208
6/7/13 14:02,DOWN,1.3261,1.33062,1.31916,1.31982,-0.00124939,0.001620762,0.004862285
6/10/13 17:53,UP,1.31982,1.32496,1.31774,1.32494,0.000536017,0.00160497,0.004814911
6/11/13 22:22,UP,1.32502,1.33178,1.32322,1.33145,0.001804173,0.001540634,0.004621901
6/12/13 14:54,UP,1.33145,1.33413,1.32656,1.33388,0.002176475,0.001430863,0.004292589
6/13/13 12:57,DOWN,1.33386,1.33905,1.32938,1.33177,-0.000472943,0.001315582,0.003946746
6/13/13 20:45,UP,1.33177,1.3379,1.32786,1.33757,0.002425242,0.001414109,0.004242328
6/14/13 11:42,DOWN,1.33757,1.33768,1.33115,1.33119,-0.000976093,0.001318511,0.003955532
6/17/13 22:05,UP,1.33124,1.3382,1.32947,1.33621,0.001805237,0.001195402,0.003586207
6/18/13 14:09,UP,1.33617,1.34008,1.33258,1.3395,0.003110469,0.001612275,0.004836825
6/19/13 18:51,DOWN,1.33946,1.34182,1.32787,1.32886,-0.004579897,0.001916257,0.005748772
6/20/13 8:03,DOWN,1.32892,1.33023,1.32134,1.32242,-0.001632037,0.001722772,0.005168317
6/21/13 13:20,DOWN,1.32243,1.32543,1.3146,1.31666,-0.001237215,0.001556233,0.004668698
6/24/13 7:08,DOWN,1.31672,1.31769,1.30785,1.30871,-0.001466018,0.001526419,0.004579257
6/25/13 6:41,UP,1.30868,1.31501,1.30589,1.31437,0.002170693,0.001364505,0.004093514
6/25/13 14:51,DOWN,1.31441,1.31511,1.3065,1.30787,-0.001741775,0.00147965,0.004438951
6/26/13 9:33,DOWN,1.30781,1.31041,1.30299,1.30313,-0.002995976,0.001451426,0.004354278
6/28/13 1:57,UP,1.30322,1.30577,1.29847,1.30514,0.000812503,0.001151684,0.003455051
6/28/13 12:49,UP,1.30514,1.31002,1.30412,1.30953,0.001780849,0.001219593,0.003658779
6/28/13 14:56,DOWN,1.30952,1.31032,1.29968,1.29998,-0.002857496,0.00171086,0.00513258
7/1/13 15:42,UP,1.29993,1.30617,1.29915,1.3058,0.001908697,0.001434104,0.004302313
7/2/13 13:27,DOWN,1.30584,1.30784,1.29919,1.29992,-0.001368378,0.001355364,0.004066093
7/3/13 1:04,DOWN,1.29992,1.30382,1.29638,1.29673,-0.000686106,0.001375027,0.004125081
7/3/13 16:35,UP,1.29671,1.30322,1.29231,1.30101,0.002046658,0.001321145,0.003963435
7/4/13 13:01,DOWN,1.30106,1.30236,1.28831,1.28975,-0.006769052,0.002025045,0.006075135
7/5/13 12:32,DOWN,1.28971,1.29327,1.28126,1.2825,-0.004341439,0.001921728,0.005765183
7/8/13 18:52,UP,1.2825,1.28793,1.28061,1.28745,0.000528315,0.001359037,0.004077112
7/9/13 14:29,DOWN,1.28745,1.28986,1.2805,1.28092,-0.003965832,0.001573232,0.004719695
7/10/13 14:29,UP,1.28093,1.28437,1.27554,1.28357,0.000958724,0.001497539,0.004492617
7/10/13 18:45,UP,1.28357,1.29473,1.28343,1.29107,0.001953777,0.001661264,0.004983793
7/10/13 21:38,UP,1.29107,1.29984,1.28687,1.29927,0.00816861,0.002575371,0.007726112
7/10/13 23:25,UP,1.29927,1.32062,1.29887,1.31315,0.00487804,0.003025193,0.00907558
7/11/13 13:39,DOWN,1.31321,1.31506,1.30056,1.30347,6.90E-05,0.002662267,0.007986802
7/15/13 11:01,DOWN,1.30351,1.31226,1.29995,1.30228,-0.000422247,0.001913188,0.005739564
7/16/13 6:12,UP,1.30226,1.30958,1.29934,1.3086,0.00113927,0.00171774,0.005153219
7/16/13 12:48,UP,1.30859,1.31375,1.30507,1.31338,0.000822644,0.001739223,0.005217669
7/17/13 14:46,DOWN,1.31336,1.31785,1.30867,1.30879,-0.004246809,0.001752259,0.005256777
7/18/13 16:15,DOWN,1.30876,1.31603,1.30661,1.30714,-0.001055183,0.001579594,0.004738781
7/19/13 4:05,UP,1.30713,1.31507,1.30692,1.31367,0.002095566,0.001618814,0.004856442
7/22/13 10:51,UP,1.31372,1.3192,1.30967,1.31822,0.001791897,0.001386556,0.004159667
7/23/13 18:14,UP,1.31819,1.32306,1.31601,1.32167,0.000257283,0.001244021,0.003732063
7/24/13 18:01,DOWN,1.32161,1.32564,1.31767,1.31848,-0.002075994,0.001458449,0.004375347
7/25/13 15:02,UP,1.3185,1.32391,1.31656,1.3233,0.000801349,0.001507106,0.004521319
7/26/13 9:02,UP,1.32325,1.32971,1.32222,1.32887,0.000481728,0.001389219,0.004167658
7/31/13 6:41,DOWN,1.32888,1.33015,1.32345,1.32456,-0.001410794,0.001067498,0.003202493
7/31/13 13:11,DOWN,1.3245,1.33007,1.32089,1.32248,-0.001835771,0.001288271,0.003864814
7/31/13 18:27,UP,1.32244,1.33386,1.32172,1.33055,0.002136737,0.001389029,0.004167086
8/1/13 7:02,DOWN,1.33055,1.33453,1.32459,1.32484,-0.002148893,0.00141289,0.00423867
8/2/13 14:27,UP,1.32484,1.32848,1.3186,1.32776,0.002412983,0.001635541,0.004906623
8/6/13 14:14,UP,1.3278,1.33129,1.32327,1.33065,0.000571313,0.001244116,0.003732349
8/7/13 15:40,UP,1.33067,1.33319,1.32656,1.33304,0.000607818,0.001200261,0.003600783
8/8/13 14:18,UP,1.33299,1.3395,1.33173,1.33887,0.002205782,0.00112356,0.003370679
8/9/13 14:42,DOWN,1.33882,1.34006,1.33496,1.3353,-0.000404322,0.000953986,0.002861957
8/12/13 7:51,DOWN,1.33528,1.33555,1.33028,1.33028,-0.001599886,0.000977205,0.002931615
8/13/13 12:48,DOWN,1.33031,1.33175,1.3255,1.32562,-0.00240353,0.001220394,0.003661183
8/15/13 2:41,UP,1.32562,1.33109,1.32334,1.32982,0.002492162,0.001148442,0.003445327
8/15/13 12:40,DOWN,1.32978,1.33015,1.32267,1.32371,-0.003732515,0.001388123,0.004164368
8/15/13 17:25,UP,1.3237,1.33457,1.32056,1.33139,0.003498704,0.001630555,0.004891666
8/20/13 9:13,UP,1.3314,1.33862,1.33083,1.33787,0.002304821,0.001278684,0.003836052
8/20/13 14:06,UP,1.33785,1.34524,1.33729,1.34389,0.001444613,0.001303061,0.003909183
8/21/13 11:42,DOWN,1.3439,1.34401,1.33807,1.33909,-0.000261337,0.001185945,0.003557835
8/22/13 0:30,DOWN,1.33914,1.33991,1.33336,1.33342,-0.001513755,0.001124285,0.003372855
8/22/13 16:45,UP,1.33346,1.33736,1.32981,1.3366,0.002067076,0.001368992,0.004106976
8/27/13 8:49,DOWN,1.33665,1.34101,1.33227,1.33351,-0.003152109,0.001425651,0.004276954
8/28/13 13:55,DOWN,1.33354,1.3399,1.33051,1.33111,-0.004422597,0.001764161,0.005292482
8/29/13 7:33,DOWN,1.33113,1.33455,1.32611,1.32697,-0.001468435,0.001754779,0.005264338
8/30/13 14:01,DOWN,1.32699,1.32759,1.321,1.32132,-0.000658216,0.001332969,0.003998907
9/3/13 6:39,DOWN,1.32133,1.32276,1.31638,1.3168,-0.001676904,0.001194897,0.003584691
9/4/13 15:46,UP,1.31678,1.32182,1.31387,1.32157,0.003137555,0.00113453,0.00340359
9/5/13 12:19,UP,1.32157,1.32234,1.31631,1.32179,0.000211856,0.001161783,0.003485348
9/5/13 12:57,DOWN,1.32183,1.32213,1.3136,1.31496,-0.005180632,0.001696789,0.005090366
9/9/13 0:57,UP,1.31491,1.31897,1.31047,1.31757,0.000501048,0.001497843,0.00449353
9/9/13 14:22,UP,1.31763,1.3238,1.31667,1.32374,0.001935787,0.001433523,0.00430057
9/11/13 14:20,UP,1.32367,1.33013,1.32301,1.32897,0.001724625,0.001188442,0.003565325
9/13/13 14:18,DOWN,1.32899,1.33252,1.32539,1.32614,-0.000761319,0.00132164,0.003964921
9/16/13 1:59,UP,1.32616,1.3369,1.32575,1.33647,0.004627329,0.001733262,0.005199787
9/18/13 18:05,UP,1.33647,1.34675,1.33251,1.34544,0.007280572,0.002067291,0.006201873
9/19/13 6:40,UP,1.34551,1.35425,1.3443,1.35292,0.000280913,0.001825312,0.005475935
9/20/13 14:53,DOWN,1.35297,1.35689,1.3498,1.3501,-0.001798249,0.001416835,0.004250504
9/24/13 9:55,DOWN,1.35015,1.3545,1.34794,1.34862,-0.001422665,0.0011176,0.003352799
9/25/13 9:57,UP,1.34863,1.35153,1.34619,1.35133,0.001755367,0.001082858,0.003248573
9/26/13 15:58,DOWN,1.35129,1.35376,1.34751,1.34845,-0.000422618,0.000910943,0.002732829
9/27/13 11:49,UP,1.34848,1.35384,1.34721,1.35354,0.003144854,0.00112109,0.003363269
9/30/13 0:02,DOWN,1.35352,1.35648,1.34922,1.34946,-0.001961823,0.001153359,0.003460077
9/30/13 13:26,UP,1.34952,1.35563,1.34777,1.35396,0.001123263,0.001157918,0.003473755
10/1/13 7:09,UP,1.35396,1.35883,1.35174,1.35763,0.002559197,0.00120879,0.003626369
10/1/13 14:02,DOWN,1.35761,1.35805,1.35189,1.35283,-0.001536337,0.001167787,0.003503361
10/2/13 13:00,UP,1.35279,1.35852,1.35053,1.35843,0.004441435,0.001494749,0.004484246
10/4/13 14:16,DOWN,1.35843,1.36466,1.35765,1.35833,-0.000390109,0.000982506,0.002947519
10/8/13 14:39,UP,1.3584,1.36067,1.35385,1.35977,0.001140549,0.000975141,0.002925424
10/9/13 7:14,DOWN,1.35976,1.36075,1.35338,1.35356,-0.002073855,0.001044288,0.003132864
10/11/13 7:53,UP,1.3535,1.35599,1.34855,1.35574,0.001528008,0.000986462,0.002959387
10/14/13 13:14,UP,1.35568,1.3598,1.35234,1.35905,0.002062388,0.001337161,0.004011482
10/15/13 9:49,DOWN,1.35902,1.35948,1.3499,1.35069,-0.002765129,0.001337145,0.004011434
10/16/13 8:51,UP,1.35068,1.35442,1.34794,1.35363,0.001315848,0.001106591,0.003319774
10/16/13 15:18,DOWN,1.35365,1.35677,1.34727,1.34778,-0.00311139,0.001367632,0.004102895
10/17/13 4:34,UP,1.34778,1.35525,1.34753,1.35418,0.000701778,0.001388468,0.004165403
10/17/13 7:52,UP,1.35422,1.36236,1.3541,1.36184,0.004459792,0.001724954,0.005174863
10/17/13 21:08,UP,1.36184,1.36822,1.36153,1.3677,0.000519254,0.001381857,0.004145572
10/22/13 12:42,UP,1.36778,1.37486,1.3651,1.37335,0.004319945,0.001398148,0.004194443
10/23/13 17:29,UP,1.37342,1.37934,1.37183,1.37861,0.000682079,0.001078584,0.003235751
10/25/13 4:33,UP,1.37859,1.38256,1.37645,1.38198,0.001926629,0.000999655,0.002998966
10/28/13 14:47,DOWN,1.38192,1.38326,1.37746,1.37806,-0.000681886,0.000867136,0.002601409
10/29/13 13:09,DOWN,1.3781,1.38102,1.37538,1.37569,-0.000842858,0.000764257,0.00229277
10/29/13 16:16,UP,1.37569,1.38137,1.37555,1.38004,0.000732131,0.000831792,0.002495377
10/29/13 18:08,DOWN,1.38003,1.38014,1.37365,1.37424,-0.001330759,0.001088893,0.003266678
10/30/13 18:56,UP,1.37427,1.37859,1.37328,1.37833,0.001488414,0.001004175,0.003012526
10/30/13 19:24,DOWN,1.37826,1.37849,1.37146,1.37156,-0.004923843,0.001550006,0.004650019
10/31/13 12:33,DOWN,1.37163,1.37396,1.36548,1.36587,-0.000651387,0.001541436,0.004624307
10/31/13 17:11,DOWN,1.36594,1.36594,1.3587,1.35937,-0.001183671,0.001511842,0.004535527
11/1/13 9:56,DOWN,1.35941,1.35997,1.35173,1.35353,-0.001513412,0.001356584,0.004069753
11/1/13 18:02,DOWN,1.35353,1.35397,1.34801,1.34843,7.42E-06,0.001224296,0.003672888
11/5/13 14:54,DOWN,1.34841,1.35247,1.3442,1.34687,-0.001661734,0.001049194,0.003147582
11/6/13 6:44,UP,1.34691,1.35218,1.3449,1.35066,0.001281676,0.001028003,0.003084008
11/6/13 16:01,UP,1.35065,1.35479,1.34881,1.35442,0.00209904,0.001070368,0.003211104
11/7/13 14:06,DOWN,1.35446,1.35472,1.33538,1.33714,-0.010600688,0.002765172,0.008295515
11/7/13 19:47,UP,1.33719,1.34364,1.32957,1.34305,0.001773658,0.002651425,0.007954276
11/8/13 16:32,DOWN,1.34308,1.34499,1.33177,1.33296,-0.001529259,0.002063928,0.006191785
11/11/13 15:26,UP,1.33298,1.34126,1.33225,1.34055,0.000626805,0.001708193,0.00512458
11/12/13 15:01,UP,1.34059,1.3445,1.33593,1.34414,0.001414543,0.00144856,0.004345679
11/13/13 22:52,UP,1.34412,1.34958,1.33901,1.34936,0.002686358,0.001720827,0.005162481
11/18/13 0:18,UP,1.34934,1.35057,1.34183,1.34867,0.000600772,0.001248255,0.003744764
11/18/13 16:09,UP,1.3486,1.35421,1.34744,1.35353,0.001397325,0.001152485,0.003457456
11/19/13 13:09,DOWN,1.35354,1.35434,1.34877,1.34919,-0.000437204,0.001029421,0.003088263
11/19/13 19:20,UP,1.34926,1.35474,1.34909,1.35368,0.001264022,0.001018581,0.003055742
11/20/13 16:46,DOWN,1.35369,1.3579,1.34548,1.3465,-0.005340338,0.001583778,0.004751333
11/21/13 18:50,UP,1.3465,1.34791,1.33994,1.34625,0,0.001272931,0.003818794
11/22/13 10:19,UP,1.34627,1.35275,1.34456,1.35182,0.0024738,0.001295402,0.003886206
11/25/13 16:16,DOWN,1.35184,1.35605,1.34902,1.34947,-0.00099249,0.001015645,0.003046934
11/26/13 2:24,UP,1.34947,1.35412,1.34907,1.35388,0.001456137,0.001038165,0.003114494
11/27/13 4:54,UP,1.35394,1.35996,1.35211,1.35893,0.001553899,0.001112067,0.003336202
11/28/13 23:13,UP,1.35895,1.36191,1.3559,1.36068,0.000411644,0.000851945,0.002555836
12/2/13 10:14,DOWN,1.3606,1.3622,1.35742,1.35752,-0.002170723,0.000944177,0.00283253
12/3/13 3:44,DOWN,1.35742,1.35777,1.35243,1.35351,-0.000376727,0.00088878,0.00266634
12/3/13 12:55,UP,1.3535,1.35761,1.35286,1.35712,0.000117904,0.000883348,0.002650045
12/4/13 15:37,DOWN,1.35714,1.36141,1.35283,1.35363,-0.001587062,0.001018244,0.003054732
12/4/13 18:59,UP,1.35363,1.36057,1.35356,1.35961,0.00293898,0.001201962,0.003605887
12/5/13 14:48,DOWN,1.35959,1.36397,1.35433,1.35662,-0.001377477,0.001266022,0.003798065
12/5/13 15:17,UP,1.35658,1.36466,1.35641,1.36442,0.005733118,0.001865144,0.005595431
12/9/13 1:54,UP,1.36441,1.37149,1.36191,1.37107,0.001350222,0.001318728,0.003956184
12/10/13 6:08,UP,1.37116,1.37679,1.36941,1.37589,0.001571127,0.001148874,0.003446621
12/11/13 16:14,UP,1.37594,1.37985,1.37402,1.37933,0.001356651,0.001028873,0.003086619
12/12/13 14:58,DOWN,1.37929,1.3811,1.37501,1.37576,-0.001445428,0.001002448,0.003007345
12/13/13 11:44,DOWN,1.37581,1.37797,1.37145,1.3715,-0.003261173,0.001192866,0.003578598
12/16/13 11:40,UP,1.37151,1.37817,1.37092,1.37788,0.001583394,0.001182215,0.003546645
12/17/13 16:05,DOWN,1.37792,1.37987,1.37314,1.37392,-0.001411022,0.000990302,0.002970905
12/18/13 20:16,UP,1.37397,1.38008,1.37034,1.37817,0.001866533,0.000943338,0.002830015
12/18/13 21:34,DOWN,1.37822,1.38117,1.36989,1.371,-0.003945525,0.001345879,0.004037636
12/19/13 22:00,DOWN,1.37096,1.37111,1.36493,1.3656,-0.000483187,0.001164268,0.003492803
12/20/13 16:38,UP,1.36554,1.3707,1.36251,1.37035,0.002820773,0.001363431,0.004090292
12/24/13 16:41,DOWN,1.37037,1.37171,1.36549,1.36618,-0.001440938,0.001108944,0.003326832
12/27/13 4:11,UP,1.36617,1.37456,1.36613,1.37397,0.003287858,0.001228753,0.003686258
12/27/13 10:45,UP,1.37402,1.38028,1.37327,1.37979,0.000391441,0.001293662,0.003880986
12/27/13 17:12,DOWN,1.37977,1.38941,1.37671,1.37697,-0.002893476,0.001629143,0.004887428
12/30/13 17:14,UP,1.37704,1.38188,1.37283,1.3818,0.001665882,0.001501051,0.004503153
1/1/14 23:06,DOWN,1.38174,1.38194,1.37392,1.37561,-0.001612529,0.001296502,0.003889505
1/2/14 12:04,DOWN,1.37631,1.37762,1.37065,1.37091,-0.001938437,0.001294596,0.003883787
1/2/14 13:56,DOWN,1.37086,1.37086,1.36373,1.36416,-0.002957153,0.001492116,0.004476348
1/3/14 15:10,DOWN,1.36416,1.36769,1.36125,1.36127,-0.002018135,0.001210154,0.003630462
1/6/14 16:43,UP,1.36132,1.36349,1.35713,1.36287,0.000991048,0.000972089,0.002916267
1/7/14 16:07,DOWN,1.36292,1.36567,1.35992,1.36034,-0.002129551,0.001048579,0.003145738
1/8/14 12:03,DOWN,1.36029,1.36404,1.35803,1.35878,-0.000993045,0.001128074,0.003384222
1/9/14 12:21,UP,1.35874,1.36223,1.35533,1.36072,7.35E-05,0.001005491,0.003016474
1/9/14 15:03,DOWN,1.36077,1.36333,1.35482,1.35641,-0.002172497,0.00109766,0.003292979
1/10/14 4:09,UP,1.35637,1.36138,1.35492,1.36127,0.000507008,0.001041778,0.003125333
1/10/14 15:20,UP,1.36126,1.36644,1.35714,1.36464,0.000711063,0.001251898,0.003755695
1/14/14 10:03,UP,1.36456,1.36998,1.36336,1.36859,0.001718572,0.001032755,0.003098264
1/15/14 3:27,DOWN,1.3686,1.36904,1.36333,1.3643,-0.002006342,0.001016702,0.003050107
1/15/14 15:18,DOWN,1.36432,1.36451,1.35853,1.35992,-0.00063219,0.000939541,0.002818622
1/17/14 14:13,DOWN,1.35992,1.36497,1.35813,1.35857,-0.001346098,0.001013763,0.003041288
1/17/14 18:27,DOWN,1.35853,1.35892,1.35331,1.35383,-0.001955496,0.001040676,0.003122029
1/20/14 16:57,UP,1.35383,1.35667,1.35075,1.35639,0.0002212,0.000879883,0.002639649
1/21/14 12:35,DOWN,1.35639,1.35683,1.35251,1.3528,-0.000517311,0.000879137,0.00263741
1/22/14 3:00,UP,1.3528,1.35735,1.35163,1.3569,0.000633999,0.000840158,0.002520474
1/22/14 14:55,UP,1.35697,1.35836,1.35346,1.35789,0.001584594,0.000919931,0.002759794
1/23/14 0:48,DOWN,1.35793,1.35798,1.35389,1.35427,-0.000191967,0.000878866,0.002636599
1/23/14 9:04,UP,1.35427,1.35958,1.35302,1.35937,0.003433948,0.001166895,0.003500686
1/23/14 14:49,UP,1.35937,1.36631,1.35921,1.36599,0.001839185,0.001249233,0.003747698
1/24/14 13:38,UP,1.36599,1.37377,1.36537,1.37359,0.004640955,0.001613508,0.004840523
1/27/14 14:21,DOWN,1.37349,1.37397,1.36667,1.36687,-0.001001788,0.001293112,0.003879336
1/29/14 15:31,DOWN,1.36687,1.36887,1.36027,1.36098,-0.001893898,0.001261439,0.003784318
1/30/14 11:06,DOWN,1.36099,1.36769,1.35983,1.36045,-0.000249886,0.001354428,0.004063283
1/30/14 19:19,DOWN,1.36058,1.36175,1.35431,1.35528,-0.000693343,0.001253264,0.003759792
1/31/14 15:39,DOWN,1.35524,1.35741,1.35024,1.35058,-0.001908468,0.001169106,0.003507318
2/4/14 0:34,UP,1.35058,1.35361,1.34768,1.3527,0.000273564,0.000975288,0.002925864
2/5/14 15:20,UP,1.35276,1.35491,1.34931,1.35467,0.001810196,0.000970369,0.002911108
2/6/14 15:35,UP,1.35467,1.35593,1.34828,1.35587,0.001867704,0.001079467,0.003238402
2/7/14 15:41,UP,1.35575,1.3644,1.35439,1.36114,0.003149377,0.001257605,0.003772816
2/10/14 9:02,UP,1.36114,1.36511,1.35759,1.36465,0.000967749,0.001231368,0.003694104
2/12/14 12:02,DOWN,1.36455,1.36836,1.35741,1.35819,-0.004048663,0.00141921,0.00425763
2/13/14 6:00,UP,1.3581,1.36183,1.35618,1.36158,0.000257087,0.00123969,0.003719069
2/13/14 13:21,UP,1.36156,1.36873,1.36144,1.36751,0.00059981,0.001427631,0.004282894
2/18/14 4:37,UP,1.36752,1.37247,1.36627,1.37164,0.00144457,0.000941029,0.002823087
2/18/14 14:11,UP,1.37163,1.37606,1.37013,1.37577,0.001731438,0.000933694,0.002801082
2/19/14 21:14,DOWN,1.37588,1.37737,1.37241,1.3736,-0.000240216,0.000833692,0.002501076
2/20/14 8:34,DOWN,1.37349,1.37633,1.36854,1.37019,-0.002259904,0.001039689,0.003119067
2/21/14 14:57,UP,1.3702,1.37518,1.36874,1.37473,0.002600251,0.0010486,0.0031458
2/25/14 8:26,UP,1.37464,1.37735,1.3708,1.37611,0.001148824,0.00098269,0.002948071
2/26/14 13:29,DOWN,1.37623,1.37676,1.3715,1.37205,-0.000335209,0.000924923,0.00277477
2/26/14 15:36,DOWN,1.37207,1.37242,1.36635,1.36709,-0.000665426,0.000995567,0.0029867
2/27/14 9:18,DOWN,1.36708,1.36962,1.36429,1.36464,-0.00041028,0.001102567,0.003307701
2/27/14 16:42,UP,1.36475,1.37166,1.3643,1.37119,0.002585037,0.001146299,0.003438897
2/28/14 10:12,UP,1.37128,1.38025,1.36938,1.38013,0.006644591,0.001892475,0.005677425
3/3/14 16:59,DOWN,1.38015,1.38255,1.37466,1.3763,-0.000152571,0.001227435,0.003682305
3/5/14 10:59,DOWN,1.37631,1.37821,1.37071,1.37197,-0.001536753,0.001007647,0.003022941
3/6/14 12:03,UP,1.37184,1.37671,1.37071,1.3757,0.001869887,0.000943734,0.002831203
3/6/14 14:03,UP,1.37559,1.38318,1.37254,1.38155,0.001644433,0.001163861,0.003491583
3/7/14 0:35,UP,1.38143,1.38738,1.38076,1.38633,0.000533926,0.001054844,0.003164532
3/7/14 12:29,UP,1.38632,1.39156,1.38551,1.39058,0.00117286,0.001007397,0.00302219
3/7/14 14:03,DOWN,1.39069,1.39079,1.38518,1.38585,-0.002291992,0.001132283,0.003396849
3/11/14 10:14,DOWN,1.38575,1.38984,1.38398,1.38431,-0.000931438,0.000814812,0.002444436
3/12/14 12:37,UP,1.3842,1.39056,1.38334,1.39053,0.002339974,0.000913945,0.002741835
3/13/14 5:29,UP,1.39054,1.39491,1.38795,1.39388,0.002341535,0.000977929,0.002933788
3/13/14 17:02,DOWN,1.39388,1.39672,1.3888,1.38907,-0.002581129,0.001041241,0.003123723
3/14/14 13:45,UP,1.38908,1.39144,1.38452,1.39029,0.001922309,0.00105036,0.00315108
3/17/14 13:51,UP,1.39039,1.39443,1.38788,1.39409,0.002168637,0.001093743,0.00328123
3/18/14 10:07,DOWN,1.39408,1.39483,1.38895,1.38957,-0.001287339,0.000965212,0.002895635
3/18/14 21:42,UP,1.38948,1.39436,1.38797,1.39328,0.000631803,0.001030495,0.003091485
3/19/14 18:04,DOWN,1.39327,1.39353,1.38778,1.38778,-0.002425395,0.001044893,0.003134678
3/19/14 19:04,DOWN,1.38778,1.38785,1.38174,1.38205,-0.002471528,0.001219733,0.003659198
3/20/14 12:54,DOWN,1.38204,1.38455,1.37597,1.37621,-0.002583474,0.001301464,0.003904393
3/21/14 13:58,UP,1.37608,1.38113,1.37559,1.38079,0.000956432,0.001047667,0.003143001
3/24/14 18:02,UP,1.38069,1.38764,1.376,1.38586,0.005005797,0.001476119,0.004428356
3/25/14 12:51,DOWN,1.38573,1.38614,1.37879,1.37937,-0.001680514,0.001304822,0.003914465
3/27/14 0:02,DOWN,1.37938,1.38454,1.37488,1.37855,-0.000717888,0.001067692,0.003203076
3/27/14 16:57,DOWN,1.37842,1.37975,1.37284,1.37449,-0.00061822,0.000956759,0.002870277
3/28/14 14:07,UP,1.3746,1.37737,1.37044,1.37611,0.00021803,0.000990272,0.002970815
3/31/14 11:01,UP,1.37612,1.37995,1.37215,1.37979,0.000899092,0.001195689,0.003587067
4/2/14 14:12,DOWN,1.37958,1.38207,1.37623,1.3771,-0.001233717,0.00085077,0.00255231
4/3/14 13:19,DOWN,1.37709,1.38073,1.37127,1.37166,-0.003515096,0.001071231,0.003213692
4/4/14 14:31,DOWN,1.37165,1.3732,1.36758,1.36798,-0.000650383,0.000827066,0.002481199
4/7/14 7:42,UP,1.36798,1.37211,1.36724,1.37136,0.000897322,0.000793295,0.002379885
4/7/14 15:58,UP,1.37133,1.37492,1.37106,1.37468,0.000283743,0.000727125,0.002181375
4/8/14 11:32,UP,1.37458,1.37841,1.37341,1.37817,0.001118049,0.00069558,0.00208674
4/9/14 15:18,UP,1.37808,1.38293,1.3771,1.38244,0.001679602,0.000736494,0.002209483
4/9/14 19:15,UP,1.38246,1.38582,1.38018,1.38505,0.001105264,0.00095202,0.002856059
4/10/14 15:05,UP,1.38508,1.38838,1.38356,1.38823,0.001088308,0.000854574,0.002563723
4/14/14 0:21,DOWN,1.38821,1.39064,1.38415,1.38469,-0.002862966,0.001038127,0.00311438
4/15/14 8:24,DOWN,1.3847,1.38636,1.37961,1.3802,-0.000854583,0.000883117,0.002649352
4/16/14 8:26,UP,1.3802,1.38468,1.37901,1.38443,0.001785721,0.000905748,0.002717244
4/17/14 9:24,UP,1.38441,1.38606,1.38034,1.38548,0.001234992,0.00084065,0.002521949
4/17/14 17:51,DOWN,1.38556,1.3865,1.38107,1.38225,-0.000766572,0.000777259,0.002331776
4/21/14 16:08,DOWN,1.38226,1.38311,1.37868,1.3791,-0.001369521,0.00072084,0.002162519
4/22/14 12:36,UP,1.3791,1.38254,1.37847,1.38185,0.000115794,0.000645042,0.001935126
4/23/14 6:50,UP,1.38185,1.38377,1.37887,1.38259,0.000571555,0.00071663,0.002149889
4/24/14 13:15,DOWN,1.38249,1.38552,1.37911,1.37977,-0.001528072,0.000801681,0.002405043
4/25/14 1:02,UP,1.37975,1.38347,1.37957,1.38295,7.23E-05,0.000760748,0.002282244
4/28/14 7:39,UP,1.38283,1.38761,1.38143,1.38693,0.001876403,0.000885962,0.002657886
4/29/14 12:03,DOWN,1.38689,1.388,1.38319,1.38333,-0.002281738,0.000878444,0.002635332
4/30/14 11:51,UP,1.38322,1.38581,1.37734,1.38534,0.001668852,0.000842866,0.002528597
5/1/14 7:37,UP,1.38524,1.38897,1.38441,1.38889,0.001116622,0.000727875,0.002183624
5/2/14 5:50,DOWN,1.38891,1.38893,1.38554,1.38568,-0.000512253,0.000632051,0.001896152
5/2/14 12:42,DOWN,1.38578,1.38682,1.38162,1.38227,-0.002940106,0.00091672,0.00275016
5/2/14 15:05,UP,1.38239,1.38722,1.38119,1.38629,0.001060947,0.00098747,0.00296241
5/6/14 7:16,UP,1.38629,1.39088,1.38584,1.39076,0.00184962,0.000842124,0.002526372
5/6/14 12:10,UP,1.39088,1.39449,1.39032,1.39423,0.000143459,0.000811705,0.002435115
5/7/14 21:35,DOWN,1.39413,1.39518,1.39096,1.39118,-0.0003306,0.000628091,0.001884274
5/8/14 8:51,UP,1.39119,1.39409,1.39051,1.39392,0.000889974,0.000632333,0.001897
5/8/14 12:39,UP,1.39392,1.39934,1.39323,1.39894,0.002727206,0.000910724,0.002732172
5/8/14 12:55,DOWN,1.39893,1.39942,1.39065,1.39077,-0.005857256,0.001684666,0.005053999
5/8/14 21:15,DOWN,1.3907,1.39172,1.38329,1.38389,-0.001003911,0.001408383,0.00422515
5/9/14 11:37,DOWN,1.38378,1.3845,1.37821,1.37863,-0.001109182,0.001249309,0.003747927
5/13/14 9:17,DOWN,1.37875,1.37947,1.37397,1.3746,-0.001388531,0.000808024,0.002424071
5/13/14 12:04,DOWN,1.37471,1.37582,1.3699,1.37086,-0.00027716,0.000836626,0.002509879
5/15/14 7:44,DOWN,1.37086,1.37313,1.36824,1.36853,-0.002058485,0.000766133,0.0022984
5/15/14 14:38,UP,1.36843,1.37092,1.36481,1.37025,0.001336415,0.000883766,0.002651298
5/19/14 12:51,UP,1.37014,1.37328,1.36851,1.37257,0.000619468,0.000827894,0.002483682
5/20/14 8:06,DOWN,1.37258,1.37348,1.36898,1.36916,-0.000423528,0.000735379,0.002206138
5/21/14 7:26,UP,1.36916,1.37239,1.36775,1.37169,0.00099197,0.000633846,0.001901537
5/21/14 11:27,DOWN,1.37169,1.37201,1.36711,1.36754,-0.001965104,0.000775059,0.002325178
5/22/14 13:47,DOWN,1.36752,1.36886,1.3634,1.36511,-0.000754233,0.000699799,0.002099398
5/23/14 8:48,DOWN,1.36511,1.36641,1.36162,1.36231,-0.001181118,0.000696249,0.002088747
5/26/14 15:30,UP,1.36231,1.36551,1.36151,1.36521,0.001092003,0.000650865,0.001952596
5/27/14 12:32,DOWN,1.36532,1.36691,1.36262,1.36311,-0.001143787,0.000624657,0.001873972
5/28/14 12:24,DOWN,1.363,1.36413,1.36046,1.36055,-0.001160621,0.000599528,0.001798584
5/29/14 12:35,UP,1.36067,1.36297,1.35858,1.36233,0.000484582,0.000710713,0.002132139
5/30/14 14:58,UP,1.36231,1.36389,1.35946,1.36384,0.001166506,0.000767641,0.002302923
6/2/14 8:00,DOWN,1.36373,1.36508,1.36021,1.36035,-0.000800944,0.00074297,0.002228909
6/3/14 11:34,UP,1.36034,1.36286,1.35852,1.36213,0.000749108,0.00071626,0.002148779
6/4/14 3:59,DOWN,1.36204,1.36484,1.36091,1.36138,-9.55E-05,0.000719067,0.002157201
6/5/14 3:04,DOWN,1.3614,1.36395,1.35939,1.35986,-0.000257346,0.000689031,0.002067094
6/5/14 11:58,DOWN,1.35986,1.36451,1.3557,1.35706,-0.002671329,0.000894584,0.002683752
6/5/14 12:43,DOWN,1.35706,1.35793,1.35027,1.35187,-0.003654907,0.00122898,0.003686941
6/5/14 13:48,UP,1.35186,1.35766,1.3512,1.35721,0.001843713,0.00126334,0.00379002
6/5/14 16:40,UP,1.35728,1.3654,1.35686,1.36412,0.001973914,0.00137362,0.00412086
6/9/14 10:00,DOWN,1.36411,1.36773,1.36166,1.36177,-0.001460267,0.001090017,0.003270051
6/10/14 9:28,DOWN,1.36178,1.36272,1.35563,1.35579,-0.002511981,0.001014431,0.003043294
6/12/14 8:58,DOWN,1.35568,1.35591,1.3519,1.35286,-0.000347352,0.000708792,0.002126375
6/12/14 15:14,UP,1.35275,1.35553,1.35119,1.35492,0.000775254,0.000670375,0.002011126
6/13/14 12:03,DOWN,1.35482,1.35796,1.35292,1.35365,-0.000612969,0.000712047,0.002136141
6/16/14 13:10,UP,1.35353,1.35652,1.35127,1.35589,0.001734683,0.000786941,0.002360822
6/17/14 14:53,DOWN,1.35588,1.35878,1.3536,1.35369,-0.000863931,0.000764425,0.002293275
6/18/14 13:34,UP,1.3538,1.35745,1.35368,1.35735,0.000795985,0.000682,0.002045999
6/18/14 20:29,UP,1.35725,1.36002,1.35476,1.35903,0.001826498,0.000763998,0.002291994
6/19/14 8:10,UP,1.35892,1.36349,1.35838,1.36319,0.000535652,0.000886224,0.002658671
6/20/14 10:04,DOWN,1.36307,1.3644,1.35969,1.35984,-0.000999618,0.000851934,0.002555802
6/24/14 8:38,UP,1.35983,1.36195,1.3564,1.36194,0.001300462,0.000776753,0.00233026
6/24/14 17:15,DOWN,1.36194,1.36283,1.3583,1.35945,-0.000147107,0.00073204,0.00219612
6/25/14 12:44,UP,1.35945,1.36514,1.35921,1.36408,0.002451539,0.000867638,0.002602913
6/26/14 13:44,DOWN,1.36419,1.36518,1.35824,1.3584,-0.002007701,0.000882602,0.002647806
6/27/14 3:35,UP,1.35836,1.36276,1.35753,1.36263,0.001138154,0.00086159,0.00258477
6/30/14 0:27,UP,1.36274,1.36514,1.36096,1.3645,7.33E-05,0.000763867,0.002291601
6/30/14 14:55,UP,1.36462,1.36884,1.36399,1.36877,0.001762257,0.000763507,0.002290522
7/2/14 8:41,DOWN,1.36877,1.3701,1.36571,1.36588,-0.00105371,0.000627288,0.001881865
7/3/14 12:46,DOWN,1.36585,1.36702,1.36074,1.36118,-0.002897692,0.000904613,0.002713839
7/7/14 1:25,DOWN,1.36128,1.36211,1.35804,1.35815,-0.000861095,0.000718081,0.002154244
7/8/14 0:25,UP,1.35826,1.36103,1.35756,1.36094,0.000205761,0.000646294,0.001938882
7/9/14 0:27,UP,1.36083,1.36235,1.35877,1.36178,0.000492124,0.000572046,0.001716138
7/9/14 14:52,UP,1.36178,1.36435,1.36019,1.36386,0.001313313,0.000660952,0.001982856
7/10/14 11:29,DOWN,1.36385,1.36513,1.36038,1.36096,-0.001218984,0.000707175,0.002121526
7/11/14 8:41,UP,1.36098,1.36254,1.35888,1.36183,0.000719879,0.000642694,0.001928082
7/14/14 7:39,UP,1.36184,1.36325,1.35916,1.36292,0.001711028,0.000701324,0.002103973
7/15/14 8:33,DOWN,1.36292,1.36408,1.36042,1.36061,-0.000661249,0.000559077,0.001677231
7/15/14 14:38,DOWN,1.3605,1.36212,1.35737,1.35765,-0.001883836,0.000765297,0.00229589
7/16/14 8:22,DOWN,1.35765,1.35814,1.35457,1.3547,-0.000531342,0.000611481,0.001834443
7/16/14 19:12,DOWN,1.3547,1.35557,1.35205,1.35215,-0.000406677,0.000514422,0.001543266
7/18/14 13:08,DOWN,1.35225,1.3541,1.35087,1.35104,-0.001316636,0.000569541,0.001708624
7/18/14 17:47,UP,1.35104,1.35283,1.34906,1.35276,0.000732105,0.000593004,0.001779013
7/21/14 11:59,DOWN,1.35267,1.35497,1.35126,1.35164,-0.000547333,0.000627049,0.001881146
7/22/14 8:21,DOWN,1.35164,1.35302,1.34917,1.34945,-0.001636365,0.000674556,0.002023669
7/22/14 16:50,DOWN,1.34946,1.34975,1.34587,1.34671,-3.71E-05,0.000665812,0.001997435
7/24/14 6:34,DOWN,1.34659,1.34748,1.34377,1.34458,-0.00110011,0.000628965,0.001886894
7/24/14 8:39,UP,1.34456,1.34831,1.3443,1.34831,0.001031452,0.000764137,0.002292411
7/25/14 8:03,DOWN,1.34831,1.34854,1.34511,1.34535,-0.001322201,0.000695452,0.002086355
7/25/14 16:05,DOWN,1.34545,1.34565,1.3421,1.34249,-0.00070739,0.000649585,0.001948755
7/29/14 12:24,DOWN,1.34254,1.34452,1.34196,1.34208,-0.001094715,0.000522298,0.001566893
7/30/14 6:21,DOWN,1.34196,1.34248,1.3402,1.34034,-0.00056686,0.000431951,0.001295852
7/30/14 12:36,DOWN,1.34024,1.34102,1.33699,1.33776,-0.001822283,0.000589249,0.001767747
7/30/14 18:47,UP,1.33787,1.34057,1.33665,1.33964,0.000440514,0.000514069,0.001542206
8/1/14 6:57,DOWN,1.33953,1.34011,1.33712,1.33828,-0.000366075,0.000410533,0.001231598
8/1/14 12:05,UP,1.33827,1.34028,1.33781,1.34001,7.46E-06,0.000418175,0.001254526
8/1/14 13:01,UP,1.33991,1.34343,1.33849,1.34292,0.001743991,0.000589242,0.001767727
8/4/14 11:32,DOWN,1.34278,1.34454,1.34073,1.34167,-0.000268286,0.000597246,0.001791737
8/5/14 9:21,DOWN,1.34156,1.34254,1.33883,1.33954,-0.000611963,0.000582742,0.001748226
8/5/14 14:15,DOWN,1.33964,1.33983,1.33639,1.33678,-0.001255962,0.000627758,0.001883274
8/6/14 10:15,DOWN,1.33688,1.33785,1.33395,1.33431,-0.001565127,0.000701467,0.002104402
8/6/14 16:54,UP,1.33433,1.33874,1.33329,1.33723,0.001017545,0.000658707,0.001976122
8/7/14 14:16,DOWN,1.33726,1.33946,1.33367,1.33457,-0.001332874,0.000780989,0.002342967
8/8/14 6:50,UP,1.33446,1.34086,1.33394,1.33944,0.002444304,0.001005795,0.003017386
8/8/14 14:47,UP,1.33955,1.34333,1.33759,1.34235,0.000909267,0.000949525,0.002848575
8/11/14 8:19,DOWN,1.34234,1.34244,1.33835,1.33867,-0.000485439,0.000842327,0.00252698
8/12/14 9:01,DOWN,1.33856,1.33971,1.33447,1.33464,-0.001721828,0.000826006,0.002478018
8/13/14 12:33,UP,1.33463,1.33839,1.33357,1.33795,0.0013687,0.000737192,0.002211576
8/13/14 16:16,DOWN,1.33797,1.34158,1.33549,1.3362,-0.001316301,0.000968862,0.002906586
8/15/14 12:59,UP,1.33618,1.34083,1.33483,1.33981,0.000657025,0.000933766,0.002801298
8/18/14 13:59,DOWN,1.33981,1.34124,1.33643,1.33658,-0.001144058,0.000788773,0.002366318
8/19/14 12:36,DOWN,1.33658,1.33706,1.3319,1.33237,-0.001784697,0.000770394,0.002311182
8/20/14 8:18,DOWN,1.33236,1.33348,1.32849,1.32997,-0.000451036,0.000631625,0.001894876
8/20/14 18:16,DOWN,1.32997,1.33049,1.32557,1.32598,-0.002109419,0.000797056,0.002391169
8/21/14 14:54,UP,1.32596,1.32873,1.32416,1.32864,0.001280323,0.000727054,0.002181163
8/22/14 14:09,DOWN,1.32853,1.32971,1.32381,1.32392,-0.002384007,0.000885533,0.002656599
8/25/14 0:48,DOWN,1.32377,1.32622,1.31852,1.31993,-1.52E-05,0.001141941,0.003425822
8/26/14 18:01,DOWN,1.31993,1.32154,1.31643,1.31676,-0.00217722,0.000912884,0.002738653
8/27/14 14:38,UP,1.31665,1.32033,1.31523,1.31993,0.001668146,0.000872117,0.002616352
8/28/14 10:33,DOWN,1.31997,1.32213,1.31713,1.31781,-0.001554402,0.000825502,0.002476505
8/29/14 12:30,UP,1.31769,1.31967,1.31594,1.31914,0.000379107,0.000725079,0.002175236
8/29/14 15:31,DOWN,1.3192,1.31939,1.31421,1.31443,-0.0026668,0.000991505,0.002974515
9/2/14 8:51,DOWN,1.31433,1.31476,1.31145,1.31158,-0.000693579,0.000703893,0.002111679
9/3/14 8:20,UP,1.31157,1.31568,1.31099,1.31535,0.001552122,0.000697381,0.002092142
9/4/14 11:53,DOWN,1.31545,1.31606,1.30362,1.30481,-0.006683572,0.001743218,0.005229654
9/4/14 14:48,DOWN,1.30482,1.30533,1.29731,1.29735,-0.002363567,0.001743863,0.005231588
9/8/14 13:26,DOWN,1.29733,1.29895,1.29197,1.29405,-0.000741582,0.000970488,0.002911465
9/8/14 17:34,DOWN,1.29416,1.29516,1.28915,1.28919,-0.003206173,0.001174173,0.00352252
9/9/14 16:30,UP,1.28919,1.29249,1.28589,1.2915,-4.65E-05,0.001092806,0.003278417
9/10/14 13:06,DOWN,1.29151,1.29635,1.28968,1.28978,-0.002392892,0.001134814,0.003404442
9/11/14 12:43,UP,1.28978,1.29445,1.28833,1.29445,0.001538515,0.001100755,0.003302265
9/12/14 16:26,UP,1.29445,1.29797,1.29085,1.29782,0.002847279,0.001049624,0.003148871
9/15/14 8:20,DOWN,1.29779,1.29799,1.29285,1.29324,-0.001112863,0.001057523,0.003172569
9/16/14 1:37,UP,1.29325,1.29589,1.29084,1.29576,0.001645175,0.000987264,0.002961793
9/16/14 16:21,UP,1.29587,1.29842,1.2922,1.29737,0.001079689,0.000861573,0.002584719
9/17/14 18:05,DOWN,1.29735,1.29958,1.28979,1.29075,-0.003657838,0.001282573,0.003847718
9/17/14 19:53,DOWN,1.2909,1.29587,1.2852,1.2875,-0.000838483,0.001502101,0.004506304
9/18/14 14:42,UP,1.28748,1.29208,1.28341,1.29171,0.002278647,0.001361755,0.004085266
9/19/14 8:23,DOWN,1.29169,1.2931,1.28722,1.28749,-0.001598734,0.00121144,0.003634319
9/19/14 15:02,DOWN,1.2875,1.28869,1.28305,1.28399,-0.000233619,0.001096177,0.003288531
9/23/14 8:13,UP,1.28412,1.28752,1.28159,1.28723,0.001313759,0.000892852,0.002678556
9/23/14 14:37,DOWN,1.28723,1.29017,1.28543,1.28588,-0.00201992,0.001002696,0.003008089
9/24/14 13:30,DOWN,1.28574,1.28676,1.27924,1.27933,-0.003223053,0.001105995,0.003317985
9/25/14 7:31,DOWN,1.27945,1.28018,1.27302,1.27329,-0.001906623,0.001069331,0.003207993
9/25/14 20:50,UP,1.27333,1.27653,1.26967,1.27496,0.000172569,0.000970258,0.002910774
9/26/14 13:17,DOWN,1.27495,1.27614,1.27104,1.27185,-0.000573802,0.000896609,0.002689827
9/26/14 18:26,DOWN,1.27186,1.2727,1.26778,1.26813,-0.000331141,0.000883423,0.002650269
9/30/14 9:01,DOWN,1.26803,1.27156,1.26272,1.26368,-0.003420643,0.001187527,0.003562582
9/30/14 11:11,DOWN,1.26364,1.26373,1.25711,1.25845,-0.001818045,0.001277178,0.003831533
9/30/14 18:20,UP,1.25844,1.26353,1.25707,1.26331,0.000752276,0.001117929,0.003353787
10/2/14 2:43,UP,1.26344,1.26417,1.25831,1.26412,0.001092265,0.001120843,0.003362528
10/2/14 13:21,UP,1.26399,1.26924,1.26135,1.26809,0.003452079,0.001376679,0.004130036
10/3/14 8:01,DOWN,1.26808,1.26995,1.26243,1.26408,-0.000680105,0.001338676,0.004016027
10/3/14 12:54,DOWN,1.26408,1.26458,1.2517,1.25282,-0.006515977,0.002013027,0.00603908
10/6/14 14:39,UP,1.25281,1.2571,1.25002,1.25633,0.001202636,0.001427053,0.004281159
10/6/14 19:35,UP,1.25622,1.26528,1.25619,1.26428,0.0026929,0.001535216,0.004605648
10/7/14 11:07,DOWN,1.26428,1.26755,1.25833,1.25933,-0.00038902,0.001580424,0.004741271
10/7/14 16:34,UP,1.25946,1.26565,1.25912,1.26543,0.001945895,0.001585144,0.004755432
10/8/14 18:10,UP,1.26543,1.27272,1.26223,1.27098,0.002804918,0.001492146,0.004476439
10/9/14 8:22,UP,1.27091,1.27921,1.27081,1.2776,0.001715622,0.001461977,0.004385932
10/9/14 13:49,DOWN,1.27771,1.27852,1.2703,1.27169,-0.001375176,0.001505846,0.004517539
10/10/14 7:54,DOWN,1.27181,1.27332,1.26611,1.26642,-0.001538589,0.001321866,0.003965597
10/10/14 14:36,DOWN,1.26643,1.26775,1.26118,1.26194,-0.001757651,0.001226491,0.003679472
10/13/14 2:25,UP,1.26179,1.26916,1.26051,1.26916,0.003812927,0.0014765,0.0044295
10/13/14 21:50,UP,1.26919,1.2769,1.26506,1.27452,0.0038835,0.001596799,0.004790396
10/14/14 9:22,DOWN,1.27449,1.27496,1.26514,1.26631,-0.002783749,0.001607294,0.004821881
10/15/14 12:59,UP,1.26632,1.27579,1.26243,1.27434,0.0054135,0.001836866,0.005510597
10/15/14 20:29,UP,1.27434,1.28875,1.2737,1.28447,0.005276769,0.002459515,0.007378546
10/16/14 10:31,DOWN,1.28434,1.28459,1.27055,1.27376,-0.004738473,0.002433316,0.007299947
10/16/14 17:07,UP,1.27376,1.28354,1.27255,1.28341,0.002246543,0.002220322,0.006660967
10/19/14 21:07,DOWN,1.28351,1.28405,1.27436,1.27524,-0.001402673,0.001936344,0.005809032
10/21/14 6:01,UP,1.27524,1.28256,1.27308,1.28164,0.00091331,0.001552246,0.004656738
10/21/14 11:23,DOWN,1.28176,1.28407,1.27468,1.27489,-0.001207218,0.001699555,0.005098665
10/22/14 8:50,DOWN,1.27501,1.2785,1.26807,1.26956,-0.001574109,0.001451515,0.004354546
10/22/14 18:22,DOWN,1.26944,1.27285,1.26467,1.26517,-0.00022129,0.001434053,0.004302158
10/24/14 13:25,UP,1.26515,1.26847,1.26133,1.26818,0.001720478,0.001233185,0.003699556
10/27/14 14:37,UP,1.26819,1.27239,1.26593,1.27154,0.002425198,0.001169735,0.003509205
10/28/14 12:37,UP,1.27155,1.27603,1.26843,1.27533,0.003495395,0.001342051,0.004026153
10/29/14 18:09,DOWN,1.27522,1.27712,1.26564,1.26564,-0.007681932,0.002134563,0.006403689
10/30/14 8:21,DOWN,1.2656,1.26625,1.25561,1.256,-0.003068536,0.002031278,0.006093833
10/30/14 16:21,UP,1.25599,1.2633,1.2547,1.26294,0.000435587,0.00173404,0.005202119
10/31/14 6:57,DOWN,1.26304,1.2631,1.25589,1.25653,-0.000946604,0.001600682,0.004802046
10/31/14 13:49,DOWN,1.25658,1.2592,1.24859,1.25121,-0.001174173,0.001563045,0.004689134
11/3/14 0:52,DOWN,1.25136,1.25449,1.24394,1.24742,-0.00256201,0.001571507,0.00471452
11/3/14 13:53,UP,1.24743,1.25106,1.24471,1.25073,0.001288077,0.001281163,0.00384349
11/4/14 4:10,UP,1.25082,1.25315,1.24707,1.25258,0.002101874,0.00117049,0.00351147
11/4/14 16:04,UP,1.25258,1.25782,1.25004,1.25649,0.002701638,0.001263084,0.003789252
11/5/14 8:56,DOWN,1.2565,1.2568,1.24913,1.24937,-0.002270566,0.001368481,0.004105442
11/6/14 6:09,UP,1.24925,1.25307,1.24569,1.25244,0.001630149,0.001285124,0.003855371
11/6/14 13:38,DOWN,1.25243,1.25341,1.24054,1.24275,-0.007351707,0.002155377,0.00646613
11/7/14 18:37,UP,1.24258,1.24489,1.23574,1.24393,0.001657414,0.001488698,0.004466094
11/10/14 17:45,DOWN,1.24392,1.25101,1.24194,1.24242,-0.00133521,0.001368735,0.004106204
11/11/14 18:32,UP,1.24254,1.24898,1.2394,1.24847,0.002951961,0.001463123,0.004389369
11/12/14 18:47,DOWN,1.24841,1.25,1.24189,1.24193,-0.003496493,0.001628068,0.004884204
11/13/14 15:36,UP,1.24205,1.24912,1.24193,1.2486,0.002052401,0.001441636,0.004324909
11/14/14 13:50,DOWN,1.24861,1.24924,1.23982,1.24157,-0.002871266,0.001607528,0.004822585
11/14/14 16:57,UP,1.24156,1.25006,1.24052,1.24936,0.000856805,0.001765029,0.005295087
11/17/14 14:59,DOWN,1.24936,1.25783,1.24573,1.24623,-0.003012557,0.001739843,0.00521953
11/18/14 10:32,UP,1.24623,1.25412,1.24428,1.25228,0.001750341,0.001538307,0.004614922
11/19/14 19:06,UP,1.25229,1.26012,1.25009,1.25714,0.001807318,0.001355488,0.004066465
11/20/14 8:45,DOWN,1.25714,1.25874,1.25173,1.25176,-0.001732058,0.001310225,0.003930676
11/21/14 2:06,UP,1.25176,1.25697,1.2504,1.25667,0.002214646,0.001287873,0.00386362
11/21/14 8:57,DOWN,1.25662,1.25691,1.24746,1.24746,-0.005651516,0.001837733,0.0055132
11/21/14 16:34,DOWN,1.24745,1.24777,1.23985,1.24038,-0.001949114,0.001696088,0.005088263
11/24/14 16:27,UP,1.24037,1.24439,1.23638,1.24416,0.001319028,0.001521061,0.004563183
11/25/14 16:11,UP,1.2443,1.24876,1.24016,1.24824,0.001114188,0.001526409,0.004579227
11/26/14 15:28,UP,1.2481,1.25173,1.24432,1.25112,0.001960165,0.001543898,0.004631695
11/28/14 0:55,DOWN,1.25113,1.25322,1.24477,1.24499,-0.001380584,0.001591393,0.00477418
12/1/14 14:51,UP,1.24497,1.24954,1.24188,1.24931,0.001025091,0.001431727,0.004295182
12/2/14 8:52,DOWN,1.24944,1.25075,1.24327,1.2439,-0.001486153,0.001247643,0.003742928
12/2/14 17:13,DOWN,1.244,1.24506,1.23828,1.23905,-0.001072827,0.001164072,0.003492215
12/3/14 8:33,DOWN,1.23916,1.23996,1.2342,1.23441,-0.001748295,0.001159187,0.003477561
12/4/14 7:30,DOWN,1.23447,1.23482,1.22949,1.23008,-0.000292621,0.00106976,0.003209279
12/4/14 14:04,UP,1.22994,1.24153,1.228,1.23845,0.005627659,0.001712388,0.005137165
12/5/14 9:31,DOWN,1.2386,1.2457,1.23397,1.23685,-0.000888961,0.001774835,0.005324506
12/5/14 13:42,DOWN,1.23673,1.23797,1.22786,1.22808,-0.006937964,0.002362687,0.007088061
12/8/14 19:34,UP,1.2281,1.23449,1.22467,1.23269,0.000973955,0.001604899,0.004814698
12/9/14 12:30,UP,1.2327,1.23756,1.22916,1.23718,0.001326475,0.001446892,0.004340677
12/10/14 15:55,UP,1.2372,1.24487,1.23615,1.2422,0.000539511,0.001235407,0.003706221
12/10/14 23:59,UP,1.24221,1.24863,1.24099,1.24848,0.003667167,0.00144948,0.004348441
12/12/14 3:30,DOWN,1.24872,1.24877,1.23913,1.23953,-0.007194536,0.002254022,0.006762065
12/12/14 14:36,UP,1.23954,1.24774,1.23839,1.24758,0.001997858,0.002155814,0.006467443
12/16/14 9:02,UP,1.24759,1.24925,1.24141,1.24888,0.003175879,0.001673957,0.005021871
12/16/14 20:11,DOWN,1.24872,1.25708,1.24772,1.24894,-0.001488155,0.001581158,0.004743473
12/17/14 11:33,DOWN,1.24918,1.25175,1.24453,1.24535,-0.001155633,0.001454089,0.004362268
12/17/14 15:52,DOWN,1.24535,1.24776,1.23859,1.23983,-0.00413716,0.001690957,0.00507287
12/17/14 20:12,DOWN,1.23996,1.24748,1.232,1.23557,-0.002061698,0.00178943,0.005368291
12/18/14 14:20,DOWN,1.23545,1.23667,1.22654,1.2281,-0.000724434,0.001756095,0.005268285
12/19/14 16:39,DOWN,1.22797,1.23029,1.22265,1.22297,-0.003200186,0.001554761,0.004664283
12/23/14 13:20,DOWN,1.22297,1.22735,1.22103,1.22106,-0.001154068,0.001135819,0.003407457
12/24/14 13:14,UP,1.22106,1.22185,1.21642,1.22158,0.001376215,0.00109856,0.00329568
12/29/14 19:16,DOWN,1.22159,1.22335,1.21424,1.21576,-0.001857194,0.001345464,0.004036392
12/31/14 14:21,DOWN,1.21591,1.21882,1.21234,1.21278,-0.002232043,0.001336259,0.004008776
1/2/15 0:40,DOWN,1.21292,1.21354,1.20696,1.20714,-0.002168067,0.001339162,0.004017487
1/2/15 14:26,DOWN,1.20691,1.20741,1.2025,1.20273,-0.000889247,0.001159602,0.003478805
1/4/15 22:03,DOWN,1.20271,1.2033,1.18502,1.1893,-0.010097674,0.002682547,0.00804764
1/6/15 5:50,UP,1.18929,1.19773,1.18868,1.19568,0.001154822,0.001710251,0.005130752
1/6/15 11:18,DOWN,1.19554,1.19696,1.18895,1.18957,-0.000470648,0.001615144,0.004845431
1/6/15 22:36,DOWN,1.18959,1.19593,1.18412,1.18705,-0.002490473,0.001585772,0.004757316
1/7/15 11:50,DOWN,1.18717,1.18971,1.18236,1.18317,-0.001081255,0.001336004,0.004008011
1/8/15 9:43,DOWN,1.18318,1.18595,1.17911,1.17919,-0.001703109,0.001193488,0.003580463
1/9/15 4:18,UP,1.17916,1.18199,1.17538,1.18099,0.000135489,0.001071633,0.003214898
1/9/15 14:39,DOWN,1.181,1.18331,1.17622,1.17809,-0.001247005,0.000980779,0.002942336
1/9/15 15:51,UP,1.17814,1.18388,1.17722,1.18327,0.002335244,0.001189395,0.003568184
1/12/15 8:36,DOWN,1.18325,1.18717,1.18158,1.18171,-0.002982744,0.001328356,0.003985068
1/12/15 14:56,UP,1.18159,1.18446,1.17857,1.18426,0.002096331,0.001270141,0.003810423
1/13/15 10:58,DOWN,1.18413,1.18603,1.17893,1.1802,-0.000567539,0.001242753,0.003728258
1/13/15 15:08,DOWN,1.18017,1.18106,1.17525,1.17579,-0.000671663,0.001151494,0.003454482
1/14/15 8:47,UP,1.17583,1.1812,1.17568,1.17963,0.000440913,0.00101177,0.003035311
1/14/15 10:07,DOWN,1.17962,1.18015,1.17269,1.17528,-0.000927009,0.001178144,0.003534433
1/14/15 13:48,UP,1.1753,1.18305,1.17372,1.18223,0.004042909,0.001496472,0.004489416
1/15/15 1:25,DOWN,1.18209,1.18472,1.17711,1.17749,-0.001196746,0.001294685,0.003884055
1/15/15 9:44,DOWN,1.17735,1.17884,1.15718,1.16604,-0.008718019,0.00245808,0.007374241
1/15/15 15:05,DOWN,1.16592,1.17747,1.16163,1.16205,-0.003890705,0.002725113,0.00817534
1/16/15 7:37,UP,1.16211,1.16472,1.15673,1.16428,0.000738927,0.00196318,0.005889541
1/16/15 14:29,DOWN,1.16428,1.16497,1.15422,1.1546,-0.003751831,0.001893216,0.005679647
1/16/15 20:09,UP,1.1546,1.15901,1.14594,1.15828,0.002654,0.001869261,0.005607784
1/19/15 15:17,UP,1.15844,1.1629,1.15508,1.16259,0.00118771,0.001598594,0.004795782
1/20/15 15:20,DOWN,1.16247,1.16396,1.15679,1.15856,-0.000353825,0.001223057,0.003669171
1/21/15 13:26,UP,1.1587,1.1602,1.15399,1.15959,0.001562116,0.001134206,0.003402617
1/21/15 18:31,DOWN,1.15973,1.16807,1.15617,1.15742,-0.001200226,0.001516344,0.004549033
1/22/15 12:23,UP,1.15725,1.16454,1.15659,1.16329,0.001238635,0.001534821,0.004604464
1/22/15 14:04,DOWN,1.16326,1.16529,1.15116,1.15318,-0.007231976,0.002312128,0.006936385
1/22/15 16:00,DOWN,1.15333,1.15341,1.1413,1.14228,-0.003338609,0.002543205,0.007629614
1/23/15 6:20,DOWN,1.14227,1.14329,1.1314,1.13295,-0.002873312,0.002361352,0.007084057
1/23/15 11:04,DOWN,1.13295,1.13572,1.1219,1.12338,-0.001983113,0.002701191,0.008103572
1/23/15 16:03,UP,1.12338,1.129,1.1114,1.12629,0.000257516,0.002790506,0.008371519
1/26/15 0:06,DOWN,1.12628,1.12882,1.1097,1.11687,-0.003949678,0.002836828,0.008510483
1/26/15 13:32,UP,1.1167,1.1269,1.1151,1.12631,0.002346689,0.00251219,0.007536569
1/27/15 13:34,UP,1.12616,1.13463,1.12232,1.13341,0.004190839,0.002469041,0.007407124
1/28/15 21:05,DOWN,1.13327,1.14234,1.12816,1.12892,-0.002565533,0.002301651,0.006904954
1/29/15 15:26,UP,1.12902,1.13581,1.12613,1.13568,0.002009626,0.002172332,0.006516995
1/30/15 21:37,DOWN,1.13566,1.13687,1.12783,1.12844,-0.001124815,0.002184259,0.006552778
2/3/15 12:03,UP,1.12846,1.13626,1.12769,1.13442,0.00131431,0.001744937,0.005234812
2/3/15 14:19,UP,1.13455,1.14503,1.13407,1.14272,0.003761265,0.002059481,0.006178442
2/4/15 14:25,DOWN,1.14272,1.15348,1.14191,1.14309,-0.002175937,0.001823365,0.005470095
2/4/15 21:48,DOWN,1.14321,1.1448,1.13151,1.13351,-0.006997892,0.002381567,0.0071447
2/5/15 10:30,UP,1.1333,1.14309,1.13035,1.14162,0.004274993,0.002328005,0.006984014
2/6/15 13:34,DOWN,1.14162,1.14996,1.13512,1.13693,-0.007177788,0.002657843,0.00797353
2/9/15 13:14,DOWN,1.13695,1.13973,1.12698,1.12813,-0.002859054,0.002233921,0.006701763
2/11/15 20:54,DOWN,1.12799,1.13557,1.12726,1.12929,-0.000194794,0.001421409,0.004264228
2/12/15 12:47,UP,1.12932,1.13552,1.12874,1.13424,0.000290986,0.001332408,0.003997224
2/12/15 17:00,UP,1.13424,1.14238,1.13263,1.14103,0.003142448,0.001577425,0.004732274
2/16/15 17:45,DOWN,1.14103,1.14438,1.13515,1.13599,-0.003909635,0.001565003,0.00469501
2/17/15 11:07,UP,1.13596,1.14148,1.13191,1.14092,0.002325389,0.001703411,0.005110234
2/18/15 12:32,DOWN,1.14092,1.14495,1.13587,1.13693,-0.001379959,0.001450411,0.004351234
2/19/15 0:56,UP,1.13691,1.14115,1.13334,1.14049,0.00159708,0.001600403,0.004801208
2/19/15 12:32,DOWN,1.1405,1.14508,1.13545,1.13694,-0.002196471,0.001712749,0.005138247
2/20/15 8:15,DOWN,1.13677,1.13972,1.13213,1.13247,-0.003587472,0.001765897,0.005297691
2/20/15 16:56,UP,1.13262,1.13748,1.12785,1.13715,0.000976601,0.002318974,0.006956923
2/23/15 10:00,DOWN,1.1373,1.14299,1.13099,1.13123,-0.002392758,0.002178848,0.006536543
2/25/15 5:59,UP,1.13122,1.13608,1.12878,1.1347,6.17E-05,0.001317276,0.003951828
2/26/15 13:00,DOWN,1.13469,1.13893,1.13121,1.13157,-0.003801632,0.001389174,0.004167522
2/26/15 14:27,DOWN,1.13152,1.13225,1.12379,1.12514,-0.003185635,0.001634084,0.004902252
2/26/15 18:37,DOWN,1.12519,1.12522,1.11831,1.11958,-0.001463763,0.001640413,0.00492124
2/27/15 14:54,DOWN,1.11972,1.12458,1.11756,1.11833,-0.003730748,0.001633262,0.004899785
3/2/15 12:22,UP,1.11845,1.12401,1.11596,1.12392,0.001932609,0.001614952,0.004844855
3/2/15 17:40,DOWN,1.12379,1.12413,1.11761,1.118,-0.00136758,0.001641788,0.004925363
3/4/15 9:20,DOWN,1.11799,1.12182,1.11152,1.11234,-0.003535824,0.00152732,0.004581961
3/4/15 15:42,DOWN,1.11234,1.11451,1.10646,1.10755,-0.001317357,0.001506363,0.004519089
3/5/15 16:33,DOWN,1.10769,1.11153,1.10058,1.10198,-0.002084977,0.001684945,0.005054835
3/6/15 10:26,DOWN,1.10196,1.10347,1.09625,1.09681,-0.001248297,0.001645696,0.004937089
3/6/15 14:04,DOWN,1.09693,1.09992,1.08704,1.08995,-0.00113702,0.001802462,0.005407386
3/8/15 22:59,DOWN,1.08995,1.0901,1.08221,1.08399,-0.001834127,0.001703761,0.005111284
3/9/15 23:51,DOWN,1.08411,1.09071,1.08292,1.08363,-0.001779467,0.001464043,0.004392128
3/10/15 8:40,DOWN,1.08376,1.08377,1.07697,1.077,-0.003882888,0.001773225,0.005319676
3/10/15 16:02,DOWN,1.07711,1.07938,1.07027,1.07062,-0.00331035,0.001740897,0.00522269
3/11/15 8:41,DOWN,1.0706,1.07258,1.06374,1.06576,-0.001949757,0.001653723,0.004961168
3/11/15 10:14,DOWN,1.06589,1.06641,1.05821,1.05897,-0.002678261,0.001903805,0.005711414
3/11/15 17:40,DOWN,1.05899,1.06289,1.05349,1.05384,-0.003939697,0.001984079,0.005952236
3/12/15 7:32,UP,1.05385,1.061,1.04938,1.05888,0.005141253,0.002165735,0.006497204
3/13/15 13:35,DOWN,1.05888,1.06844,1.05618,1.05731,-0.00134213,0.001748842,0.005246527
3/13/15 17:10,DOWN,1.05742,1.05775,1.04815,1.05007,-0.002178432,0.002003185,0.006009555
3/16/15 13:00,UP,1.05022,1.05593,1.0462,1.05463,0.001157473,0.001696603,0.005089808
3/17/15 13:03,UP,1.05476,1.06422,1.05427,1.06252,0.001761517,0.002063966,0.006191898
3/18/15 17:39,UP,1.06241,1.06706,1.05795,1.06592,0.001878076,0.001970119,0.005910357
3/18/15 18:22,UP,1.06577,1.08008,1.06105,1.0788,0.012011036,0.003507761,0.010523282
3/18/15 20:19,UP,1.07897,1.10486,1.07205,1.09128,0.009538789,0.004445566,0.013336699
3/19/15 7:40,DOWN,1.09127,1.09372,1.06854,1.06936,-0.008492304,0.004696637,0.014089912
3/20/15 13:27,UP,1.06949,1.08086,1.06126,1.08057,0.007962617,0.003682584,0.011047751
3/23/15 12:52,UP,1.08058,1.09078,1.07536,1.08957,0.001258168,0.003393584,0.010180752
3/24/15 10:40,UP,1.08963,1.10015,1.08828,1.09857,0.000701157,0.002732264,0.008196793
3/24/15 15:06,DOWN,1.09869,1.10296,1.08901,1.09072,-0.001273576,0.003104709,0.009314127
3/25/15 12:00,UP,1.09086,1.09956,1.08901,1.0995,0.00297851,0.002521425,0.007564275
3/26/15 13:54,DOWN,1.09932,1.10529,1.09384,1.0953,-0.002079458,0.002005115,0.006015344
3/26/15 17:37,DOWN,1.09543,1.09673,1.08643,1.08675,-0.005103129,0.002293015,0.006879046
3/27/15 15:53,UP,1.08689,1.08983,1.08008,1.08861,0.000257242,0.002230318,0.006690955
3/30/15 7:32,DOWN,1.08857,1.09494,1.08246,1.08324,-0.003584646,0.002129485,0.006388454
3/31/15 4:27,DOWN,1.08338,1.08713,1.07828,1.0792,-0.002988488,0.00193264,0.00579792
4/2/15 7:10,UP,1.07921,1.08447,1.07125,1.08336,0.005822931,0.002269905,0.006809716
4/3/15 12:25,UP,1.08336,1.09329,1.08013,1.09073,0.002754241,0.00231761,0.006952831
4/3/15 13:10,UP,1.09072,1.1028,1.08672,1.10209,0.01036118,0.003389732,0.010169196
4/7/15 8:08,DOWN,1.10221,1.10364,1.0904,1.09073,-0.001804501,0.002922905,0.008768714
4/7/15 20:47,DOWN,1.09075,1.09094,1.08029,1.08082,-0.001239031,0.002617542,0.007852625
4/8/15 18:16,DOWN,1.08068,1.08882,1.0763,1.07807,-0.003065598,0.002386852,0.007160557
4/9/15 14:16,DOWN,1.07807,1.08075,1.07061,1.07061,-0.004519898,0.002343267,0.0070298
4/10/15 7:56,DOWN,1.07076,1.07104,1.06062,1.06081,-0.003942032,0.002362137,0.00708641
4/13/15 9:32,DOWN,1.0608,1.06361,1.05425,1.05427,-0.002746942,0.002367373,0.00710212
4/14/15 12:38,UP,1.05436,1.06331,1.052,1.06028,0.002899662,0.0020977,0.006293101
4/15/15 8:26,DOWN,1.06042,1.07081,1.05844,1.05933,-0.004473943,0.002529119,0.007587357
4/15/15 17:42,UP,1.05934,1.06976,1.05702,1.06948,0.008262337,0.003038701,0.009116104
4/16/15 12:32,UP,1.06932,1.07684,1.06241,1.07524,0.001647501,0.002921892,0.008765677
4/17/15 7:33,UP,1.0752,1.08187,1.06842,1.07903,0.002598296,0.002607583,0.007822749
4/20/15 9:29,DOWN,1.07905,1.08494,1.07341,1.07357,-0.004433278,0.002315445,0.006946334
4/21/15 7:14,DOWN,1.07359,1.07692,1.06652,1.06723,-0.003068664,0.002080307,0.00624092
4/21/15 16:04,UP,1.06724,1.07686,1.06594,1.0751,0.001163359,0.002167348,0.006502045
4/22/15 13:14,DOWN,1.07497,1.08016,1.07079,1.07182,-0.00311135,0.002232528,0.006697584
4/23/15 10:45,UP,1.0717,1.07569,1.06653,1.07518,0.001815296,0.002179307,0.00653792
4/23/15 18:04,UP,1.07531,1.08454,1.07313,1.08317,0.001330316,0.002027416,0.006082249
4/24/15 7:38,UP,1.08305,1.08979,1.07841,1.0881,0.002244959,0.002370675,0.007112025
4/27/15 15:42,UP,1.08809,1.0908,1.08044,1.08951,0.002628485,0.002116284,0.006348852
4/28/15 12:00,UP,1.08937,1.09505,1.08594,1.09461,0.001783045,0.001820222,0.005460667
4/29/15 9:39,UP,1.09463,1.10151,1.09173,1.09915,0.000400389,0.001650588,0.004951764
4/29/15 14:08,UP,1.09903,1.10995,1.09851,1.10964,0.005240629,0.00211107,0.00633321
4/30/15 6:17,DOWN,1.10966,1.11889,1.10709,1.10859,-0.002027548,0.002365646,0.007096939
4/30/15 8:22,UP,1.10858,1.12498,1.10852,1.12411,0.007939917,0.003276078,0.009828233
5/1/15 7:28,UP,1.12407,1.1267,1.11154,1.1243,0.003189284,0.002953294,0.008859883
5/4/15 7:38,DOWN,1.12429,1.12856,1.11562,1.11602,-0.00480912,0.002884619,0.008653856
5/5/15 7:46,DOWN,1.11615,1.11909,1.10839,1.10861,-0.001829447,0.002318534,0.006955603
5/5/15 15:00,UP,1.10847,1.12043,1.10659,1.11904,0.005564855,0.002625357,0.007876071
5/6/15 12:57,UP,1.11899,1.12889,1.11709,1.12815,0.004103608,0.002465206,0.007395617
5/7/15 7:39,UP,1.12816,1.13829,1.1269,1.13648,0.001188584,0.002127453,0.00638236
5/7/15 13:06,DOWN,1.1365,1.13926,1.12615,1.12988,-0.000309719,0.002171971,0.006515914
5/8/15 3:45,DOWN,1.13006,1.13024,1.12024,1.12026,-0.004444432,0.002297852,0.006893556
5/11/15 1:11,DOWN,1.12044,1.12941,1.11513,1.11571,-0.004480362,0.002648857,0.00794657
5/12/15 8:02,UP,1.11553,1.12378,1.11303,1.12318,0.003254993,0.002201883,0.00660565
5/13/15 12:38,UP,1.12319,1.12952,1.12019,1.12904,0.005577774,0.002230223,0.006690668
5/13/15 15:40,UP,1.12902,1.13699,1.12902,1.13675,0.0023692,0.002237555,0.006712665
5/15/15 12:59,DOWN,1.13675,1.14455,1.13235,1.13381,-0.001903269,0.00219693,0.00659079
5/15/15 14:57,UP,1.13382,1.14482,1.13286,1.14383,0.003599662,0.002562539,0.007687617
5/18/15 14:22,DOWN,1.14373,1.14678,1.13366,1.13539,-0.001241094,0.002285032,0.006855096
5/19/15 6:36,DOWN,1.13526,1.13704,1.12769,1.1284,-0.001974299,0.002108294,0.006324882
5/19/15 7:44,DOWN,1.12839,1.12924,1.11641,1.11746,-0.009742447,0.003142153,0.00942646
5/20/15 6:45,DOWN,1.1175,1.12174,1.10723,1.10728,-0.005350159,0.00266763,0.008002889
5/21/15 9:30,UP,1.10728,1.11741,1.1062,1.11588,0.00104905,0.002338109,0.007014327
5/22/15 10:37,UP,1.11588,1.12092,1.11009,1.11907,0.001726135,0.001858205,0.005574616
5/22/15 12:59,DOWN,1.11909,1.11955,1.10729,1.10754,-0.007941011,0.002676508,0.008029524
5/25/15 9:56,DOWN,1.10749,1.10812,1.09587,1.09771,-0.002129442,0.00257788,0.007733639
5/26/15 7:22,DOWN,1.09772,1.09922,1.08846,1.08917,-0.002072825,0.002410037,0.00723011
5/27/15 12:18,DOWN,1.0892,1.09413,1.08519,1.08531,-0.002411148,0.00205812,0.006174359
5/27/15 23:21,UP,1.0853,1.09112,1.08188,1.08994,0.00096382,0.00208693,0.006260789
5/28/15 14:00,DOWN,1.09009,1.09516,1.08667,1.08732,-0.00101115,0.002021687,0.006065062
5/28/15 22:07,UP,1.08734,1.09739,1.08707,1.09546,0.001735937,0.002102619,0.006307857
6/1/15 7:51,DOWN,1.09527,1.10069,1.09061,1.09118,-0.003312019,0.002007644,0.006022932
6/2/15 7:54,UP,1.09113,1.09935,1.08867,1.09695,0.002510099,0.00176771,0.00530313
6/2/15 11:08,UP,1.09696,1.10394,1.09452,1.10315,0.003550692,0.001876992,0.005630976
6/2/15 13:42,UP,1.10322,1.11951,1.10233,1.11208,0.002872621,0.002159385,0.006478155
6/3/15 13:54,UP,1.11204,1.12379,1.10797,1.12096,0.005653978,0.002590547,0.007771641
6/4/15 8:28,UP,1.12083,1.13462,1.11988,1.13336,0.008301817,0.00308168,0.009245039
6/4/15 18:45,DOWN,1.13335,1.13805,1.1222,1.12519,-0.003876266,0.002763565,0.008290696
6/5/15 12:36,DOWN,1.12519,1.12826,1.11068,1.11109,-0.010136644,0.003581162,0.010743485
6/8/15 12:34,UP,1.11114,1.11955,1.10489,1.11919,0.004271119,0.002883681,0.008651043
6/8/15 19:39,UP,1.11931,1.12955,1.11752,1.12873,0.002794649,0.002664272,0.007992816
6/9/15 13:14,DOWN,1.12861,1.13467,1.12136,1.12344,-0.001067578,0.002247088,0.006741265
6/10/15 7:26,UP,1.12344,1.13581,1.12206,1.13532,0.005715134,0.002326595,0.006979786
6/11/15 7:57,DOWN,1.13533,1.13869,1.12502,1.12579,-0.005359616,0.002553482,0.007660447
6/12/15 9:43,DOWN,1.12583,1.12849,1.11506,1.11673,-0.005135751,0.00239324,0.007179721
6/12/15 14:49,UP,1.11687,1.12622,1.11644,1.12517,0.002696559,0.002357515,0.007072545
6/15/15 6:06,DOWN,1.12503,1.12974,1.11889,1.1196,-0.001401304,0.002264032,0.006792097
6/15/15 15:58,UP,1.11962,1.12612,1.11899,1.12601,0.000675177,0.001897497,0.005692492
6/16/15 12:17,DOWN,1.12588,1.13306,1.12085,1.12141,-0.003827126,0.001905163,0.00571549
6/17/15 7:07,UP,1.1214,1.1279,1.12045,1.12744,0.001615581,0.001600019,0.004800058
6/17/15 18:11,UP,1.12747,1.13097,1.12059,1.13023,0.003137021,0.001704049,0.005112147
6/18/15 0:59,UP,1.13041,1.13726,1.12769,1.13621,0.002440906,0.001667015,0.005001045
6/18/15 11:50,UP,1.13634,1.14209,1.13379,1.14002,0.000307059,0.001558971,0.004676912
6/19/15 6:29,DOWN,1.14003,1.1437,1.13319,1.13373,-0.003372536,0.001707798,0.005123395
6/22/15 0:11,UP,1.13377,1.13744,1.12918,1.13677,0.000844855,0.001554008,0.004662023
6/23/15 2:07,DOWN,1.13662,1.14108,1.13113,1.13145,-0.002277664,0.001873734,0.005621201
6/23/15 9:17,DOWN,1.13143,1.13165,1.12307,1.12445,-0.000275652,0.00193573,0.005807189
6/23/15 12:43,DOWN,1.12432,1.12492,1.11677,1.11746,-0.002395425,0.001973713,0.005921138
6/24/15 8:47,UP,1.11748,1.12356,1.11346,1.12221,0.001364311,0.001828988,0.005486963
6/26/15 15:04,DOWN,1.12221,1.12288,1.11295,1.11438,-0.003940609,0.0015624,0.0046872
6/28/15 22:42,DOWN,1.11437,1.1179,1.09538,1.09985,-0.015150369,0.004002627,0.01200788
6/29/15 11:30,UP,1.10008,1.11409,1.09688,1.11207,0.002358746,0.003246466,0.009739399
6/29/15 17:42,UP,1.11222,1.12793,1.11023,1.12458,0.005966653,0.003204381,0.009613142
6/30/15 8:51,DOWN,1.1246,1.12653,1.11392,1.11405,-0.002930937,0.002801104,0.008403311
6/30/15 23:46,DOWN,1.11403,1.12448,1.11125,1.11312,-0.001606801,0.002690447,0.008071341
7/1/15 18:54,DOWN,1.11293,1.11716,1.10431,1.10556,-0.001852547,0.00246785,0.007403551
7/3/15 7:19,UP,1.10555,1.11223,1.10318,1.11041,0.00101816,0.001848414,0.005545243
7/5/15 22:43,DOWN,1.11043,1.11184,1.10037,1.10242,-0.004769002,0.002071938,0.006215814
7/6/15 16:11,UP,1.10224,1.10962,1.09909,1.10864,0.001615896,0.002002077,0.006006232
7/7/15 8:06,DOWN,1.10864,1.10892,1.09931,1.09946,-0.003087655,0.002057051,0.006171152
7/7/15 21:07,UP,1.09959,1.1052,1.09159,1.1011,0.001808919,0.002128825,0.006386474
7/8/15 13:25,UP,1.10116,1.10735,1.09739,1.10668,0.003475872,0.002009904,0.006029711
7/9/15 10:54,DOWN,1.10672,1.11249,1.10232,1.10319,-0.000688674,0.002043378,0.006130133
7/10/15 2:58,UP,1.10316,1.10978,1.09912,1.10967,0.003403191,0.002401362,0.007204085
7/10/15 11:10,UP,1.10955,1.12165,1.10787,1.12045,0.003424125,0.002501345,0.007504035
7/13/15 6:26,DOWN,1.12057,1.12083,1.11099,1.11249,-0.000512233,0.002237033,0.0067111
7/13/15 8:39,DOWN,1.11249,1.11975,1.10537,1.10631,-0.003257787,0.002562868,0.007688604
7/13/15 21:25,DOWN,1.10645,1.10851,1.09951,1.10027,-0.000417992,0.002342231,0.007026692
7/14/15 12:53,UP,1.10047,1.10849,1.09654,1.10588,0.001810152,0.00202178,0.006065341
7/15/15 6:07,DOWN,1.1059,1.10656,1.09863,1.09985,-0.000281817,0.001800472,0.005401416
7/15/15 13:54,DOWN,1.09975,1.10363,1.09495,1.09551,-0.00190597,0.001860082,0.005580245
7/16/15 11:02,DOWN,1.09561,1.09742,1.08788,1.08899,-0.002265588,0.001634676,0.004904029
7/17/15 13:56,DOWN,1.08899,1.0927,1.08477,1.08514,-0.003018092,0.001687892,0.005063676
7/21/15 14:00,UP,1.085,1.09025,1.08078,1.08982,0.003538948,0.001752786,0.005258358
7/22/15 13:35,DOWN,1.08995,1.09691,1.0891,1.09012,-0.000348525,0.001744002,0.005232007
7/23/15 3:52,UP,1.0901,1.09565,1.0869,1.0944,0.001380704,0.001773359,0.005320077
7/23/15 12:18,UP,1.09435,1.10186,1.0923,1.10123,0.001690448,0.00192442,0.00577326
7/24/15 7:40,DOWN,1.1011,1.10194,1.09361,1.09398,-0.002920829,0.002305144,0.006915432
7/27/15 5:09,UP,1.09391,1.10149,1.09253,1.1008,0.000908843,0.001888532,0.005665597
7/27/15 8:28,UP,1.10077,1.11139,1.10007,1.10844,0.000785195,0.002046121,0.006138364
7/28/15 7:10,DOWN,1.10844,1.11294,1.105,1.10596,-0.002086505,0.00183718,0.00551154
7/29/15 16:20,DOWN,1.10597,1.10844,1.10118,1.10224,-0.001196845,0.001565591,0.004696774
7/30/15 6:27,DOWN,1.1023,1.10768,1.09466,1.09479,-0.002481413,0.001538821,0.004616462
7/30/15 14:15,DOWN,1.09481,1.0985,1.09111,1.09257,-0.001006294,0.00144007,0.004320211
7/31/15 9:44,UP,1.09252,1.09701,1.08931,1.09643,0.00233758,0.001361318,0.004083953
7/31/15 12:35,UP,1.09651,1.10594,1.09585,1.1037,0.005769989,0.001916955,0.005750866
7/31/15 17:31,DOWN,1.10379,1.11146,1.0999,1.10071,-0.003636483,0.002261695,0.006785085
8/4/15 0:08,DOWN,1.10078,1.10128,1.09411,1.09491,6.39E-05,0.001757068,0.005271204
8/4/15 18:04,DOWN,1.09491,1.09881,1.09013,1.09065,-0.004208799,0.001727449,0.005182347
8/6/15 6:43,UP,1.09064,1.09442,1.08479,1.09135,0.000559097,0.00187383,0.005621491
8/7/15 7:30,UP,1.09135,1.09429,1.0873,1.09429,0.002332997,0.001679165,0.005037494
8/7/15 12:37,DOWN,1.09429,1.09748,1.08603,1.08611,-0.006451783,0.00222979,0.006689369
8/7/15 15:34,UP,1.08614,1.09563,1.08552,1.09431,0.000868504,0.002404729,0.007214188
8/10/15 17:22,UP,1.0943,1.10355,1.09252,1.10327,0.003131967,0.002207046,0.006621139
8/11/15 12:52,UP,1.10322,1.10711,1.09604,1.10691,0.00269581,0.002002555,0.006007664
8/12/15 7:59,UP,1.10691,1.1121,1.10103,1.11153,0.003334298,0.001777618,0.005332854
8/12/15 14:13,UP,1.11158,1.11915,1.11135,1.11858,0.001619434,0.001627133,0.0048814
8/13/15 4:04,DOWN,1.1186,1.12138,1.11317,1.11418,-0.002787402,0.001610578,0.004831733
8/13/15 19:59,UP,1.11412,1.11547,1.108,1.11527,0.001471578,0.001502218,0.004506655
8/14/15 15:01,DOWN,1.11528,1.11889,1.11058,1.11084,-0.004284855,0.001696326,0.005088978
8/18/15 11:10,DOWN,1.1108,1.11397,1.10514,1.10626,-0.000343441,0.001578388,0.004735164
8/19/15 17:48,UP,1.10628,1.10999,1.10172,1.10951,0.003159532,0.001634962,0.004904887
8/20/15 10:36,UP,1.10947,1.11716,1.10897,1.1165,0.001362325,0.001695341,0.005086022
8/20/15 21:09,UP,1.1165,1.12449,1.11526,1.1238,0.003351401,0.0018853,0.005655899
8/21/15 14:28,UP,1.12406,1.13116,1.1229,1.13016,0.000947217,0.0017422,0.0052266
8/21/15 16:44,UP,1.13016,1.13756,1.1298,1.1373,0.002147737,0.001818438,0.005455314
8/24/15 2:21,UP,1.13733,1.14541,1.13486,1.14395,0.001233332,0.0018722,0.0056166
8/24/15 12:09,UP,1.14389,1.15421,1.142,1.15065,0.001487222,0.001873467,0.005620402
8/24/15 13:08,UP,1.15059,1.16039,1.14924,1.16021,0.005973625,0.002353899,0.007061697
8/24/15 16:44,DOWN,1.16017,1.17152,1.15549,1.15553,-0.002489262,0.002589737,0.007769212
8/25/15 10:26,DOWN,1.15551,1.16227,1.14886,1.14943,-0.004912096,0.002573636,0.007720907
8/25/15 15:04,DOWN,1.14948,1.1519,1.14074,1.1416,-0.003436625,0.002305657,0.00691697
8/25/15 21:58,UP,1.14159,1.15381,1.13967,1.15148,0.001721006,0.002490222,0.007470665
8/26/15 9:26,DOWN,1.15129,1.1562,1.14552,1.14568,-0.002440982,0.002283048,0.006849143
8/26/15 12:34,DOWN,1.14561,1.14689,1.1352,1.13568,-0.005015227,0.002519548,0.007558645
8/26/15 19:23,DOWN,1.13569,1.1438,1.1322,1.13289,-0.002406867,0.002275447,0.00682634
8/27/15 10:40,DOWN,1.1329,1.13648,1.12763,1.12763,-0.000274875,0.002141562,0.006424687
8/28/15 7:52,UP,1.12763,1.13082,1.1203,1.13009,0.003794499,0.002323365,0.006970094
8/28/15 16:18,DOWN,1.13008,1.13103,1.11561,1.11831,-0.004505577,0.002321909,0.006965728
9/1/15 4:51,UP,1.1183,1.12776,1.11588,1.12694,0.001598523,0.002363194,0.007089581
9/2/15 13:27,DOWN,1.12696,1.13324,1.12272,1.12297,-0.003049745,0.002122359,0.006367077
9/3/15 13:15,DOWN,1.12293,1.12502,1.11069,1.11309,-0.00407044,0.002176439,0.006529317
9/7/15 16:39,UP,1.11315,1.11907,1.10872,1.11669,0.000618089,0.001891251,0.005673752
9/9/15 11:48,DOWN,1.11678,1.12299,1.11357,1.11414,-0.003225983,0.001811378,0.005434134
9/9/15 19:58,UP,1.11421,1.12086,1.11316,1.12063,0.001527093,0.00192971,0.005789129
9/10/15 15:14,UP,1.12062,1.12601,1.11716,1.12553,0.003167967,0.002014263,0.00604279
9/11/15 16:25,UP,1.12553,1.13451,1.12502,1.13428,0.002780955,0.001845288,0.005535865
9/14/15 12:18,DOWN,1.13429,1.13735,1.13003,1.13009,-0.001282261,0.001701641,0.005104923
9/15/15 15:43,DOWN,1.13003,1.1329,1.12623,1.12683,-0.002074469,0.001408657,0.004225971
9/16/15 9:31,DOWN,1.12684,1.12989,1.12275,1.12353,-0.002489045,0.001357408,0.004072223
9/16/15 14:01,UP,1.12354,1.12877,1.1214,1.12854,0.002421985,0.00163164,0.004894919
9/17/15 18:06,UP,1.12849,1.14022,1.12745,1.13692,0.005547852,0.001910047,0.005730141
9/17/15 20:51,UP,1.13686,1.14419,1.13581,1.14354,0.002512905,0.001925171,0.005775514
9/18/15 14:26,DOWN,1.14345,1.14606,1.13746,1.13777,-0.003439414,0.001921222,0.005763665
9/18/15 19:52,DOWN,1.13784,1.1391,1.12859,1.12987,-0.005349117,0.002207075,0.006621225
9/21/15 13:28,DOWN,1.12976,1.13305,1.1234,1.12444,-0.000613451,0.001944743,0.005834229
9/22/15 6:37,DOWN,1.12444,1.12548,1.1155,1.11631,-0.003371508,0.001973982,0.005921947
9/22/15 15:15,DOWN,1.11624,1.12076,1.11294,1.1137,-0.00037705,0.001845708,0.005537123
9/23/15 14:27,UP,1.11374,1.11912,1.1105,1.11755,0.001459612,0.001719176,0.005157527
9/24/15 10:59,UP,1.11756,1.12383,1.11388,1.12295,0.002228761,0.001704568,0.005113704
9/24/15 20:07,DOWN,1.12294,1.12963,1.12156,1.12207,-0.000917525,0.001817818,0.005453455
9/25/15 7:56,DOWN,1.12206,1.12349,1.11285,1.11344,-0.002645943,0.002,0.006000001
9/25/15 15:44,UP,1.11341,1.12083,1.11159,1.11982,0.001242042,0.001902309,0.005706927
9/28/15 15:29,UP,1.11987,1.12267,1.11466,1.12257,0.002175949,0.001931358,0.005794074
9/29/15 13:13,DOWN,1.12259,1.12818,1.11938,1.12131,-0.000365577,0.001657014,0.004971041
9/30/15 12:54,DOWN,1.12127,1.12683,1.11835,1.12028,-0.001088421,0.001476924,0.004430771
10/1/15 6:05,DOWN,1.12025,1.12058,1.114,1.11402,-0.001757848,0.001420423,0.004261268
10/1/15 14:45,UP,1.11407,1.12062,1.11347,1.11963,0.000777344,0.001434524,0.004303571
10/2/15 10:32,DOWN,1.11958,1.12093,1.1156,1.11561,-0.000976567,0.001301837,0.003905511
10/2/15 12:32,UP,1.11567,1.12528,1.11502,1.12487,0.008266133,0.002385965,0.007157895
10/2/15 19:46,DOWN,1.12495,1.13189,1.11999,1.12043,-0.001917067,0.002246588,0.006739764
10/5/15 10:22,UP,1.12043,1.12896,1.12017,1.12692,0.000248496,0.001906687,0.00572006
10/5/15 16:43,DOWN,1.12692,1.1272,1.11733,1.11791,-0.003357776,0.002044937,0.006134811
10/6/15 15:22,UP,1.11787,1.12749,1.11718,1.12589,0.002116121,0.001724135,0.005172406
10/8/15 7:18,UP,1.12594,1.12846,1.12112,1.12842,0.00197817,0.001660229,0.004980686
10/9/15 7:40,UP,1.12843,1.13267,1.12379,1.13168,0.003035495,0.0016234,0.004870201
10/9/15 12:30,UP,1.13174,1.13742,1.13134,1.13736,0.000932417,0.001579408,0.004738223
10/13/15 7:54,UP,1.13741,1.1411,1.13351,1.14088,0.003626581,0.001464946,0.004394838
10/14/15 7:12,UP,1.1408,1.14196,1.13551,1.14178,0.002674842,0.001513841,0.004541523
10/14/15 19:15,UP,1.14178,1.14801,1.13913,1.14779,0.003456074,0.001833112,0.005499337
10/15/15 12:49,DOWN,1.14784,1.14956,1.13696,1.13833,-0.004260324,0.002077222,0.006231666
10/16/15 10:36,DOWN,1.13826,1.14198,1.13342,1.13421,-0.001673773,0.001755891,0.005267674
10/19/15 10:35,DOWN,1.13419,1.13915,1.13086,1.13177,-0.002973212,0.001640926,0.004922777
10/20/15 10:30,UP,1.13171,1.13851,1.13057,1.13784,0.002164332,0.001433519,0.004300556
10/22/15 5:43,DOWN,1.13784,1.13876,1.13295,1.13348,-0.001146253,0.001133896,0.003401689
10/22/15 12:44,DOWN,1.13342,1.1346,1.12202,1.12248,-0.008489625,0.002328903,0.006986709
10/22/15 16:45,DOWN,1.12249,1.1233,1.11184,1.11274,-0.002414539,0.002343716,0.007031149
10/23/15 12:48,DOWN,1.11273,1.11434,1.10274,1.10481,-0.004371276,0.00228173,0.00684519
10/26/15 16:13,UP,1.10484,1.10589,1.09963,1.10577,0.001357442,0.001764147,0.005292441
10/28/15 13:24,UP,1.10577,1.10902,1.1025,1.1078,0.001147074,0.001232669,0.003698007
10/28/15 18:15,DOWN,1.10781,1.1096,1.09304,1.0949,-0.011640814,0.003083909,0.009251727
10/29/15 23:05,UP,1.09483,1.09888,1.08969,1.09846,0.000819665,0.002269761,0.006809284
10/30/15 14:45,UP,1.09853,1.10726,1.09654,1.10624,0.002815284,0.001898579,0.005695738
11/2/15 20:33,DOWN,1.10626,1.10715,1.09867,1.10091,-0.000880701,0.001546238,0.004638715
11/3/15 11:17,DOWN,1.1009,1.10304,1.09713,1.09741,-0.001092886,0.00148413,0.00445239
11/4/15 8:12,DOWN,1.09734,1.0986,1.09266,1.09297,-0.001946922,0.001376746,0.004130239
11/4/15 14:37,DOWN,1.09294,1.09396,1.08722,1.08742,-0.003424268,0.001540625,0.004621876
11/6/15 13:49,DOWN,1.0874,1.09006,1.07075,1.07351,-0.011355759,0.003067114,0.009201343
11/10/15 13:16,DOWN,1.0735,1.07903,1.06973,1.07085,-0.001968459,0.001766615,0.005299844
11/11/15 2:57,UP,1.07086,1.07616,1.06741,1.07555,0.002038243,0.001677591,0.005032772
11/12/15 1:13,UP,1.0755,1.07747,1.07058,1.07711,0.001858547,0.001525342,0.004576025
11/12/15 8:33,DOWN,1.0771,1.07807,1.0712,1.07134,-0.003159266,0.001637784,0.004913352
11/12/15 14:58,UP,1.07133,1.07954,1.06909,1.07792,0.00405303,0.0017287,0.005186099
11/12/15 22:14,UP,1.07794,1.08302,1.07466,1.08152,0.002082572,0.001956941,0.005870824
11/13/15 9:43,DOWN,1.0813,1.08173,1.07518,1.07563,-0.001263577,0.001785509,0.005356526
11/13/15 16:25,DOWN,1.07569,1.08082,1.07176,1.07249,-0.00248644,0.001902013,0.005706039
11/16/15 19:27,DOWN,1.07257,1.07585,1.06819,1.06846,-0.001393559,0.001571207,0.004713622
11/17/15 17:47,DOWN,1.0684,1.0691,1.06306,1.06464,-0.000591574,0.001249281,0.003747843
11/18/15 9:45,UP,1.06463,1.06926,1.0631,1.0683,0.001320726,0.001239623,0.00371887
11/18/15 17:32,DOWN,1.06823,1.06887,1.06228,1.06397,-0.000620126,0.001337056,0.004011167
11/19/15 2:57,UP,1.06404,1.07179,1.06166,1.06947,0.001637665,0.001463313,0.004389939
11/19/15 16:42,UP,1.06953,1.07594,1.06669,1.07589,0.003790088,0.001739631,0.005218893
11/20/15 8:00,DOWN,1.07589,1.07633,1.0686,1.06875,-0.00316691,0.001819604,0.005458811
11/22/15 22:31,DOWN,1.06875,1.07082,1.06337,1.06374,-0.000667234,0.00169054,0.00507162
11/24/15 9:17,UP,1.06397,1.06713,1.05926,1.06529,0.001155282,0.001498189,0.004494567
11/25/15 10:42,DOWN,1.0653,1.06897,1.05974,1.0613,-0.00092297,0.00180711,0.00542133
11/27/15 14:49,DOWN,1.0613,1.06417,1.05659,1.05799,-0.000453588,0.001649425,0.004948275
12/1/15 13:47,UP,1.05799,1.06191,1.05579,1.0608,0.001263996,0.001350253,0.004050758
12/2/15 13:56,DOWN,1.06079,1.06379,1.05783,1.05803,-0.001246824,0.001319559,0.003958677
12/2/15 19:03,UP,1.05803,1.06189,1.05507,1.06159,0.003066141,0.001450499,0.004351496
12/3/15 10:33,DOWN,1.06159,1.06271,1.0552,1.05599,-0.001816548,0.001386125,0.004158375
12/3/15 12:56,UP,1.056,1.06916,1.05223,1.06668,0.011408438,0.003099602,0.009298806
12/3/15 14:02,UP,1.06664,1.08922,1.0646,1.08263,0.013661707,0.004445937,0.01333781
12/3/15 19:34,UP,1.08259,1.0971,1.07885,1.09679,0.004889807,0.004073666,0.012220998
12/7/15 5:43,DOWN,1.09672,1.09812,1.0836,1.08636,-0.001554445,0.002895886,0.008687658
12/8/15 14:06,UP,1.08638,1.08985,1.0796,1.08885,0.001820088,0.002097758,0.006293273
12/9/15 9:43,UP,1.08881,1.09378,1.0866,1.09356,0.00208711,0.001886304,0.005658913
12/9/15 18:07,UP,1.09361,1.10199,1.0916,1.10167,0.003537252,0.002006211,0.006018633
12/10/15 10:37,DOWN,1.10162,1.10433,1.09357,1.09361,-0.003614495,0.001934581,0.005803742
12/11/15 14:48,UP,1.0936,1.1015,1.09249,1.10137,0.004969791,0.001852324,0.005556971
12/14/15 7:30,DOWN,1.10142,1.10312,1.09504,1.09532,-0.00048376,0.001695869,0.005087607
12/14/15 15:27,UP,1.09531,1.1029,1.09455,1.10272,0.002915229,0.001662265,0.004986795
12/15/15 7:36,UP,1.10271,1.10579,1.09852,1.10533,0.002817605,0.001620635,0.004861905
12/15/15 12:43,DOWN,1.10532,1.106,1.09866,1.09959,-0.001444949,0.001602094,0.004806283
12/15/15 15:33,DOWN,1.09963,1.1,1.0934,1.09409,-0.000365534,0.001667081,0.005001244
12/16/15 19:45,UP,1.09409,1.09939,1.0888,1.09816,0.003987323,0.001592679,0.004778037
12/16/15 21:05,DOWN,1.09823,1.10122,1.08941,1.08989,-0.003827914,0.00197631,0.005928929
12/17/15 16:12,DOWN,1.0899,1.09145,1.0817,1.08194,-0.002326441,0.001793878,0.005381633
12/21/15 1:14,UP,1.08199,1.08756,1.08025,1.08703,0.000312828,0.001921381,0.005764142
12/21/15 15:52,UP,1.08708,1.09203,1.0848,1.09192,0.002429867,0.001759406,0.005278217
12/22/15 15:06,UP,1.09198,1.09754,1.09023,1.09727,0.001477482,0.001491636,0.004474909
12/23/15 8:49,DOWN,1.09728,1.09845,1.09145,1.0921,-0.001884497,0.001420921,0.004262762
12/23/15 16:52,DOWN,1.0921,1.09349,1.08732,1.08774,-0.002130591,0.001415104,0.004245312
12/24/15 7:44,UP,1.08779,1.09462,1.08699,1.09448,0.00234175,0.001604347,0.004813042
12/29/15 13:42,DOWN,1.09447,1.09927,1.09199,1.09245,-0.004028672,0.00159334,0.004780021
12/31/15 13:30,DOWN,1.0925,1.09441,1.08792,1.08857,-0.002092301,0.001430081,0.004290244
1/4/16 1:05,DOWN,1.08858,1.09007,1.08414,1.08414,-0.002064022,0.001460859,0.004382578
1/4/16 8:00,UP,1.08413,1.09207,1.08269,1.09119,0.002459055,0.001543932,0.004631795
1/4/16 14:24,DOWN,1.09122,1.09467,1.08454,1.08577,-0.001214989,0.001624046,0.004872139
1/4/16 16:16,DOWN,1.08581,1.08607,1.07843,1.07856,-0.003304503,0.001776121,0.005328363
1/5/16 10:23,DOWN,1.07857,1.08394,1.07648,1.07743,-0.001391234,0.001549979,0.004649938
1/5/16 15:51,DOWN,1.07745,1.078,1.07106,1.07149,-0.001846189,0.001473766,0.004421299
1/6/16 1:24,UP,1.0715,1.07732,1.07128,1.07715,0.001960794,0.001513176,0.004539527
1/6/16 19:10,UP,1.07713,1.0798,1.07139,1.07899,0.002709903,0.001359586,0.004078758
1/7/16 9:33,UP,1.079,1.08698,1.0767,1.08539,0.005432135,0.001885042,0.005655125
1/7/16 19:55,UP,1.08541,1.0926,1.08261,1.09224,0.001860295,0.001831336,0.005494008
1/8/16 7:31,DOWN,1.09223,1.09405,1.08547,1.08591,-0.001821695,0.001789824,0.005369471
1/8/16 16:23,UP,1.08597,1.09095,1.08032,1.09002,0.000532242,0.001992289,0.005976868
1/10/16 23:13,UP,1.09002,1.09699,1.08703,1.09658,0.005009884,0.00222806,0.006684181
1/26/16 0:42,DOWN,1.09667,1.09671,1.08438,1.08451,-0.011067974,0.003466468,0.010399404
1/27/16 13:20,UP,1.08451,1.09018,1.08188,1.08955,0.001726973,0.002126208,0.006378625
1/28/16 13:48,UP,1.0896,1.09339,1.086,1.09243,0.001529872,0.001705744,0.005117232
1/29/16 3:50,DOWN,1.09248,1.0968,1.08828,1.09087,-0.001941517,0.001514478,0.004543434
1/29/16 9:36,DOWN,1.09084,1.09489,1.0885,1.08931,-0.000376314,0.001554042,0.004662127
1/29/16 15:00,DOWN,1.08931,1.09264,1.08332,1.08375,-0.001677946,0.00205137,0.006154111
2/1/16 12:24,UP,1.08374,1.08739,1.08099,1.0868,0.000460172,0.001614143,0.004842429
2/2/16 9:17,UP,1.08681,1.09204,1.08666,1.09135,0.00099009,0.001366352,0.004099057
2/3/16 13:20,UP,1.09136,1.09467,1.08923,1.09449,0.001847314,0.001140053,0.003420158
2/3/16 15:03,UP,1.09453,1.10446,1.09417,1.10274,0.004881584,0.001722706,0.005168119
2/3/16 18:08,UP,1.10277,1.10985,1.10133,1.10964,0.003964085,0.001934768,0.005804304
2/4/16 9:22,UP,1.10964,1.11677,1.10695,1.11571,0.002791355,0.002196582,0.006589746
2/4/16 19:30,UP,1.11571,1.12393,1.115,1.12211,0.0019268,0.001831164,0.005493491
2/5/16 13:48,DOWN,1.12213,1.12536,1.11413,1.11497,-0.004188638,0.001771385,0.005314156
2/8/16 10:38,UP,1.11503,1.11844,1.11087,1.11726,0.000850656,0.001651239,0.004953718
2/8/16 13:27,DOWN,1.11726,1.11745,1.10865,1.10883,-0.003187469,0.002025826,0.006077478
2/8/16 16:45,UP,1.10883,1.11972,1.10866,1.11789,0.003575609,0.002192805,0.006578415
2/9/16 13:46,UP,1.11789,1.12821,1.11564,1.12763,0.00459538,0.002076107,0.00622832
2/10/16 10:27,DOWN,1.12762,1.13384,1.12513,1.12513,-0.000479829,0.001792248,0.005376744
2/10/16 15:20,DOWN,1.12518,1.12735,1.11863,1.11903,-0.004573851,0.002001634,0.006004901
2/10/16 20:12,UP,1.11897,1.12821,1.11604,1.1266,0.001474547,0.001948958,0.005846873
2/11/16 14:41,UP,1.12659,1.13685,1.12649,1.13432,0.001941371,0.001802126,0.005406377
2/12/16 8:07,DOWN,1.13438,1.13767,1.12828,1.12881,-0.001885165,0.001684763,0.005054288
2/14/16 23:32,DOWN,1.12881,1.1299,1.1214,1.12272,-0.001210611,0.001544642,0.004633925
2/15/16 14:49,DOWN,1.12273,1.12394,1.11503,1.11531,-0.002373203,0.001540453,0.004621358
2/17/16 15:08,DOWN,1.11523,1.11935,1.11059,1.11204,-0.00051244,0.001504626,0.004513878
2/18/16 13:27,DOWN,1.112,1.11575,1.10778,1.10897,-0.001936859,0.001442943,0.00432883
2/22/16 9:59,DOWN,1.10898,1.11396,1.10668,1.10815,-0.000658539,0.001456254,0.004368762
2/22/16 13:41,DOWN,1.10815,1.10817,1.10154,1.10201,-0.001677343,0.001700351,0.005101054
2/24/16 9:59,DOWN,1.10196,1.10529,1.09765,1.0984,-0.001701029,0.001323768,0.003971305
2/24/16 16:00,UP,1.09839,1.10409,1.09571,1.10243,0.001434226,0.001463738,0.004391214
2/26/16 3:14,UP,1.10241,1.1064,1.09867,1.1064,0.003785174,0.001755185,0.005265556
2/26/16 13:42,DOWN,1.10634,1.10686,1.09787,1.09831,-0.003154419,0.002033191,0.006099574
2/29/16 10:51,DOWN,1.09826,1.09937,1.08963,1.09091,-0.001218423,0.001985836,0.005957507
3/1/16 15:34,DOWN,1.09095,1.09097,1.08353,1.08436,-0.001234989,0.00157771,0.00473313
3/3/16 11:37,UP,1.08441,1.08831,1.08255,1.08814,0.001167811,0.001173619,0.003520856
3/3/16 16:22,UP,1.0881,1.09442,1.08759,1.09415,0.001802107,0.001324006,0.003972019
3/4/16 14:02,UP,1.09415,1.10268,1.0903,1.10116,0.003648261,0.00179856,0.005395681
3/7/16 9:00,DOWN,1.10124,1.1044,1.09441,1.09485,-0.002973153,0.001761862,0.005285586
3/7/16 17:59,UP,1.09485,1.10253,1.09401,1.10216,0.003918169,0.001935743,0.005807229
3/9/16 2:09,DOWN,1.10221,1.10581,1.09752,1.09812,-0.002192255,0.001713948,0.005141843
3/9/16 16:26,UP,1.09814,1.10266,1.0946,1.10127,0.002700529,0.001755577,0.00526673
3/10/16 8:11,DOWN,1.10133,1.10352,1.09607,1.09664,-0.000838574,0.001646009,0.004938026
3/10/16 13:03,DOWN,1.09669,1.09901,1.08359,1.08561,-0.01102949,0.003093947,0.009281842
3/10/16 14:16,UP,1.08562,1.11158,1.08219,1.10537,0.020112798,0.00574217,0.017226511
3/11/16 1:18,UP,1.1053,1.12184,1.10044,1.1207,0.002394226,0.004795989,0.014387966
3/14/16 16:54,DOWN,1.12074,1.12074,1.10803,1.1104,-9.91E-05,0.002966853,0.008900559
3/16/16 18:03,UP,1.1104,1.11717,1.10578,1.11473,0.006010509,0.002344651,0.007033952
3/17/16 6:14,UP,1.11457,1.12429,1.11382,1.12225,0.000311922,0.002234729,0.006704187
3/17/16 10:09,UP,1.12224,1.13278,1.12215,1.13213,0.003628066,0.002384861,0.007154583
3/18/16 19:38,DOWN,1.13219,1.13428,1.12559,1.12668,-0.000594491,0.001735097,0.00520529
3/22/16 8:31,DOWN,1.12668,1.12852,1.11907,1.12055,-0.003305405,0.00167039,0.00501117
3/23/16 9:01,DOWN,1.12049,1.12387,1.11802,1.11869,-0.000402175,0.001417979,0.004253938
3/28/16 13:39,UP,1.11866,1.12083,1.11444,1.12063,0.003638497,0.001286089,0.003858266
3/29/16 16:49,UP,1.12063,1.12675,1.11689,1.12639,0.006117807,0.001891343,0.00567403
3/30/16 7:42,UP,1.12637,1.13311,1.1259,1.13303,0.001890527,0.001717234,0.005151701
3/31/16 11:20,UP,1.13304,1.13837,1.13021,1.13806,0.001644499,0.001687612,0.005062837
4/1/16 12:26,UP,1.13801,1.14383,1.13667,1.14339,0.002337892,0.001419223,0.004257668
4/1/16 14:19,DOWN,1.1433,1.1435,1.13348,1.13462,-0.003923126,0.001872864,0.005618592
4/5/16 7:21,DOWN,1.13462,1.14131,1.13392,1.13456,-0.002965912,0.001606019,0.004818058
4/6/16 11:30,DOWN,1.13456,1.14016,1.13266,1.13321,-0.001983542,0.001349294,0.004047883
4/6/16 13:49,UP,1.13326,1.13995,1.13301,1.13895,0.003835433,0.001604634,0.004813901
4/7/16 6:49,UP,1.13895,1.14544,1.13678,1.14395,0.002669761,0.001647245,0.004941734
4/7/16 12:43,DOWN,1.14394,1.145,1.13575,1.13736,-0.002783279,0.00180306,0.005409181
4/8/16 15:31,UP,1.13744,1.14196,1.13375,1.1416,0.001885097,0.001618218,0.004854654
4/11/16 14:45,UP,1.14156,1.14478,1.1372,1.14398,0.000865774,0.001494166,0.004482497
4/12/16 13:09,DOWN,1.14392,1.14652,1.13796,1.13878,-0.000974253,0.001402582,0.004207746
4/13/16 8:36,DOWN,1.13879,1.14008,1.13365,1.13395,-0.000802183,0.001441288,0.004323863
4/13/16 14:05,DOWN,1.13387,1.13506,1.12726,1.12825,-0.003026658,0.001582409,0.004747226
4/14/16 12:43,UP,1.12831,1.12947,1.12338,1.12912,0.00246513,0.001451126,0.004353378
4/15/16 14:06,UP,1.12912,1.13104,1.12456,1.13028,0.002462597,0.001317961,0.003953883
4/19/16 6:24,UP,1.13028,1.13386,1.12737,1.13381,0.002012944,0.001071438,0.003214313
4/19/16 13:25,UP,1.13377,1.13685,1.13147,1.13658,0.001884616,0.001103052,0.003309155
4/20/16 14:44,DOWN,1.13663,1.13885,1.13177,1.13263,-0.001499806,0.001296433,0.003889299
4/21/16 12:16,UP,1.13264,1.13602,1.12831,1.13594,0.004473254,0.001533222,0.004599666
4/21/16 14:09,DOWN,1.13595,1.13962,1.12754,1.12976,-0.00461862,0.001849974,0.005549922
4/22/16 14:50,DOWN,1.12983,1.13106,1.12455,1.12496,-0.000417705,0.001391606,0.004174819
4/25/16 15:28,UP,1.12494,1.12786,1.12151,1.12735,0.000914065,0.001184976,0.003554928
4/26/16 13:06,UP,1.1274,1.13194,1.12562,1.13062,0.001522448,0.001215063,0.00364519
4/28/16 3:27,UP,1.13055,1.13619,1.12715,1.13389,0.002826133,0.001436865,0.004310596
4/29/16 1:25,UP,1.13397,1.13729,1.13101,1.13729,0.001610384,0.001157234,0.003471703
4/29/16 13:09,UP,1.13732,1.14322,1.13698,1.14301,0.002540385,0.001196749,0.003590246
5/2/16 1:45,UP,1.143,1.14804,1.14263,1.14776,0.001473518,0.00112206,0.003366179
5/2/16 14:15,UP,1.14778,1.15352,1.14482,1.15056,0.001800744,0.001137108,0.003411324
5/3/16 6:05,UP,1.1505,1.15578,1.14908,1.15578,0.002052669,0.001109068,0.003327204
5/3/16 13:32,DOWN,1.15573,1.16164,1.15376,1.15427,-0.001636059,0.001206977,0.003620931
5/3/16 21:58,DOWN,1.15428,1.15631,1.14928,1.14965,-0.00106063,0.001335135,0.004005405
5/5/16 8:47,DOWN,1.14966,1.15297,1.14386,1.14451,-0.002539346,0.001276184,0.003828551
5/5/16 15:00,DOWN,1.1445,1.14466,1.13859,1.13989,-0.00028946,0.001278786,0.003836357
5/8/16 23:44,DOWN,1.13993,1.14802,1.13849,1.13852,-0.001623598,0.001036448,0.003109345
5/10/16 12:10,DOWN,1.13857,1.14201,1.13587,1.13707,-0.000905427,0.00084409,0.00253227
5/11/16 13:02,UP,1.13707,1.14203,1.13655,1.14053,0.000763094,0.000801463,0.002404388
5/12/16 11:00,DOWN,1.14048,1.14469,1.13879,1.13917,-0.001780413,0.000862977,0.002588932
5/13/16 1:21,DOWN,1.13915,1.14151,1.13704,1.13738,-0.000123082,0.000899444,0.002698332
5/13/16 12:59,DOWN,1.13742,1.1377,1.13077,1.13146,-0.003247157,0.001244534,0.003733602
5/16/16 13:40,UP,1.13153,1.13426,1.1283,1.1334,0.001138817,0.001041841,0.003125522
5/17/16 14:15,UP,1.13335,1.13488,1.13016,1.13456,0.001799672,0.001150915,0.003452746
5/18/16 1:00,DOWN,1.13457,1.13457,1.13067,1.13082,-0.000724875,0.001097846,0.003293537
5/18/16 7:57,DOWN,1.13082,1.13143,1.12561,1.12651,-0.001587717,0.001139679,0.003419038
5/18/16 18:41,DOWN,1.12651,1.12931,1.12225,1.12285,-0.005533046,0.001742019,0.005226058
5/23/16 1:16,UP,1.12285,1.12381,1.11799,1.12306,0.000766058,0.001048982,0.003146946
5/23/16 13:35,DOWN,1.12311,1.12432,1.11875,1.11897,-0.00218712,0.00116938,0.003508141
5/24/16 8:03,DOWN,1.11903,1.1231,1.11753,1.11801,-0.0026173,0.001245628,0.003736884
5/24/16 19:20,DOWN,1.11796,1.11893,1.11324,1.11351,-0.001175769,0.001122669,0.003368008
5/26/16 2:26,UP,1.1135,1.11805,1.11288,1.11787,0.001477112,0.001020639,0.003061916
5/27/16 11:58,DOWN,1.11787,1.12171,1.1159,1.11644,-0.001119004,0.00100826,0.003024779
5/27/16 15:33,DOWN,1.11641,1.11775,1.11253,1.11305,-0.000745421,0.001011783,0.003035349
5/30/16 10:40,UP,1.11311,1.11485,1.10978,1.11375,0.000287359,0.000963182,0.002889546
5/31/16 14:09,UP,1.11376,1.11736,1.11222,1.1166,0.000770492,0.000891885,0.002675654
5/31/16 15:53,DOWN,1.11659,1.11729,1.11253,1.113,-0.001041685,0.001018764,0.003056292
6/1/16 10:25,UP,1.11299,1.11678,1.11141,1.11653,0.001120167,0.000943171,0.002829512
6/2/16 1:49,UP,1.11658,1.11986,1.1149,1.11961,0.001054494,0.000855255,0.002565765
6/2/16 13:51,DOWN,1.11965,1.12202,1.11521,1.11547,-0.003150652,0.00111297,0.003338911
6/3/16 12:45,UP,1.11551,1.12712,1.11367,1.12605,0.010534401,0.002739936,0.008219807
6/5/16 22:04,UP,1.12602,1.13741,1.12594,1.13662,0.002016778,0.002585404,0.007756213
6/8/16 12:28,UP,1.13663,1.1393,1.13255,1.13859,0.001195174,0.001262062,0.003786187
6/9/16 8:44,DOWN,1.13861,1.14157,1.13511,1.13651,-0.00193388,0.001173767,0.003521302
6/9/16 13:05,DOWN,1.13651,1.13693,1.13159,1.1316,-0.002189189,0.001260296,0.003780888
6/10/16 10:16,DOWN,1.13165,1.1337,1.12818,1.12906,-0.001194971,0.001337059,0.004011177
6/12/16 22:50,DOWN,1.12908,1.13126,1.12449,1.12521,-0.000755129,0.001247392,0.003742175
6/13/16 14:39,UP,1.12513,1.12944,1.12319,1.12868,0.002279592,0.001261079,0.003783237
6/14/16 8:06,DOWN,1.12869,1.13031,1.12451,1.12462,-0.000684441,0.00132544,0.003976319
6/14/16 14:20,DOWN,1.12458,1.12561,1.11936,1.11953,-0.002186027,0.001323048,0.003969144
6/15/16 14:14,UP,1.11952,1.12386,1.11887,1.12339,0.000605494,0.001078741,0.003236224
6/16/16 6:23,UP,1.12333,1.1299,1.1225,1.12804,0.000931252,0.001125106,0.003375317
6/16/16 11:04,DOWN,1.12806,1.1295,1.12048,1.12053,-0.00403458,0.001464576,0.004393728
6/16/16 14:05,DOWN,1.1205,1.1208,1.11387,1.11469,-0.001371638,0.00152217,0.004566509
6/16/16 16:52,UP,1.11466,1.12436,1.11309,1.12152,0.004951965,0.001855008,0.005565024
6/17/16 14:11,UP,1.12157,1.12871,1.12056,1.12837,0.002955523,0.001648559,0.004945677
6/19/16 22:44,UP,1.12837,1.13381,1.12421,1.13156,0.003408184,0.001816019,0.005448056
6/20/16 19:56,DOWN,1.13147,1.13827,1.1302,1.13064,-0.001007771,0.001602205,0.004806614
6/21/16 13:41,DOWN,1.13059,1.13498,1.1257,1.1257,-0.00390106,0.001730416,0.005191247
6/22/16 12:41,UP,1.12568,1.13002,1.12364,1.1296,0.000469303,0.001449323,0.004347968
6/23/16 0:51,UP,1.1296,1.13483,1.12691,1.13335,0.001209537,0.001576341,0.004729023
6/23/16 10:09,UP,1.13334,1.14007,1.13166,1.13917,0.003526317,0.001737061,0.005211182
6/24/16 0:04,DOWN,1.13912,1.14288,1.1269,1.13331,-0.000767368,0.002445795,0.007337384
6/24/16 2:28,DOWN,1.13339,1.13355,1.1138,1.11394,-0.012321217,0.00393453,0.01180359
6/24/16 4:51,DOWN,1.1139,1.1207,1.09114,1.09591,-0.004406697,0.004369805,0.013109416
6/24/16 8:18,UP,1.09563,1.11894,1.09356,1.11269,0.003249664,0.004304828,0.012914485
6/27/16 1:15,DOWN,1.11255,1.11808,1.10007,1.10094,-0.002838991,0.003425077,0.01027523
6/28/16 5:11,UP,1.10082,1.10839,1.09706,1.10603,0.000370764,0.002439204,0.007317612
6/29/16 12:44,UP,1.10603,1.11119,1.10346,1.11079,0.00248781,0.001894992,0.005684977
6/30/16 11:14,UP,1.11078,1.11548,1.10743,1.11497,0.001822336,0.001613388,0.004840163
6/30/16 16:29,DOWN,1.11489,1.11546,1.10243,1.10599,-0.003718248,0.001880029,0.005640088
7/1/16 9:54,UP,1.10599,1.11173,1.10352,1.111,0.000684302,0.001808455,0.005425364
7/5/16 10:45,UP,1.11105,1.11862,1.10978,1.11558,0.000259988,0.001512879,0.004538638
7/5/16 16:59,DOWN,1.11558,1.11676,1.10661,1.10919,-0.000396607,0.001805404,0.005416213
7/6/16 19:09,UP,1.10919,1.11086,1.10288,1.11043,0.001333706,0.001569943,0.004709829
7/8/16 13:04,DOWN,1.1104,1.11121,1.10018,1.10506,-0.001564302,0.001313261,0.003939783
7/12/16 2:20,UP,1.1051,1.11203,1.10156,1.10786,0.001635117,0.001169562,0.003508687
7/12/16 18:59,DOWN,1.1078,1.11267,1.10607,1.10675,-0.001219044,0.001170304,0.003510912
7/13/16 13:15,UP,1.10675,1.1095,1.10421,1.10941,0.001506439,0.001215845,0.003647536
7/14/16 11:55,UP,1.10935,1.11651,1.10794,1.11553,0.004294165,0.001522317,0.004566951
7/15/16 13:27,DOWN,1.11552,1.1165,1.10822,1.10872,-0.004023571,0.001724344,0.005173031
7/19/16 12:10,DOWN,1.10875,1.10901,1.10238,1.10328,-0.002480425,0.001376757,0.004130271
7/20/16 7:12,DOWN,1.10327,1.10377,1.0984,1.09897,-0.002117923,0.001264259,0.003792776
7/21/16 6:06,UP,1.09902,1.10444,1.09813,1.1032,0.001160935,0.001103195,0.003309586
7/22/16 15:09,DOWN,1.10327,1.10608,1.09676,1.09697,-0.003930386,0.00141273,0.00423819
7/26/16 5:58,UP,1.09697,1.10209,1.0952,1.10123,0.002236365,0.001126461,0.003379383
7/27/16 18:13,DOWN,1.10118,1.10301,1.09619,1.09745,-0.001647919,0.000911428,0.002734284
7/27/16 19:01,UP,1.09737,1.10244,1.09731,1.1024,0.004500314,0.001412809,0.004238426
7/28/16 6:40,UP,1.10241,1.10955,1.1023,1.10867,0.001642956,0.001406502,0.004219505
7/29/16 11:23,UP,1.10862,1.11197,1.10685,1.11114,0.000819314,0.001066189,0.003198566
7/29/16 13:31,UP,1.11118,1.11684,1.11047,1.11647,0.002133994,0.001293896,0.003881688
8/2/16 7:38,UP,1.11644,1.12089,1.11525,1.12017,0.002234298,0.001041672,0.003125017
8/2/16 16:26,UP,1.12014,1.12307,1.11869,1.12268,0.000195979,0.00092888,0.002786639
8/3/16 9:30,DOWN,1.12263,1.12339,1.11923,1.11944,-0.001785014,0.000928666,0.002785998
8/3/16 17:34,DOWN,1.1194,1.1205,1.11495,1.11601,-0.001217885,0.001033208,0.003099624
8/4/16 19:51,DOWN,1.11598,1.1164,1.11138,1.11295,-0.000619782,0.000850684,0.002552052
8/5/16 12:15,UP,1.1129,1.11615,1.11257,1.11563,0.001013394,0.000794174,0.002382522
8/5/16 12:56,DOWN,1.11562,1.11607,1.10819,1.10852,-0.006393475,0.001745125,0.005235375
8/9/16 9:03,UP,1.10857,1.11057,1.10458,1.10941,0.001614773,0.001281278,0.003843833
8/10/16 0:16,UP,1.10939,1.11347,1.10747,1.11344,0.002058807,0.001293817,0.003881451
8/10/16 12:05,UP,1.11338,1.11904,1.11324,1.11856,0.001234491,0.001227789,0.003683367
8/11/16 7:55,DOWN,1.11859,1.11918,1.11412,1.11477,-0.001523817,0.001093955,0.003281864
8/12/16 0:40,DOWN,1.11476,1.11823,1.1132,1.11323,-0.000754277,0.001082026,0.003246078
8/12/16 12:42,UP,1.1132,1.12183,1.11311,1.12117,0.005303155,0.001623516,0.004870547
8/15/16 1:32,DOWN,1.12116,1.12216,1.11536,1.11588,-0.000806213,0.001460368,0.004381103
8/16/16 6:16,UP,1.11587,1.12252,1.11542,1.12166,0.001918641,0.001287301,0.003861904
8/16/16 8:04,UP,1.12161,1.12731,1.12137,1.12728,0.003163041,0.001501476,0.004504427
8/17/16 18:00,DOWN,1.1273,1.13227,1.1246,1.12593,-0.000417346,0.001018333,0.003054998
8/18/16 0:16,UP,1.12652,1.1316,1.12408,1.13101,0.001672471,0.001274969,0.003824907
8/18/16 18:56,UP,1.131,1.13566,1.12952,1.13535,0.001913134,0.001211135,0.003633405
8/19/16 8:53,DOWN,1.1354,1.13667,1.13042,1.13132,-0.001439758,0.001171155,0.003513466
8/22/16 1:40,DOWN,1.13128,1.13334,1.12846,1.12855,-0.001124705,0.001034459,0.003103376
8/22/16 13:35,UP,1.12851,1.1315,1.12711,1.13119,0.000194504,0.000962178,0.002886535
8/23/16 8:08,UP,1.13127,1.13553,1.13061,1.13426,0.000176342,0.000827929,0.002483788
8/23/16 16:22,DOWN,1.13431,1.13488,1.13067,1.13089,-0.001104714,0.000789157,0.002367471
8/24/16 9:35,DOWN,1.13095,1.13226,1.1275,1.12786,-0.001683189,0.000791958,0.002375873
8/24/16 14:39,DOWN,1.12781,1.12835,1.12472,1.12485,-0.001341501,0.000805074,0.002415222
8/25/16 8:36,UP,1.12481,1.12893,1.12452,1.12872,0.001711365,0.000844121,0.002532363
8/26/16 12:48,UP,1.12876,1.13106,1.12712,1.13041,0.001301259,0.000785674,0.002357022
8/26/16 14:00,DOWN,1.13043,1.13087,1.12473,1.12521,-0.004610714,0.001362266,0.004086797
8/26/16 14:26,UP,1.12491,1.1341,1.1242,1.13294,0.006846339,0.002134658,0.006403973
8/26/16 15:41,DOWN,1.13306,1.13322,1.12345,1.12355,-0.003997163,0.002457694,0.007373081
8/29/16 13:18,DOWN,1.12358,1.1243,1.11622,1.11625,-0.000626903,0.001929201,0.005787603
8/31/16 0:59,DOWN,1.11628,1.11932,1.1132,1.11411,-0.00025129,0.001236318,0.003708955
9/1/16 14:33,UP,1.11404,1.11946,1.11231,1.11915,0.005249873,0.001584987,0.004754961
9/2/16 14:43,DOWN,1.11915,1.12527,1.11515,1.11565,-0.004257495,0.001748951,0.005246853
9/6/16 14:14,UP,1.11567,1.1215,1.11397,1.12128,0.004092982,0.001489663,0.004468989
9/8/16 7:23,UP,1.12129,1.1271,1.12126,1.12614,0.001243958,0.001148471,0.003445414
9/8/16 11:51,UP,1.12614,1.13163,1.12569,1.13072,0.000964452,0.001203779,0.003611337
9/8/16 16:47,DOWN,1.13073,1.13275,1.12407,1.12545,-0.001056796,0.001318096,0.003954288
9/9/16 13:14,DOWN,1.1254,1.12852,1.12276,1.12326,-0.001521197,0.001158441,0.003475323
9/12/16 6:42,UP,1.12325,1.12533,1.11984,1.12479,0.000684807,0.001100513,0.00330154
9/12/16 17:20,UP,1.12481,1.12684,1.12103,1.1253,0.000844576,0.001023632,0.003070895
9/13/16 19:19,DOWN,1.12538,1.12608,1.12039,1.12126,-0.001292353,0.000828185,0.002484555
9/14/16 14:56,UP,1.12127,1.12562,1.12103,1.12488,0.001797361,0.000797071,0.002391212
9/15/16 6:57,DOWN,1.12488,1.12743,1.12321,1.12321,-0.001023328,0.000764382,0.002293145
9/16/16 9:41,DOWN,1.1232,1.12845,1.1219,1.1232,-0.000222554,0.000685152,0.002055456
9/16/16 13:16,DOWN,1.12321,1.12341,1.11686,1.11737,-0.003082851,0.001040781,0.003122342
9/19/16 14:33,UP,1.11736,1.11849,1.11495,1.11841,0.000635031,0.000858124,0.002574371
9/20/16 15:17,DOWN,1.11846,1.12136,1.11642,1.11665,-0.000716172,0.000822118,0.002466354
9/21/16 4:46,DOWN,1.1167,1.1173,1.11247,1.1136,-0.001005242,0.000757692,0.002273075
9/21/16 16:18,UP,1.11366,1.11683,1.11231,1.11639,0.001855912,0.000863149,0.002589448
9/22/16 0:07,UP,1.11639,1.11968,1.11352,1.1194,0.000571898,0.000828819,0.002486456
9/22/16 7:21,UP,1.11939,1.12404,1.11848,1.12365,0.001594293,0.001039313,0.003117939
9/22/16 18:31,DOWN,1.12365,1.12574,1.1204,1.12068,-0.001676147,0.001081017,0.003243051
9/23/16 16:18,UP,1.12063,1.12311,1.11938,1.123,0.000997826,0.000912934,0.002738801
9/26/16 12:04,UP,1.12304,1.12702,1.1221,1.12664,0.001874581,0.000889063,0.002667189
9/27/16 12:26,DOWN,1.12663,1.12793,1.12132,1.12137,-0.00252052,0.000978953,0.00293686
9/28/16 7:48,DOWN,1.12138,1.12262,1.11819,1.11866,-0.001705944,0.000950715,0.002852144
9/28/16 12:30,UP,1.11866,1.12329,1.1186,1.1224,0.000561455,0.001099175,0.003297526
9/30/16 7:57,DOWN,1.12246,1.125,1.11679,1.11832,-0.002402505,0.001151251,0.003453752
9/30/16 14:00,UP,1.11834,1.12215,1.11533,1.12087,0.003091662,0.001395765,0.004187294
10/4/16 3:31,DOWN,1.12086,1.1251,1.11976,1.12014,-0.000446273,0.001014149,0.003042446
10/4/16 10:42,DOWN,1.12014,1.12026,1.11503,1.11678,0,0.000993483,0.002980449
10/4/16 16:08,UP,1.11679,1.1239,1.11379,1.11842,0.002318452,0.001156191,0.003468573
10/5/16 1:58,UP,1.11837,1.12244,1.11768,1.12244,0.001792347,0.001141873,0.00342562
10/6/16 9:54,DOWN,1.12244,1.12335,1.11792,1.11844,-0.001617017,0.00101506,0.003045181
10/6/16 19:05,DOWN,1.11839,1.11921,1.11402,1.11447,-0.001542145,0.000999384,0.002998151
10/7/16 7:13,DOWN,1.11448,1.11552,1.11074,1.11138,-0.000512744,0.000900467,0.0027014
10/7/16 12:59,UP,1.11137,1.11796,1.11044,1.11742,0.002822975,0.001092387,0.00327716
10/10/16 13:11,DOWN,1.11744,1.12051,1.11468,1.11553,-0.000457077,0.001131108,0.003393324
10/11/16 6:16,DOWN,1.11552,1.11647,1.11178,1.11246,-0.000431383,0.001027874,0.003083621
10/11/16 10:46,DOWN,1.1124,1.11291,1.10815,1.10828,-0.002793222,0.001191785,0.003575354
10/11/16 17:48,DOWN,1.10829,1.10988,1.10506,1.10512,-0.000705557,0.001160696,0.003482088
10/12/16 10:57,DOWN,1.10508,1.10681,1.10097,1.10163,-0.000580789,0.00121568,0.003647041
10/13/16 12:13,UP,1.10165,1.10476,1.09855,1.10349,0.001532679,0.001166851,0.003500552
10/14/16 7:17,DOWN,1.10345,1.10593,1.10126,1.10138,-0.001252189,0.001174221,0.003522664
10/16/16 23:42,DOWN,1.10141,1.1028,1.09658,1.09663,-0.000884137,0.001529649,0.004588946
10/18/16 1:35,UP,1.09668,1.10267,1.09638,1.1016,0.001335314,0.001263288,0.003789865
10/19/16 12:43,DOWN,1.10165,1.10246,1.0961,1.09657,-0.001612823,0.001151294,0.003453882
10/20/16 14:59,DOWN,1.09657,1.10395,1.09158,1.0927,-0.002312689,0.001125825,0.003377476
10/21/16 7:12,DOWN,1.0927,1.0946,1.08922,1.08965,-0.000348675,0.001106544,0.003319633
10/25/16 13:00,DOWN,1.08964,1.09044,1.08547,1.086,-0.001711242,0.000907458,0.002722374
10/25/16 19:32,UP,1.08594,1.09053,1.08509,1.08894,0.000275535,0.000986973,0.002960918
10/26/16 9:43,UP,1.08894,1.09334,1.08744,1.09222,0.000659425,0.000966797,0.002900392
10/27/16 2:44,DOWN,1.09222,1.0947,1.0892,1.08958,-0.001201576,0.000905635,0.002716906
10/27/16 12:19,UP,1.08958,1.09292,1.08929,1.09242,0.000622665,0.000855805,0.002567415
10/27/16 17:17,DOWN,1.09243,1.09425,1.08824,1.08899,-0.002375527,0.001025621,0.003076862
10/28/16 13:01,UP,1.08895,1.09358,1.08895,1.09245,0.000421161,0.000953623,0.002860869
10/28/16 17:40,UP,1.09248,1.09921,1.09125,1.09858,0.003665981,0.001268892,0.003806675
10/31/16 12:07,DOWN,1.09861,1.09933,1.09453,1.09481,-0.000566148,0.001129521,0.003388563
10/31/16 21:46,UP,1.09481,1.09828,1.0936,1.09778,0.000364438,0.001133119,0.003399356
11/1/16 12:20,UP,1.09777,1.10344,1.096,1.10129,0.001090225,0.00108442,0.003253261
11/1/16 16:53,UP,1.1013,1.10576,1.10117,1.10537,0.000841701,0.001074162,0.003222486
11/2/16 12:06,UP,1.10535,1.11002,1.10496,1.10981,0.001532968,0.001037463,0.003112388
11/3/16 11:31,DOWN,1.10981,1.11262,1.10707,1.1075,-0.001750161,0.001113275,0.003339825
11/3/16 17:54,UP,1.10755,1.11126,1.10597,1.11061,0.000981925,0.001093416,0.003280248
11/4/16 20:38,UP,1.1106,1.11403,1.10798,1.11394,0.001833016,0.000996394,0.002989181
11/6/16 23:31,DOWN,1.11396,1.11422,1.1053,1.10862,-0.004787281,0.001519314,0.004557943
11/7/16 15:10,DOWN,1.10861,1.11107,1.10366,1.10369,-0.002054625,0.001428312,0.004284937
11/8/16 22:37,DOWN,1.10369,1.10671,1.10088,1.10144,-0.001252121,0.001121526,0.003364577
11/9/16 2:12,UP,1.10137,1.10939,1.09896,1.10915,0.006367432,0.002040279,0.006120837
11/9/16 3:12,UP,1.10917,1.11818,1.10825,1.11818,0.002462383,0.002416587,0.00724976
11/9/16 4:54,UP,1.11812,1.12834,1.11698,1.12701,0.001945085,0.002490138,0.007470413
11/9/16 8:05,DOWN,1.12701,1.12999,1.11045,1.11272,-0.007181713,0.002922541,0.008767623
11/9/16 12:55,DOWN,1.1128,1.11347,1.10226,1.10283,-0.005272476,0.002965693,0.008897078
11/9/16 17:17,DOWN,1.10284,1.10368,1.09305,1.09335,-0.001864087,0.002707244,0.008121733
11/10/16 16:45,DOWN,1.09329,1.09539,1.08648,1.08745,-0.001323323,0.001828728,0.005486183
11/11/16 16:27,DOWN,1.08746,1.09237,1.08382,1.08484,-0.002274245,0.001770819,0.005312456
11/14/16 2:11,DOWN,1.08489,1.08643,1.07728,1.07954,-0.00054638,0.001689402,0.005068207
11/14/16 14:59,DOWN,1.07958,1.08092,1.07136,1.07146,-0.003493787,0.001881225,0.005643676
11/15/16 7:41,UP,1.07142,1.07814,1.0709,1.0775,0.002043851,0.001823246,0.005469738
11/15/16 13:44,DOWN,1.07751,1.08168,1.07323,1.07416,-0.002055308,0.001894287,0.00568286
11/16/16 16:22,DOWN,1.07416,1.07597,1.06661,1.06781,-0.002730837,0.001899316,0.005697947
11/17/16 15:57,DOWN,1.06784,1.07458,1.06624,1.06694,-0.001685646,0.001751346,0.005254039
11/18/16 0:44,DOWN,1.067,1.06823,1.06047,1.06088,-0.001714087,0.001737655,0.005212965
11/18/16 16:05,DOWN,1.06089,1.06431,1.05692,1.05765,-0.002059052,0.001560123,0.004680368
11/21/16 9:03,UP,1.05769,1.06469,1.05705,1.06455,0.002501835,0.001616194,0.004848583
11/23/16 13:37,DOWN,1.06458,1.06583,1.05653,1.05712,-0.004728097,0.001811127,0.005433382
11/25/16 6:52,UP,1.05708,1.05857,1.05179,1.05776,0.000312029,0.001431094,0.004293282
11/28/16 1:40,UP,1.0577,1.06392,1.05753,1.06353,0.002796493,0.00145089,0.004352669
11/28/16 12:24,DOWN,1.06355,1.0686,1.05914,1.05922,-0.003994955,0.001775334,0.005326003
11/29/16 18:23,UP,1.05927,1.06475,1.05635,1.06408,0.003077809,0.001751821,0.005255463
11/30/16 15:01,DOWN,1.06415,1.06669,1.0588,1.0596,-0.002704908,0.001694912,0.005084737
12/1/16 12:18,UP,1.05953,1.06408,1.05527,1.06299,0.000366957,0.001504392,0.004513177
12/1/16 23:38,UP,1.06294,1.06691,1.05845,1.06636,0.001651838,0.001527907,0.004583722
12/4/16 22:22,DOWN,1.06635,1.06901,1.05717,1.05744,-0.007752817,0.002346629,0.007039888
12/5/16 8:09,UP,1.05751,1.06197,1.05058,1.0609,0.004146581,0.002676122,0.008028367
12/5/16 11:40,UP,1.06081,1.07298,1.06081,1.07172,0.007549044,0.003123776,0.009371329
12/8/16 0:03,UP,1.07171,1.07968,1.06827,1.07639,0.001366609,0.001839948,0.005519844
12/8/16 13:39,DOWN,1.07634,1.08739,1.06729,1.0687,-0.007810719,0.002574892,0.007724677
12/9/16 3:08,DOWN,1.06876,1.06882,1.05889,1.05987,-0.001913497,0.002361526,0.007084578
12/9/16 15:08,DOWN,1.05987,1.06301,1.05421,1.05425,-0.00279429,0.002294404,0.006883211
12/12/16 11:27,UP,1.05426,1.06145,1.05252,1.06119,0.002396408,0.001953838,0.005861513
12/14/16 19:16,DOWN,1.06118,1.06705,1.05581,1.05691,-0.007869344,0.002460542,0.007381627
12/15/16 0:41,DOWN,1.05684,1.05932,1.04684,1.04823,-0.003143219,0.002630515,0.007891544
12/15/16 12:02,DOWN,1.04818,1.05234,1.04097,1.0412,-0.005965651,0.00290349,0.008710471
12/16/16 10:14,UP,1.04125,1.04726,1.03663,1.04655,0.002611979,0.002445223,0.00733567
12/19/16 21:30,DOWN,1.04658,1.04798,1.03925,1.03964,-0.001873892,0.001877201,0.005631603
12/20/16 13:35,DOWN,1.0397,1.04183,1.03522,1.0358,-0.00205427,0.00169153,0.005074589
12/21/16 2:18,UP,1.03581,1.04193,1.0357,1.0417,0.002470169,0.001648386,0.004945158
12/22/16 7:54,UP,1.04172,1.04566,1.03885,1.04412,0.000632311,0.001446875,0.004340625
12/28/16 4:23,UP,1.04406,1.04996,1.04264,1.04715,0.000812057,0.000904923,0.002714769
12/28/16 9:54,DOWN,1.04716,1.04801,1.04341,1.04363,-0.002880013,0.001111135,0.003333405
12/28/16 13:36,DOWN,1.04363,1.04456,1.03894,1.03901,-0.002345636,0.001291371,0.003874113
12/29/16 0:29,UP,1.03898,1.04309,1.03721,1.04289,0.001583395,0.001245004,0.003735012
12/29/16 10:45,UP,1.04295,1.04801,1.04235,1.04733,0.001232463,0.001200541,0.003601622
12/29/16 23:01,UP,1.04733,1.04948,1.04454,1.04936,0.000772197,0.001211298,0.003633895
12/29/16 23:55,UP,1.04938,1.06577,1.04847,1.05754,0.007765002,0.00223538,0.00670614
1/2/17 8:38,DOWN,1.05771,1.05917,1.05057,1.05138,-0.000846148,0.00186839,0.00560517
1/2/17 21:53,DOWN,1.05138,1.05173,1.04501,1.04554,-0.000554583,0.001679915,0.005039744
1/3/17 9:16,DOWN,1.04534,1.04905,1.04204,1.04234,-0.003906629,0.001862896,0.005588688
1/3/17 15:19,DOWN,1.04233,1.04282,1.03402,1.03593,-0.003421014,0.00193555,0.00580665
1/3/17 18:48,UP,1.03595,1.04339,1.03535,1.04213,0.000508703,0.001985657,0.005956971
1/4/17 14:36,UP,1.04207,1.04553,1.03898,1.04479,0.001110888,0.001575682,0.004727047
1/5/17 0:52,UP,1.04473,1.05407,1.0442,1.05247,0.003702915,0.001816327,0.005448982
1/5/17 11:52,DOWN,1.05245,1.05753,1.04823,1.04986,-0.001075755,0.001821616,0.005464847
1/5/17 15:50,UP,1.0498,1.06065,1.04917,1.06023,0.004556549,0.002089371,0.006268112
1/6/17 14:30,DOWN,1.06023,1.06245,1.05354,1.05378,-0.002625183,0.001694298,0.005082895
1/9/17 10:40,DOWN,1.05373,1.05834,1.05118,1.05136,-0.002346583,0.001545679,0.004637038
1/9/17 16:33,UP,1.05141,1.05783,1.05109,1.05752,0.002660697,0.001549142,0.004647426
1/10/17 13:18,DOWN,1.05746,1.06276,1.05577,1.05629,-0.000530017,0.001365876,0.004097628
1/11/17 10:43,DOWN,1.05634,1.0605,1.05157,1.05168,-0.003322483,0.001429369,0.004288107
1/11/17 15:40,DOWN,1.0517,1.05254,1.04539,1.04651,-0.002214439,0.001456276,0.004368829
1/11/17 18:12,UP,1.04653,1.06182,1.04582,1.05972,0.006370986,0.002585692,0.007757076
1/12/17 8:52,UP,1.05969,1.0665,1.05642,1.06546,0.002236276,0.002112641,0.006337924
1/13/17 3:36,DOWN,1.06543,1.0685,1.06036,1.06077,-0.000678522,0.00183761,0.005512829
1/16/17 8:14,DOWN,1.06083,1.06753,1.05892,1.05922,-0.003091834,0.001670457,0.005011372
1/17/17 4:24,UP,1.05917,1.06402,1.05795,1.06366,0.003116749,0.001465984,0.004397953
1/17/17 11:07,UP,1.06369,1.06915,1.06323,1.06871,0.000645847,0.001474811,0.004424432
1/18/17 13:00,DOWN,1.06875,1.07197,1.06646,1.0666,-0.001536415,0.001274566,0.003823697
1/18/17 20:09,DOWN,1.06654,1.07033,1.06415,1.0642,-0.002993073,0.001425866,0.004277599
1/19/17 15:21,DOWN,1.06422,1.06769,1.05892,1.06026,-0.001875139,0.001530403,0.004591209
1/19/17 20:59,UP,1.06026,1.06696,1.05892,1.06615,0.001905862,0.001617531,0.004852592
1/20/17 13:00,DOWN,1.06615,1.06938,1.06259,1.06294,-0.00036684,0.001666306,0.004998917
1/20/17 17:42,UP,1.06298,1.0695,1.0625,1.06862,0.000365023,0.001678604,0.005035812
1/23/17 4:06,UP,1.06852,1.07502,1.0666,1.07421,0.000335186,0.001611808,0.004835425
1/23/17 21:53,UP,1.07413,1.07648,1.07093,1.07648,0.002101642,0.001534943,0.004604829
1/24/17 20:02,DOWN,1.07643,1.07751,1.07202,1.07213,-0.003138346,0.001454164,0.004362491
1/26/17 13:07,DOWN,1.07218,1.077,1.07013,1.07045,-0.002081069,0.001258259,0.003774777
1/26/17 16:48,DOWN,1.07039,1.07069,1.06576,1.06605,-0.002005398,0.001299892,0.003899675
1/27/17 14:10,UP,1.066,1.07251,1.06583,1.07238,0.003858682,0.001731418,0.005194254
1/30/17 12:31,DOWN,1.07247,1.07407,1.06288,1.06407,-0.004903051,0.001992682,0.005978046
1/30/17 17:41,UP,1.06402,1.07096,1.06202,1.07087,0.00149523,0.002016978,0.006050934
1/31/17 12:31,UP,1.07092,1.07646,1.06844,1.07605,0.004834865,0.002031285,0.006093855
2/2/17 8:40,UP,1.07602,1.08124,1.07303,1.08031,0.002112736,0.001721301,0.005163904
2/2/17 23:35,DOWN,1.08028,1.08291,1.07558,1.07618,-0.001170123,0.001544934,0.004634803
2/3/17 15:27,UP,1.07618,1.07899,1.07119,1.07834,0.001652049,0.001512052,0.004536156
2/6/17 11:21,DOWN,1.07836,1.07977,1.07339,1.0743,-0.000381571,0.001437221,0.004311662
2/7/17 7:32,DOWN,1.07436,1.07554,1.06807,1.06866,-0.00196315,0.001479892,0.004439677
2/8/17 8:02,DOWN,1.06867,1.07064,1.06533,1.06535,-0.002231516,0.001320841,0.003962523
2/8/17 14:54,UP,1.06534,1.07091,1.06405,1.07039,0.002656765,0.001493793,0.004481378
2/9/17 18:13,DOWN,1.07034,1.07143,1.06508,1.06527,-0.001547705,0.001260252,0.003780755
2/10/17 13:35,DOWN,1.06524,1.06681,1.06193,1.06218,-0.002012698,0.001200838,0.003602515
2/13/17 14:56,DOWN,1.06213,1.06586,1.0603,1.06037,-0.002044364,0.001137104,0.003411313
2/14/17 15:21,DOWN,1.06035,1.06338,1.05771,1.05844,-0.002679601,0.001164252,0.003492756
2/15/17 13:34,DOWN,1.05844,1.05872,1.05274,1.05274,-0.002409845,0.001154099,0.003462296
2/15/17 15:41,UP,1.05277,1.05808,1.05213,1.05683,0.001363495,0.00128255,0.003847649
2/16/17 0:56,UP,1.05687,1.06228,1.05639,1.06222,0.001696002,0.001557244,0.004671732
2/16/17 15:04,UP,1.06227,1.06691,1.05998,1.06647,0.001961659,0.001434651,0.004303953
2/17/17 16:11,DOWN,1.06647,1.06797,1.06212,1.06227,-0.002529112,0.001407114,0.004221341
2/21/17 5:34,DOWN,1.06228,1.06333,1.0577,1.05844,0,0.001175768,0.003527305
2/21/17 11:06,DOWN,1.05849,1.05894,1.05331,1.05363,-0.001109831,0.001259484,0.003778453
2/22/17 8:39,DOWN,1.05366,1.05567,1.04976,1.05092,-0.001673322,0.001159185,0.003477556
2/22/17 17:59,UP,1.05094,1.05659,1.04936,1.05446,0.000483777,0.001347594,0.004042783
2/23/17 15:48,UP,1.05447,1.05887,1.05298,1.0588,0.001152912,0.001254833,0.003764499
2/24/17 19:19,DOWN,1.05877,1.06182,1.05636,1.05648,-0.001834603,0.001295891,0.003887674
2/27/17 15:28,UP,1.05649,1.06091,1.05515,1.06052,0.00062253,0.001153296,0.003459889
2/28/17 0:43,DOWN,1.06052,1.06309,1.05787,1.0582,-0.00049128,0.001186969,0.003560907
2/28/17 16:55,UP,1.05815,1.06305,1.05696,1.06212,0.001516986,0.001108705,0.003326115
2/28/17 23:26,DOWN,1.06207,1.06255,1.05701,1.05724,-0.001795519,0.001196017,0.003588051
3/1/17 10:41,DOWN,1.05725,1.05897,1.05259,1.05367,-0.000702061,0.001151593,0.003454779
3/1/17 17:07,UP,1.05362,1.05707,1.0514,1.05692,0.001420226,0.001179723,0.003539168
3/2/17 4:31,DOWN,1.05695,1.0572,1.0528,1.0533,-0.000749743,0.001127342,0.003382027
3/2/17 20:45,DOWN,1.05328,1.05458,1.04949,1.05065,-0.000390158,0.001016289,0.003048867
3/3/17 11:32,UP,1.0507,1.05451,1.05018,1.05406,0.002298524,0.00102989,0.00308967
3/3/17 19:24,UP,1.0541,1.06078,1.05373,1.06055,0.004043807,0.001394165,0.004182494
3/6/17 23:48,DOWN,1.0606,1.06404,1.05747,1.05805,-0.000463009,0.00147173,0.004415191
3/8/17 9:08,DOWN,1.05799,1.06028,1.05511,1.05522,-0.001146023,0.001132979,0.003398937
3/9/17 14:20,UP,1.05517,1.06155,1.0525,1.06086,0.00473377,0.00144302,0.00432906
3/10/17 9:54,UP,1.0608,1.06196,1.05667,1.06151,0.001432949,0.001376243,0.00412873
3/10/17 16:01,UP,1.06153,1.06706,1.05966,1.06532,0.00204843,0.001396985,0.004190955
3/13/17 6:00,UP,1.06533,1.07071,1.06485,1.06992,0.000635764,0.001259251,0.003777753
3/13/17 13:53,DOWN,1.06997,1.07147,1.06559,1.0666,-0.000431184,0.001241659,0.003724978
3/14/17 11:10,DOWN,1.06661,1.06793,1.063,1.06313,-0.000827402,0.001049426,0.003148278
3/15/17 16:40,UP,1.06312,1.0647,1.05999,1.06366,0.000950003,0.000978535,0.002935606
3/15/17 18:08,UP,1.0636,1.06963,1.06224,1.06928,0.005269734,0.001601963,0.004805889
3/16/17 17:25,UP,1.06929,1.07468,1.06655,1.0736,0.000540384,0.001310145,0.003930434
3/20/17 7:25,UP,1.07365,1.07827,1.07074,1.07739,0.001272401,0.001230526,0.003691579
3/21/17 8:13,UP,1.0774,1.07988,1.07192,1.07985,0.002252848,0.001172576,0.003517727
3/22/17 15:19,UP,1.07981,1.0825,1.07759,1.08206,0.000536158,0.001007391,0.003022174
3/23/17 1:22,DOWN,1.08207,1.08215,1.07826,1.07864,-0.001148936,0.001015789,0.003047367
3/24/17 11:20,UP,1.07866,1.08128,1.07604,1.08012,0.000370398,0.001013221,0.003039663
3/26/17 22:40,UP,1.08007,1.08443,1.07906,1.08427,0.00369594,0.00127779,0.00383337
3/27/17 13:05,UP,1.08425,1.09048,1.08377,1.09047,0.002350372,0.001261201,0.003783604
3/27/17 20:17,DOWN,1.09051,1.09063,1.08611,1.08624,-0.000358972,0.001242923,0.003728769
3/28/17 18:00,DOWN,1.0862,1.08728,1.08206,1.08241,-0.002141072,0.001247043,0.003741129
3/29/17 12:16,DOWN,1.08237,1.08268,1.07399,1.07471,-0.004159902,0.001540578,0.004621733
3/30/17 17:31,DOWN,1.07471,1.07738,1.06846,1.06877,-0.003642413,0.001553049,0.004659146
4/3/17 10:16,DOWN,1.06877,1.0702,1.06515,1.06538,-0.001566289,0.001203513,0.003610538
4/4/17 23:56,UP,1.06537,1.06856,1.06356,1.06797,0.000955539,0.00097324,0.002919721
4/5/17 16:49,DOWN,1.06794,1.06894,1.06471,1.06488,-0.001379485,0.00091201,0.002736031
4/6/17 2:22,UP,1.06483,1.06845,1.06348,1.06787,0.00011238,0.000927546,0.002782638
4/7/17 0:48,DOWN,1.06782,1.06807,1.06307,1.06459,2.82E-05,0.001020627,0.00306188
4/7/17 12:48,DOWN,1.06458,1.06671,1.06225,1.06238,4.71E-05,0.000952978,0.002858933
4/7/17 19:58,DOWN,1.06237,1.06339,1.05806,1.05932,9.44E-06,0.000956968,0.002870903
4/11/17 10:26,UP,1.05936,1.06202,1.05698,1.06163,0.001263007,0.000973731,0.002921192
4/12/17 20:50,UP,1.06166,1.06754,1.05889,1.06703,0.002740319,0.001471065,0.004413196
4/13/17 14:14,DOWN,1.06703,1.06779,1.0609,1.06167,-0.001242552,0.001277037,0.00383111
4/17/17 14:50,UP,1.06171,1.06651,1.06029,1.0663,0.001802242,0.001212729,0.003638187
4/18/17 12:26,UP,1.06635,1.06901,1.06351,1.06889,0.001516741,0.001116069,0.003348206
4/18/17 19:59,UP,1.06888,1.07364,1.06832,1.07338,0.001426421,0.001064619,0.003193856
4/19/17 15:47,DOWN,1.07343,1.07372,1.06998,1.07017,-0.001288684,0.000917252,0.002751756
4/20/17 7:02,UP,1.07016,1.07481,1.07013,1.07411,0.001891725,0.00094601,0.00283803
4/20/17 18:26,DOWN,1.07411,1.07777,1.07152,1.07206,-0.002710723,0.001304416,0.003913248
4/23/17 23:06,UP,1.07211,1.08976,1.06822,1.08751,0.013786426,0.00359236,0.01077708
4/25/17 14:38,UP,1.08747,1.09328,1.08207,1.09248,0.002667218,0.002061173,0.00618352
4/26/17 11:35,DOWN,1.09245,1.0951,1.08819,1.08936,-0.000339591,0.001715588,0.005146764
4/27/17 8:39,UP,1.08936,1.09215,1.08557,1.09159,9.16E-05,0.001372684,0.004118053
4/28/17 1:02,DOWN,1.09162,1.09332,1.08516,1.08594,-0.001371143,0.001728407,0.00518522
4/28/17 9:36,UP,1.08594,1.09477,1.0857,1.09351,0.003783979,0.001855192,0.005565575
5/3/17 4:08,UP,1.09355,1.09455,1.08833,1.09317,-9.15E-06,0.001142348,0.003427044
5/3/17 18:24,DOWN,1.09321,1.09355,1.0894,1.08968,-0.001577201,0.001019884,0.003059651
5/4/17 8:41,UP,1.08968,1.09237,1.08748,1.09221,0.002465934,0.001059563,0.003178688
5/4/17 16:12,UP,1.09218,1.09763,1.09173,1.09752,0.003431788,0.001274688,0.003824063
5/5/17 20:57,UP,1.09756,1.10001,1.09488,1.0999,0.001064299,0.001023354,0.003070061
5/8/17 9:15,DOWN,1.09988,1.10072,1.09395,1.09436,-0.001241964,0.001276897,0.00383069
5/9/17 7:17,DOWN,1.09435,1.09578,1.09024,1.09125,-0.000870183,0.001088368,0.003265104
5/9/17 19:09,DOWN,1.09126,1.09264,1.08634,1.08701,-0.001562701,0.001031842,0.003095526
5/10/17 17:57,DOWN,1.08701,1.08984,1.08549,1.08606,-0.000763938,0.000962467,0.002887402
5/12/17 12:32,UP,1.08606,1.0896,1.08393,1.08886,0.001415324,0.000864794,0.002594382
5/12/17 15:03,UP,1.08881,1.09281,1.08776,1.0924,0.000494447,0.001017109,0.003051328
5/15/17 10:01,UP,1.09235,1.09603,1.09147,1.09532,0.000684966,0.000915222,0.002745666
5/15/17 14:04,UP,1.09529,1.09898,1.09522,1.09848,0.000846983,0.00093572,0.002807159
5/16/17 7:10,UP,1.09847,1.10252,1.09656,1.10245,0.002797687,0.001133232,0.003399696
5/16/17 13:05,UP,1.1024,1.10891,1.10201,1.10775,0.001942757,0.001193787,0.003581361
5/17/17 4:51,UP,1.10775,1.11173,1.10638,1.11056,0.000702595,0.001100874,0.003302623
5/17/17 14:46,UP,1.11051,1.11471,1.10816,1.11396,0.001644139,0.001231941,0.003695823
5/18/17 8:14,DOWN,1.11395,1.11723,1.11212,1.11352,0,0.00105335,0.003160051
5/18/17 18:08,DOWN,1.11348,1.11454,1.10757,1.10869,-0.003044005,0.001246022,0.003738065
5/19/17 7:34,UP,1.10867,1.11409,1.10853,1.11388,0.002426902,0.001280771,0.003842314
5/19/17 13:12,UP,1.11389,1.11895,1.11354,1.11859,0.000617038,0.001239237,0.00371771
5/22/17 7:39,DOWN,1.11865,1.12121,1.11642,1.1169,-0.001699692,0.00117097,0.00351291
5/22/17 11:12,UP,1.11685,1.12368,1.11614,1.12318,0.001621713,0.001472614,0.004417842
5/23/17 16:47,DOWN,1.12318,1.12686,1.11821,1.11889,-0.001277236,0.001467985,0.004403955
5/24/17 23:01,UP,1.11891,1.12239,1.11685,1.12179,0.000775847,0.001169074,0.003507222
5/25/17 19:07,DOWN,1.12176,1.12507,1.11935,1.1207,-0.001025618,0.001125226,0.003375678
5/26/17 13:26,DOWN,1.12066,1.12349,1.11606,1.11727,-0.001931417,0.001245799,0.003737397
5/29/17 22:27,DOWN,1.11722,1.11902,1.11349,1.11384,-0.002904633,0.001254688,0.003764064
5/30/17 12:10,UP,1.11383,1.11942,1.11094,1.1171,0.001818858,0.001188725,0.003566175
5/31/17 11:31,UP,1.11711,1.12234,1.11543,1.12192,0.002883145,0.001332146,0.003996439
6/1/17 12:29,DOWN,1.1219,1.12571,1.12021,1.12088,-0.001524425,0.001093382,0.003280147
6/2/17 12:47,UP,1.12083,1.12825,1.1205,1.12817,0.006554135,0.00186132,0.005583961
6/7/17 10:37,DOWN,1.12818,1.12855,1.12051,1.12102,-0.005683981,0.00181257,0.005437711
6/8/17 14:25,DOWN,1.12097,1.12828,1.11947,1.12064,-0.001266331,0.001331685,0.003995055
6/9/17 11:08,DOWN,1.12068,1.12376,1.11697,1.118,-0.000357718,0.001081467,0.003244401
6/12/17 6:11,UP,1.11805,1.12169,1.11663,1.12121,0.001035132,0.000963581,0.002890743
6/13/17 3:04,DOWN,1.1212,1.12325,1.11899,1.11928,-0.000491267,0.000844388,0.002533164
6/14/17 12:33,UP,1.11927,1.12534,1.11853,1.12497,0.004008128,0.001249212,0.003747637
6/14/17 18:37,DOWN,1.12503,1.12961,1.12077,1.1228,-0.003085722,0.001373088,0.004119264
6/15/17 9:04,DOWN,1.1228,1.12414,1.11753,1.11824,-0.000563227,0.001285703,0.003857109
6/15/17 14:15,DOWN,1.11825,1.11855,1.11322,1.114,-0.000771695,0.001207515,0.003622544
6/16/17 13:56,UP,1.11399,1.11841,1.11381,1.11764,0.000393764,0.001006467,0.003019401
6/19/17 11:10,UP,1.11758,1.12131,1.1174,1.12094,0.001294395,0.000921579,0.002764738
6/19/17 15:37,DOWN,1.12094,1.12125,1.1162,1.1165,-0.000957893,0.001013233,0.003039699
6/20/17 15:17,DOWN,1.1165,1.11663,1.11228,1.11266,-0.001140758,0.000888172,0.002664516
6/21/17 11:01,UP,1.11263,1.11559,1.11189,1.11527,0.00052916,0.000771945,0.002315836
6/21/17 20:07,UP,1.11533,1.11687,1.11301,1.11624,0.00119221,0.000769217,0.002307651
6/22/17 16:47,DOWN,1.11623,1.11782,1.11453,1.1149,-0.000869655,0.000813683,0.002441049
6/23/17 8:29,UP,1.11491,1.11882,1.11393,1.11824,0.00067987,0.000831679,0.002495036
6/26/17 7:28,UP,1.11819,1.12092,1.11616,1.12043,0.001223493,0.000856048,0.002568143
6/26/17 12:42,UP,1.12044,1.1219,1.11718,1.12185,0.003849267,0.001262055,0.003786164
6/27/17 8:18,UP,1.12176,1.12414,1.11756,1.12316,0.003603479,0.001406262,0.004218786
6/27/17 12:24,UP,1.12321,1.12811,1.12236,1.12783,0.000895926,0.0013615,0.004084499
6/27/17 17:22,UP,1.12778,1.13353,1.12717,1.1324,0.000273792,0.001317941,0.003953824
6/28/17 6:19,UP,1.13245,1.13791,1.13236,1.13741,0.00215634,0.001287219,0.003861657
6/28/17 14:12,UP,1.13727,1.13909,1.12914,1.13834,0.002180988,0.001673291,0.005019872
6/29/17 7:08,UP,1.13839,1.14285,1.13492,1.1418,0.000876194,0.001457807,0.004373422
6/30/17 8:35,DOWN,1.14184,1.14458,1.13881,1.13975,-0.001446639,0.00118281,0.003548429
7/3/17 9:24,DOWN,1.13976,1.14293,1.13746,1.13835,-0.000562059,0.000978053,0.002934159
7/4/17 5:54,DOWN,1.13839,1.1386,1.13361,1.13457,-0.002025148,0.000957516,0.002872548
7/5/17 10:45,DOWN,1.13453,1.13748,1.13124,1.13212,-0.001491662,0.000920241,0.002760723
7/6/17 8:16,UP,1.13209,1.13597,1.1318,1.13486,0.001110886,0.000795732,0.002387196
7/6/17 12:02,UP,1.13486,1.13876,1.13439,1.13855,0.001538225,0.000868768,0.002606305
7/6/17 16:58,UP,1.13854,1.14179,1.13787,1.14179,0.001200591,0.000867764,0.002603293
7/7/17 14:08,DOWN,1.1418,1.14403,1.13807,1.13925,-0.000140433,0.001164004,0.003492011
7/11/17 15:17,UP,1.1393,1.14251,1.13795,1.14194,0.001603821,0.000856691,0.002570074
7/11/17 17:46,UP,1.14198,1.14745,1.14179,1.14711,0.00327444,0.001174271,0.003522812
7/12/17 8:02,DOWN,1.14713,1.14898,1.1442,1.14446,-0.001676241,0.001201864,0.003605592
7/12/17 14:28,DOWN,1.1444,1.14799,1.13936,1.13936,-0.002060437,0.001353115,0.004059345
7/13/17 6:51,UP,1.13934,1.14562,1.13916,1.14485,0.001109931,0.001340606,0.004021817
7/13/17 9:12,DOWN,1.1449,1.14531,1.13948,1.13965,-0.001455528,0.001502019,0.004506056
7/14/17 12:56,UP,1.1396,1.14685,1.13705,1.14668,0.004562666,0.001592198,0.004776594
7/17/17 14:38,UP,1.14668,1.14874,1.14347,1.14866,0.001864778,0.00128608,0.003858241
7/18/17 1:06,UP,1.1487,1.15204,1.14636,1.1519,0.003461144,0.001482624,0.004447873
7/18/17 13:22,UP,1.15194,1.15749,1.15111,1.15733,0.002214438,0.001307654,0.003922961
7/19/17 6:04,DOWN,1.15731,1.15835,1.15311,1.15321,-0.000814784,0.001148988,0.003446963
7/20/17 8:32,DOWN,1.15324,1.15478,1.1496,1.15,-0.000843123,0.000930709,0.002792127
7/20/17 13:03,UP,1.14999,1.15716,1.14792,1.1561,0.003205547,0.001436315,0.004308945
7/20/17 14:37,UP,1.15605,1.16311,1.15412,1.16252,0.004655903,0.001743036,0.005229108
7/21/17 18:03,UP,1.16249,1.16831,1.16177,1.16745,0.001182763,0.00127296,0.003818881
7/24/17 7:45,DOWN,1.16745,1.16845,1.16304,1.16315,-0.001906791,0.001180439,0.003541316
7/25/17 12:26,UP,1.16315,1.16993,1.16255,1.16906,0.002929715,0.001199709,0.003599126
7/25/17 15:21,DOWN,1.16904,1.17125,1.1653,1.16552,-0.002425158,0.001295439,0.003886317
7/26/17 18:15,UP,1.1655,1.17069,1.16126,1.17004,0.004273932,0.001429068,0.004287203
7/27/17 4:46,UP,1.17006,1.1777,1.16858,1.17503,0.000451154,0.001326069,0.003978207
7/27/17 12:34,DOWN,1.17504,1.17517,1.16871,1.16906,-0.001478728,0.00128652,0.003859561
7/28/17 6:58,UP,1.1691,1.17063,1.16501,1.16967,0.000367693,0.00106696,0.003200881
7/28/17 12:41,UP,1.16965,1.17536,1.16913,1.1736,0.001270404,0.001018467,0.003055401
7/31/17 15:17,UP,1.17365,1.17977,1.17147,1.17922,0.003525483,0.001174992,0.003524976
7/31/17 21:38,UP,1.17926,1.18461,1.17837,1.18387,0.000566101,0.00115731,0.00347193
8/1/17 14:50,DOWN,1.18375,1.18392,1.1785,1.17916,-0.003445666,0.001327725,0.003983176
8/2/17 8:49,UP,1.1792,1.18688,1.17915,1.18565,0.002203751,0.00130705,0.003921149
8/2/17 17:38,UP,1.1856,1.19106,1.18182,1.18847,0.001481993,0.001290879,0.003872636
8/3/17 8:49,DOWN,1.18841,1.18867,1.18304,1.18374,-0.000861305,0.001255723,0.003767169
8/3/17 14:58,UP,1.18369,1.18934,1.18334,1.18807,0.00112009,0.001174475,0.003523426
8/4/17 12:58,DOWN,1.18805,1.18896,1.18251,1.18328,-0.001629731,0.001110768,0.003332304
8/4/17 14:22,DOWN,1.1833,1.18461,1.1733,1.17343,-0.006201807,0.001913225,0.005739675
8/7/17 7:50,UP,1.17349,1.18133,1.17282,1.18103,0.00211904,0.001722667,0.005168002
8/8/17 14:53,DOWN,1.18098,1.18242,1.17387,1.17477,-0.00335672,0.001568147,0.004704442
8/9/17 22:34,UP,1.17473,1.17706,1.1689,1.17685,0.001394522,0.001494389,0.004483166
8/10/17 19:40,UP,1.17679,1.17852,1.17041,1.17725,0.001198424,0.001400966,0.004202899
8/11/17 12:32,UP,1.1772,1.18192,1.17485,1.18097,0.003180408,0.001447326,0.004341977
8/14/17 13:27,DOWN,1.18096,1.18476,1.17771,1.17915,-0.00066975,0.001203748,0.003611243
8/15/17 6:56,DOWN,1.17919,1.17963,1.17362,1.17417,-0.002832032,0.001271412,0.003814237
8/15/17 13:10,DOWN,1.17422,1.17692,1.16872,1.16986,-0.001025238,0.001465882,0.004397647
8/16/17 5:15,UP,1.16981,1.17461,1.16977,1.17458,0.00063873,0.001338876,0.004016627
8/16/17 18:52,UP,1.17459,1.1779,1.16811,1.17689,0.002714214,0.001866826,0.005600478
8/17/17 10:30,DOWN,1.17687,1.17902,1.16947,1.17046,-0.002662072,0.001755667,0.005267
8/17/17 16:52,UP,1.17047,1.17542,1.16623,1.17474,0.001124285,0.00168089,0.005042669
8/21/17 13:44,UP,1.1748,1.17902,1.17085,1.17798,0.001393184,0.001232942,0.003698826
8/22/17 9:39,DOWN,1.17799,1.18284,1.17593,1.17601,-0.002632564,0.001312944,0.003938832
8/23/17 11:54,UP,1.17606,1.1801,1.17402,1.17954,0.000992404,0.001151147,0.003453442
8/25/17 14:14,UP,1.17955,1.18677,1.17733,1.18552,0.003633694,0.001181054,0.003543163
8/25/17 19:18,UP,1.18552,1.1942,1.18442,1.19272,0.004083044,0.001480968,0.004442905
8/28/17 18:15,UP,1.19266,1.19835,1.19039,1.19813,0.000559361,0.001441957,0.00432587
8/29/17 7:10,UP,1.19809,1.2031,1.19554,1.20235,0.003165482,0.001442364,0.004327092
8/29/17 17:13,DOWN,1.20238,1.20706,1.20038,1.20075,-0.001506256,0.001354057,0.004062171
8/30/17 6:34,DOWN,1.20075,1.20111,1.19449,1.19547,-0.001086848,0.001229911,0.003689734
8/30/17 14:50,DOWN,1.19542,1.19692,1.18943,1.19053,-0.00125915,0.001131828,0.003395485
8/31/17 3:14,DOWN,1.19053,1.19291,1.18712,1.18777,-0.001413416,0.001156161,0.003468482
8/31/17 11:27,DOWN,1.18782,1.19059,1.18403,1.18447,-0.00091982,0.001494411,0.004483234
8/31/17 18:39,UP,1.18443,1.19099,1.18229,1.1903,0.002582514,0.00145163,0.00435489
9/1/17 14:05,DOWN,1.19026,1.19801,1.18498,1.18638,-0.003239912,0.001424573,0.00427372
9/4/17 16:29,UP,1.18647,1.19223,1.1852,1.19147,0.001058077,0.001191285,0.003573856
9/5/17 19:00,UP,1.1915,1.19408,1.18682,1.1919,0.001284489,0.001135515,0.003406544
9/7/17 8:34,UP,1.1919,1.19673,1.19028,1.19596,0.002846953,0.0012322,0.0036966
9/7/17 12:56,UP,1.19591,1.20527,1.19363,1.20397,0.005555408,0.001819249,0.005457748
9/8/17 2:50,UP,1.20396,1.20897,1.1976,1.20808,0.004047648,0.002175348,0.006526045
9/11/17 1:29,DOWN,1.20808,1.20928,1.20056,1.20066,-0.000815885,0.001751673,0.00525502
9/11/17 15:59,DOWN,1.20066,1.20298,1.19606,1.19637,-0.00213752,0.0016656,0.004996801
9/13/17 8:54,UP,1.19637,1.19952,1.19263,1.19815,0.000409047,0.001340535,0.004021604
9/13/17 14:34,DOWN,1.19819,1.19898,1.19052,1.1906,-0.004257679,0.001716842,0.005150526
9/15/17 9:14,UP,1.19056,1.19435,1.18379,1.19435,0.002380694,0.00133238,0.003997141
9/18/17 7:38,DOWN,1.19431,1.19882,1.1915,1.19249,-0.001516682,0.001428741,0.004286224
9/19/17 5:57,UP,1.19248,1.19919,1.19193,1.19818,0.001495049,0.001345181,0.004035544
9/20/17 18:20,DOWN,1.19818,1.20336,1.19013,1.1903,-0.008691015,0.002377374,0.007132122
9/22/17 0:30,UP,1.19024,1.1954,1.18612,1.19433,0.00086278,0.001684932,0.005054797
9/24/17 23:19,DOWN,1.19433,1.20045,1.19177,1.1919,-0.002296212,0.001591233,0.004773698
9/25/17 12:02,DOWN,1.19194,1.19367,1.1864,1.187,-0.001338615,0.001489884,0.004469652
9/26/17 7:57,DOWN,1.18697,1.18902,1.18103,1.18121,-0.003566241,0.001476047,0.004428141
9/27/17 7:41,DOWN,1.18125,1.18293,1.17422,1.17502,-0.002023449,0.001488152,0.004464456
9/28/17 9:51,UP,1.17505,1.17769,1.17171,1.17701,0.000492896,0.001279277,0.003837831
9/29/17 11:08,UP,1.17697,1.18185,1.17633,1.18143,0.001406065,0.001079536,0.003238609
10/2/17 1:55,DOWN,1.18144,1.18326,1.17705,1.17735,-0.003053049,0.001383465,0.004150395
10/3/17 1:03,DOWN,1.17731,1.17803,1.17084,1.17144,-0.001714367,0.001198702,0.003596107
10/3/17 10:54,UP,1.17145,1.1759,1.16963,1.17554,0.001592025,0.00126732,0.003801959
10/5/17 14:01,DOWN,1.17551,1.17892,1.17125,1.17184,-0.001441137,0.001110844,0.003332531
10/6/17 16:38,UP,1.17181,1.1739,1.16694,1.17249,0.000298555,0.001006109,0.003018328
10/10/17 1:50,UP,1.17245,1.17783,1.17195,1.17777,0.002984658,0.001170736,0.003512208
10/10/17 17:38,UP,1.17772,1.18182,1.17623,1.18148,0.000914526,0.001060354,0.003181063
10/11/17 13:57,UP,1.18143,1.18586,1.17951,1.18534,0.001857732,0.001133014,0.003399043
10/12/17 14:04,DOWN,1.18535,1.18799,1.18285,1.18324,-0.001477897,0.000955401,0.002866204
10/13/17 12:15,DOWN,1.18324,1.18517,1.18053,1.181,-0.001632874,0.000950141,0.002850422
10/13/17 14:06,UP,1.18101,1.18751,1.18057,1.18659,0.000716595,0.001316581,0.003949743
10/13/17 19:01,DOWN,1.18655,1.18666,1.18105,1.18176,-0.000744375,0.001348999,0.004046998
10/17/17 6:07,DOWN,1.18171,1.1826,1.17666,1.17725,-0.000883025,0.001079144,0.003237432
10/18/17 18:16,UP,1.17722,1.17942,1.17301,1.17893,0.00129863,0.00089927,0.002697809
10/19/17 10:22,UP,1.17894,1.18247,1.1768,1.18234,0.002142117,0.000957299,0.002871898
10/20/17 2:44,DOWN,1.18236,1.18583,1.18073,1.18091,-0.001759804,0.001023541,0.003070624
10/20/17 16:08,DOWN,1.18092,1.18266,1.17625,1.17738,-0.001765076,0.001078635,0.003235906
10/23/17 11:12,DOWN,1.17742,1.17891,1.17348,1.17438,-0.000297985,0.001076335,0.003229005
10/24/17 18:57,UP,1.17437,1.17851,1.1725,1.17834,0.001520241,0.000981723,0.002945168
10/25/17 13:14,UP,1.17834,1.17986,1.17529,1.17955,0.000924508,0.000858289,0.002574866
10/26/17 1:27,UP,1.17956,1.18285,1.17854,1.18263,0.000913636,0.00082572,0.002477161
10/26/17 11:57,DOWN,1.18265,1.18369,1.17578,1.17617,-0.004385991,0.00130177,0.00390531
10/26/17 15:00,DOWN,1.1762,1.17857,1.16994,1.17045,-0.001366062,0.001536509,0.004609528
10/26/17 23:41,DOWN,1.17041,1.17076,1.16315,1.16341,-0.001820571,0.0015081,0.004524299
10/27/17 15:42,DOWN,1.16342,1.16441,1.15744,1.15772,-0.001898484,0.001291425,0.003874274
10/30/17 7:55,UP,1.15773,1.16221,1.15745,1.16217,0.000602503,0.001140116,0.003420347
10/31/17 23:39,UP,1.16218,1.16614,1.16035,1.16536,0.000411975,0.00083622,0.00250866
11/1/17 13:16,DOWN,1.16541,1.16574,1.1609,1.1609,-0.002572277,0.001202424,0.003607273
11/2/17 7:08,UP,1.16088,1.16719,1.16062,1.16589,0.000386046,0.001275075,0.003825225
11/3/17 12:37,UP,1.16586,1.16955,1.16258,1.16771,0.002726994,0.001233641,0.003700923
11/3/17 15:10,DOWN,1.16764,1.16771,1.16041,1.16078,-0.002013857,0.001392826,0.004178477
11/7/17 9:16,DOWN,1.1608,1.16243,1.15657,1.15725,-0.001580086,0.001075087,0.003225261
11/7/17 23:05,UP,1.15725,1.15962,1.15541,1.15954,0.000534838,0.000923628,0.002770884
11/9/17 12:28,UP,1.1596,1.16445,1.15793,1.16355,0.0020045,0.000960597,0.002881792
11/9/17 18:39,UP,1.16355,1.1655,1.16003,1.16473,0.000377841,0.001127449,0.003382347
11/13/17 14:06,UP,1.16468,1.16781,1.16229,1.16691,0.001114674,0.000999589,0.002998768
11/14/17 9:32,UP,1.16695,1.17109,1.16549,1.17071,0.001513047,0.000983821,0.002951463
11/14/17 13:54,UP,1.17069,1.1764,1.17052,1.17507,0.000417083,0.001078598,0.003235795
11/14/17 19:01,UP,1.17512,1.18051,1.17445,1.1799,0.002273962,0.001142699,0.003428096
11/15/17 9:31,UP,1.17994,1.18474,1.17847,1.18451,0.002239718,0.001171693,0.00351508
11/15/17 16:03,DOWN,1.18447,1.1861,1.17968,1.18014,-0.000872397,0.001170107,0.003510321
11/17/17 2:23,UP,1.18013,1.18167,1.17565,1.1813,0.001881054,0.001074872,0.003224615
11/19/17 23:14,DOWN,1.18131,1.1822,1.17438,1.17456,-0.004798779,0.001443848,0.004331544
11/20/17 8:45,UP,1.17449,1.17996,1.17222,1.17989,0.003821206,0.001634401,0.004903203
11/20/17 17:08,DOWN,1.17997,1.18087,1.17319,1.17367,-0.001030423,0.001461287,0.00438386
11/22/17 9:30,UP,1.17364,1.17732,1.17131,1.17639,0.000527175,0.001073448,0.003220345
11/22/17 15:34,UP,1.17635,1.1797,1.17354,1.17964,0.002308451,0.001226996,0.003680988
11/23/17 6:33,UP,1.17961,1.18383,1.17834,1.1833,0.000997709,0.001151744,0.003455231
11/24/17 12:55,UP,1.18326,1.18749,1.18237,1.18722,0.000547647,0.001122591,0.003367773
11/24/17 15:20,UP,1.18718,1.19297,1.18713,1.19235,0.001552763,0.001299035,0.003897104
11/27/17 19:22,DOWN,1.19239,1.19614,1.18979,1.18992,-0.001444432,0.001210104,0.003630313
11/28/17 18:33,DOWN,1.18988,1.19201,1.18547,1.18616,-0.001120637,0.000984399,0.002953198
11/29/17 13:14,DOWN,1.18615,1.18831,1.18235,1.18284,-0.00119978,0.000972572,0.002917715
11/30/17 1:56,UP,1.18284,1.18686,1.18173,1.18618,0.000910901,0.00084555,0.002536651
11/30/17 10:16,DOWN,1.18623,1.1876,1.18091,1.18203,-0.001741248,0.001045051,0.003135152
11/30/17 14:38,UP,1.18198,1.18937,1.18192,1.18937,0.003799131,0.001389131,0.004167392
12/1/17 13:44,DOWN,1.18937,1.19406,1.18633,1.18745,-0.001909835,0.001490525,0.004471575
12/4/17 0:00,DOWN,1.18749,1.19348,1.18507,1.18564,-0.003157857,0.001608,0.004823999
12/5/17 17:24,DOWN,1.18568,1.18788,1.18076,1.18217,-0.000135335,0.001335662,0.004006987
12/6/17 15:38,DOWN,1.18212,1.18483,1.17855,1.17937,-0.000678098,0.001208204,0.003624612
12/8/17 7:11,DOWN,1.17935,1.18151,1.17477,1.17513,-0.001352127,0.001005922,0.003017766
12/11/17 0:25,UP,1.17514,1.1775,1.17301,1.17715,0.000339862,0.000851999,0.002555998
12/11/17 15:07,UP,1.17715,1.18095,1.17691,1.18073,0.001839537,0.000881153,0.002643458
12/11/17 21:46,DOWN,1.1807,1.1812,1.1764,1.17687,-0.001833695,0.000956936,0.002870809
12/12/17 14:07,DOWN,1.17687,1.1793,1.17416,1.17443,-0.002245376,0.001071882,0.003215645
12/13/17 14:31,UP,1.17443,1.17712,1.17174,1.17576,0.000638089,0.000952355,0.002857066
12/13/17 20:28,UP,1.17574,1.18251,1.17475,1.18188,0.003152492,0.001294331,0.003882992
12/14/17 15:15,DOWN,1.18184,1.18628,1.17934,1.17944,-0.00243886,0.001482033,0.0044461
12/15/17 20:35,DOWN,1.17944,1.18125,1.17505,1.1757,-0.000697214,0.001208405,0.003625214
12/18/17 10:09,UP,1.17567,1.1795,1.17379,1.17852,0.000704521,0.001151013,0.003453038
12/19/17 12:33,UP,1.17856,1.18346,1.17754,1.18156,0.000304728,0.000951082,0.002853246
12/20/17 1:25,UP,1.18156,1.1849,1.18047,1.18457,0.000126636,0.001040548,0.003121644
12/20/17 15:46,UP,1.18457,1.19019,1.18289,1.18942,0.003528945,0.001234947,0.003704841
12/22/17 0:41,DOWN,1.18941,1.18949,1.18169,1.18421,-0.002875419,0.001163596,0.003490789
12/25/17 22:30,UP,1.18418,1.18752,1.18283,1.18742,0.001981042,0.001095764,0.003287293
12/27/17 10:42,UP,1.18707,1.18911,1.18465,1.18884,0.001009897,0.001013141,0.003039423
12/28/17 7:37,UP,1.18884,1.19355,1.18804,1.19337,0.001610185,0.000963386,0.002890159
12/29/17 9:49,UP,1.19334,1.19879,1.19233,1.19847,0.001946038,0.00096721,0.00290163
12/29/17 18:01,UP,1.19843,1.20257,1.19733,1.20231,0.001306673,0.000947029,0.002841086
1/2/18 8:49,UP,1.2023,1.2048,1.19909,1.2047,0.001586715,0.000978029,0.002934088
1/3/18 8:14,DOWN,1.20469,1.20814,1.2026,1.20328,-0.001038288,0.000968105,0.002904315
1/4/18 10:34,UP,1.20332,1.20559,1.20011,1.20516,0.00159442,0.001064845,0.003194535
1/5/18 9:28,DOWN,1.2051,1.2089,1.20467,1.2047,-0.00081315,0.0009513,0.0028539
1/8/18 7:58,DOWN,1.20469,1.20832,1.19928,1.19935,-0.002190454,0.001047405,0.003142215
1/8/18 15:15,DOWN,1.1994,1.20095,1.196,1.19622,-0.000601715,0.001105259,0.003315777
1/9/18 8:42,DOWN,1.19627,1.19822,1.19323,1.19354,-0.001908461,0.001071107,0.003213322
1/10/18 10:59,UP,1.19351,1.20004,1.19156,1.19911,0.004304101,0.001303358,0.003910074
1/10/18 17:00,DOWN,1.19908,1.20182,1.19554,1.19583,-0.001470699,0.001239441,0.003718323
1/11/18 12:42,UP,1.19577,1.19941,1.19293,1.19873,0.003585207,0.001330152,0.003990456
1/11/18 15:24,UP,1.19872,1.20592,1.19855,1.2043,0.000797461,0.001378833,0.004136498
1/12/18 9:02,UP,1.2043,1.21224,1.20276,1.21207,0.004614324,0.001631766,0.004895299
1/12/18 20:20,UP,1.2121,1.21851,1.21115,1.2178,0.001298264,0.001403921,0.004211764
1/15/18 9:04,UP,1.21778,1.22404,1.21776,1.22373,0.002159669,0.001393297,0.004179892
1/16/18 10:08,DOWN,1.22373,1.22968,1.22157,1.22274,-0.00076847,0.001410185,0.004230556
1/16/18 19:31,UP,1.22279,1.2281,1.21951,1.2276,0.002463116,0.001438505,0.004315514
1/17/18 7:00,DOWN,1.22757,1.23234,1.22149,1.2222,-0.001986244,0.001457677,0.004373031
1/17/18 18:41,UP,1.22215,1.22793,1.21962,1.22788,0.003344676,0.001453425,0.004360276
1/17/18 20:42,DOWN,1.22787,1.22881,1.22141,1.22187,-0.002852206,0.001610188,0.004830565
1/18/18 11:28,UP,1.22182,1.22407,1.21651,1.2238,0.002044907,0.001614031,0.004842092
1/19/18 7:37,UP,1.2238,1.22755,1.22197,1.22747,0.001149365,0.001279404,0.003838213
1/19/18 15:45,DOWN,1.22754,1.22956,1.22305,1.22402,-0.000334906,0.001100928,0.003302785
1/23/18 0:55,UP,1.22398,1.2273,1.22138,1.2267,0.000676841,0.001058205,0.003174615
1/23/18 15:42,UP,1.2267,1.23063,1.2223,1.23022,0.002792013,0.001180382,0.003541145
1/24/18 4:07,UP,1.23016,1.23293,1.22706,1.23265,0.001558834,0.001133357,0.00340007
1/24/18 13:20,UP,1.23266,1.2363,1.23027,1.23579,0.001765612,0.001127591,0.003382774
1/24/18 18:51,UP,1.23579,1.24119,1.23496,1.24029,0.001008337,0.001205684,0.003617052
1/25/18 4:39,UP,1.24024,1.24403,1.23845,1.24358,0.000997619,0.001176519,0.003529558
1/25/18 9:16,DOWN,1.24358,1.24596,1.23893,1.24065,-0.000201487,0.001301907,0.003905721
1/25/18 13:58,UP,1.24062,1.24984,1.23972,1.24912,0.006288142,0.00197374,0.00592122
1/25/18 19:23,DOWN,1.24921,1.25379,1.2416,1.2416,-0.006262566,0.00241084,0.007232519
1/26/18 7:56,UP,1.24166,1.24938,1.23638,1.24806,0.002446784,0.00220647,0.006619411
1/29/18 1:58,DOWN,1.24808,1.2491,1.23957,1.23985,-0.002118978,0.001672275,0.005016826
1/29/18 14:01,DOWN,1.23987,1.24292,1.23591,1.23625,-0.001390337,0.001466182,0.004398547
1/30/18 10:03,UP,1.23625,1.2408,1.23347,1.23979,0.001897281,0.001359589,0.004078766
1/30/18 19:04,DOWN,1.23979,1.24542,1.23838,1.23924,-0.000854997,0.001347817,0.00404345
1/31/18 6:28,UP,1.23924,1.24432,1.23894,1.24388,0.001279076,0.001235762,0.003707287
1/31/18 19:10,DOWN,1.24386,1.24751,1.24036,1.24055,-0.001272818,0.001255244,0.003765733
2/1/18 10:03,UP,1.24055,1.24501,1.23852,1.24461,0.001205924,0.001489089,0.004467268
2/1/18 18:35,UP,1.24465,1.24981,1.24247,1.24821,0.000176268,0.001382043,0.00414613
2/2/18 13:42,DOWN,1.24826,1.25227,1.24529,1.24612,-0.002116335,0.001494021,0.004482062
2/2/18 18:18,UP,1.24624,1.24873,1.24094,1.24837,0.002430115,0.001826726,0.005480178
2/5/18 15:08,DOWN,1.24843,1.24909,1.23988,1.24115,-0.00197203,0.001512246,0.004536737
2/6/18 2:34,DOWN,1.24113,1.24301,1.23549,1.23671,-0.001414045,0.001472404,0.004417213
2/6/18 8:43,UP,1.23666,1.24346,1.23508,1.24178,0.002095964,0.001410616,0.004231848
2/6/18 12:37,DOWN,1.24175,1.2424,1.23496,1.2356,-0.003869164,0.001621372,0.004864116
2/6/18 17:50,UP,1.23564,1.24038,1.23138,1.23987,0.00242254,0.001875752,0.005627256
2/7/18 16:03,DOWN,1.23986,1.24061,1.22852,1.22954,-0.0039044,0.001731842,0.005195526
2/8/18 9:40,DOWN,1.22952,1.23048,1.22298,1.22312,-0.002156089,0.001561451,0.004684353
2/9/18 17:33,DOWN,1.22311,1.22951,1.2212,1.2219,-0.001194147,0.001461455,0.004384365
2/12/18 1:13,UP,1.22194,1.22752,1.22055,1.22724,0.00170446,0.001410646,0.004231937
2/13/18 5:52,UP,1.22717,1.23154,1.2235,1.23154,0.002105272,0.001351175,0.004053526
2/14/18 2:22,UP,1.23148,1.23713,1.23096,1.23663,0.000987039,0.001322997,0.003968991
2/14/18 13:45,DOWN,1.23666,1.23927,1.22757,1.23041,-0.003261878,0.001494298,0.004482893
2/14/18 15:45,UP,1.23041,1.23892,1.22914,1.23891,0.005309045,0.001950426,0.005851277
2/15/18 2:56,UP,1.23885,1.24735,1.23846,1.24613,0.000409351,0.001831372,0.005494115
2/16/18 2:26,UP,1.24608,1.25302,1.2452,1.25268,0.001493915,0.001584436,0.004753308
2/16/18 13:03,DOWN,1.25274,1.25555,1.24599,1.24731,-0.000448865,0.001775777,0.005327332
2/19/18 8:55,DOWN,1.24731,1.24747,1.23875,1.24047,-0.000886368,0.001619661,0.004858982
2/20/18 10:06,DOWN,1.24048,1.24272,1.2343,1.23442,-0.001368128,0.001543663,0.004630988
2/21/18 16:38,DOWN,1.2345,1.23621,1.23,1.23067,-0.001534571,0.00117975,0.003539249
2/21/18 23:08,DOWN,1.23071,1.23603,1.22732,1.22768,-0.000952563,0.001781231,0.005343693
2/22/18 15:02,UP,1.22772,1.23371,1.22594,1.23321,0.003126817,0.001671882,0.005015645
2/26/18 9:57,UP,1.23322,1.23524,1.22797,1.23445,0.001556559,0.001317183,0.00395155
2/26/18 15:38,DOWN,1.23441,1.23552,1.22865,1.22911,-0.001601503,0.00134371,0.004031129
2/27/18 7:54,UP,1.22915,1.2345,1.22777,1.23387,0.00118397,0.001276105,0.003828315
2/27/18 15:45,DOWN,1.2339,1.23466,1.22389,1.22404,-0.004410052,0.001609013,0.004827038
2/28/18 22:18,DOWN,1.22398,1.22551,1.21878,1.2195,-0.001057251,0.001194244,0.003582733
3/1/18 20:12,UP,1.21938,1.22735,1.21547,1.22639,0.005273217,0.001720804,0.005162411
3/2/18 15:16,UP,1.22632,1.23329,1.22513,1.23263,0.001371993,0.001616511,0.004849532
3/6/18 3:18,UP,1.23266,1.23653,1.22687,1.23525,0.000526348,0.001610924,0.004832771
3/6/18 13:12,UP,1.23521,1.24145,1.23279,1.2408,0.001056328,0.001819065,0.005457195
3/8/18 12:41,DOWN,1.2408,1.24454,1.23687,1.23754,-0.000848098,0.001326268,0.003978805
3/8/18 15:27,DOWN,1.23758,1.24463,1.234,1.23503,-0.003193199,0.002105242,0.006315725
3/12/18 12:51,DOWN,1.23501,1.23513,1.22728,1.22954,-0.001105493,0.001466971,0.004400913
3/13/18 12:58,UP,1.22955,1.23858,1.22944,1.23674,0.002299,0.0013172,0.0039516
3/14/18 14:31,DOWN,1.23673,1.24129,1.23399,1.23547,-0.000679672,0.001157787,0.00347336
3/15/18 12:30,DOWN,1.23553,1.23839,1.23399,1.23415,-0.001546428,0.001064375,0.003193125
3/16/18 14:16,DOWN,1.23409,1.235,1.22786,1.22848,-0.001829856,0.001130493,0.003391479
3/19/18 12:14,UP,1.22849,1.23241,1.22579,1.23227,0.002600211,0.001186592,0.003559775
3/19/18 19:10,UP,1.23231,1.2359,1.22989,1.23525,0.001206962,0.001133347,0.00340004
3/20/18 11:21,DOWN,1.23525,1.23553,1.23058,1.23065,-0.001769854,0.001110538,0.003331615
3/20/18 18:00,DOWN,1.2306,1.23104,1.22454,1.2261,-0.000342491,0.001119139,0.003357418
3/21/18 14:13,UP,1.22614,1.22961,1.22397,1.22848,0.000626987,0.001077904,0.003233712
3/21/18 19:06,UP,1.22848,1.23385,1.22509,1.23368,0.003028054,0.001431452,0.004294355
3/22/18 10:46,DOWN,1.2337,1.23888,1.23205,1.23211,-0.002755693,0.001592757,0.004778271
3/23/18 14:17,UP,1.23207,1.23601,1.22852,1.23467,0.000753522,0.001170596,0.003511787
3/26/18 9:43,UP,1.23465,1.24138,1.23349,1.24075,0.002307718,0.001131619,0.003394858
3/26/18 19:22,UP,1.2408,1.24618,1.2398,1.24518,0.000465905,0.001176487,0.003529461
3/27/18 11:06,DOWN,1.24518,1.24766,1.23991,1.24047,-0.001804139,0.001346037,0.004038112
3/28/18 14:17,DOWN,1.24047,1.2422,1.23346,1.23482,-0.001416207,0.001344406,0.004033219
3/29/18 15:37,DOWN,1.23488,1.23604,1.22862,1.22865,-0.002519917,0.001337957,0.00401387
4/2/18 11:37,UP,1.22868,1.2338,1.22838,1.23359,0.001646959,0.001178413,0.003535239
4/2/18 16:28,DOWN,1.23354,1.23454,1.2282,1.22902,-0.001130343,0.001212112,0.003636337
4/3/18 13:39,DOWN,1.22901,1.23363,1.22558,1.22602,-0.003818088,0.001459592,0.004378776
4/4/18 14:07,UP,1.22598,1.23151,1.22535,1.23049,0.000756082,0.001172485,0.003517456
4/5/18 7:20,DOWN,1.2305,1.23101,1.22489,1.22575,-0.001638469,0.001127819,0.003383457
4/6/18 6:06,DOWN,1.22575,1.22839,1.22182,1.22294,-0.000858218,0.001021503,0.00306451
4/6/18 13:11,UP,1.2229,1.22668,1.22151,1.22626,0.001109679,0.000977843,0.002933528
4/9/18 12:22,UP,1.22631,1.23052,1.22545,1.23048,0.00241661,0.000989225,0.002967674
4/10/18 11:44,UP,1.23048,1.23778,1.23024,1.23665,0.00335337,0.001192201,0.003576602
4/11/18 14:43,UP,1.2367,1.23971,1.23243,1.23863,0.000945038,0.000936489,0.002809468
4/12/18 9:09,DOWN,1.23858,1.23933,1.23356,1.23369,-0.002089103,0.00094688,0.002840641
4/13/18 8:12,UP,1.23363,1.23519,1.22992,1.23427,0.001589245,0.000865285,0.002595856
4/16/18 7:53,UP,1.23432,1.23597,1.23069,1.23581,0.001733159,0.000844833,0.0025345
4/17/18 6:20,UP,1.23582,1.23982,1.23528,1.23926,0.001178817,0.000844042,0.002532127
4/17/18 10:55,DOWN,1.23932,1.2414,1.23618,1.23713,-0.000832226,0.001013487,0.003040462
4/18/18 11:34,UP,1.23713,1.23881,1.2336,1.23856,0.001583736,0.001043533,0.003130598
4/19/18 16:21,DOWN,1.2385,1.24004,1.2329,1.23419,-0.001700075,0.001076472,0.003229416
4/20/18 10:02,DOWN,1.23418,1.23587,1.22947,1.23023,-0.001867824,0.001077737,0.00323321
4/23/18 8:41,DOWN,1.2302,1.23121,1.22451,1.2254,-0.001101075,0.001067197,0.00320159
4/23/18 18:27,DOWN,1.22546,1.22576,1.22024,1.22137,-0.000212853,0.00100691,0.003020731
4/24/18 16:33,UP,1.22137,1.2235,1.21816,1.22307,0.001440038,0.001051873,0.003155619
4/25/18 8:23,DOWN,1.22302,1.2245,1.21866,1.2194,-0.001172021,0.000988528,0.002965583
4/25/18 21:47,DOWN,1.21939,1.22156,1.21598,1.21624,-0.001232549,0.001013319,0.003039957
4/26/18 14:43,DOWN,1.21624,1.22101,1.21107,1.21215,-0.00367266,0.001516132,0.004548395
4/27/18 12:49,DOWN,1.21216,1.21304,1.20552,1.20722,-0.000331285,0.001359594,0.004078781
4/29/18 22:20,UP,1.20728,1.21338,1.20706,1.21247,0.000915906,0.001271571,0.003814713
4/30/18 11:36,DOWN,1.21246,1.2139,1.20769,1.20792,-0.002670449,0.001286601,0.003859802
5/1/18 9:18,DOWN,1.20795,1.21065,1.20275,1.20327,-0.002539842,0.001214125,0.003642375
5/1/18 14:47,DOWN,1.20323,1.20416,1.19829,1.19906,-0.001391789,0.001298785,0.003896356
5/2/18 14:21,DOWN,1.19906,1.20319,1.19639,1.19755,-0.001935415,0.001229493,0.00368848
5/2/18 20:26,DOWN,1.19759,1.20259,1.19377,1.19465,-0.002482999,0.00171047,0.005131411
5/3/18 8:38,UP,1.19468,1.20091,1.1943,1.20034,0.001542419,0.00157778,0.00473334
5/4/18 12:41,DOWN,1.20032,1.20082,1.19493,1.19575,-0.000760739,0.001253862,0.003761585
5/7/18 1:23,UP,1.19569,1.19772,1.19112,1.19739,0.001320408,0.001313935,0.003941804
5/7/18 10:55,DOWN,1.19739,1.19783,1.19201,1.19213,-0.001156922,0.001339988,0.004019965
5/8/18 10:15,DOWN,1.19213,1.19391,1.1874,1.18808,-0.000269306,0.00134406,0.004032181
5/9/18 6:29,DOWN,1.18808,1.18866,1.18351,1.18368,-0.001730389,0.001218429,0.003655287
5/9/18 12:48,UP,1.18373,1.18891,1.18224,1.18848,0.000420794,0.001207788,0.003623363
5/10/18 12:40,UP,1.18852,1.19251,1.18409,1.19191,0.003024933,0.001263741,0.003791222
5/11/18 11:08,UP,1.19191,1.1949,1.1875,1.19363,0.001769281,0.00123392,0.003701761
5/14/18 8:46,UP,1.19364,1.1984,1.19298,1.1981,0.000375665,0.001168753,0.003506258
5/14/18 18:15,DOWN,1.19805,1.19964,1.19375,1.19412,-0.002684565,0.00129994,0.003899819
5/15/18 11:28,DOWN,1.19412,1.19461,1.1882,1.18831,-0.003721052,0.00147551,0.004426531
5/15/18 23:32,DOWN,1.18833,1.18911,1.18168,1.18292,-0.001047704,0.001329173,0.003987518
5/16/18 11:19,DOWN,1.18295,1.18544,1.17814,1.17918,-0.000457841,0.001353973,0.004061919
5/17/18 2:36,UP,1.17915,1.18378,1.17633,1.18321,0.001624022,0.001381717,0.004145151
5/17/18 13:46,DOWN,1.18321,1.18354,1.17763,1.17889,-0.000262925,0.001201293,0.003603879
5/18/18 13:27,DOWN,1.17896,1.18224,1.17521,1.17559,-0.001988511,0.001108185,0.003324556
5/21/18 7:17,DOWN,1.17561,1.17889,1.17205,1.17288,-0.001439861,0.001060518,0.003181555
5/21/18 13:40,UP,1.17287,1.17797,1.17165,1.17722,0.001138923,0.001037009,0.003111027
5/21/18 23:41,UP,1.17721,1.17976,1.1743,1.17903,0.001230581,0.001157488,0.003472463
5/23/18 2:03,DOWN,1.17899,1.18301,1.17549,1.17594,-0.002412178,0.001337173,0.00401152
5/23/18 11:01,DOWN,1.17589,1.17687,1.16986,1.17081,-0.000998809,0.001530993,0.00459298
5/24/18 9:03,UP,1.17076,1.1746,1.16757,1.17442,0.001482681,0.001183626,0.003550877
5/25/18 7:52,DOWN,1.17444,1.17505,1.16843,1.16881,-0.001564471,0.001152627,0.003457882
5/25/18 12:51,DOWN,1.16885,1.17339,1.16619,1.16756,-0.001848303,0.001405951,0.004217852
5/28/18 1:23,UP,1.16751,1.17129,1.16442,1.17113,0.002034293,0.00143146,0.00429438
5/28/18 10:14,DOWN,1.17112,1.17286,1.16426,1.16465,-0.001698638,0.001486678,0.004460033
5/29/18 7:20,DOWN,1.16461,1.16582,1.15857,1.1591,-0.001172636,0.001403702,0.004211105
5/29/18 9:46,DOWN,1.1591,1.16004,1.15126,1.15141,-0.002376864,0.001577027,0.004731082
5/29/18 13:32,UP,1.15136,1.1585,1.15097,1.15785,0.000864043,0.001717428,0.005152285
5/30/18 3:14,DOWN,1.15786,1.15901,1.15185,1.15238,-0.001300808,0.001548608,0.004645824
5/30/18 8:02,UP,1.1524,1.16124,1.15229,1.16038,0.002277709,0.001735975,0.005207926
5/30/18 21:18,UP,1.16037,1.16761,1.15814,1.16667,0.001398116,0.001695152,0.005085455
6/1/18 10:52,UP,1.16664,1.17245,1.1641,1.17091,0.001949102,0.001481597,0.004444791
6/1/18 19:43,DOWN,1.17091,1.1712,1.16168,1.16574,-0.001148824,0.001467018,0.004401054
6/4/18 7:25,UP,1.16579,1.17111,1.16534,1.17108,0.001914596,0.001460427,0.004381282
6/5/18 7:35,DOWN,1.17109,1.17449,1.16771,1.16862,-0.000769843,0.001166039,0.003498117
6/5/18 13:00,DOWN,1.1686,1.1717,1.1662,1.16652,-0.001755821,0.001288737,0.00386621
6/5/18 16:33,UP,1.16652,1.17276,1.16525,1.17191,0.003624586,0.001553692,0.004661076
6/6/18 11:22,UP,1.17185,1.17799,1.17057,1.17749,0.00119818,0.0013805,0.004141501
6/7/18 7:12,UP,1.17755,1.18181,1.17606,1.18148,0.000728166,0.001236398,0.003709194
6/8/18 7:11,DOWN,1.18148,1.18401,1.17708,1.17755,-0.002425827,0.001131606,0.003394818
6/11/18 0:40,UP,1.17761,1.17866,1.17269,1.17858,0.001528429,0.001320556,0.003961669
6/12/18 0:08,DOWN,1.17863,1.18208,1.1742,1.17521,-0.002727703,0.001344435,0.004033306
6/12/18 18:06,DOWN,1.17515,1.18094,1.17361,1.17428,-0.003044039,0.001340226,0.004020679
6/13/18 16:09,UP,1.17428,1.17887,1.173,1.17868,0.000763858,0.001227316,0.003681949
6/14/18 7:04,UP,1.17873,1.18199,1.17247,1.18181,0.001583572,0.001469867,0.0044096
6/14/18 12:07,DOWN,1.18181,1.18524,1.17187,1.17274,-0.008161092,0.002408369,0.007225106
6/14/18 16:40,DOWN,1.17281,1.17441,1.16181,1.16278,-0.001864478,0.002362503,0.00708751
6/19/18 2:01,UP,1.16278,1.16477,1.15431,1.16352,0.000945854,0.001755,0.005265001
6/19/18 8:27,DOWN,1.16346,1.16449,1.15546,1.15578,-0.001296983,0.001949515,0.005848546
6/20/18 16:46,UP,1.15577,1.16001,1.15305,1.15887,0.0008201,0.001539546,0.004618639
6/21/18 9:59,DOWN,1.15886,1.15962,1.15081,1.152,-0.001743271,0.001505203,0.004515609
6/21/18 12:49,UP,1.15206,1.16115,1.15153,1.15999,0.005515228,0.001984184,0.005952553
6/22/18 7:05,UP,1.16005,1.16709,1.1575,1.16671,0.002669174,0.0018525,0.005557499
6/25/18 16:05,UP,1.16669,1.17022,1.16172,1.16967,0.001146279,0.001656205,0.004968615
6/26/18 9:43,DOWN,1.16967,1.17207,1.1651,1.16579,-0.001508567,0.001532533,0.0045976
6/27/18 11:22,DOWN,1.16585,1.16848,1.1616,1.16193,-0.001642467,0.001595453,0.00478636
6/27/18 19:17,DOWN,1.16187,1.16385,1.15403,1.15413,-0.00382241,0.001699241,0.005097723
6/29/18 2:42,UP,1.1542,1.16369,1.1527,1.16219,0.00421645,0.001731139,0.005193417
7/1/18 22:44,UP,1.16212,1.16908,1.16127,1.16744,0.000274142,0.001482262,0.004446785
7/2/18 12:53,DOWN,1.16745,1.16827,1.16226,1.16227,-0.000851419,0.001376214,0.004128643
7/3/18 7:07,UP,1.16227,1.16583,1.15911,1.16531,0.001099024,0.001337809,0.004013427
7/5/18 6:58,UP,1.16525,1.17112,1.16304,1.16995,0.002284757,0.001190598,0.003571795
7/6/18 12:54,UP,1.16992,1.17637,1.16721,1.17489,0.002778585,0.001305957,0.003917871
7/9/18 12:35,UP,1.17483,1.17909,1.1733,1.17839,0.001520177,0.001158977,0.003476932
7/9/18 17:09,DOWN,1.17839,1.17856,1.17375,1.17386,-0.001430153,0.001196672,0.003590015
7/10/18 10:58,DOWN,1.17391,1.17636,1.17045,1.17056,-0.001229424,0.001260835,0.003782505
7/10/18 20:30,UP,1.17062,1.17494,1.16901,1.17466,0.001013573,0.001177229,0.003531686
7/11/18 11:52,DOWN,1.17464,1.175,1.16949,1.17051,-0.000512466,0.001108866,0.003326597
7/11/18 17:31,DOWN,1.17051,1.17585,1.16718,1.16749,-0.003864078,0.001578284,0.004734852
7/13/18 7:11,DOWN,1.16743,1.16959,1.1637,1.16383,-0.002240085,0.001315102,0.003945307
7/13/18 16:59,UP,1.16384,1.16779,1.16128,1.1673,0.000788454,0.001230094,0.003690282
7/16/18 10:58,UP,1.16725,1.17159,1.1666,1.17153,0.00097356,0.001136633,0.003409899
7/17/18 12:52,DOWN,1.17154,1.17449,1.1691,1.16937,-0.001760082,0.001049332,0.003147997
7/18/18 1:45,DOWN,1.16936,1.17043,1.16484,1.1662,-6.00E-05,0.001032007,0.003096022
7/18/18 8:07,DOWN,1.16626,1.16652,1.1619,1.16227,-0.001221001,0.001110065,0.003330195
7/18/18 15:55,UP,1.16221,1.16503,1.16018,1.16435,0.000317824,0.00112666,0.00337998
7/19/18 7:55,DOWN,1.16429,1.16626,1.16059,1.16128,-0.001230642,0.00107571,0.003227129
7/19/18 17:15,UP,1.16129,1.16475,1.15747,1.16465,0.003905784,0.001349588,0.004048763
7/20/18 13:03,UP,1.16465,1.17153,1.16261,1.17056,0.002788877,0.001471828,0.004415484
7/23/18 20:18,DOWN,1.1706,1.17505,1.16835,1.16962,-0.000863156,0.001281835,0.003845506
7/25/18 13:48,UP,1.16967,1.17171,1.16544,1.17088,0.00160692,0.001172429,0.003517286
7/25/18 21:16,UP,1.17088,1.17389,1.16637,1.17316,0.002064935,0.001386297,0.00415889
7/26/18 13:05,DOWN,1.17316,1.17439,1.16918,1.16941,-0.001760022,0.001260156,0.003780469
7/26/18 18:28,DOWN,1.16948,1.17001,1.1642,1.16449,-0.001210098,0.001244832,0.003734496
7/30/18 8:15,UP,1.16444,1.16743,1.16202,1.16651,0.000651728,0.000957397,0.00287219
7/30/18 13:50,UP,1.16647,1.17084,1.16645,1.17079,0.001966418,0.001074108,0.003222323
7/31/18 12:31,UP,1.17076,1.17455,1.16992,1.17424,0.001116238,0.000917744,0.002753233
7/31/18 15:37,DOWN,1.17416,1.17461,1.16918,1.17034,-0.000623556,0.000989668,0.002969004
8/1/18 15:24,DOWN,1.17029,1.17086,1.16647,1.16655,-0.001464788,0.000928901,0.002786704
8/2/18 7:26,DOWN,1.16654,1.1678,1.16247,1.16304,-0.001735321,0.000933993,0.00280198
8/2/18 19:53,DOWN,1.16298,1.1637,1.15839,1.15944,-0.000741462,0.000927807,0.002783421
8/5/18 22:53,DOWN,1.15944,1.16108,1.15601,1.15639,-0.001598528,0.001050075,0.003150226
8/7/18 7:14,UP,1.15635,1.15839,1.153,1.15778,0.001824116,0.000985666,0.002956998
8/8/18 4:20,UP,1.15783,1.16285,1.1569,1.16254,0.001894201,0.000994765,0.002984295
8/8/18 12:15,DOWN,1.16254,1.16282,1.15804,1.15877,-0.000690149,0.001052902,0.003158707
8/9/18 14:56,DOWN,1.15884,1.162,1.1573,1.15785,-0.001199781,0.000998623,0.002995868
8/9/18 22:30,DOWN,1.1578,1.15785,1.15254,1.15281,-0.001923877,0.001101979,0.003305936
8/10/18 5:50,DOWN,1.15286,1.15367,1.14376,1.14642,-0.001525327,0.001467004,0.004401011
8/10/18 13:17,DOWN,1.14642,1.14827,1.14168,1.14188,-0.002370467,0.001390879,0.004172636
8/13/18 1:28,DOWN,1.14194,1.14473,1.13692,1.13772,-0.001791454,0.001395733,0.0041872
8/13/18 13:11,UP,1.13777,1.14248,1.13649,1.14209,0.001866743,0.001464885,0.004394655
8/14/18 15:34,DOWN,1.14221,1.14332,1.13499,1.13553,-0.002647238,0.001441492,0.004324476
8/15/18 11:32,DOWN,1.13551,1.13603,1.1309,1.13126,-0.000910075,0.001226842,0.003680526
8/15/18 19:35,UP,1.13122,1.13552,1.13009,1.13506,0.000678608,0.001265475,0.003796426
8/16/18 14:18,UP,1.13506,1.14094,1.13356,1.13953,0.002539355,0.001328989,0.003986968
8/17/18 8:32,UP,1.13958,1.14197,1.13474,1.14103,0.002615092,0.001355123,0.00406537
8/17/18 18:56,UP,1.14099,1.14428,1.13739,1.14426,0.002958245,0.001431856,0.004295568
8/20/18 16:14,UP,1.14421,1.14549,1.13942,1.14533,0.001371724,0.001188094,0.003564281
8/21/18 0:33,UP,1.14535,1.15065,1.14524,1.15039,0.001130691,0.00125352,0.003760559
8/21/18 17:07,UP,1.15036,1.15728,1.14918,1.1564,0.002311559,0.001339843,0.004019528
8/22/18 11:16,UP,1.15641,1.16178,1.15532,1.16137,0.002060035,0.00151361,0.004540829
8/23/18 2:45,DOWN,1.16141,1.16231,1.15538,1.15575,-0.001072321,0.001376289,0.004128868
8/24/18 11:45,UP,1.15568,1.15973,1.15299,1.15956,0.00173492,0.001287926,0.003863777
8/27/18 13:35,UP,1.15959,1.16547,1.15812,1.16488,0.001666796,0.001206517,0.00361955
8/28/18 6:58,UP,1.16494,1.16973,1.16463,1.169,0.001421026,0.001095499,0.003286498
8/29/18 5:44,DOWN,1.16905,1.17338,1.16747,1.16789,-0.001360504,0.001012921,0.003038764
8/29/18 14:41,UP,1.16783,1.1708,1.16517,1.16966,0.001060699,0.000968677,0.002906031
8/30/18 13:11,DOWN,1.16966,1.17184,1.16608,1.16643,-0.002166663,0.001155763,0.003467289
8/31/18 13:17,DOWN,1.16646,1.16907,1.16277,1.1631,-0.001683733,0.001004739,0.003014216
8/31/18 16:32,DOWN,1.16305,1.1652,1.1586,1.15869,-0.001724599,0.001310182,0.003930547
9/4/18 7:28,DOWN,1.15866,1.16281,1.1574,1.15779,-0.001596597,0.001071761,0.003215283
9/4/18 14:08,DOWN,1.1578,1.15816,1.153,1.15382,-0.001827038,0.001047736,0.003143209
9/4/18 16:48,UP,1.1538,1.15825,1.15349,1.15816,0.002186889,0.001181311,0.003543933
9/5/18 7:37,DOWN,1.15815,1.16085,1.15423,1.15537,-0.002040552,0.001297195,0.003891585
9/5/18 13:18,UP,1.15532,1.16404,1.15477,1.1636,0.004806997,0.001682115,0.005046345
9/7/18 13:07,DOWN,1.16352,1.16594,1.15616,1.15695,-0.003537536,0.001612022,0.004836067
9/10/18 13:01,UP,1.1569,1.16161,1.15255,1.16132,0.003277504,0.001520215,0.004560644
9/11/18 12:22,DOWN,1.16124,1.16442,1.15655,1.15767,-0.000923843,0.001440076,0.004320228
9/12/18 15:39,UP,1.15762,1.165,1.15699,1.16321,0.001187076,0.001220881,0.003662643
9/13/18 12:50,UP,1.16317,1.16772,1.1609,1.16763,0.004153764,0.001476219,0.004428657
9/14/18 13:09,DOWN,1.16762,1.17218,1.16605,1.16643,-0.002175217,0.001371179,0.004113537
9/17/18 12:15,UP,1.16643,1.16749,1.16178,1.16716,0.0009086,0.001348828,0.004046484
9/18/18 18:40,DOWN,1.16711,1.17246,1.16521,1.16672,-0.000531263,0.001299874,0.003899623
9/19/18 14:11,DOWN,1.1667,1.17151,1.165,1.16577,-0.001337277,0.001210186,0.003630559
9/20/18 7:56,UP,1.16578,1.17048,1.16556,1.16979,0.000769665,0.001086625,0.003259874
9/20/18 12:18,UP,1.16973,1.17749,1.16854,1.17687,0.003626338,0.001413811,0.004241432
9/21/18 13:34,DOWN,1.17687,1.1803,1.17329,1.17424,-0.0011235,0.001102343,0.00330703
9/24/18 10:19,UP,1.17418,1.1775,1.1724,1.17737,0.001104766,0.001088011,0.003264034
9/24/18 20:30,DOWN,1.17736,1.18154,1.17443,1.1749,-0.001530873,0.001219402,0.003658205
9/25/18 11:49,UP,1.17489,1.17906,1.17307,1.17844,0.002081184,0.001165744,0.003497233
9/26/18 11:39,DOWN,1.17846,1.17927,1.17401,1.17439,-0.001659059,0.00097823,0.002934689
9/26/18 18:00,UP,1.17439,1.178,1.17259,1.17775,0.001708102,0.001023752,0.003071256
9/27/18 6:00,DOWN,1.17791,1.1798,1.16906,1.17048,-0.003743582,0.001458039,0.004374117
9/27/18 18:44,DOWN,1.17048,1.17206,1.16534,1.16555,-0.002193979,0.001345269,0.004035807
9/28/18 9:26,DOWN,1.16555,1.16625,1.1599,1.1602,-0.002066472,0.001438499,0.004315496
10/1/18 15:56,DOWN,1.16025,1.16296,1.15635,1.15682,-0.000751779,0.001283825,0.003851474
10/2/18 7:33,DOWN,1.15686,1.15807,1.15249,1.15288,-0.001308906,0.001250912,0.003752737
10/2/18 15:23,UP,1.15287,1.15701,1.15051,1.15701,0.002596258,0.001351198,0.004053593
10/3/18 12:22,DOWN,1.15701,1.1594,1.15302,1.15354,-0.002043786,0.001290187,0.003870561
10/3/18 23:33,DOWN,1.15352,1.15469,1.14642,1.14786,-0.002349441,0.001292979,0.003878937
10/4/18 13:37,UP,1.14795,1.15272,1.14633,1.15217,0.001676505,0.001147337,0.00344201
10/5/18 9:36,DOWN,1.15217,1.15428,1.14883,1.14932,-0.000791459,0.001016964,0.003050892
10/5/18 13:06,UP,1.14927,1.15386,1.14839,1.15324,0.002031127,0.001076199,0.003228596
10/8/18 7:28,DOWN,1.15324,1.15501,1.1495,1.14974,-0.001077924,0.000962625,0.002887874
10/9/18 9:28,DOWN,1.14972,1.15032,1.14596,1.14618,-0.001290413,0.000872441,0.002617322
10/9/18 14:23,UP,1.14618,1.14793,1.14321,1.14755,0.001910237,0.00098406,0.002952181
10/10/18 0:15,UP,1.14755,1.15089,1.14645,1.15057,0.000991304,0.000944147,0.00283244
10/10/18 14:45,UP,1.15049,1.15302,1.14797,1.15258,0.001232778,0.000906725,0.002720175
10/11/18 3:22,UP,1.15258,1.15721,1.15143,1.15593,0.000579788,0.000910695,0.002732085
10/11/18 12:51,UP,1.15593,1.15996,1.15351,1.15858,0.000975808,0.000940901,0.002822702
10/11/18 18:46,UP,1.15863,1.15972,1.15453,1.15955,0.001311713,0.000977884,0.002933652
10/12/18 12:12,DOWN,1.15956,1.16107,1.15684,1.15712,-0.001088318,0.000881291,0.002643872
10/15/18 9:48,UP,1.15713,1.15895,1.15342,1.15893,0.002392997,0.001032977,0.003098931
10/16/18 13:37,UP,1.15889,1.16213,1.15659,1.16057,0.002156437,0.001016583,0.00304975
10/17/18 3:52,DOWN,1.16051,1.16095,1.15567,1.15619,-0.001374262,0.001057553,0.003172659
10/17/18 15:07,DOWN,1.15613,1.15781,1.15209,1.1528,-0.000979742,0.001003314,0.003009941
10/18/18 4:17,DOWN,1.15279,1.15444,1.14941,1.14991,-0.000313019,0.000997942,0.002993825
10/18/18 16:48,DOWN,1.14986,1.15275,1.14688,1.14697,-0.002412147,0.001135861,0.003407582
10/19/18 14:52,UP,1.14692,1.1495,1.14328,1.14795,8.71E-06,0.001050077,0.003150231
10/19/18 16:59,UP,1.14796,1.15349,1.14765,1.15219,0.001024661,0.001198747,0.003596241
10/22/18 12:00,DOWN,1.15214,1.15502,1.14911,1.1496,-0.00080865,0.001282643,0.003847928
10/23/18 4:54,DOWN,1.14954,1.1501,1.1452,1.14533,-0.000515003,0.001097446,0.003292339
10/24/18 7:57,DOWN,1.14527,1.14939,1.14231,1.14304,-0.003859424,0.00135064,0.004051921
10/24/18 17:36,DOWN,1.14298,1.14326,1.13787,1.13851,-0.000439074,0.00116216,0.003486479
10/25/18 13:02,UP,1.13857,1.14329,1.13841,1.14262,0.001366216,0.001065868,0.003197605
10/25/18 16:06,DOWN,1.14265,1.14281,1.13643,1.13747,-0.000632783,0.001343383,0.00403015
10/26/18 15:34,UP,1.13746,1.13881,1.13356,1.13852,0.000544715,0.001292808,0.003878424
10/30/18 10:19,DOWN,1.13847,1.14211,1.1353,1.13584,-0.001521943,0.001292522,0.003877567
10/31/18 9:46,DOWN,1.13586,1.13821,1.13311,1.13311,-0.001816355,0.001226501,0.003679504
11/1/18 7:19,UP,1.13316,1.13607,1.13019,1.13552,0.00111024,0.001416142,0.004248426
11/1/18 14:56,UP,1.13559,1.14136,1.13525,1.14072,0.001491398,0.001451064,0.004353192
11/2/18 11:31,UP,1.14077,1.14561,1.139,1.14487,0.000847617,0.001290969,0.003872908
11/2/18 16:07,DOWN,1.14482,1.14507,1.13734,1.13799,-0.002781741,0.001456103,0.004368309
11/5/18 19:06,UP,1.13794,1.14241,1.1353,1.14201,0.001893193,0.001267245,0.003801735
11/7/18 0:47,UP,1.14203,1.14691,1.13913,1.14649,0.004221757,0.001495996,0.004487987
11/7/18 9:32,UP,1.14646,1.14885,1.13945,1.14849,0.001420263,0.001653801,0.004961402
11/8/18 1:38,DOWN,1.14849,1.15002,1.14245,1.14343,-0.000638226,0.001375851,0.004127554
11/8/18 19:38,DOWN,1.14344,1.14469,1.13695,1.13797,-0.001168065,0.001311749,0.003935246
11/9/18 9:12,DOWN,1.13791,1.13792,1.13297,1.13361,-0.000440972,0.001197012,0.003591036
11/12/18 6:52,DOWN,1.13357,1.13601,1.12682,1.12806,-0.003610304,0.00138884,0.00416652
11/12/18 22:34,DOWN,1.12808,1.1282,1.12155,1.12208,-0.001656263,0.001304762,0.003914287
11/13/18 13:34,UP,1.1222,1.12717,1.12191,1.12656,0.000852515,0.001180503,0.003541508
11/13/18 23:37,UP,1.12655,1.13209,1.12525,1.13166,0.003496553,0.001363648,0.004090945
11/14/18 10:42,DOWN,1.13165,1.13195,1.12644,1.12681,-0.001383482,0.001329568,0.003988703
11/14/18 14:51,UP,1.12679,1.13191,1.12632,1.13148,0.001450481,0.001343905,0.004031715
11/15/18 4:49,UP,1.13153,1.13492,1.1276,1.13383,0.001942211,0.001484342,0.004453027
11/15/18 10:20,DOWN,1.13385,1.13519,1.12703,1.12808,-0.003301049,0.001623847,0.004871542
11/15/18 20:01,UP,1.12803,1.13628,1.12803,1.13464,0.001702428,0.001520351,0.004561053
11/16/18 14:17,UP,1.13461,1.14038,1.13214,1.13944,0.00580916,0.001922424,0.005767273
11/19/18 16:22,UP,1.1395,1.14648,1.13911,1.14531,0.001913977,0.001484611,0.004453834
11/20/18 14:05,DOWN,1.1453,1.14725,1.14024,1.14063,-0.001226639,0.001285872,0.003857617
11/22/18 10:32,UP,1.1407,1.14345,1.13586,1.14327,0.003267905,0.001400753,0.00420226
11/23/18 8:45,DOWN,1.14328,1.14342,1.13656,1.13726,-0.00345848,0.001437129,0.004311388
11/26/18 19:27,DOWN,1.13725,1.13848,1.13254,1.13315,-0.000608737,0.001066602,0.003199806
11/27/18 17:01,DOWN,1.1331,1.1344,1.12781,1.12843,-0.001611561,0.001125449,0.003376346
11/28/18 17:39,UP,1.12844,1.13704,1.1267,1.13386,0.002048204,0.001243057,0.003729171
11/29/18 8:36,UP,1.13392,1.13978,1.13317,1.13876,0.000474312,0.001339011,0.004017032
11/30/18 15:04,DOWN,1.13882,1.1402,1.13321,1.1339,-0.002316743,0.001334224,0.004002672
12/3/18 7:05,UP,1.13384,1.13698,1.13054,1.13685,0.001884168,0.001346902,0.004040706
12/4/18 2:50,UP,1.13686,1.138,1.13191,1.13672,0.000950554,0.001286642,0.003859926
12/4/18 9:55,UP,1.13671,1.1419,1.13637,1.14134,0.002711015,0.001329787,0.003989362
12/4/18 16:07,DOWN,1.1414,1.14173,1.13457,1.13547,-0.003104022,0.001391151,0.004173453
12/6/18 13:38,UP,1.13541,1.13687,1.13105,1.13618,0.001603143,0.00119154,0.003574619
12/7/18 16:37,UP,1.13624,1.14144,1.13575,1.13989,0.001246511,0.000998657,0.002995971
12/10/18 2:53,UP,1.13981,1.1443,1.13821,1.1435,0.002670813,0.001160553,0.003481659
12/10/18 16:19,DOWN,1.14349,1.14402,1.13593,1.13698,-0.0029333,0.001225035,0.003675104
12/11/18 12:08,UP,1.13697,1.14004,1.13503,1.13935,0.001247102,0.001043758,0.003131273
12/11/18 14:31,DOWN,1.13937,1.13969,1.13345,1.13383,-0.003794069,0.001374772,0.004124315
12/12/18 12:50,UP,1.13383,1.13648,1.13062,1.13571,0.001956637,0.0011933,0.0035799
12/13/18 15:27,DOWN,1.13565,1.13938,1.13292,1.13349,-0.001243173,0.001036609,0.003109827
12/14/18 8:55,DOWN,1.13348,1.13722,1.12978,1.13004,-0.004943338,0.001526973,0.00458092
12/17/18 9:25,UP,1.13003,1.13312,1.12698,1.13269,0.001059986,0.001201357,0.003604071
12/18/18 8:27,UP,1.13265,1.13707,1.13245,1.13681,0.002501344,0.001189572,0.003568715
12/18/18 18:18,DOWN,1.13678,1.14026,1.135,1.13526,-0.001258831,0.001166595,0.003499786
12/19/18 8:19,UP,1.13527,1.14053,1.13523,1.13958,0.000895467,0.001088584,0.003265752
12/19/18 14:59,UP,1.13958,1.14326,1.13824,1.14319,0.002855743,0.001239151,0.003717454
12/19/18 19:33,DOWN,1.14319,1.14397,1.13792,1.13849,-0.000895522,0.001297968,0.003893903
12/20/18 8:14,UP,1.13837,1.14258,1.13641,1.1421,0.001112605,0.001280801,0.003842402
12/20/18 10:14,UP,1.14217,1.14811,1.14207,1.14763,0.001473685,0.001488371,0.004465113
12/20/18 16:01,DOWN,1.14756,1.14858,1.1402,1.14166,-0.001881452,0.001414165,0.004242496
12/20/18 19:12,UP,1.14167,1.14839,1.1408,1.14832,0.001769364,0.001558944,0.004676832
12/21/18 9:45,DOWN,1.14838,1.14854,1.1412,1.14273,-0.003215184,0.001581423,0.004744268
12/21/18 18:19,DOWN,1.14275,1.14346,1.13639,1.13688,-0.00259146,0.001625412,0.004876235
12/24/18 14:27,UP,1.13695,1.14273,1.13559,1.14239,0.001804865,0.001481604,0.004444811
12/26/18 18:50,DOWN,1.1423,1.14389,1.13547,1.13655,-0.001714248,0.001387044,0.004161132
12/27/18 8:49,UP,1.13655,1.13964,1.13425,1.13943,0.001317315,0.001293424,0.003880272
12/27/18 17:59,UP,1.13937,1.14499,1.13642,1.14366,0.002056921,0.001348247,0.004044742
1/2/19 5:57,UP,1.14367,1.14732,1.14214,1.14705,0.001561744,0.001145512,0.003436535
1/2/19 12:20,DOWN,1.14708,1.14971,1.14152,1.14181,-0.001820012,0.001421748,0.004265245
1/2/19 15:03,DOWN,1.14176,1.14204,1.13577,1.13635,-0.000818075,0.001471975,0.004415926
1/3/19 9:24,UP,1.13636,1.13841,1.13055,1.13814,0.001072499,0.001219053,0.003657159
1/3/19 15:08,UP,1.13807,1.1405,1.13374,1.14029,0.002854222,0.001522634,0.004567903
1/4/19 15:08,DOWN,1.14028,1.14193,1.13459,1.13501,-0.001417485,0.001279397,0.003838191
1/4/19 16:19,UP,1.13502,1.1418,1.13455,1.14075,0.001228016,0.001535674,0.004607023
1/7/19 9:19,UP,1.14082,1.14461,1.13931,1.14437,0.000629365,0.001362904,0.004088713
1/8/19 4:24,DOWN,1.14431,1.14849,1.1432,1.14338,-0.001887354,0.001256743,0.003770229
1/9/19 14:37,UP,1.14345,1.15164,1.14225,1.15144,0.004849159,0.001585521,0.004756564
1/10/19 17:57,DOWN,1.15146,1.15701,1.14973,1.15003,-0.001390301,0.001131775,0.003395325
1/11/19 12:39,UP,1.15006,1.15407,1.14841,1.15346,0.000277465,0.001006209,0.003018626
1/11/19 14:36,DOWN,1.15347,1.15367,1.14749,1.14878,-0.003545302,0.001289971,0.003869912
1/15/19 9:15,DOWN,1.14873,1.14899,1.1431,1.14343,-0.002751081,0.001222037,0.003666111
1/15/19 16:27,DOWN,1.14336,1.14551,1.13961,1.13987,-0.003266961,0.001319632,0.003958896
1/18/19 12:44,UP,1.13987,1.14251,1.137,1.14064,0.000263045,0.000693228,0.002079683
1/18/19 15:15,DOWN,1.14064,1.14095,1.13665,1.13732,-0.002020256,0.000845372,0.002536116
1/22/19 7:18,DOWN,1.13733,1.13917,1.13458,1.1349,-0.00148801,0.000787327,0.00236198
1/22/19 18:11,UP,1.13496,1.13741,1.13359,1.13713,0.000976618,0.000933675,0.002801024
1/23/19 16:21,UP,1.1372,1.1392,1.13508,1.13904,0.002329231,0.000969085,0.002907254
1/24/19 9:11,DOWN,1.1391,1.13945,1.13394,1.13567,-0.001100067,0.000949305,0.002847915
1/24/19 14:49,UP,1.13576,1.13764,1.13062,1.137,0.00156675,0.001023512,0.003070537
1/24/19 17:00,DOWN,1.13707,1.1381,1.132,1.13208,-0.003527092,0.001307294,0.003921882
1/25/19 12:29,UP,1.13201,1.135,1.12892,1.13468,0.000952263,0.001149201,0.003447602
1/25/19 15:52,UP,1.13476,1.14082,1.13393,1.13984,0.00121143,0.001294114,0.003882343
1/28/19 15:12,UP,1.1399,1.14375,1.139,1.14369,0.001627639,0.001081623,0.00324487
1/30/19 12:16,UP,1.14369,1.14505,1.14111,1.14397,0.000498389,0.000712573,0.002137718
1/30/19 14:54,DOWN,1.14391,1.14413,1.1406,1.14117,-0.001637328,0.000804246,0.002412739
1/30/19 19:21,UP,1.14111,1.14795,1.14104,1.14781,0.00482076,0.001404355,0.004213064
1/31/19 16:11,DOWN,1.14783,1.15145,1.14612,1.14626,-0.001220618,0.001199773,0.003599318
2/4/19 14:25,DOWN,1.14619,1.14889,1.14331,1.1436,-0.000611915,0.000915594,0.002746782
2/5/19 17:09,DOWN,1.1436,1.1443,1.1401,1.14035,-0.00069253,0.000814171,0.002442513
2/6/19 14:57,DOWN,1.14037,1.14175,1.138,1.13848,-0.000632222,0.000762992,0.002288976
2/7/19 7:45,DOWN,1.13848,1.13863,1.13542,1.13563,-0.000440187,0.000706219,0.002118656
2/8/19 9:21,DOWN,1.13572,1.13603,1.13227,1.13249,-0.001306002,0.000763106,0.002289317
2/10/19 23:15,DOWN,1.13244,1.13511,1.13144,1.13202,-0.000353288,0.000809126,0.002427377
2/11/19 14:34,DOWN,1.13202,1.13303,1.12824,1.12895,-0.002097095,0.000910345,0.002731034
2/12/19 16:28,UP,1.12899,1.13186,1.12577,1.13159,0.001999187,0.001006531,0.003019594
2/13/19 13:46,DOWN,1.13153,1.13417,1.12901,1.12985,-0.002342698,0.001158224,0.003474673
2/15/19 12:59,DOWN,1.12985,1.131,1.12487,1.12611,-0.001481883,0.00106545,0.003196349
2/15/19 18:50,UP,1.12616,1.13038,1.12339,1.13021,0.002888588,0.001303671,0.003911014
2/19/19 12:14,DOWN,1.13022,1.13342,1.12753,1.12807,-0.002567464,0.001257351,0.003772052
2/19/19 15:49,UP,1.12808,1.13288,1.12764,1.13285,0.00091846,0.001297449,0.003892346
2/20/19 18:22,UP,1.13279,1.13714,1.13205,1.13702,0.000659837,0.001118324,0.003354973
2/22/19 12:49,DOWN,1.13702,1.13708,1.13205,1.13298,-0.000538258,0.001091226,0.003273679
2/25/19 11:00,UP,1.13303,1.13675,1.1316,1.13649,0.001664399,0.000977552,0.002932655
2/26/19 17:04,UP,1.1365,1.13803,1.13365,1.13733,0.000650858,0.000761025,0.002283076
2/28/19 11:36,UP,1.13738,1.14186,1.13622,1.14137,0.001367713,0.000830091,0.002490274
2/28/19 15:23,DOWN,1.14136,1.14198,1.13608,1.13662,-0.001995158,0.001075713,0.003227138
3/1/19 15:05,UP,1.13657,1.1409,1.13531,1.13989,0.001430986,0.000967106,0.002901319
3/1/19 18:21,DOWN,1.13998,1.14018,1.13615,1.13628,-0.001204962,0.000984817,0.00295445
3/4/19 8:54,DOWN,1.13627,1.13817,1.1334,1.13397,-0.001198608,0.001012981,0.003038943
3/5/19 15:41,DOWN,1.13398,1.13472,1.12919,1.12944,-0.002361214,0.000986642,0.002959926
3/7/19 13:00,DOWN,1.12949,1.13248,1.12748,1.12864,-0.001947351,0.000842349,0.002527047
3/7/19 14:58,DOWN,1.12858,1.12869,1.12297,1.12299,-0.002188185,0.001117663,0.003352988
3/7/19 20:27,DOWN,1.12304,1.12434,1.1176,1.11855,-0.002196861,0.001283565,0.003850694
3/8/19 14:18,UP,1.11854,1.12416,1.118,1.12323,0.001077831,0.00104232,0.00312696
3/12/19 0:04,UP,1.12318,1.12708,1.12216,1.12598,0.00110187,0.000878121,0.002634364
3/12/19 15:48,UP,1.12592,1.12945,1.12491,1.12854,0.00110824,0.000977227,0.002931682
3/13/19 19:01,UP,1.1285,1.13343,1.12719,1.13233,0.001670519,0.000874955,0.002624864
3/14/19 13:34,DOWN,1.13228,1.13389,1.1294,1.13014,-0.000672257,0.000868763,0.002606288
3/15/19 8:04,UP,1.13013,1.13295,1.12943,1.13276,0.000786,0.000795747,0.00238724
3/18/19 8:59,UP,1.13277,1.13509,1.13,1.13435,0.000176328,0.000999643,0.002998929
3/19/19 15:26,UP,1.13435,1.13618,1.13244,1.13576,0.000968984,0.000845684,0.002537052
3/20/19 18:06,UP,1.13579,1.14144,1.13354,1.14117,0.005121886,0.001400811,0.004202432
3/21/19 10:56,DOWN,1.1412,1.14482,1.13843,1.13872,-0.001465485,0.001326852,0.003980556
3/21/19 16:21,DOWN,1.13873,1.13973,1.13454,1.13476,-0.00180492,0.001272246,0.003816738
3/22/19 8:50,DOWN,1.13475,1.13909,1.12883,1.12991,-0.006668514,0.001962511,0.005887532
3/25/19 15:04,UP,1.12985,1.13274,1.12732,1.13245,0.000680173,0.001296208,0.003888624
3/26/19 13:40,DOWN,1.1324,1.13315,1.12831,1.12849,-0.000744081,0.001064309,0.003192927
3/27/19 3:16,DOWN,1.12854,1.13,1.12507,1.12551,-0.00116324,0.000980365,0.002941095
3/27/19 15:20,DOWN,1.1255,1.12859,1.12421,1.12497,-0.000222203,0.000909324,0.002727971
3/28/19 12:23,DOWN,1.12494,1.12678,1.1224,1.12272,-0.001388518,0.000892962,0.002678887
4/1/19 7:45,UP,1.12277,1.1247,1.12096,1.12407,0.000311417,0.000706278,0.002118833
4/1/19 14:57,DOWN,1.12408,1.125,1.12117,1.1222,-0.000320747,0.000657726,0.001973178
4/2/19 7:39,DOWN,1.12223,1.12238,1.11914,1.12004,-0.000428464,0.000608074,0.001824223
4/3/19 2:06,UP,1.12003,1.12266,1.11837,1.1225,0.001917204,0.000724283,0.002172849
4/3/19 9:20,UP,1.12247,1.125,1.12152,1.12477,0.000764893,0.00083185,0.00249555
4/4/19 12:11,DOWN,1.12477,1.12548,1.1218,1.12184,-0.001131428,0.000742042,0.002226127
4/8/19 9:16,UP,1.12184,1.12493,1.1206,1.12335,0.00076586,0.0005599,0.0016797
4/8/19 12:45,UP,1.12334,1.12599,1.12321,1.12574,0.000684229,0.00064978,0.00194934
4/9/19 13:20,UP,1.12573,1.12839,1.1254,1.12804,0.000461083,0.000592679,0.001778036
4/10/19 3:03,DOWN,1.12805,1.12844,1.12555,1.12585,-0.000683694,0.00058624,0.00175872
4/10/19 13:26,DOWN,1.12584,1.12881,1.12296,1.12376,-0.002035728,0.000864831,0.002594493
4/10/19 17:32,UP,1.12377,1.12786,1.12347,1.12749,0.000887319,0.000920098,0.002760293
4/12/19 8:08,UP,1.1275,1.12988,1.125,1.12952,0.000823698,0.000945529,0.002836587
4/16/19 9:53,DOWN,1.12954,1.1324,1.12798,1.1287,-0.001805758,0.000818331,0.002454993
4/17/19 8:31,UP,1.12868,1.13239,1.12787,1.132,0.000927992,0.000793782,0.002381345
4/17/19 18:19,DOWN,1.13196,1.13199,1.12907,1.12954,-0.000389463,0.000708029,0.002124088
4/18/19 7:36,DOWN,1.12955,1.13041,1.12647,1.12677,-0.003021779,0.000979149,0.002937447
4/18/19 17:43,DOWN,1.12678,1.12756,1.12262,1.12283,-0.000908007,0.000910036,0.002730108
4/22/19 14:38,UP,1.12282,1.12569,1.12272,1.12541,0.000328823,0.00073155,0.00219465
4/23/19 12:45,DOWN,1.12542,1.12621,1.1229,1.12295,-0.001814996,0.000826741,0.002480224
4/23/19 14:29,DOWN,1.12296,1.12305,1.11972,1.1198,-0.001053205,0.0009189,0.002756701
4/24/19 13:55,DOWN,1.11981,1.12279,1.11809,1.1192,-0.001080545,0.000781329,0.002343987
4/24/19 17:09,DOWN,1.11921,1.12097,1.11542,1.11568,-0.002685334,0.001038953,0.003116858
4/25/19 11:57,DOWN,1.11571,1.11652,1.11219,1.11226,-0.001302803,0.000936592,0.002809775
4/26/19 13:08,UP,1.11225,1.11592,1.11115,1.11506,0.000690784,0.000765906,0.002297718
4/29/19 17:56,UP,1.11504,1.11842,1.11368,1.11803,0.000885878,0.000761123,0.00228337
4/30/19 9:12,UP,1.11801,1.12146,1.11757,1.12144,0.001776081,0.00082093,0.00246279
5/1/19 9:04,UP,1.12142,1.12334,1.11976,1.12319,0.001184829,0.000808598,0.002425794
5/1/19 18:51,DOWN,1.12319,1.12648,1.11951,1.11981,-0.003823687,0.001235149,0.003705446
5/2/19 16:59,DOWN,1.11979,1.12192,1.1172,1.11774,-0.000277307,0.001002747,0.003008241
5/3/19 14:44,UP,1.11773,1.11948,1.11349,1.11812,0.000268344,0.000854369,0.002563106
5/7/19 4:52,UP,1.11813,1.12143,1.11677,1.12135,0.000865403,0.000712282,0.002136847
5/7/19 12:50,DOWN,1.12136,1.1218,1.11772,1.11876,-0.000696958,0.000715562,0.002146687
5/8/19 2:33,UP,1.11877,1.12039,1.11668,1.12032,0.00115212,0.000694699,0.002084097
5/9/19 8:19,DOWN,1.12031,1.12138,1.1179,1.11823,-0.001456599,0.000701582,0.002104746
5/9/19 13:58,UP,1.11824,1.1233,1.11735,1.12324,0.003317344,0.001024053,0.003072158
5/10/19 14:31,UP,1.12323,1.12511,1.121,1.1246,0.000444701,0.000780221,0.002340662
5/13/19 13:16,UP,1.12458,1.12636,1.1223,1.12567,0.000542046,0.00075152,0.002254561
5/14/19 11:05,DOWN,1.12565,1.12637,1.12206,1.12309,-0.000881108,0.000671545,0.002014634
5/14/19 15:34,DOWN,1.12307,1.12385,1.12039,1.12061,-0.000285518,0.000694547,0.002083642
5/15/19 12:23,DOWN,1.12058,1.1217,1.1178,1.11855,-0.000697088,0.00066628,0.001998839
5/15/19 14:41,UP,1.11855,1.12247,1.11792,1.12142,0.002696647,0.000897844,0.002693532
5/16/19 14:05,DOWN,1.12143,1.1224,1.11831,1.11863,-5.36E-05,0.000811446,0.002434338
5/17/19 15:05,DOWN,1.11862,1.11874,1.11553,1.11605,-0.000501644,0.000662679,0.001988037
5/21/19 7:15,DOWN,1.11604,1.11749,1.11443,1.11492,-0.000878601,0.000576929,0.001730787
5/21/19 15:01,UP,1.11491,1.1188,1.1142,1.11795,0.002516693,0.000807024,0.002421072
5/22/19 7:04,DOWN,1.11796,1.11841,1.11505,1.11516,-0.000932167,0.000820849,0.002462546
5/23/19 7:40,DOWN,1.11514,1.11802,1.11331,1.11398,-0.000699947,0.00070667,0.002120011
5/23/19 13:34,DOWN,1.114,1.11457,1.11069,1.11089,-0.003109779,0.000995935,0.002987804
5/23/19 14:54,UP,1.11092,1.11568,1.11075,1.11503,0.000654905,0.001196648,0.003589945
5/24/19 6:52,UP,1.11504,1.12057,1.11477,1.1196,0.001260172,0.001129853,0.003389558
5/28/19 4:41,DOWN,1.11959,1.12152,1.11783,1.11813,-0.001001171,0.000822222,0.002466667
5/28/19 21:40,DOWN,1.11811,1.11985,1.11593,1.11642,-0.000608904,0.000750936,0.002252807
5/29/19 13:45,DOWN,1.11648,1.11726,1.11415,1.11415,-0.001094406,0.000681006,0.002043017
5/30/19 13:46,DOWN,1.11415,1.11536,1.11161,1.11182,-0.001662556,0.000707479,0.002122436
5/31/19 8:06,UP,1.11181,1.11486,1.11173,1.11473,0.001202808,0.000725781,0.002177342
6/3/19 1:32,UP,1.11472,1.1182,1.11369,1.11801,0.000715813,0.000862194,0.002586581
6/3/19 14:04,UP,1.11799,1.12091,1.11602,1.12055,0.001062543,0.000865409,0.002596228
6/3/19 17:57,UP,1.12056,1.12494,1.11974,1.12489,0.00261701,0.001042387,0.003127162
6/4/19 13:41,DOWN,1.1249,1.12774,1.12269,1.12359,0,0.000909786,0.002729357
6/5/19 3:57,UP,1.12362,1.12669,1.1229,1.12622,0.000470712,0.000766692,0.002300075
6/5/19 9:28,UP,1.12624,1.12888,1.12571,1.12867,0.001241168,0.000821236,0.002463709
6/5/19 15:33,DOWN,1.12869,1.13067,1.12469,1.12511,-0.001749409,0.001188623,0.003565869
6/6/19 12:26,UP,1.1251,1.12724,1.12007,1.12617,0.000835036,0.001065747,0.003197242
6/6/19 13:50,DOWN,1.12617,1.13089,1.12443,1.12475,-0.002131534,0.001597874,0.004793621
6/7/19 12:46,UP,1.12476,1.13242,1.12456,1.13229,0.004416738,0.001714938,0.005144813
6/11/19 18:16,UP,1.13228,1.13478,1.12901,1.1332,0.000247118,0.000863373,0.002590118
6/12/19 16:21,DOWN,1.13319,1.13435,1.13072,1.13147,-0.000300449,0.000663677,0.001991032
6/12/19 20:24,DOWN,1.13145,1.1315,1.12826,1.12886,-0.000495953,0.000767744,0.002303233
6/13/19 13:49,DOWN,1.12884,1.13039,1.12715,1.12739,-0.001152442,0.000707251,0.002121754
6/14/19 12:04,DOWN,1.12738,1.12892,1.12516,1.12595,-0.000674758,0.000596572,0.001789716
6/14/19 13:23,DOWN,1.12599,1.12685,1.12311,1.12347,-0.001058658,0.000675155,0.002025465
6/14/19 16:32,DOWN,1.12348,1.1246,1.12062,1.12087,-0.001399718,0.00084831,0.002544929
6/17/19 13:36,UP,1.12087,1.12472,1.12025,1.12402,0.000551744,0.000848155,0.002544464
6/18/19 8:16,DOWN,1.12401,1.12437,1.11944,1.11991,-0.003805556,0.001221559,0.003664677
6/19/19 14:50,UP,1.11993,1.12151,1.11814,1.12128,0.000686951,0.00084754,0.002542619
6/19/19 23:57,UP,1.12129,1.12544,1.12049,1.12352,0.000623236,0.000801716,0.002405148
6/20/19 4:06,UP,1.12354,1.12732,1.1235,1.12698,0.001047595,0.000943393,0.00283018
6/20/19 11:44,UP,1.12697,1.13154,1.12602,1.13085,0.000318395,0.001065589,0.003196766
6/21/19 12:48,UP,1.13084,1.13225,1.12706,1.13195,0.000583235,0.00097208,0.00291624
6/21/19 17:24,UP,1.13194,1.13684,1.13089,1.13665,0.003498834,0.001231083,0.003693248
6/25/19 0:36,UP,1.13663,1.14063,1.13565,1.14051,0.00072801,0.00095462,0.002863859
6/25/19 16:40,DOWN,1.14053,1.14121,1.1366,1.13671,-0.001643747,0.000890008,0.002670025
6/26/19 15:51,UP,1.13674,1.13897,1.13442,1.13888,0.002127155,0.0009407,0.002822101
6/27/19 4:30,DOWN,1.13886,1.13913,1.13518,1.13524,-0.001619491,0.00096724,0.002901719
6/28/19 8:33,UP,1.13521,1.13928,1.13478,1.13904,0.00084317,0.000834287,0.002502861
7/1/19 0:08,DOWN,1.13906,1.1394,1.13507,1.13592,-0.000774403,0.000796835,0.002390504
7/1/19 7:21,DOWN,1.13589,1.1364,1.13166,1.13199,-0.000679987,0.0009213,0.002763899
7/1/19 16:22,DOWN,1.13199,1.13602,1.13018,1.13042,-0.00167938,0.001123597,0.003370792
7/3/19 6:39,DOWN,1.13043,1.13214,1.12753,1.12792,-0.001019056,0.000982586,0.002947758
7/5/19 9:45,DOWN,1.12791,1.13125,1.12558,1.12586,-0.000728067,0.000865369,0.002596108
7/5/19 13:20,DOWN,1.12584,1.12705,1.12277,1.1229,-0.000943539,0.000960516,0.002881547
7/9/19 9:50,DOWN,1.12288,1.12344,1.11934,1.12032,-0.000464045,0.000711113,0.002133338
7/10/19 9:32,UP,1.12031,1.12274,1.11958,1.12251,0.000285116,0.000609268,0.001827804
7/10/19 13:25,UP,1.1225,1.12554,1.1212,1.12494,0.000818156,0.000792501,0.002377504
7/11/19 4:38,UP,1.12494,1.12807,1.12356,1.12751,0.001455591,0.000796957,0.002390871
7/12/19 12:30,DOWN,1.12751,1.12858,1.12452,1.12494,-0.000790841,0.000691591,0.002074772
7/12/19 18:30,UP,1.12492,1.12711,1.12383,1.12699,0.001394063,0.000735785,0.002207354
7/15/19 19:52,DOWN,1.127,1.1284,1.12534,1.12581,-0.000177634,0.000640958,0.001922874
7/16/19 10:28,DOWN,1.12579,1.12636,1.12278,1.12324,-0.000827619,0.00066333,0.001989991
7/16/19 18:06,DOWN,1.12325,1.12329,1.1203,1.12099,-0.000633168,0.00062379,0.001871371
7/17/19 16:14,UP,1.12097,1.12336,1.11999,1.12297,0.000792855,0.000550025,0.001650076
7/18/19 10:37,DOWN,1.12297,1.12439,1.12056,1.12079,-0.002699802,0.000837932,0.002513797
7/18/19 18:17,UP,1.12081,1.12451,1.12052,1.1243,0.00169137,0.00085667,0.00257001
7/18/19 19:40,UP,1.12429,1.12779,1.12428,1.12768,0.001242258,0.000956905,0.002870714
7/19/19 11:08,DOWN,1.12766,1.1282,1.12306,1.12373,-0.000533794,0.0010983,0.003294901
7/22/19 19:21,DOWN,1.12374,1.1239,1.12034,1.12109,-0.000731164,0.000780912,0.002342735
7/23/19 9:08,DOWN,1.12105,1.12118,1.1181,1.11818,-0.000643696,0.00073488,0.002204641
7/23/19 14:42,DOWN,1.1182,1.11849,1.11512,1.11564,-0.000304711,0.00072344,0.002170321
7/24/19 7:32,DOWN,1.11563,1.11581,1.11269,1.11313,-0.001570909,0.000733475,0.002200424
7/25/19 11:54,DOWN,1.11309,1.11625,1.11162,1.11206,-0.00174299,0.000739801,0.002219402
7/25/19 12:52,UP,1.11205,1.11614,1.11014,1.1156,0.004636044,0.001375876,0.004127629
7/26/19 8:10,DOWN,1.11558,1.11879,1.11265,1.11358,-0.000655329,0.001150094,0.003450282
7/29/19 21:41,UP,1.11359,1.11511,1.1112,1.11466,0.000367893,0.000868925,0.002606775
7/31/19 6:23,UP,1.11455,1.11622,1.1132,1.1159,0.000546793,0.000672141,0.002016424
7/31/19 14:44,DOWN,1.11588,1.11615,1.11311,1.11338,-0.000861868,0.00065799,0.001973969
7/31/19 18:29,DOWN,1.11339,1.11408,1.10865,1.11106,-0.000593851,0.000671479,0.002014437
7/31/19 18:50,DOWN,1.11102,1.1115,1.10652,1.10669,-0.003940936,0.001164341,0.003493023
8/1/19 1:10,DOWN,1.10669,1.11038,1.10338,1.10426,-0.001285103,0.001274034,0.003822101
8/1/19 17:02,UP,1.10424,1.10699,1.1027,1.10664,0.000388639,0.00103419,0.00310257
8/2/19 8:17,UP,1.10665,1.11151,1.10645,1.10986,0.00054977,0.000893621,0.002680863
8/2/19 16:55,UP,1.10985,1.11159,1.10782,1.11152,0.000368932,0.000777933,0.002333798
8/5/19 8:49,UP,1.11154,1.11443,1.11022,1.11434,0.001364967,0.000733841,0.002201522
8/5/19 12:10,UP,1.11433,1.11808,1.11417,1.11774,0.000895063,0.00082069,0.00246207
8/5/19 16:37,UP,1.11773,1.1203,1.11701,1.12004,0.00090216,0.000799557,0.002398671
8/6/19 0:07,UP,1.12005,1.12462,1.11937,1.12438,0.002172443,0.001038919,0.003116758
8/6/19 4:42,DOWN,1.1244,1.12498,1.11901,1.12038,-0.00109724,0.001025081,0.003075244
8/6/19 13:49,DOWN,1.12037,1.12187,1.11675,1.11762,-0.000581424,0.000896927,0.002690782
8/7/19 1:13,UP,1.11761,1.12177,1.11716,1.12099,0.000722837,0.000822065,0.002466195
8/7/19 10:08,DOWN,1.121,1.12197,1.11816,1.11845,-0.000545249,0.000764511,0.002293534
8/7/19 13:16,UP,1.11845,1.12199,1.11789,1.12147,0.001892165,0.000866055,0.002598166
8/7/19 21:58,DOWN,1.12146,1.12418,1.11986,1.12039,-0.000330188,0.000913268,0.002739805
8/8/19 12:47,DOWN,1.12021,1.12279,1.11824,1.11831,-0.001706477,0.000923749,0.002771248
8/9/19 15:45,UP,1.11834,1.12327,1.1177,1.12164,0.002186691,0.000947536,0.002842608
8/12/19 7:33,DOWN,1.12164,1.12232,1.11693,1.11719,-0.00311904,0.001120479,0.003361436
8/12/19 14:07,UP,1.11717,1.12209,1.1162,1.12157,0.000990174,0.001070369,0.003211107
8/13/19 4:38,DOWN,1.12153,1.12308,1.11819,1.11875,-0.000670166,0.001001439,0.003004316
8/13/19 14:33,DOWN,1.11876,1.12286,1.11702,1.11806,-0.000858262,0.000993139,0.002979417
8/14/19 14:23,DOWN,1.11804,1.11949,1.1142,1.11454,-0.003028052,0.001068166,0.003204497
8/15/19 14:01,DOWN,1.11454,1.11584,1.11075,1.11133,-0.002516335,0.000988467,0.002965402
8/16/19 11:49,DOWN,1.11132,1.11192,1.10735,1.1075,-0.000667948,0.000925665,0.002776994
8/19/19 8:23,UP,1.10748,1.11103,1.10663,1.11054,0.001306524,0.00085535,0.00256605
8/20/19 6:44,DOWN,1.11052,1.11138,1.10761,1.10772,-0.00080313,0.0007923,0.0023769
8/20/19 19:39,UP,1.10777,1.11068,1.10657,1.11037,0.001279671,0.00091824,0.002754721
8/23/19 3:29,DOWN,1.11035,1.11133,1.10636,1.10712,-0.001137441,0.000963437,0.002890312
8/23/19 14:57,UP,1.10713,1.11149,1.10518,1.11061,0.002334775,0.001027358,0.003082075
8/23/19 19:21,UP,1.11061,1.11534,1.1104,1.11491,0.000484461,0.001165904,0.003497713
8/26/19 8:44,DOWN,1.11491,1.11643,1.11112,1.11132,-0.000620691,0.001054361,0.003163082
8/27/19 15:12,DOWN,1.1113,1.11244,1.10921,1.10948,-0.000459569,0.000698375,0.002095124
8/29/19 9:19,DOWN,1.10949,1.10981,1.10701,1.10751,-0.000478437,0.000524841,0.001574522
8/29/19 17:17,DOWN,1.10752,1.10937,1.1042,1.10483,-0.001076509,0.000553767,0.001661302
8/30/19 12:29,DOWN,1.10484,1.10605,1.10333,1.10361,-0.000579747,0.000554664,0.001663991
8/30/19 15:19,DOWN,1.10367,1.10496,1.0986,1.0996,-0.004002528,0.00111376,0.00334128
9/3/19 1:19,DOWN,1.09958,1.10019,1.0941,1.09447,-0.002153973,0.001101168,0.003303504
9/3/19 17:21,UP,1.09448,1.09789,1.0926,1.0972,0.001012178,0.000984465,0.002953394
9/4/19 9:43,UP,1.09722,1.10147,1.09649,1.10111,0.001672439,0.000956896,0.002870688
9/5/19 7:50,UP,1.10112,1.1043,1.10073,1.10425,0.002094109,0.000930825,0.002792475
9/6/19 3:01,DOWN,1.10426,1.10849,1.10293,1.10345,-0.000280898,0.000884918,0.002654755
9/9/19 0:00,DOWN,1.10343,1.10573,1.10197,1.102,-0.000970491,0.000865772,0.002597315
9/9/19 14:19,UP,1.10202,1.10636,1.10156,1.10596,0.001384371,0.000849299,0.002547897
9/11/19 8:04,DOWN,1.10593,1.10682,1.10306,1.10332,-0.001177568,0.000691122,0.002073365
9/11/19 12:49,DOWN,1.10334,1.10338,1.09967,1.1,-0.000754261,0.000776683,0.002330049
9/12/19 7:17,UP,1.10001,1.10188,1.09852,1.10186,0.000444802,0.00076141,0.002284229
9/12/19 11:54,DOWN,1.10185,1.10701,1.09609,1.09765,-0.004236447,0.001258038,0.003774114
9/12/19 13:47,UP,1.0976,1.10468,1.09268,1.10366,0.005560618,0.001994182,0.005982546
9/13/19 7:19,UP,1.10364,1.11096,1.102,1.11025,0.001469217,0.001658183,0.00497455
9/16/19 11:18,DOWN,1.11028,1.11067,1.10372,1.10383,-0.002244203,0.001274271,0.003822813
9/17/19 14:35,UP,1.10382,1.10437,1.09903,1.10416,0.000761049,0.001025963,0.003077889
9/18/19 18:15,DOWN,1.10418,1.10758,1.10275,1.10276,-0.00313267,0.001139588,0.003418763
9/19/19 8:39,UP,1.10273,1.10647,1.10138,1.10617,0.001773451,0.001042311,0.003126933
9/20/19 11:42,DOWN,1.10616,1.10736,1.10299,1.10299,-0.001612494,0.000980488,0.002941464
9/23/19 7:40,DOWN,1.10298,1.10339,1.09695,1.09714,-0.004029641,0.0012579,0.003773701
9/24/19 12:39,UP,1.09717,1.10049,1.09662,1.10027,0.000900184,0.000953653,0.00286096
9/25/19 12:29,DOWN,1.10028,1.10242,1.09772,1.09818,-0.001183077,0.000984545,0.002953635
9/25/19 17:00,DOWN,1.09815,1.09884,1.09398,1.0942,-0.000968275,0.001063124,0.003189372
9/26/19 19:28,DOWN,1.09418,1.09676,1.09215,1.09223,-0.000375308,0.001073168,0.003219504
9/27/19 12:43,UP,1.09224,1.09469,1.09049,1.09449,0.000575776,0.00096989,0.00290967
9/30/19 10:03,DOWN,1.09449,1.09588,1.09194,1.0921,-0.001171368,0.000998231,0.002994692
10/1/19 7:04,DOWN,1.09212,1.09266,1.08791,1.08849,-0.000615342,0.000889261,0.002667783
10/1/19 15:00,UP,1.08851,1.09216,1.08842,1.09195,0.00085205,0.0008414,0.002524199
10/2/19 8:59,DOWN,1.09193,1.0943,1.09043,1.09046,-0.001823255,0.000855308,0.002565925
10/2/19 13:22,UP,1.09046,1.0942,1.09041,1.09398,0.000960259,0.000896126,0.002688378
10/3/19 14:00,UP,1.09397,1.09867,1.0937,1.09815,0.001813783,0.000943866,0.002831598
10/7/19 12:57,UP,1.09816,1.10003,1.0957,1.09942,0.000837155,0.000841163,0.002523489
10/8/19 14:57,DOWN,1.09943,1.10006,1.09532,1.09571,-0.001723423,0.000831251,0.002493752
10/9/19 8:25,UP,1.09569,1.099,1.09411,1.09852,0.00133906,0.000797104,0.002391312
10/10/19 7:31,UP,1.09848,1.10169,1.09678,1.10163,0.002381127,0.000862546,0.002587639
10/11/19 11:13,UP,1.10162,1.10409,1.10009,1.10409,0.001559059,0.00081906,0.00245718
10/14/19 7:52,DOWN,1.10415,1.10628,1.10126,1.10173,-0.001061403,0.00090393,0.002711791
10/15/19 12:08,DOWN,1.10175,1.10462,1.10024,1.1008,-0.000699247,0.000798722,0.002396165
10/15/19 14:59,UP,1.10079,1.10446,1.09913,1.10353,0.000534791,0.00103745,0.003112351
10/16/19 15:21,UP,1.10354,1.10601,1.10154,1.10579,0.001284975,0.000881344,0.002644032
10/17/19 9:41,UP,1.1058,1.11401,1.10569,1.11236,0.003223573,0.001247766,0.003743298
10/18/19 12:04,UP,1.1124,1.11466,1.11016,1.11434,0.001320037,0.000992529,0.002977586
10/22/19 9:04,DOWN,1.11435,1.11794,1.11335,1.11409,-0.000305135,0.000760502,0.002281507
10/23/19 10:38,DOWN,1.11411,1.11541,1.11085,1.11178,-0.000458619,0.000884054,0.002652161
10/24/19 7:23,UP,1.11177,1.11592,1.11062,1.11541,0.001947368,0.000927923,0.002783768
10/24/19 14:16,DOWN,1.1154,1.1163,1.11093,1.11104,-0.002777318,0.001160605,0.003481814
10/25/19 16:15,DOWN,1.11103,1.11231,1.10766,1.10778,-0.001127747,0.001074486,0.003223457
10/29/19 15:56,UP,1.10779,1.11172,1.10731,1.11103,0.000522174,0.000836233,0.0025087
10/30/19 19:21,UP,1.11104,1.11438,1.10799,1.11423,0.003731499,0.001204976,0.003614928
10/31/19 14:27,DOWN,1.11422,1.11756,1.11315,1.11342,-0.001238657,0.001074744,0.003224233
11/4/19 6:20,UP,1.11341,1.11767,1.11282,1.117,0.000707502,0.00107983,0.003239491
11/4/19 21:50,DOWN,1.11699,1.11755,1.11248,1.11298,-0.000862177,0.000991371,0.002974113
11/5/19 13:35,DOWN,1.11299,1.11403,1.11002,1.11013,-0.000837389,0.000903587,0.00271076
11/5/19 16:11,DOWN,1.11012,1.11037,1.10657,1.10691,-0.000884956,0.00092469,0.00277407
11/7/19 4:29,DOWN,1.10692,1.10929,1.10549,1.10607,-0.000786259,0.000760117,0.002280351
11/7/19 11:27,UP,1.10608,1.10917,1.10578,1.10843,0.000297763,0.000706861,0.002120583
11/7/19 15:49,DOWN,1.10844,1.10878,1.1047,1.10472,-0.001564783,0.000793445,0.002380335
11/8/19 14:17,DOWN,1.10471,1.10555,1.1026,1.10265,-0.000525867,0.000640342,0.001921026
11/11/19 18:59,UP,1.10266,1.10431,1.10164,1.10373,0.000344346,0.000524149,0.001572446
11/12/19 11:39,DOWN,1.1037,1.10394,1.10151,1.10165,-0.001224684,0.000578932,0.001736797
11/13/19 16:57,DOWN,1.10164,1.10228,1.09991,1.10036,-8.18E-05,0.000465995,0.001397985
11/14/19 17:06,UP,1.10035,1.10183,1.09891,1.10147,0.000953726,0.000567921,0.001703764
11/15/19 14:13,UP,1.10148,1.10459,1.1014,1.10449,0.001041747,0.000623436,0.001870307
11/18/19 15:17,UP,1.10451,1.10699,1.10376,1.10675,0.000958218,0.000595547,0.001786641
11/20/19 7:51,DOWN,1.10676,1.109,1.10627,1.10687,-0.000442592,0.000570498,0.001711493
11/21/19 8:33,UP,1.10689,1.10814,1.10531,1.10796,0.000568774,0.000538669,0.001616007
11/21/19 16:29,DOWN,1.10794,1.10969,1.10633,1.10671,-0.000451688,0.000582541,0.001747624
11/22/19 15:01,DOWN,1.10669,1.10873,1.10419,1.1042,-0.001330395,0.000691166,0.002073497
11/25/19 10:37,DOWN,1.10419,1.1046,1.10104,1.10139,-0.000798671,0.000644634,0.001933902
11/27/19 10:24,DOWN,1.10137,1.10257,1.10028,1.10064,-0.000308863,0.000546881,0.001640644
11/28/19 9:16,UP,1.10065,1.10177,1.09924,1.10149,0.000608452,0.000510977,0.00153293
11/29/19 12:13,DOWN,1.10149,1.10179,1.09936,1.09997,-0.00025452,0.000449525,0.001348575
11/29/19 15:56,UP,1.09996,1.10224,1.09812,1.10222,0.001916153,0.000713257,0.002139771
12/2/19 14:00,UP,1.10223,1.10368,1.1003,1.10339,0.001378522,0.000645061,0.001935184
12/2/19 15:23,UP,1.10338,1.10715,1.10329,1.10715,0.002468836,0.000884579,0.002653736
12/4/19 14:05,UP,1.10716,1.11093,1.10661,1.11069,0.001252258,0.000832812,0.002498436
12/4/19 17:50,DOWN,1.11071,1.11163,1.10685,1.10794,-0.000992341,0.000896032,0.002688096
12/6/19 0:28,UP,1.10793,1.11082,1.10673,1.11037,0.000306251,0.000676085,0.002028256
12/6/19 13:33,DOWN,1.11036,1.11097,1.10683,1.10708,-0.002201571,0.000817793,0.00245338
12/9/19 11:08,UP,1.10707,1.10849,1.10399,1.10713,0.000533051,0.000761482,0.002284447
12/10/19 12:28,UP,1.10712,1.10847,1.10552,1.10817,0.00054158,0.00059955,0.001798649
12/10/19 21:24,UP,1.10817,1.10978,1.10739,1.10957,0.000270412,0.000559632,0.001678896
12/11/19 12:11,DOWN,1.10958,1.10968,1.10785,1.10785,-0.000243686,0.000510041,0.001530122
12/11/19 19:02,UP,1.10784,1.11022,1.10703,1.1098,0.000468663,0.000503796,0.001511388
12/11/19 20:05,UP,1.10983,1.11414,1.10944,1.11367,0.002553384,0.000814855,0.002444565
12/12/19 15:58,DOWN,1.11368,1.11543,1.11113,1.11151,-0.000566636,0.00067416,0.002022481
12/12/19 22:28,UP,1.1115,1.11914,1.11031,1.1191,0.005717323,0.001542543,0.004627629
12/13/19 14:55,DOWN,1.11903,1.12002,1.11544,1.11547,-0.000896081,0.001006212,0.003018635
12/13/19 17:58,DOWN,1.11546,1.11679,1.11123,1.11157,-0.001213762,0.001033192,0.003099577
12/16/19 13:45,UP,1.11156,1.11505,1.11121,1.11486,0.0003768,0.000871706,0.002615119
12/18/19 4:53,DOWN,1.11487,1.11746,1.11294,1.11339,-0.00065544,0.000686584,0.002059752
12/18/19 13:13,DOWN,1.11338,1.11427,1.11149,1.11157,-0.001195791,0.000686392,0.002059176
12/19/19 10:05,UP,1.11156,1.11393,1.11104,1.11381,0.001051001,0.000677015,0.002031046
12/19/19 15:48,DOWN,1.11378,1.11444,1.11072,1.11127,-0.000692661,0.000697629,0.002092888
12/20/19 11:23,DOWN,1.11132,1.11307,1.10901,1.10929,-0.002413046,0.000870628,0.002611885
12/20/19 19:20,DOWN,1.10929,1.11038,1.10664,1.10723,-0.000162555,0.000848314,0.002544942
12/26/19 13:48,UP,1.10724,1.11001,1.10691,1.10973,0.000811337,0.00062134,0.00186402
12/27/19 7:11,UP,1.10974,1.11231,1.109,1.11215,0.000368723,0.000631853,0.001895558
12/27/19 11:49,UP,1.11214,1.11499,1.11208,1.11452,0.000421795,0.000675074,0.002025221
12/27/19 15:27,UP,1.11451,1.11748,1.11437,1.11747,0.001854117,0.000780731,0.002342192
12/30/19 3:26,UP,1.11746,1.12109,1.11586,1.12067,0.001276837,0.00078609,0.00235827
12/30/19 16:26,UP,1.12066,1.12185,1.11817,1.12181,0.001311242,0.000788719,0.002366157
12/31/19 11:52,UP,1.1218,1.1228,1.11965,1.1227,0.000944598,0.00072844,0.002185321
1/2/20 6:53,DOWN,1.12268,1.12393,1.12009,1.12073,-0.00054414,0.000652335,0.001957005
1/2/20 14:47,DOWN,1.12072,1.1214,1.11712,1.1174,-0.001681063,0.000705153,0.002115458
1/3/20 5:28,DOWN,1.1174,1.12031,1.11637,1.11654,-0.000555133,0.000868457,0.00260537
1/3/20 10:59,DOWN,1.11655,1.11716,1.11308,1.11361,-0.000520693,0.000810089,0.002430267
1/3/20 15:13,UP,1.1136,1.11676,1.11251,1.11612,0.001237191,0.000853785,0.002561355
1/6/20 10:37,UP,1.1161,1.11997,1.11519,1.1196,0.001233343,0.00076909,0.002307269
1/7/20 7:55,DOWN,1.11961,1.12057,1.11732,1.11763,-0.000447275,0.000657722,0.001973166
1/7/20 14:25,DOWN,1.11762,1.11897,1.11548,1.11591,-0.0008241,0.000765176,0.002295527
1/8/20 0:15,UP,1.1159,1.11684,1.11337,1.11628,0.000994869,0.000722301,0.002166903
1/8/20 8:19,DOWN,1.11632,1.11659,1.11312,1.11351,-0.001202678,0.000707972,0.002123915
1/8/20 16:29,DOWN,1.11352,1.11449,1.11087,1.1111,-0.000755722,0.000652453,0.001957358
1/10/20 9:44,DOWN,1.11111,1.1126,1.10913,1.10947,-0.000765838,0.000559631,0.001678894
1/10/20 13:39,UP,1.10946,1.1114,1.10851,1.11105,0.001026583,0.000644995,0.001934985
1/10/20 17:06,UP,1.11103,1.11232,1.10863,1.11209,0.000575659,0.000743033,0.002229099
1/13/20 17:21,UP,1.11209,1.1147,1.11124,1.11392,0.000520819,0.000645387,0.001936161
1/14/20 13:31,DOWN,1.11393,1.11449,1.11051,1.11145,-0.000782455,0.00055387,0.001661611
1/14/20 17:28,UP,1.11143,1.11328,1.11046,1.11317,0.000952689,0.000653664,0.001960992
1/15/20 14:42,UP,1.11316,1.11635,1.11186,1.11551,0.000744331,0.000781677,0.00234503
1/16/20 15:18,DOWN,1.11552,1.11726,1.11317,1.11324,-0.002081839,0.000822978,0.002468935
1/17/20 11:01,DOWN,1.11328,1.11428,1.11143,1.11144,-0.000980229,0.000756227,0.002268681
1/17/20 15:42,DOWN,1.11146,1.11148,1.10883,1.10899,-0.00094636,0.000734415,0.002203244
1/21/20 10:34,UP,1.10895,1.111,1.10768,1.11093,0.002027384,0.000761793,0.002285378
1/21/20 17:50,DOWN,1.11096,1.11181,1.1089,1.10915,-0.000378597,0.000769833,0.002309499
1/23/20 13:38,UP,1.10914,1.11088,1.10702,1.11041,0.001342748,0.000754486,0.002263459
1/23/20 14:35,DOWN,1.11039,1.11043,1.10599,1.10714,-0.001380985,0.000869552,0.002608657
1/23/20 16:51,DOWN,1.10714,1.10721,1.10364,1.10409,-0.000425599,0.000897665,0.002692996
1/24/20 15:55,DOWN,1.10408,1.10622,1.1023,1.10248,-0.000816008,0.000786709,0.002360128
1/28/20 11:51,DOWN,1.10249,1.10376,1.10097,1.10104,-0.000644637,0.000543491,0.001630472
1/28/20 22:18,UP,1.10105,1.10242,1.09979,1.1023,0.000816808,0.000549476,0.001648428
1/29/20 10:34,DOWN,1.10222,1.10279,1.09946,1.09999,-0.000436272,0.000551492,0.001654476
1/30/20 9:08,UP,1.1,1.10208,1.09923,1.10187,0.000635486,0.000598631,0.001795892
1/30/20 18:04,UP,1.10188,1.10385,1.10115,1.10363,0.00049848,0.00063301,0.001899029
1/31/20 12:41,UP,1.10362,1.10489,1.1017,1.10455,0.001449604,0.000643774,0.001931322
1/31/20 16:26,UP,1.10451,1.10905,1.10444,1.1086,0.002067805,0.000821545,0.002464634
2/3/20 8:59,DOWN,1.10859,1.10961,1.10643,1.1066,-0.000912289,0.000722756,0.002168267
2/4/20 12:19,DOWN,1.1066,1.10743,1.10357,1.10499,-0.000190029,0.000589285,0.001767855
2/5/20 10:18,DOWN,1.10499,1.10524,1.10215,1.10275,-0.001051363,0.000582239,0.001746717
2/5/20 15:02,DOWN,1.10276,1.10298,1.09995,1.1,-0.001108476,0.000632905,0.001898716
2/6/20 15:33,DOWN,1.10002,1.1014,1.09722,1.09756,-0.002166099,0.000775344,0.002326031
2/7/20 10:04,DOWN,1.09755,1.09851,1.09535,1.09556,-0.000957955,0.0007014,0.002104199
2/7/20 21:51,DOWN,1.09557,1.09764,1.0942,1.09434,-0.000511593,0.000819093,0.002457279
2/10/20 14:50,DOWN,1.09431,1.09576,1.09272,1.09294,-0.00083227,0.000732151,0.002196454
2/11/20 13:48,DOWN,1.09293,1.09383,1.08913,1.08973,-0.001045584,0.000679232,0.002037697
2/12/20 8:54,UP,1.08971,1.09257,1.08971,1.09231,0.000851769,0.000671221,0.002013662
2/12/20 15:25,DOWN,1.09229,1.09234,1.08869,1.08894,-0.001917458,0.000779114,0.002337343
2/13/20 7:01,DOWN,1.08893,1.08976,1.08652,1.08713,-0.000128771,0.000770997,0.002312991
2/13/20 14:21,DOWN,1.08712,1.08889,1.08477,1.08527,-0.000994649,0.000937017,0.002811052
2/18/20 1:07,DOWN,1.08526,1.08618,1.0825,1.08275,-0.000969283,0.000709987,0.002129962
2/18/20 13:39,DOWN,1.08276,1.08374,1.07935,1.0797,-0.001545531,0.000849287,0.002547861
2/19/20 14:01,DOWN,1.07969,1.0826,1.07847,1.07921,-0.000898402,0.00084477,0.00253431
2/20/20 0:30,UP,1.07922,1.08154,1.07822,1.08103,0.000111011,0.000804337,0.002413011
2/20/20 14:12,UP,1.08106,1.08199,1.07781,1.08148,0.00198073,0.000900383,0.002701149
2/20/20 20:27,DOWN,1.08149,1.08213,1.0783,1.07876,-0.00055604,0.000856113,0.002568339
2/21/20 14:58,UP,1.07877,1.08462,1.07829,1.08398,0.003141519,0.001090678,0.003272034
2/24/20 3:27,DOWN,1.08395,1.08636,1.0822,1.08224,-0.000397245,0.001063748,0.003191243
2/24/20 14:54,UP,1.08223,1.08511,1.08052,1.08503,0.002260555,0.000987418,0.002962254
2/25/20 11:14,DOWN,1.08502,1.0872,1.08341,1.08351,-0.000802624,0.000902256,0.002706767
2/25/20 16:04,UP,1.0835,1.08665,1.08301,1.08635,0.000819593,0.000854282,0.002562847
2/26/20 9:23,UP,1.08637,1.08978,1.08624,1.08932,0.001083832,0.000870742,0.002612226
2/26/20 13:48,DOWN,1.08931,1.09089,1.08576,1.08578,-0.001021784,0.000968617,0.002905852
2/26/20 20:15,UP,1.0858,1.08999,1.08551,1.08905,0.000376546,0.000975642,0.002926925
2/27/20 8:21,UP,1.08904,1.09348,1.08747,1.09307,0.00146484,0.000953317,0.00285995
2/27/20 12:57,UP,1.09306,1.09667,1.09301,1.09659,0.001953411,0.001021306,0.003063919
2/27/20 22:13,UP,1.09658,1.10065,1.09591,1.10033,0.001482472,0.001026688,0.003080064
2/28/20 8:52,UP,1.10023,1.10281,1.09823,1.10258,0.000653227,0.000922351,0.002767053
2/28/20 12:04,DOWN,1.10257,1.1053,1.09862,1.09938,-0.003187623,0.001266592,0.003799777
2/28/20 17:36,UP,1.09939,1.10088,1.09509,1.10049,0.001009151,0.001294746,0.003884238
3/1/20 23:07,UP,1.1005,1.10621,1.09904,1.10598,0.002562096,0.001404377,0.004213132
3/2/20 8:57,UP,1.10598,1.10931,1.10364,1.10853,0.000171413,0.001409141,0.004227422
3/2/20 13:48,UP,1.10855,1.11643,1.1063,1.11398,0.001194631,0.001370901,0.004112704
3/2/20 17:07,UP,1.11403,1.11732,1.1108,1.11717,0.001980172,0.001542966,0.004628899
3/3/20 7:14,DOWN,1.11719,1.11847,1.11203,1.11263,-0.001804901,0.001510871,0.004532612
3/3/20 15:01,UP,1.11262,1.11877,1.10952,1.11835,0.00596401,0.00202253,0.006067589
3/4/20 12:00,DOWN,1.11824,1.12137,1.11361,1.11457,-0.000538179,0.001537844,0.004613533
3/5/20 10:12,UP,1.1146,1.11773,1.10955,1.11714,0.003075063,0.001399762,0.004199287
3/5/20 21:06,UP,1.11715,1.12303,1.11566,1.12291,0.002764502,0.001478905,0.004436715
3/6/20 8:56,UP,1.12292,1.12785,1.12113,1.1276,0.003802894,0.001615383,0.004846148
3/6/20 14:17,UP,1.12759,1.13488,1.12681,1.13436,0.003311305,0.001714015,0.005142044
3/8/20 23:10,UP,1.13435,1.13952,1.12858,1.13725,0.002332902,0.001779239,0.005337718
3/9/20 7:45,UP,1.13725,1.14966,1.1356,1.14526,0.001651643,0.002018819,0.006056457
3/9/20 9:38,DOWN,1.14523,1.14663,1.13655,1.1383,-0.002290268,0.002029478,0.006088435
3/9/20 13:36,UP,1.13832,1.1473,1.138,1.14696,0.003773589,0.002086541,0.006259624
3/10/20 1:10,DOWN,1.14697,1.14847,1.13719,1.13866,-0.00175491,0.00203192,0.006095761
3/10/20 16:53,DOWN,1.13862,1.14146,1.12998,1.13001,-0.003224854,0.001925505,0.005776514
3/11/20 5:58,UP,1.13003,1.13518,1.12751,1.13506,0.001860663,0.001619531,0.004858594
3/11/20 15:29,DOWN,1.13507,1.13668,1.12749,1.12861,-0.003891021,0.001769882,0.005309647
3/12/20 10:08,DOWN,1.1286,1.13336,1.12354,1.12358,-0.002329118,0.002024386,0.006073157
3/12/20 14:21,DOWN,1.12362,1.13015,1.1132,1.1148,-0.00729304,0.002587453,0.007762359
3/12/20 17:42,UP,1.11477,1.11966,1.1055,1.11783,0.002759141,0.00302186,0.00906558
3/13/20 13:14,DOWN,1.11791,1.12268,1.11038,1.111,-0.004508274,0.002366514,0.007099543
3/15/20 23:06,UP,1.11099,1.11954,1.10551,1.11572,0.005121903,0.002588565,0.007765695
3/16/20 8:28,UP,1.11565,1.12042,1.10853,1.12029,0.003120127,0.002456936,0.007370807
3/16/20 13:47,DOWN,1.12032,1.12367,1.11101,1.11384,-0.00179398,0.002823168,0.008469505
3/17/20 9:05,DOWN,1.11384,1.11893,1.10944,1.11044,-0.002500384,0.002216407,0.00664922
3/17/20 12:39,DOWN,1.1104,1.11192,1.09734,1.0974,-0.005207848,0.002663856,0.007991567
3/18/20 13:08,DOWN,1.09743,1.10452,1.09276,1.09397,-0.002948199,0.002298322,0.006894965
3/18/20 16:19,DOWN,1.09397,1.09471,1.08263,1.08328,-0.002295937,0.002624615,0.007873844
3/19/20 0:04,UP,1.08327,1.0982,1.08019,1.09326,0.002197682,0.002521745,0.007565234
3/19/20 10:16,DOWN,1.09327,1.09481,1.08094,1.08155,-0.00527477,0.002831541,0.008494623
3/19/20 17:03,DOWN,1.08154,1.08403,1.06552,1.06646,-0.003995906,0.003494495,0.010483485
3/20/20 6:39,UP,1.06649,1.07691,1.06528,1.07645,0.001133998,0.003014586,0.009043757
3/20/20 13:31,DOWN,1.07645,1.08314,1.06777,1.06966,-0.003564867,0.002801197,0.008403592
3/23/20 5:04,UP,1.06964,1.07498,1.06359,1.07348,0.001631542,0.002626841,0.007880522
3/23/20 14:48,UP,1.07351,1.08197,1.06664,1.08133,0.00687626,0.003235091,0.009705273
3/24/20 6:51,UP,1.0813,1.08662,1.072,1.08565,0.005477138,0.003317365,0.009952094
3/24/20 19:41,DOWN,1.08582,1.08882,1.0746,1.07532,-0.000678637,0.002967079,0.008901238
3/25/20 16:24,UP,1.07531,1.08497,1.07477,1.08378,0.002873711,0.002583284,0.007749852
3/26/20 8:59,UP,1.08377,1.09448,1.08285,1.09385,0.002205658,0.002391834,0.007175501
3/26/20 16:17,UP,1.09384,1.10286,1.09261,1.10127,0.002700529,0.002237708,0.006713123
3/27/20 14:00,DOWN,1.10122,1.10873,1.09534,1.098,-0.002319712,0.002119521,0.006358562
3/27/20 17:01,UP,1.09797,1.10918,1.09793,1.10797,0.003671089,0.002530476,0.007591428
3/30/20 11:35,DOWN,1.10798,1.11478,1.10456,1.10539,-0.002800515,0.002474041,0.007422122
3/31/20 9:51,DOWN,1.10537,1.10648,1.09668,1.09674,-0.002504293,0.002508579,0.007525737
4/1/20 8:33,DOWN,1.09669,1.10397,1.09268,1.09377,-0.00581609,0.00251264,0.007537919
4/2/20 13:19,DOWN,1.09377,1.09698,1.08525,1.08608,-0.006104269,0.002517511,0.007552532
4/3/20 12:45,DOWN,1.0861,1.09004,1.07778,1.0782,-0.002778551,0.002344148,0.007032445
4/7/20 9:03,UP,1.07819,1.08788,1.07684,1.08706,0.003437174,0.001955876,0.005867628
4/9/20 14:37,UP,1.08705,1.09419,1.08301,1.09227,0.001264223,0.001844471,0.005533413
4/14/20 18:38,UP,1.09226,1.09846,1.08928,1.09754,0.001221658,0.001766204,0.005298612
4/15/20 11:38,DOWN,1.0975,1.09917,1.09032,1.09168,-0.001089469,0.001788269,0.005364806
4/16/20 14:59,DOWN,1.09169,1.09389,1.08472,1.08499,-0.002972564,0.001904658,0.005713975
4/20/20 9:43,UP,1.085,1.08968,1.08121,1.08837,0.002152319,0.001691416,0.005074249
4/21/20 8:19,DOWN,1.08836,1.08886,1.08202,1.08215,-0.001634297,0.001704445,0.005113334
4/22/20 19:34,DOWN,1.08214,1.08852,1.08033,1.08198,-0.001062302,0.00137293,0.004118791
4/23/20 11:11,DOWN,1.08199,1.08346,1.07561,1.07806,-1.86E-05,0.001523691,0.004571072
4/24/20 1:13,DOWN,1.0781,1.08467,1.07614,1.07661,-0.000714952,0.001761193,0.00528358
4/24/20 13:10,UP,1.07659,1.08101,1.07271,1.0801,0.000935536,0.001751,0.005253001
4/27/20 7:30,UP,1.08009,1.08593,1.07844,1.08436,-0.000110658,0.001557995,0.004673985
4/28/20 10:14,UP,1.08437,1.08855,1.08098,1.08751,0.002384428,0.001466698,0.004400095
4/29/20 18:40,UP,1.08751,1.08885,1.0817,1.0882,0.002935752,0.001473083,0.004419249
4/30/20 15:23,UP,1.08821,1.09728,1.08332,1.09419,0.003387227,0.001737109,0.005211328
5/1/20 14:14,UP,1.09418,1.09901,1.09207,1.09865,0.000236682,0.001432228,0.004296685
5/4/20 2:04,DOWN,1.09867,1.1018,1.09463,1.09498,-0.000803345,0.001385871,0.004157612
5/4/20 17:49,DOWN,1.09498,1.09522,1.08958,1.09013,-0.001036037,0.001248667,0.003746001
5/5/20 9:00,DOWN,1.09014,1.09261,1.08417,1.08443,-0.005664331,0.00184567,0.00553701
5/6/20 8:13,DOWN,1.08442,1.08873,1.08113,1.08138,-0.000776484,0.001546711,0.004640133
5/7/20 19:21,UP,1.08141,1.08337,1.07665,1.08298,0.000840627,0.001359065,0.004077196
5/11/20 9:22,DOWN,1.08302,1.08756,1.08087,1.08175,-0.001551834,0.001171916,0.003515749
5/12/20 0:45,DOWN,1.08173,1.0844,1.07844,1.07879,-0.001833707,0.001073052,0.003219156
5/12/20 11:11,UP,1.07882,1.08395,1.07873,1.08393,0.001772903,0.001093986,0.003281958
5/13/20 12:15,UP,1.08393,1.08852,1.08308,1.08759,0.001849833,0.001076127,0.003228382
5/13/20 14:55,DOWN,1.0876,1.08966,1.08457,1.08458,-0.001474138,0.001181206,0.003543617
5/14/20 4:24,DOWN,1.08459,1.08465,1.08064,1.08073,-0.001202168,0.001132721,0.003398164
5/15/20 12:42,UP,1.08073,1.08287,1.07747,1.08242,0.002025294,0.001249945,0.003749834
5/18/20 9:45,DOWN,1.08244,1.08508,1.08,1.08019,-0.001027069,0.001098394,0.003295182
5/18/20 13:13,UP,1.0802,1.08469,1.08007,1.08414,0.002132994,0.001211951,0.003635854
5/18/20 15:23,UP,1.08412,1.0895,1.08399,1.08941,0.003798247,0.001491895,0.004475686
5/19/20 7:22,UP,1.08942,1.09453,1.08728,1.09412,0.001747221,0.001406743,0.004220229
5/20/20 13:27,UP,1.09413,1.09816,1.09187,1.09799,0.001896167,0.001337944,0.004013831
5/21/20 14:59,DOWN,1.09798,1.10084,1.09373,1.0939,-0.00365908,0.001462739,0.004388218
5/22/20 8:13,DOWN,1.09391,1.09686,1.09011,1.09067,-0.001923571,0.001393563,0.004180688
5/26/20 5:42,UP,1.09067,1.0922,1.08707,1.09182,0.000577185,0.001115871,0.003347612
5/26/20 10:19,UP,1.09182,1.09733,1.09147,1.09618,0.0006114,0.001171763,0.00351529
5/27/20 9:12,DOWN,1.09619,1.09959,1.0934,1.09431,-0.002983729,0.001327041,0.003981122
5/27/20 10:24,UP,1.0943,1.10309,1.09419,1.10266,0.002006255,0.001887645,0.005662935
5/28/20 13:29,UP,1.10271,1.104,1.09552,1.10376,0.001777327,0.001550502,0.004651507
5/29/20 3:59,UP,1.10376,1.10936,1.10302,1.109,0.001263196,0.001341635,0.004024905
5/29/20 10:48,UP,1.10899,1.11408,1.10895,1.1136,0.000538938,0.0013199,0.003959701
5/29/20 17:29,DOWN,1.11361,1.11453,1.10823,1.10827,-0.00208216,0.001309508,0.003928524
6/1/20 2:45,UP,1.10828,1.11404,1.1081,1.11386,0.001788178,0.001277105,0.003831315
6/2/20 8:38,UP,1.11386,1.11713,1.11005,1.1163,0.003391933,0.001281475,0.003844425
6/3/20 4:51,UP,1.11628,1.12111,1.11549,1.1204,0.001402268,0.001192774,0.003578322
6/3/20 16:18,UP,1.12038,1.12513,1.1184,1.12401,0.000907877,0.001097365,0.003292094
6/4/20 7:43,DOWN,1.124,1.12579,1.11986,1.12046,-0.000321245,0.000996352,0.002989055
6/4/20 11:55,UP,1.12045,1.12594,1.11948,1.12573,0.005085172,0.001543913,0.004631738
6/4/20 14:51,UP,1.12568,1.13373,1.12165,1.13311,0.004794772,0.00192107,0.005763209
6/5/20 14:00,DOWN,1.13313,1.13838,1.12823,1.12945,-0.001344883,0.001704083,0.005112248
6/9/20 7:47,DOWN,1.12942,1.13229,1.12551,1.12607,-0.00111831,0.001249204,0.003747613
6/9/20 13:34,UP,1.12608,1.13109,1.1241,1.13083,0.001601877,0.001230371,0.003691113
6/10/20 6:22,UP,1.13082,1.13698,1.13061,1.13638,0.001858499,0.001277548,0.003832644
6/10/20 18:36,UP,1.13637,1.14225,1.1322,1.14142,0.002298025,0.001555665,0.004666995
6/11/20 6:04,DOWN,1.14144,1.14182,1.13252,1.13406,-0.001128052,0.00177052,0.005311561
6/11/20 18:12,DOWN,1.13407,1.14038,1.13078,1.13162,-0.001774639,0.001662447,0.00498734
6/12/20 14:48,DOWN,1.1316,1.13406,1.12636,1.12669,-0.00371196,0.001545964,0.004637892
6/15/20 14:15,UP,1.12671,1.12852,1.12126,1.12764,0.002583946,0.001328133,0.0039844
6/15/20 18:14,UP,1.12764,1.13249,1.12602,1.13249,0.003750989,0.001548334,0.004645003
6/16/20 12:48,DOWN,1.13247,1.13534,1.12949,1.13014,-0.000840251,0.00133502,0.004005059
6/16/20 15:09,DOWN,1.13012,1.13098,1.12279,1.12409,-0.001591133,0.001421978,0.004265935
6/17/20 7:10,UP,1.12405,1.12897,1.12388,1.12855,0.001161456,0.001288423,0.003865269
6/17/20 12:35,DOWN,1.12853,1.1294,1.12227,1.12298,-0.001672717,0.001439061,0.004317182
6/18/20 17:02,DOWN,1.12299,1.12615,1.11855,1.11877,-0.003845043,0.00146066,0.004381981
6/19/20 12:44,UP,1.11875,1.12545,1.11873,1.1247,0.004214434,0.001698459,0.005095376
6/19/20 16:21,DOWN,1.12469,1.12485,1.11682,1.11868,-0.001964672,0.001715799,0.005147398
6/22/20 14:06,UP,1.1187,1.12498,1.11684,1.12465,0.00317937,0.001683529,0.005050588
6/23/20 7:58,UP,1.12467,1.13047,1.12329,1.13034,0.003154465,0.001760807,0.005282422
6/24/20 12:29,DOWN,1.13039,1.13485,1.12685,1.12818,-0.001780045,0.001576896,0.004730688
6/25/20 7:14,DOWN,1.12816,1.12825,1.12242,1.12255,-0.001824534,0.001372137,0.004116412
6/29/20 5:37,UP,1.12256,1.12507,1.11904,1.12501,0.001129517,0.001308076,0.003924228
6/30/20 6:09,DOWN,1.12505,1.1288,1.12142,1.12164,-0.002413191,0.001339013,0.00401704
6/30/20 15:37,UP,1.12163,1.1262,1.11911,1.12458,0.001949292,0.001435477,0.00430643
7/1/20 11:03,DOWN,1.12457,1.1252,1.11967,1.11998,-0.002274238,0.001331586,0.003994759
7/1/20 15:21,UP,1.11997,1.12753,1.1185,1.12621,0.001110534,0.001514823,0.00454447
7/2/20 16:09,DOWN,1.12618,1.1303,1.12253,1.12272,-0.001157232,0.001418459,0.004255377
7/6/20 2:31,UP,1.12275,1.12731,1.12192,1.12697,0.002016282,0.001202959,0.003608877
7/6/20 13:15,UP,1.12697,1.13337,1.12691,1.13281,0.001492979,0.001278634,0.003835902
7/7/20 9:02,DOWN,1.13284,1.13456,1.12621,1.12623,-0.002075573,0.001325973,0.00397792
7/8/20 13:35,UP,1.12624,1.13216,1.1259,1.13208,0.002724363,0.001304852,0.003914555
7/9/20 14:51,DOWN,1.13208,1.13707,1.12927,1.13008,-0.00316291,0.001529198,0.004587594
7/10/20 14:37,UP,1.13007,1.13195,1.12548,1.13116,0.000442122,0.001470086,0.004410259
7/13/20 13:44,UP,1.13111,1.1358,1.1295,1.13531,0.002160333,0.001372172,0.004116517
7/14/20 14:11,UP,1.13533,1.13961,1.13253,1.13876,0.001423613,0.001116505,0.003349514
7/15/20 8:50,UP,1.13879,1.14447,1.13852,1.14346,0.001487822,0.001049261,0.003147783
7/15/20 16:21,DOWN,1.14347,1.14523,1.14025,1.1406,-0.001270453,0.000994507,0.002983521
7/16/20 14:26,UP,1.14063,1.14408,1.13784,1.14342,0.002153758,0.001033878,0.003101633
7/16/20 17:43,DOWN,1.1434,1.14419,1.13772,1.13821,-0.00449695,0.001469052,0.004407155
7/17/20 11:39,UP,1.1381,1.14303,1.13705,1.14275,0.001085691,0.001354316,0.004062949
7/20/20 14:02,DOWN,1.14272,1.14679,1.14024,1.14128,-0.000980873,0.001225393,0.003676179
7/21/20 0:21,UP,1.1413,1.14605,1.14112,1.14566,0.001353848,0.001242271,0.003726812
7/21/20 14:48,UP,1.14568,1.14806,1.14229,1.14787,0.001839879,0.001197391,0.003592172
7/21/20 18:59,UP,1.14784,1.15398,1.1477,1.153,0.001267064,0.00126784,0.003803519
7/22/20 10:55,UP,1.15302,1.15838,1.15068,1.15677,0.002536128,0.001368963,0.00410689
7/23/20 13:24,DOWN,1.15678,1.16012,1.15403,1.15565,-0.001106989,0.001068347,0.00320504
7/23/20 16:10,UP,1.15564,1.16269,1.15544,1.16137,0.001732214,0.001202669,0.003608007
7/24/20 15:18,UP,1.16135,1.16386,1.15812,1.16277,0.000636614,0.001086752,0.003260257
7/27/20 0:35,UP,1.16279,1.16708,1.16276,1.16676,0.001226368,0.00107258,0.003217741
7/27/20 3:12,UP,1.16676,1.1716,1.16676,1.17121,0.00180318,0.001199169,0.003597507
7/27/20 12:19,UP,1.17119,1.17645,1.1682,1.17542,0.0030333,0.001306884,0.003920653
7/28/20 4:27,DOWN,1.17541,1.17815,1.17142,1.1727,-0.000605257,0.001381052,0.004143155
7/29/20 7:01,UP,1.17269,1.17549,1.16987,1.17541,0.001950157,0.001100374,0.003301123
7/29/20 15:33,UP,1.17542,1.17785,1.17186,1.17707,0.001122058,0.001137482,0.003412447
7/30/20 6:40,DOWN,1.17709,1.18062,1.17495,1.17518,-0.001674935,0.001204678,0.003614035
7/30/20 13:26,UP,1.17519,1.17965,1.17309,1.17917,0.003619252,0.00146762,0.004402859
7/30/20 22:25,UP,1.17909,1.18485,1.17741,1.18459,0.000624884,0.001406043,0.004218129
7/31/20 4:52,UP,1.18456,1.19048,1.18426,1.18949,0.000597073,0.001368077,0.004104232
7/31/20 11:46,DOWN,1.18948,1.19089,1.18275,1.18348,-0.001941535,0.0014487,0.0043461
7/31/20 16:37,DOWN,1.18349,1.18525,1.17735,1.17763,-0.003703975,0.001670038,0.005010114
8/3/20 11:37,DOWN,1.17769,1.18055,1.17142,1.17285,-0.001175929,0.001559356,0.004678069
8/3/20 19:12,UP,1.17286,1.17641,1.1696,1.17597,0.001097569,0.001640415,0.004921244
8/4/20 13:42,DOWN,1.176,1.18058,1.17221,1.17299,-0.001329051,0.001653034,0.004959101
8/4/20 23:13,UP,1.173,1.18031,1.17213,1.1795,0.001391387,0.001615677,0.004847032
8/5/20 10:41,UP,1.17952,1.18618,1.17947,1.18485,0.00107244,0.001476975,0.004430925
8/6/20 14:55,DOWN,1.18482,1.19163,1.1818,1.18352,-0.002405176,0.001516251,0.004548752
8/7/20 9:10,DOWN,1.18353,1.18937,1.18197,1.18247,-0.000904476,0.001626132,0.004878395
8/7/20 14:13,DOWN,1.18249,1.18455,1.17555,1.17641,-0.001461008,0.001679483,0.005038448
8/11/20 0:06,DOWN,1.1764,1.18009,1.17311,1.17337,-0.0010392,0.00144646,0.00433938
8/11/20 10:36,UP,1.17339,1.18005,1.17221,1.1798,0.001475915,0.001526506,0.004579518
8/11/20 20:06,DOWN,1.17978,1.1808,1.17283,1.17324,-0.001354304,0.001435722,0.004307167
8/12/20 10:23,UP,1.17326,1.17754,1.17111,1.17671,0.000909729,0.001395632,0.004186895
8/13/20 5:51,UP,1.17667,1.18173,1.17559,1.1814,0.000524939,0.001260891,0.003782672
8/13/20 19:17,DOWN,1.18139,1.18643,1.17935,1.17992,-0.001575137,0.00140011,0.00420033
8/14/20 18:30,UP,1.17993,1.18505,1.17817,1.18404,0.000785755,0.00126065,0.003781949
8/18/20 0:43,UP,1.18404,1.18819,1.18288,1.18818,0.001414928,0.001136874,0.003410623
8/18/20 12:44,UP,1.18819,1.19449,1.18814,1.19417,0.00326281,0.0013007,0.003902101
8/19/20 15:00,DOWN,1.19419,1.19657,1.18965,1.19025,-0.003648032,0.001425885,0.004277655
8/19/20 21:48,DOWN,1.19023,1.19092,1.18304,1.18446,-0.001240302,0.001492395,0.004477184
8/21/20 0:51,UP,1.1842,1.18771,1.18021,1.18736,0.001820819,0.001445581,0.004336742
8/21/20 9:36,DOWN,1.18734,1.18831,1.17993,1.18147,-0.000888329,0.001527659,0.004582978
8/24/20 10:27,UP,1.1815,1.18399,1.17542,1.18344,0.001716811,0.001362021,0.004086064
8/24/20 19:06,DOWN,1.18342,1.18497,1.17887,1.17893,-0.001008881,0.001299146,0.003897438
8/25/20 10:48,UP,1.17896,1.18427,1.17842,1.18334,0.000549444,0.001150371,0.003451114
8/26/20 12:25,DOWN,1.18335,1.18435,1.17801,1.17878,-0.001991602,0.001164185,0.003492555
8/26/20 23:29,UP,1.17882,1.18392,1.17724,1.18374,0.001640218,0.001164985,0.003494956
8/27/20 13:19,UP,1.18375,1.1883,1.17942,1.18827,0.006111529,0.001916494,0.005749483
8/27/20 14:21,DOWN,1.1883,1.19017,1.17624,1.17834,-0.001170454,0.002503748,0.007511244
8/28/20 5:32,UP,1.17832,1.18797,1.1772,1.18684,0.000758604,0.002276064,0.006828193
8/31/20 11:44,UP,1.18685,1.19381,1.1861,1.19381,0.001911678,0.00178184,0.005345519
9/1/20 11:41,UP,1.19379,1.19975,1.19214,1.19912,0.000750832,0.001432884,0.004298652
9/1/20 17:31,DOWN,1.19915,1.20114,1.19054,1.19188,-0.002254396,0.001488181,0.004464542
9/2/20 9:00,DOWN,1.19184,1.19289,1.18523,1.18546,-0.001028607,0.001510612,0.004531835
9/3/20 4:54,DOWN,1.18545,1.18778,1.18046,1.18109,-0.001641203,0.001528702,0.004586106
9/3/20 18:39,UP,1.1811,1.18595,1.17891,1.18577,0.002102109,0.00146782,0.004403459
9/4/20 13:26,DOWN,1.18575,1.18655,1.18006,1.1802,-0.001481701,0.001317663,0.003952988
9/4/20 19:00,UP,1.18019,1.1855,1.1781,1.18502,0.001055391,0.001316005,0.003948016
9/8/20 1:59,DOWN,1.18499,1.18531,1.17958,1.17961,-0.001778667,0.001145411,0.003436234
9/8/20 13:57,DOWN,1.17958,1.18276,1.17657,1.17822,-0.001068838,0.0011959,0.003587701
9/9/20 9:06,DOWN,1.17826,1.1806,1.17571,1.17608,-0.001053795,0.001048306,0.003144917
9/9/20 13:27,UP,1.17609,1.18249,1.17529,1.18211,0.003805525,0.001387997,0.004163991
9/10/20 12:33,UP,1.18216,1.18841,1.17968,1.18812,0.003473689,0.001386356,0.004159069
9/10/20 18:37,DOWN,1.18812,1.19175,1.1818,1.18291,-0.002853286,0.001563265,0.004689796
9/14/20 11:51,UP,1.1829,1.1879,1.18101,1.18671,0.001171992,0.001175225,0.003525674
9/15/20 14:40,DOWN,1.18673,1.19006,1.18396,1.18468,-0.002352298,0.001196523,0.00358957
9/16/20 10:02,UP,1.18476,1.18824,1.18288,1.18755,0.001508442,0.001155805,0.003467414
9/16/20 14:33,DOWN,1.18756,1.18802,1.18091,1.1821,-0.002796189,0.001315675,0.003947024
9/17/20 2:26,DOWN,1.18211,1.18549,1.17598,1.17657,-0.001409886,0.001544554,0.004633661
9/17/20 14:30,UP,1.17655,1.18169,1.17376,1.1806,0.000957599,0.001293342,0.003880027
9/17/20 23:45,UP,1.18068,1.18563,1.18049,1.18513,0.000675259,0.001260725,0.003782175
9/21/20 8:41,DOWN,1.18515,1.18718,1.17953,1.17981,-0.003114292,0.001330822,0.003992467
9/21/20 14:32,DOWN,1.17982,1.1803,1.17439,1.17455,-0.001378301,0.001278147,0.00383444
9/22/20 15:20,DOWN,1.17452,1.17751,1.16918,1.17105,-0.0018428,0.001387114,0.004161341
9/23/20 18:54,DOWN,1.17107,1.1719,1.16642,1.16668,-0.001866807,0.001219724,0.003659173
9/25/20 7:45,UP,1.16667,1.16869,1.16265,1.16757,0.000214143,0.00106157,0.003184709
9/25/20 12:05,DOWN,1.16758,1.16791,1.16275,1.16325,-0.001219973,0.001108985,0.003326954
9/28/20 11:06,UP,1.16324,1.16658,1.16123,1.16614,0.001235606,0.000978971,0.002936914
9/29/20 8:47,UP,1.16612,1.16866,1.16426,1.1683,0.00047088,0.000850708,0.002552124
9/29/20 14:33,UP,1.16833,1.17439,1.16776,1.17344,0.002534228,0.001025851,0.003077554
9/30/20 12:09,DOWN,1.17348,1.17551,1.16939,1.17049,-0.000410001,0.000932453,0.002797359
10/1/20 1:40,UP,1.17047,1.17518,1.16846,1.1743,0.001798431,0.000949925,0.002849774
10/1/20 11:58,UP,1.1743,1.17698,1.17222,1.17635,0.001744199,0.000985397,0.002956192
10/2/20 2:16,DOWN,1.17635,1.17676,1.17211,1.17291,-0.001252508,0.000960748,0.002882245
10/5/20 8:17,UP,1.17293,1.17434,1.16956,1.17431,0.00164487,0.001005922,0.003017765
10/5/20 13:32,UP,1.1743,1.1786,1.17372,1.17854,0.001706956,0.001058617,0.00317585
10/6/20 19:08,DOWN,1.17853,1.18079,1.17355,1.17383,-0.002977256,0.001163224,0.003489672
10/7/20 12:50,UP,1.1738,1.17802,1.1725,1.17777,0.001427443,0.001131543,0.00339463
10/8/20 13:07,DOWN,1.17776,1.1782,1.17376,1.17395,-0.001379005,0.000992229,0.002976688
10/9/20 4:42,UP,1.17393,1.17809,1.17327,1.17762,0.000739051,0.000965054,0.002895161
10/9/20 13:01,UP,1.17765,1.18185,1.17667,1.18148,0.001261926,0.001042534,0.003127603
10/13/20 4:28,DOWN,1.18146,1.18322,1.17868,1.17956,-0.000271251,0.000847322,0.002541966
10/13/20 14:24,DOWN,1.17956,1.18034,1.17411,1.17499,-0.001437277,0.000915915,0.002747744
10/15/20 8:35,DOWN,1.175,1.17711,1.17087,1.171,-0.002558637,0.001032636,0.003097909
10/16/20 11:44,UP,1.17101,1.17397,1.16886,1.17326,0.000929467,0.000859385,0.002578155
10/19/20 6:51,DOWN,1.17327,1.17462,1.1704,1.17071,-0.000273301,0.000830624,0.002491873
10/19/20 9:42,UP,1.17071,1.17622,1.17031,1.17612,0.002903575,0.001131281,0.003393842
10/20/20 10:52,UP,1.17611,1.18179,1.17527,1.1812,0.001609829,0.00107315,0.003219451
10/21/20 4:01,UP,1.1812,1.18484,1.18007,1.18468,0.001207806,0.000978511,0.002935533
10/22/20 3:39,DOWN,1.18465,1.18808,1.18382,1.18415,-0.000455919,0.00092551,0.00277653
10/23/20 0:00,DOWN,1.18414,1.1867,1.18116,1.18142,-0.00022005,0.000937114,0.002811342
10/23/20 8:27,UP,1.18138,1.18466,1.17868,1.18401,0.003011261,0.001137288,0.003411865
10/26/20 9:35,DOWN,1.18403,1.1865,1.18066,1.18077,-0.001658558,0.001041749,0.003125246
10/27/20 22:35,DOWN,1.1808,1.18388,1.17696,1.17719,-0.003705357,0.001331006,0.003993018
10/28/20 12:17,DOWN,1.17719,1.17882,1.17257,1.17262,-0.00157642,0.001274493,0.003823479
10/29/20 11:10,DOWN,1.17263,1.17604,1.17133,1.17148,-0.000904429,0.001095102,0.003285307
10/29/20 15:56,DOWN,1.17151,1.172,1.1657,1.16579,-0.002364695,0.001147972,0.003443917
10/30/20 17:09,DOWN,1.16581,1.17042,1.16422,1.16427,-0.000824211,0.001176657,0.00352997
11/3/20 8:00,UP,1.16426,1.16728,1.16223,1.16696,0.00117468,0.000903165,0.002709496
11/3/20 11:53,UP,1.16695,1.17182,1.16667,1.1709,0.001204928,0.000950779,0.002852336
11/3/20 23:39,UP,1.17089,1.17638,1.16958,1.17554,0.004578579,0.001477968,0.004433904
11/4/20 1:44,DOWN,1.17551,1.17709,1.16742,1.16864,-0.00272595,0.001629118,0.004887354
11/4/20 11:51,UP,1.16866,1.17099,1.16029,1.17029,0.001359561,0.001740288,0.005220864
11/5/20 8:23,UP,1.17032,1.17667,1.16803,1.17663,0.001811895,0.001446183,0.00433855
11/5/20 13:03,UP,1.17661,1.18468,1.17517,1.18444,0.002679958,0.001554299,0.004662898
11/6/20 9:31,UP,1.18445,1.18598,1.17915,1.18477,0.000616343,0.001409997,0.004229991
11/9/20 12:45,UP,1.18474,1.19001,1.18417,1.18916,0.001186414,0.001114125,0.003342374
11/9/20 15:58,DOWN,1.18915,1.192,1.1814,1.18238,-0.003132827,0.001548255,0.004644765
11/10/20 10:58,DOWN,1.18238,1.18434,1.178,1.17818,-0.001763878,0.001395007,0.004185021
11/11/20 3:02,UP,1.17816,1.18343,1.178,1.18239,-3.38E-05,0.001174918,0.003524754
11/11/20 11:23,DOWN,1.1824,1.18329,1.1775,1.17805,-0.000373429,0.001188907,0.00356672
11/12/20 9:38,UP,1.17806,1.18111,1.17455,1.18078,0.001788553,0.001257529,0.003772587
11/13/20 20:30,UP,1.18077,1.18354,1.17873,1.18347,0.000972191,0.001049017,0.003147052
11/16/20 13:39,DOWN,1.18349,1.18688,1.18151,1.18216,-0.001107527,0.000981014,0.002943041
11/17/20 1:09,UP,1.18219,1.18655,1.18142,1.18652,0.001838996,0.001019338,0.003058015
11/19/20 1:09,DOWN,1.18649,1.18938,1.18319,1.18392,-0.001316789,0.000844772,0.002534317
11/19/20 21:22,UP,1.18396,1.18824,1.18163,1.18797,0.002655104,0.001103757,0.003311272
11/23/20 11:19,UP,1.18796,1.19057,1.18498,1.19027,0.002313073,0.00108363,0.003250891
11/23/20 15:34,DOWN,1.19027,1.19061,1.18196,1.18279,-0.005169278,0.001622362,0.004867085
11/24/20 8:17,UP,1.18282,1.18745,1.17998,1.18745,0.001871302,0.001521804,0.004565411
11/25/20 1:56,UP,1.18746,1.19062,1.18414,1.19005,0.000714511,0.001441027,0.00432308
11/26/20 7:00,UP,1.19004,1.19388,1.18819,1.19356,0.00093881,0.001153971,0.003461914
11/27/20 14:02,UP,1.19355,1.19409,1.18854,1.19389,0.001399768,0.001016677,0.00305003
11/30/20 6:09,UP,1.1939,1.19761,1.19313,1.19758,0.000350769,0.000940795,0.002822386
11/30/20 16:57,DOWN,1.19759,1.20033,1.19428,1.19437,-0.001430693,0.001245066,0.003735199
12/1/20 8:50,UP,1.19436,1.19858,1.19238,1.19794,0.001069072,0.001258803,0.003776408
12/1/20 15:57,UP,1.19792,1.20421,1.19602,1.20292,0.002822121,0.001342372,0.004027117
12/2/20 3:02,UP,1.20285,1.20797,1.20261,1.20736,0.000306501,0.001217252,0.003651757
12/2/20 15:51,UP,1.20737,1.21083,1.204,1.20892,0.000637135,0.001069779,0.003209336
12/3/20 8:05,UP,1.2089,1.21379,1.20754,1.21336,0.001137985,0.000979768,0.002939303
12/3/20 13:23,UP,1.21334,1.21615,1.21011,1.21533,0.001572826,0.001169547,0.003508642
12/6/20 23:36,DOWN,1.21534,1.21775,1.21101,1.21238,-0.000964579,0.001088951,0.003266852
12/7/20 9:33,DOWN,1.21242,1.21403,1.20786,1.2088,-0.000901314,0.001090222,0.003270667
12/7/20 14:24,UP,1.20878,1.21423,1.20844,1.21348,0.000601757,0.001070822,0.003212467
12/8/20 0:30,DOWN,1.21347,1.21664,1.21055,1.21091,-0.000833736,0.001060525,0.003181576
12/9/20 8:58,UP,1.2109,1.21475,1.20955,1.21362,0.000568709,0.000764716,0.002294147
12/9/20 15:29,DOWN,1.21361,1.21374,1.20844,1.20975,-0.001313458,0.000850131,0.002550392
12/9/20 17:49,DOWN,1.20977,1.2098,1.2059,1.20634,-0.001375117,0.00093287,0.002798611
12/10/20 5:33,UP,1.20635,1.21005,1.20608,1.20968,0.001075242,0.000903249,0.002709746
12/10/20 13:50,UP,1.20968,1.21354,1.20812,1.21342,0.000840953,0.001273058,0.003819173
12/11/20 17:00,DOWN,1.21343,1.2163,1.20967,1.21122,-0.000709776,0.001226729,0.003680187
12/14/20 9:45,UP,1.21119,1.21604,1.2108,1.21579,0.000452483,0.001128582,0.003385746
12/15/20 18:07,UP,1.21578,1.21768,1.21211,1.21678,0.001398107,0.001088914,0.003266741
12/16/20 8:55,UP,1.21677,1.22123,1.21451,1.22093,0.004161218,0.001408052,0.004224155
12/16/20 19:27,DOWN,1.22094,1.2211,1.2125,1.21423,-0.002114331,0.001410952,0.004232856
12/17/20 3:11,UP,1.2142,1.22133,1.21362,1.22099,0.001360478,0.00163862,0.004915859
12/17/20 17:31,UP,1.22102,1.22662,1.22081,1.22621,0.000350736,0.001399765,0.004199294
12/21/20 0:03,DOWN,1.2262,1.22728,1.22083,1.2212,-0.002510766,0.001288717,0.00386615
12/21/20 10:18,DOWN,1.22122,1.22271,1.21431,1.21468,-0.004763556,0.001724128,0.005172383
12/21/20 14:31,UP,1.21467,1.2219,1.21298,1.22177,0.0016957,0.001678304,0.005034912
12/22/20 16:25,DOWN,1.22179,1.22571,1.21607,1.21765,-0.002296872,0.001437806,0.004313417
12/23/20 15:05,UP,1.21769,1.22212,1.21521,1.22151,0.002376933,0.001272251,0.003816753
12/28/20 9:02,UP,1.22151,1.2241,1.21726,1.22384,0.001365489,0.001075286,0.003225857
12/29/20 3:52,UP,1.22385,1.22505,1.21913,1.22409,0.001136183,0.001050261,0.003150783
12/30/20 1:12,UP,1.22412,1.22851,1.22351,1.22792,0.002250233,0.001000685,0.003002056
12/30/20 21:12,UP,1.22798,1.231,1.22527,1.22958,0.000699671,0.000949444,0.002848332
12/31/20 15:09,DOWN,1.22963,1.23094,1.22595,1.22677,-0.001091703,0.000941325,0.002823975
12/31/20 19:27,DOWN,1.2268,1.2268,1.22107,1.22195,-0.000768967,0.001057573,0.00317272
1/4/21 7:55,UP,1.22197,1.22692,1.22092,1.22593,0.001240644,0.001035493,0.003106478
1/4/21 13:48,UP,1.22594,1.23063,1.22579,1.23023,0.000601695,0.001016908,0.003050724
1/4/21 16:57,DOWN,1.23024,1.23094,1.22544,1.22555,-0.001117241,0.001037728,0.003113183
1/5/21 11:21,UP,1.22554,1.22851,1.22415,1.22797,0.000839135,0.000831779,0.002495338
1/5/21 17:04,UP,1.22797,1.22988,1.22539,1.22988,0.001888144,0.000903631,0.002710894
1/6/21 7:41,UP,1.22987,1.23347,1.22757,1.23315,0.001785642,0.00098493,0.00295479
1/6/21 14:24,DOWN,1.23313,1.23494,1.22932,1.23035,-0.002629936,0.00105971,0.00317913
1/6/21 20:54,UP,1.23039,1.234,1.22658,1.23253,0.00124212,0.001044215,0.003132644
1/7/21 9:26,DOWN,1.23257,1.23445,1.22809,1.22893,-0.00142299,0.001027964,0.003083891
1/8/21 1:20,DOWN,1.22889,1.2289,1.22348,1.22362,-0.002293832,0.001143728,0.003431184
1/11/21 0:51,DOWN,1.22364,1.22847,1.21814,1.21885,-0.002081763,0.001390272,0.004170817
1/11/21 15:19,DOWN,1.21889,1.21998,1.21323,1.21486,-0.000386801,0.001158406,0.003475217
1/12/21 18:47,UP,1.21485,1.21932,1.21372,1.21882,0.001675152,0.000978871,0.002936614
1/13/21 11:05,DOWN,1.21881,1.22229,1.21727,1.21739,-0.001067289,0.000981177,0.002943532
1/14/21 13:41,DOWN,1.2174,1.21808,1.21112,1.21239,-0.001590631,0.001073184,0.003219553
1/14/21 18:41,UP,1.2124,1.21785,1.21121,1.21573,0.000526571,0.001087877,0.003263632
1/15/21 8:19,DOWN,1.21572,1.21654,1.21177,1.21261,-0.00068424,0.001015053,0.00304516
1/15/21 15:17,DOWN,1.21262,1.21445,1.20845,1.20927,-0.001759844,0.001016956,0.003050868
1/19/21 2:58,UP,1.20927,1.21005,1.20535,1.20956,0.000405188,0.000790073,0.002370218
1/19/21 10:50,UP,1.20956,1.21345,1.20854,1.21341,0.001847743,0.000910517,0.002731552
1/20/21 8:02,UP,1.21339,1.21578,1.21156,1.21543,0.000880735,0.000914715,0.002744146
1/20/21 12:26,DOWN,1.21542,1.21584,1.21041,1.21101,-0.000825416,0.000996526,0.002989579
1/21/21 1:24,UP,1.211,1.21309,1.20769,1.21269,0.001667107,0.001008673,0.003026018
1/21/21 13:55,UP,1.21265,1.21731,1.21151,1.21615,0.001472942,0.000943602,0.002830807
1/22/21 9:00,UP,1.21613,1.21897,1.21358,1.21896,0.002694445,0.001211732,0.003635195
1/25/21 9:46,DOWN,1.21896,1.21897,1.21473,1.21478,-0.002096945,0.001071119,0.003213358
1/26/21 7:32,DOWN,1.21479,1.21627,1.2116,1.21201,-0.00127805,0.000967195,0.002901585
1/26/21 13:45,UP,1.21202,1.2161,1.21078,1.21586,0.001432111,0.000955341,0.002866024
1/27/21 10:33,DOWN,1.21587,1.2176,1.21188,1.21281,-0.001211327,0.000858201,0.002574602
1/27/21 14:43,DOWN,1.21282,1.21328,1.20645,1.20668,-0.003168972,0.00115366,0.00346098
1/27/21 17:58,UP,1.20669,1.21188,1.20586,1.21175,0.001544415,0.001218408,0.003655225
1/28/21 15:13,UP,1.21173,1.2142,1.20807,1.21375,0.00091494,0.001150103,0.003450308
1/29/21 13:35,UP,1.21376,1.21486,1.20945,1.21438,0.000337678,0.001056428,0.003169285
2/1/21 8:38,DOWN,1.21437,1.21561,1.21088,1.21123,-0.000907756,0.000870854,0.002612563
2/1/21 17:49,DOWN,1.21124,1.21124,1.20626,1.20672,-0.001217437,0.000888127,0.002664382
2/2/21 10:42,DOWN,1.20673,1.20878,1.20321,1.20401,-0.002778505,0.001055246,0.003165737
2/4/21 9:04,DOWN,1.20402,1.20502,1.19851,1.19862,-0.001750482,0.00117424,0.003522719
2/5/21 13:41,UP,1.19863,1.20051,1.19523,1.20024,0.001676069,0.001001793,0.003005378
2/5/21 21:16,UP,1.20025,1.20499,1.19976,1.20469,0.000714132,0.001003951,0.003011852
2/9/21 3:36,UP,1.2047,1.20822,1.20198,1.20798,0.00183947,0.001058517,0.00317555
2/9/21 20:18,UP,1.20799,1.21209,1.20673,1.21197,0.001172333,0.001025282,0.003075847
2/11/21 13:14,UP,1.21198,1.21494,1.21087,1.21471,0.001507668,0.00093138,0.002794141
2/12/21 8:00,DOWN,1.2147,1.21484,1.21123,1.21142,-0.000684912,0.000866334,0.002599003
2/15/21 1:52,UP,1.21142,1.21289,1.20816,1.21267,0.000866233,0.000897287,0.002691861
2/16/21 11:13,UP,1.21268,1.21673,1.21208,1.21662,0.00154646,0.000846473,0.002539419
2/16/21 13:35,DOWN,1.21664,1.21696,1.21189,1.21225,-0.002940609,0.001084596,0.003253787
2/17/21 8:05,DOWN,1.21227,1.21275,1.20684,1.2073,-0.001200306,0.000997395,0.002992184
2/17/21 14:07,DOWN,1.20729,1.20832,1.20305,1.20317,-0.002266436,0.001081917,0.003245751
2/18/21 9:34,UP,1.20315,1.20708,1.20233,1.20654,0.001501284,0.000994998,0.002984995
2/19/21 8:27,UP,1.20655,1.21179,1.20622,1.21147,0.001553039,0.000960815,0.002882446
2/22/21 8:40,DOWN,1.21146,1.21446,1.20923,1.20958,-0.001032883,0.0008845,0.002653499
2/22/21 11:26,UP,1.20961,1.21429,1.20913,1.21429,0.002308537,0.001073053,0.00321916
2/23/21 2:05,UP,1.21432,1.21773,1.21294,1.21764,0.001388895,0.001006297,0.003018892
2/23/21 14:50,DOWN,1.21763,1.21802,1.21353,1.21366,-0.0004366,0.000935348,0.002806045
2/24/21 15:08,DOWN,1.21368,1.21747,1.21212,1.21215,-0.001104863,0.00107614,0.003228421
2/24/21 21:54,UP,1.21213,1.21747,1.21092,1.21702,0.002138651,0.001172712,0.003518136
2/25/21 9:24,UP,1.21703,1.22189,1.21561,1.22123,0.001171637,0.001157717,0.003473151
2/25/21 18:48,DOWN,1.2212,1.22431,1.21605,1.21742,-0.001559461,0.001287028,0.003861083
2/26/21 7:35,DOWN,1.21744,1.21932,1.2129,1.21364,-0.001695934,0.001234967,0.0037049
2/26/21 11:29,DOWN,1.21363,1.21595,1.20986,1.21028,-0.001832606,0.001285798,0.003857394
2/26/21 18:31,DOWN,1.21029,1.21415,1.20718,1.20844,-0.000165489,0.001327577,0.00398273
3/1/21 9:48,DOWN,1.20843,1.21013,1.20284,1.20387,-0.001676516,0.001337892,0.004013675
3/2/21 7:35,DOWN,1.20388,1.20688,1.20044,1.20098,-0.001065229,0.00113375,0.003401251
3/2/21 16:05,UP,1.20097,1.20678,1.19918,1.20674,0.002198414,0.001093965,0.003281895
3/3/21 13:13,DOWN,1.20675,1.21133,1.20433,1.20499,-0.001550677,0.001171871,0.003515612
3/4/21 8:51,DOWN,1.20504,1.20807,1.20371,1.20377,-0.001660068,0.000989203,0.002967609
3/4/21 17:56,DOWN,1.20379,1.20537,1.19923,1.1995,-0.00211531,0.001131234,0.003393701
3/5/21 1:14,DOWN,1.19949,1.2,1.19545,1.19549,-0.001471117,0.001097635,0.003292904
3/5/21 13:35,DOWN,1.19552,1.19649,1.18927,1.19098,-0.002591142,0.001189327,0.003567981
3/8/21 8:00,DOWN,1.19092,1.19465,1.1879,1.18877,-0.001252612,0.00111293,0.003338791
3/8/21 23:58,DOWN,1.18878,1.18966,1.18441,1.18513,-0.000303718,0.000962635,0.002887906
3/9/21 7:53,UP,1.18514,1.18885,1.18355,1.18861,0.002341606,0.001107736,0.003323208
3/10/21 14:46,UP,1.18863,1.19248,1.18688,1.19206,0.001401918,0.000964244,0.002892731
3/11/21 7:50,UP,1.19204,1.19465,1.1886,1.19444,0.001466196,0.001067398,0.003202195
3/11/21 18:04,UP,1.19445,1.19899,1.1928,1.19885,0.0022965,0.001232446,0.003697338
3/12/21 8:15,DOWN,1.19888,1.199,1.19352,1.19424,-0.000502285,0.001173923,0.003521769
3/15/21 1:24,UP,1.19423,1.19616,1.191,1.19597,0.000644036,0.001093639,0.003280917
3/15/21 12:40,DOWN,1.19596,1.19677,1.19178,1.19223,-0.000259983,0.001007504,0.003022512
3/16/21 14:04,DOWN,1.19224,1.19519,1.18972,1.19062,-0.001720311,0.001127382,0.003382147
3/17/21 18:36,UP,1.19064,1.1974,1.18822,1.19734,0.003949862,0.001492521,0.004477563
3/18/21 12:21,DOWN,1.19732,1.1989,1.19318,1.19322,-0.00082097,0.001258103,0.003774309
3/19/21 14:40,DOWN,1.19323,1.19388,1.18739,1.18852,-0.000403782,0.001299131,0.003897394
3/22/21 15:57,UP,1.1885,1.19393,1.18746,1.19322,0.000947466,0.00120285,0.003608549
3/23/21 9:37,DOWN,1.1932,1.19468,1.1886,1.18973,-0.000470584,0.001108855,0.003326566
3/23/21 16:40,DOWN,1.18971,1.19001,1.18583,1.18603,-0.001306028,0.001034948,0.003104845
3/24/21 8:20,DOWN,1.18602,1.18663,1.1814,1.18152,-0.002375469,0.001052723,0.003158168
3/25/21 13:14,DOWN,1.1815,1.18448,1.17912,1.18023,-0.000228743,0.000908286,0.002724859
3/29/21 9:07,DOWN,1.18021,1.18156,1.17618,1.17689,-0.001528286,0.000899082,0.002697245
3/30/21 7:25,DOWN,1.17691,1.17926,1.17406,1.17507,-0.001105706,0.000823583,0.002470749
3/30/21 13:53,DOWN,1.1751,1.17523,1.17114,1.17157,-0.001475562,0.000870077,0.00261023
4/1/21 13:00,UP,1.17156,1.176,1.1704,1.1747,0.000868684,0.000936795,0.002810385
4/2/21 0:15,UP,1.17467,1.17841,1.17387,1.17798,0.000679359,0.000944362,0.002833086
4/5/21 9:27,DOWN,1.17794,1.17868,1.17407,1.17433,-0.000536332,0.000894818,0.002684454
4/5/21 13:58,UP,1.17431,1.18029,1.17379,1.18015,0.002638737,0.001193708,0.003581124
4/6/21 14:21,UP,1.18016,1.18437,1.17953,1.18433,0.001250433,0.00098134,0.002944019
4/7/21 9:49,UP,1.18431,1.18898,1.18374,1.18825,0.001305291,0.000902403,0.002707208
4/7/21 23:43,DOWN,1.18823,1.19149,1.18608,1.18727,-0.000202124,0.000971291,0.002913872
4/8/21 14:25,UP,1.18728,1.19105,1.18608,1.19016,0.000958313,0.000939819,0.002819458
4/9/21 8:57,DOWN,1.19016,1.19276,1.18838,1.18863,-0.000386925,0.000894762,0.002684285
4/12/21 8:09,DOWN,1.18862,1.19106,1.1867,1.18733,-0.001001747,0.000784444,0.002353333
4/12/21 11:03,UP,1.18737,1.19184,1.18735,1.19097,0.000470316,0.000967232,0.002901697
4/13/21 12:43,UP,1.19098,1.19266,1.18772,1.19232,0.002822014,0.001010442,0.003031325
4/14/21 2:35,UP,1.19235,1.19622,1.19202,1.19614,0.000618848,0.000925207,0.002775621
4/15/21 0:56,UP,1.19616,1.1989,1.1951,1.19876,0.001243724,0.000917236,0.002751709
4/16/21 2:05,DOWN,1.19873,1.19934,1.19525,1.19592,-0.000693786,0.000790387,0.002371162
4/19/21 2:26,DOWN,1.1959,1.19948,1.19425,1.19504,-0.000903327,0.000720398,0.002161194
4/19/21 7:04,UP,1.19505,1.19844,1.19486,1.19844,0.001569938,0.000835209,0.002505628
4/19/21 8:29,UP,1.19845,1.20276,1.19777,1.20233,0.000615661,0.001013776,0.003041327
4/20/21 4:31,UP,1.20231,1.2072,1.20151,1.20617,0.001194575,0.000811685,0.002435056
4/20/21 15:48,DOWN,1.20616,1.20799,1.20263,1.204,-0.000548023,0.000716341,0.002149022
4/21/21 7:39,DOWN,1.20398,1.20443,1.20059,1.20064,-0.002129926,0.000851078,0.002553234
4/22/21 1:36,UP,1.20065,1.20418,1.19985,1.20407,0.000498434,0.000781141,0.002343422
4/22/21 13:05,UP,1.20408,1.20698,1.20222,1.20674,0.001750043,0.000885699,0.002657097
4/22/21 14:23,DOWN,1.20675,1.20681,1.20026,1.20045,-0.002404537,0.001220265,0.003660795
4/23/21 7:36,UP,1.20049,1.2051,1.19936,1.20473,0.002027404,0.001140576,0.003421728
4/23/21 19:51,UP,1.2047,1.20991,1.20462,1.20966,0.001720971,0.001129099,0.003387297
4/26/21 13:38,DOWN,1.20968,1.21171,1.20633,1.20681,-0.00104353,0.000996425,0.002989275
4/28/21 18:45,UP,1.20686,1.21344,1.20561,1.21337,0.003268975,0.001216307,0.003648922
4/30/21 9:26,DOWN,1.21349,1.215,1.20931,1.20947,-0.001173379,0.001027032,0.003081096
4/30/21 14:56,DOWN,1.20945,1.20983,1.20358,1.20361,-0.002414809,0.001164783,0.003494349
5/3/21 14:36,UP,1.20354,1.20746,1.20129,1.20738,0.002081045,0.001095844,0.003287531
5/4/21 8:03,DOWN,1.20739,1.20761,1.2007,1.20157,-0.001571706,0.001160814,0.003482443
5/6/21 9:30,UP,1.20157,1.20479,1.19861,1.20459,0.001753169,0.001065521,0.003196563
5/7/21 12:38,UP,1.20461,1.21356,1.20384,1.21295,0.0047932,0.001514881,0.004544643
5/9/21 21:12,UP,1.21289,1.21725,1.21021,1.21694,0.001093503,0.001431562,0.004294685
5/11/21 13:03,UP,1.21694,1.21785,1.2123,1.21721,0.000451955,0.001180887,0.00354266
5/12/21 2:46,DOWN,1.21718,1.21818,1.21304,1.21309,-0.001161646,0.001094373,0.00328312
5/12/21 14:17,DOWN,1.21312,1.21523,1.20717,1.2082,-0.002091835,0.001312457,0.003937371
5/14/21 7:00,UP,1.20824,1.21111,1.20514,1.21067,0.001024751,0.001019999,0.003059996
5/14/21 13:58,UP,1.21066,1.21451,1.2103,1.21413,0.001162,0.000930245,0.002790736
5/18/21 2:40,UP,1.21415,1.21694,1.2126,1.21628,0.000551012,0.000738167,0.0022145
5/18/21 7:20,UP,1.21631,1.2197,1.21622,1.21947,0.001165119,0.000825944,0.002477833
5/18/21 19:19,UP,1.21945,1.2234,1.21943,1.22282,0.000940892,0.000784267,0.002352802
5/19/21 9:46,DOWN,1.22281,1.22452,1.22045,1.22115,-0.000818565,0.00080393,0.002411789
5/19/21 18:04,DOWN,1.22118,1.22388,1.21889,1.22025,-0.001113905,0.00083037,0.00249111
5/19/21 19:04,DOWN,1.22019,1.22019,1.21598,1.21681,-0.001502803,0.000918189,0.002754568
5/20/21 7:54,UP,1.21676,1.22016,1.21624,1.21993,0.000532959,0.000850878,0.002552635
5/20/21 15:44,UP,1.2199,1.2225,1.2181,1.22224,0.000646563,0.000780763,0.002342288
5/21/21 12:01,DOWN,1.22224,1.22401,1.21843,1.21912,-0.002899526,0.001016002,0.003048007
5/24/21 10:57,UP,1.21913,1.22195,1.21607,1.22174,0.001023655,0.000888337,0.002665011
5/25/21 7:03,UP,1.22174,1.22535,1.22033,1.22506,0.001625731,0.000848222,0.002544665
5/26/21 12:46,DOWN,1.22509,1.22665,1.22219,1.2224,-0.000858597,0.000761732,0.002285197
5/26/21 17:14,DOWN,1.22244,1.22399,1.21903,1.21969,-0.000926036,0.000927499,0.002782498
5/28/21 6:21,DOWN,1.21971,1.22151,1.21715,1.21723,-0.00095253,0.000851101,0.002553302
5/28/21 11:51,DOWN,1.2172,1.22005,1.21598,1.21621,-0.001651311,0.000963691,0.002891072
5/28/21 15:14,UP,1.2162,1.21884,1.21326,1.21816,0.001018447,0.001017445,0.003052334
5/31/21 15:00,UP,1.21817,1.22286,1.21817,1.22272,0.002259814,0.00105312,0.003159359
6/2/21 6:58,DOWN,1.22272,1.22546,1.22058,1.22082,-0.000704197,0.000843423,0.00253027
6/2/21 15:26,UP,1.22083,1.22184,1.21641,1.22141,0.000982954,0.000870832,0.002612497
6/3/21 12:22,DOWN,1.22144,1.22164,1.21738,1.21783,-0.000640278,0.000888443,0.00266533
6/3/21 13:49,DOWN,1.21786,1.21788,1.21412,1.21419,-0.001464924,0.000978763,0.00293629
6/4/21 6:12,DOWN,1.21422,1.215,1.21051,1.21064,-0.001386734,0.000925138,0.002775415
6/4/21 13:18,UP,1.21061,1.21747,1.21039,1.21697,0.002311683,0.001108836,0.003326509
6/7/21 15:54,UP,1.217,1.22003,1.2145,1.21973,0.001550725,0.000956693,0.002870078
6/9/21 13:43,UP,1.21978,1.2218,1.21642,1.22109,0.001376767,0.000726067,0.0021782
6/9/21 16:45,DOWN,1.22107,1.22167,1.21741,1.21757,-0.001223001,0.000843616,0.002530848
6/11/21 4:56,UP,1.21758,1.21951,1.21433,1.21882,0.000631958,0.000767837,0.002303511
6/11/21 9:51,DOWN,1.21885,1.21931,1.21544,1.21567,-0.001093449,0.000793985,0.002381955
6/11/21 13:50,DOWN,1.21568,1.2161,1.21144,1.21145,-0.001204442,0.000867095,0.002601284
6/14/21 13:18,UP,1.21147,1.213,1.20926,1.21278,0.00088266,0.000714923,0.002144769
6/15/21 7:47,UP,1.21278,1.21472,1.21137,1.21457,0.001054427,0.000699348,0.002098045
6/15/21 11:48,DOWN,1.21457,1.21475,1.21093,1.21109,-0.001270774,0.000792395,0.002377186
6/16/21 18:09,DOWN,1.21111,1.21348,1.20479,1.20585,-0.004616768,0.001312131,0.003936392
6/16/21 22:31,DOWN,1.20591,1.20591,1.19907,1.19954,-0.001524422,0.001339341,0.004018024
6/17/21 7:31,DOWN,1.19953,1.20064,1.19481,1.19486,-0.002849826,0.001427248,0.004281744
6/17/21 17:06,DOWN,1.19487,1.19646,1.18918,1.19071,-5.04E-05,0.0012799,0.0038397
6/18/21 13:15,DOWN,1.19073,1.19252,1.18671,1.18774,-5.05E-05,0.00113628,0.003408841
6/21/21 9:44,UP,1.18778,1.1898,1.18473,1.18957,0.000563387,0.001045488,0.003136465
6/22/21 16:41,UP,1.18953,1.19438,1.18809,1.1938,0.003003333,0.000991308,0.002973923
6/23/21 13:08,UP,1.19382,1.19569,1.19115,1.19534,0.000996029,0.000849492,0.002548477
6/23/21 17:18,DOWN,1.19533,1.19701,1.19287,1.19292,-0.001315233,0.00093179,0.00279537
6/25/21 12:49,UP,1.19291,1.19658,1.19176,1.19544,0.000853607,0.000773861,0.002321583
6/25/21 18:31,DOWN,1.19546,1.19754,1.19267,1.1928,-0.000921775,0.000850002,0.002550007
6/29/21 8:19,DOWN,1.19278,1.19446,1.19022,1.19064,-0.000772395,0.000889241,0.002667723
6/30/21 13:11,DOWN,1.19062,1.19134,1.18761,1.18771,-0.00059761,0.000756542,0.002269625
7/1/21 6:00,DOWN,1.1877,1.18773,1.18388,1.1844,-0.000692094,0.000760334,0.002281001
7/1/21 12:10,UP,1.18436,1.18839,1.18374,1.1882,0.001271638,0.000851977,0.00255593
7/1/21 15:43,DOWN,1.18825,1.18843,1.18485,1.18489,-0.000700242,0.000866974,0.002600923
7/2/21 17:54,UP,1.18487,1.18682,1.18073,1.18663,0.001526493,0.000878348,0.002635045
7/6/21 6:02,UP,1.18663,1.18834,1.18513,1.18825,0.001195749,0.000835352,0.002506056
7/6/21 9:24,DOWN,1.18826,1.18874,1.18365,1.18371,-0.001384516,0.001015561,0.003046684
7/7/21 14:22,DOWN,1.18371,1.18466,1.17861,1.17886,-0.001881404,0.000986988,0.002960964
7/8/21 9:54,UP,1.17888,1.18348,1.17816,1.18335,0.001700012,0.000976736,0.002930209
7/9/21 6:28,DOWN,1.18333,1.18682,1.18249,1.18301,-0.00061688,0.000953996,0.002861989
7/9/21 11:48,UP,1.18299,1.18639,1.1825,1.18632,0.000489026,0.000951553,0.00285466
7/13/21 11:13,DOWN,1.18631,1.18823,1.18358,1.18418,-0.000675345,0.000771193,0.002313579
7/13/21 13:04,DOWN,1.18418,1.18509,1.17941,1.18033,-0.001024612,0.000932441,0.002797322
7/13/21 17:54,DOWN,1.18036,1.18331,1.17888,1.17899,-0.001898129,0.001044908,0.003134723
7/14/21 13:23,UP,1.17899,1.18281,1.17718,1.18175,0.000609452,0.000931333,0.002793999
7/15/21 12:40,DOWN,1.18174,1.18507,1.1806,1.18135,-0.000228526,0.000859899,0.002579697
7/19/21 8:02,DOWN,1.18131,1.18236,1.17771,1.17786,-0.001315081,0.000811386,0.002434159
7/19/21 13:28,UP,1.17785,1.18143,1.17637,1.18104,0.003188713,0.001068443,0.00320533
7/20/21 4:57,DOWN,1.18108,1.18247,1.17884,1.17898,-0.000440962,0.000959248,0.002877745
7/20/21 13:23,DOWN,1.17897,1.18026,1.1758,1.17616,-0.00072243,0.000913028,0.002739084
7/21/21 14:48,UP,1.17615,1.17983,1.17518,1.17981,0.001068539,0.001032313,0.00309694
7/22/21 16:04,DOWN,1.17978,1.18305,1.1764,1.17647,-0.00261458,0.001236997,0.003710992
7/26/21 14:30,UP,1.17646,1.18174,1.17545,1.18122,0.00166068,0.001006185,0.003018554
7/27/21 8:57,DOWN,1.18121,1.18168,1.177,1.17762,-0.000416007,0.000906841,0.002720522
7/27/21 13:30,UP,1.17762,1.18264,1.17745,1.1822,0.000863171,0.001017572,0.003052715
7/28/21 14:13,DOWN,1.18217,1.18412,1.17831,1.17905,-0.00077151,0.000966461,0.002899383
7/28/21 18:50,UP,1.17909,1.18433,1.17722,1.1835,0.001792903,0.001007072,0.003021217
7/29/21 9:41,UP,1.18347,1.18796,1.18264,1.18721,0.000572936,0.000908297,0.00272489
7/30/21 9:40,UP,1.18723,1.19087,1.18699,1.19057,0.001033653,0.000805913,0.00241774
7/30/21 14:52,DOWN,1.19056,1.1906,1.18581,1.18621,-0.00180244,0.000883301,0.002649903
8/2/21 10:30,UP,1.1862,1.1897,1.18516,1.18869,7.57E-05,0.000870353,0.002611058
8/4/21 8:19,DOWN,1.18871,1.18934,1.18535,1.18564,-0.001331726,0.000722352,0.002167056
8/4/21 13:29,UP,1.18566,1.18956,1.18534,1.18953,0.00232294,0.000899076,0.002697228
8/4/21 15:01,DOWN,1.18951,1.18998,1.18364,1.18457,-0.000683559,0.001196311,0.003588932
8/6/21 10:28,DOWN,1.18461,1.18575,1.18049,1.18098,-0.000981753,0.000870396,0.002611188
8/6/21 13:48,DOWN,1.18099,1.1813,1.17702,1.17702,-0.001375411,0.000922488,0.002767464
8/9/21 16:18,DOWN,1.17702,1.17774,1.17405,1.1742,-0.000698104,0.000787168,0.002361504
8/10/21 13:11,DOWN,1.17419,1.17486,1.17132,1.17136,-0.001006869,0.000702661,0.002107984
8/11/21 13:40,UP,1.17137,1.17497,1.1706,1.17433,0.001099103,0.000695007,0.00208502
8/12/21 13:47,DOWN,1.17435,1.17538,1.17244,1.17258,-0.000895061,0.000640396,0.001921188
8/13/21 11:03,UP,1.17259,1.17515,1.17236,1.17496,0.000996275,0.000611057,0.001833171
8/13/21 15:07,UP,1.17496,1.17968,1.1748,1.17931,0.001714335,0.000788758,0.002366273
8/16/21 12:00,DOWN,1.17932,1.18048,1.17674,1.17685,-0.00121437,0.000738945,0.002216834
8/17/21 12:56,DOWN,1.17685,1.17907,1.17419,1.17419,-0.002211844,0.000820581,0.002461744
8/17/21 16:59,DOWN,1.17423,1.17449,1.17088,1.17092,-0.00050375,0.00081897,0.002456909
8/19/21 2:42,DOWN,1.17089,1.17429,1.16748,1.16788,-0.000958543,0.000935511,0.002806534
8/20/21 9:05,DOWN,1.16787,1.17044,1.16658,1.16761,-0.000402451,0.000699596,0.002098787
8/22/21 22:05,UP,1.16763,1.17047,1.16639,1.16997,0.000478759,0.000726072,0.002178216
8/23/21 12:49,UP,1.16997,1.1734,1.16929,1.17287,0.000588474,0.000751564,0.002254691
8/24/21 15:18,UP,1.17285,1.17654,1.1724,1.17526,0.000127639,0.000674608,0.002023825
8/25/21 18:11,UP,1.17522,1.1768,1.1726,1.1768,0.00074807,0.000750993,0.002252979
8/27/21 13:20,DOWN,1.17678,1.1779,1.17349,1.17364,-0.002195876,0.000848269,0.002544808
8/27/21 14:11,UP,1.17363,1.17955,1.17352,1.1793,0.00184177,0.001156104,0.003468311
8/31/21 4:53,UP,1.17929,1.18247,1.17828,1.18178,0.001219244,0.000852577,0.00255773
8/31/21 14:59,DOWN,1.18179,1.18451,1.17993,1.18036,-0.001887472,0.000880157,0.002640471
9/1/21 12:35,UP,1.18036,1.18307,1.17937,1.18295,0.001192646,0.00072696,0.002180879
9/2/21 13:37,UP,1.18296,1.18573,1.18276,1.18533,0.000768014,0.000641861,0.001925582
9/3/21 2:04,UP,1.18532,1.1884,1.18502,1.18827,0.000681896,0.000617167,0.0018515
9/3/21 13:35,UP,1.1883,1.19094,1.18655,1.18987,0.000386672,0.000725087,0.002175262
9/6/21 3:42,DOWN,1.18984,1.18984,1.18649,1.18681,-0.00112844,0.000772452,0.002317356
9/7/21 13:01,DOWN,1.18683,1.18852,1.18494,1.185,-0.000953132,0.000721489,0.002164467
9/8/21 8:17,DOWN,1.18503,1.18606,1.1825,1.18281,-0.001106919,0.000711777,0.00213533
9/9/21 8:51,UP,1.18282,1.18362,1.18021,1.18333,0.000650918,0.000588548,0.001765643
9/9/21 14:34,DOWN,1.18335,1.18414,1.18053,1.1806,-0.000939758,0.000590767,0.0017723
9/9/21 17:06,UP,1.18059,1.1835,1.18052,1.1835,0.001310533,0.000696486,0.002089459
9/10/21 8:59,UP,1.18354,1.18512,1.18187,1.18477,0.000607898,0.00068129,0.002043869
9/10/21 16:55,DOWN,1.18477,1.18481,1.18156,1.18188,-0.000981006,0.000675165,0.002025494
9/13/21 5:29,DOWN,1.18187,1.18191,1.17877,1.17893,-0.001119033,0.000691314,0.002073942
9/13/21 14:11,UP,1.17896,1.18072,1.17701,1.18037,0.000966266,0.000725612,0.002176837
9/14/21 12:33,UP,1.18036,1.18349,1.17923,1.18336,0.001962444,0.000848471,0.002545412
9/14/21 19:41,DOWN,1.18337,1.18459,1.18002,1.18031,-0.001819898,0.000885151,0.002655453
9/15/21 10:55,UP,1.18032,1.18319,1.17992,1.18303,0.000608792,0.000777077,0.002331231
9/16/21 7:12,DOWN,1.18302,1.18318,1.17891,1.17896,-0.001339267,0.000781685,0.002345055
9/16/21 12:37,DOWN,1.17897,1.17934,1.17549,1.17564,-0.001309068,0.000803042,0.002409127
9/17/21 8:45,UP,1.17566,1.17851,1.17503,1.17796,0.000118857,0.000643658,0.001930973
9/17/21 13:45,DOWN,1.17798,1.17891,1.17548,1.17551,-0.001886761,0.000738863,0.002216588
9/17/21 17:10,DOWN,1.17553,1.17573,1.17246,1.17264,-0.001031328,0.000759837,0.002279511
9/20/21 8:51,DOWN,1.17262,1.1733,1.17053,1.17055,-0.000495371,0.000695154,0.002085463
9/20/21 15:42,UP,1.17054,1.17369,1.17002,1.17308,0.000639547,0.00062788,0.001883641
9/21/21 12:06,UP,1.17309,1.17464,1.17184,1.17463,0.001184052,0.00069682,0.002090459
9/21/21 16:02,DOWN,1.17464,1.17487,1.17149,1.17235,-0.000110882,0.000643676,0.001931029
9/22/21 18:14,UP,1.17236,1.17535,1.17048,1.17525,0.002487669,0.000880431,0.002641292
9/22/21 18:54,DOWN,1.17526,1.17558,1.1693,1.17063,-0.001928723,0.001065839,0.003197517
9/23/21 8:26,UP,1.17065,1.17257,1.16835,1.17257,0.001211749,0.001054439,0.003163316
9/24/21 13:19,DOWN,1.1726,1.17502,1.17007,1.17079,-0.000879361,0.000878934,0.002636802
9/27/21 8:38,DOWN,1.1708,1.17288,1.16846,1.16867,-0.001684258,0.000838613,0.002515839
9/28/21 11:10,DOWN,1.16869,1.17107,1.16723,1.16785,-5.14E-05,0.000829589,0.002488766
9/29/21 7:50,DOWN,1.16785,1.17013,1.16565,1.16608,-0.001371178,0.000821167,0.0024635
9/29/21 14:06,DOWN,1.16609,1.16721,1.1632,1.16334,-0.000730388,0.000931831,0.002795493
9/29/21 19:21,DOWN,1.16333,1.16336,1.15896,1.15956,-0.000543162,0.000932629,0.002797887
9/30/21 16:12,DOWN,1.15955,1.16098,1.15679,1.15732,-0.001450577,0.000860767,0.002582301
10/1/21 12:56,UP,1.15734,1.16071,1.15625,1.16031,0.000465501,0.000767985,0.002303956
10/4/21 10:14,UP,1.16028,1.16182,1.15837,1.1612,0.000456529,0.000683147,0.002049442
10/5/21 3:30,DOWN,1.16119,1.16402,1.16022,1.16023,-0.00133505,0.000773135,0.002319404
10/6/21 7:07,DOWN,1.16023,1.16132,1.15735,1.15763,-0.001070581,0.000742442,0.002227325
10/6/21 9:12,DOWN,1.1576,1.15768,1.15455,1.1546,-0.000865726,0.000840098,0.002520293
10/7/21 6:41,UP,1.15458,1.15677,1.15291,1.15662,0.00108132,0.000804611,0.002413834
10/8/21 15:04,UP,1.15661,1.15864,1.15414,1.15765,0.000630787,0.000719691,0.002159073
10/12/21 0:55,DOWN,1.15763,1.15868,1.15472,1.15521,-0.000372157,0.000728563,0.002185689
10/12/21 12:43,DOWN,1.15524,1.15704,1.15333,1.15351,-0.001360138,0.000762543,0.00228763
10/13/21 8:59,UP,1.15351,1.15603,1.15241,1.15569,0.000822358,0.000753676,0.002261028
10/13/21 17:39,UP,1.15567,1.15915,1.15362,1.15913,0.001796061,0.000921663,0.002764988
10/14/21 17:44,DOWN,1.15916,1.16245,1.15808,1.15893,-0.000181185,0.00085247,0.002557409
10/18/21 6:25,DOWN,1.15894,1.16188,1.15744,1.15757,-0.001044747,0.000878698,0.002636095
10/18/21 17:51,UP,1.1576,1.16224,1.15717,1.16149,0.001145737,0.00080942,0.002428261
10/19/21 4:29,UP,1.16152,1.16548,1.16083,1.16545,0.001794909,0.000970431,0.002911293
10/19/21 22:28,DOWN,1.16547,1.16695,1.16296,1.16343,-0.000618668,0.000903511,0.002710533
10/20/21 17:47,UP,1.16341,1.16588,1.16168,1.16554,0.000927039,0.000900651,0.002701952
10/21/21 17:09,DOWN,1.16553,1.16674,1.16311,1.16348,-0.000395287,0.000758986,0.002276957
10/25/21 4:57,UP,1.16349,1.16652,1.16195,1.1661,0.001381625,0.000798792,0.002396376
10/25/21 10:45,DOWN,1.16607,1.16645,1.16194,1.16212,-0.000842931,0.001009911,0.003029733
10/26/21 15:37,DOWN,1.16216,1.16272,1.15862,1.15871,-0.001422984,0.000876359,0.002629076
10/27/21 14:05,UP,1.15872,1.16262,1.15849,1.16198,0.000266822,0.000854122,0.002562367
10/28/21 12:59,UP,1.162,1.16362,1.15823,1.16312,0.002892962,0.001221296,0.003663888
10/28/21 15:22,UP,1.16316,1.16867,1.16245,1.16808,0.00077936,0.0012013,0.003603901
10/29/21 12:21,DOWN,1.16806,1.16922,1.16405,1.1641,-0.001176183,0.001029598,0.003088795
10/29/21 14:39,DOWN,1.16411,1.16478,1.15922,1.15932,-0.002945662,0.001231238,0.003693714
10/29/21 17:09,DOWN,1.15935,1.15987,1.15351,1.15472,-4.33E-05,0.001307321,0.003921964
11/1/21 15:30,UP,1.15473,1.15872,1.15459,1.15858,0.001606704,0.001079032,0.003237096
11/3/21 13:17,DOWN,1.15858,1.16136,1.15732,1.1576,-0.000673581,0.000706371,0.002119114
11/3/21 18:58,UP,1.15757,1.16167,1.15623,1.16084,0.002699965,0.000984714,0.002954141
11/4/21 8:23,DOWN,1.16079,1.1617,1.15495,1.15542,-0.002040464,0.001134787,0.00340436
11/5/21 11:14,DOWN,1.15541,1.15732,1.15283,1.15321,-0.000875433,0.000916593,0.00274978
11/5/21 17:00,UP,1.15319,1.15667,1.15133,1.15632,0.001124889,0.000950308,0.002850923
11/8/21 16:01,UP,1.15631,1.15949,1.15483,1.15899,0.001441949,0.00092849,0.00278547
11/10/21 7:48,DOWN,1.15896,1.1609,1.15577,1.15635,-0.001667654,0.001066737,0.00320021
11/10/21 15:34,DOWN,1.15637,1.15823,1.1518,1.1522,-0.002859992,0.001309044,0.003927132
11/10/21 21:25,DOWN,1.1522,1.15348,1.14763,1.14784,-0.001010084,0.001336328,0.004008983
11/12/21 3:38,DOWN,1.14783,1.14898,1.1436,1.14394,-0.000734035,0.001129183,0.003387548
11/15/21 15:52,DOWN,1.14396,1.14641,1.14184,1.14197,-0.001679893,0.000907073,0.002721219
11/15/21 20:50,DOWN,1.14199,1.14243,1.13618,1.1363,-0.001802476,0.001120305,0.003360915
11/16/21 14:38,DOWN,1.13629,1.13859,1.13297,1.13481,-0.001127306,0.000984946,0.002954837
11/16/21 20:16,DOWN,1.13483,1.13558,1.13153,1.13181,-0.00088315,0.000969765,0.002909295
11/18/21 8:10,UP,1.13183,1.13387,1.12634,1.1335,0.001386051,0.001023347,0.00307004
11/18/21 18:09,UP,1.1335,1.1374,1.13241,1.13739,0.002033031,0.001059762,0.003179285
11/19/21 8:51,DOWN,1.13738,1.13743,1.13235,1.13235,-0.00291886,0.001235708,0.003707123
11/19/21 13:21,DOWN,1.13237,1.13283,1.12498,1.12772,-0.00091293,0.001266283,0.003798849
11/22/21 2:54,DOWN,1.12769,1.13222,1.12648,1.1267,-0.00125066,0.001319902,0.003959705
11/22/21 14:42,DOWN,1.12665,1.12905,1.1236,1.12386,-0.001840172,0.00121614,0.00364842
11/24/21 9:51,DOWN,1.12384,1.12751,1.12118,1.12118,-0.002111613,0.001063537,0.003190611
11/25/21 13:20,UP,1.12115,1.12301,1.11862,1.12239,0.000401011,0.000871565,0.002614696
11/26/21 8:19,UP,1.12232,1.12471,1.12047,1.12465,0.001334639,0.000839642,0.002518927
11/26/21 11:19,UP,1.12463,1.129,1.12421,1.12849,0.001525323,0.000869771,0.002609312
11/26/21 15:46,UP,1.12848,1.13132,1.12739,1.13129,0.001760603,0.000923926,0.002771779
11/29/21 4:05,DOWN,1.13131,1.13331,1.12769,1.12783,-0.0009217,0.001204199,0.003612596
11/30/21 3:00,UP,1.12781,1.13048,1.12584,1.13045,0.000761049,0.001075936,0.003227807
11/30/21 9:28,UP,1.13045,1.13666,1.12953,1.13649,0.00210518,0.001182225,0.003546674
11/30/21 16:02,DOWN,1.1365,1.1383,1.12398,1.12452,-0.007698036,0.002302617,0.00690785
11/30/21 20:17,UP,1.12446,1.13311,1.12354,1.13303,0.001342436,0.002135213,0.00640564
12/3/21 4:20,DOWN,1.13302,1.13599,1.12906,1.1297,-0.000831733,0.001131677,0.00339503
12/3/21 19:07,UP,1.1297,1.13341,1.12666,1.1326,0.001625902,0.001310625,0.003931874
12/6/21 16:02,DOWN,1.13256,1.13274,1.12664,1.127,-0.001976749,0.00121747,0.003652411
12/7/21 13:29,DOWN,1.12703,1.12987,1.12373,1.12379,-0.001680396,0.001168967,0.0035069
12/8/21 2:54,UP,1.12375,1.12907,1.12273,1.12893,0.001861901,0.00122842,0.003685261
12/8/21 15:19,UP,1.12897,1.13202,1.12665,1.13176,0.000760167,0.0012239,0.003671699
12/9/21 15:16,DOWN,1.13172,1.1355,1.12922,1.12926,-0.002308581,0.001208788,0.003626363
12/10/21 16:32,UP,1.12935,1.13176,1.12652,1.13148,0.001326577,0.001148984,0.003446953
12/13/21 10:45,DOWN,1.13151,1.13242,1.12601,1.12662,-0.001339395,0.00113349,0.003400469
12/14/21 11:02,UP,1.12663,1.13177,1.12634,1.13145,0.001964011,0.001177408,0.003532225
12/14/21 16:47,DOWN,1.13145,1.13239,1.12675,1.12705,-0.001976662,0.001188317,0.00356495
12/15/21 19:02,DOWN,1.12706,1.12774,1.1225,1.12263,-0.002801982,0.001177223,0.003531668
12/15/21 20:35,UP,1.12266,1.12992,1.12216,1.12969,0.002597001,0.001478371,0.004435112
12/16/21 13:32,UP,1.12973,1.13472,1.12812,1.13384,0.001747805,0.001504759,0.004514278
12/17/21 16:03,DOWN,1.13383,1.13605,1.12703,1.12753,-0.002639459,0.001395604,0.004186812
12/20/21 13:57,UP,1.12751,1.12984,1.12348,1.12929,0.00199439,0.001267537,0.003802612
12/22/21 13:55,UP,1.1293,1.13108,1.12608,1.13101,0.000787217,0.001057624,0.003172873
12/23/21 14:07,DOWN,1.13098,1.13424,1.12955,1.12955,-0.000911452,0.001179109,0.003537326
12/28/21 10:06,UP,1.12958,1.13437,1.12901,1.13323,0.000997647,0.000922529,0.002767587
12/28/21 15:31,DOWN,1.13321,1.13334,1.12921,1.12969,-0.001326917,0.000982148,0.002946445
12/29/21 14:53,UP,1.12971,1.13493,1.12737,1.13463,0.002709395,0.001188564,0.003565693
12/30/21 6:55,DOWN,1.13458,1.13689,1.13155,1.13158,-0.002674093,0.001291971,0.003875912
12/31/21 15:44,UP,1.13159,1.13695,1.12985,1.13686,0.001699101,0.001394761,0.004184284
1/3/22 14:30,DOWN,1.1369,1.13866,1.13249,1.13257,-0.002231366,0.0012838,0.003851399
1/4/22 7:15,DOWN,1.13254,1.13294,1.12796,1.12861,-0.001133496,0.001145125,0.003435374
1/5/22 0:58,DOWN,1.12863,1.13226,1.12722,1.12772,-0.000966085,0.001108112,0.003324337
1/5/22 11:52,UP,1.1277,1.1324,1.1277,1.1321,0.001016328,0.001037737,0.003113212
1/6/22 7:49,DOWN,1.13211,1.13464,1.12847,1.12872,-0.001673063,0.001013322,0.003039965
1/6/22 14:59,UP,1.12871,1.1332,1.12848,1.13203,0.001007548,0.000946107,0.00283832
1/6/22 20:00,DOWN,1.13208,1.133,1.12867,1.12874,-0.001018317,0.000922395,0.002767186
1/7/22 14:48,UP,1.12875,1.13342,1.12862,1.13267,0.001510848,0.000909448,0.002728343
1/7/22 20:29,UP,1.13264,1.13649,1.13244,1.13618,0.000827676,0.000949488,0.002848463
1/10/22 8:32,DOWN,1.13616,1.13623,1.13206,1.13295,-0.000150039,0.00093064,0.002791919
1/10/22 13:50,DOWN,1.13295,1.13447,1.12998,1.13017,-0.001105417,0.00089757,0.002692709
1/10/22 18:25,UP,1.13016,1.1335,1.12851,1.13246,0.000220783,0.000873986,0.002621958
1/11/22 16:20,UP,1.13245,1.13648,1.1313,1.1359,0.001568268,0.000985088,0.002955263
1/12/22 13:40,UP,1.13593,1.14061,1.13521,1.14046,0.003451929,0.001143302,0.003429905
1/12/22 18:54,UP,1.14051,1.14452,1.13944,1.14402,0.000682039,0.001016128,0.003048385
1/13/22 14:14,UP,1.14404,1.14785,1.14359,1.14736,0.000871946,0.000903182,0.002709547
1/14/22 13:13,DOWN,1.14735,1.1483,1.14418,1.14481,-0.000602539,0.00086052,0.00258156
1/14/22 16:36,DOWN,1.14479,1.1455,1.14153,1.14175,-0.000884216,0.000817722,0.002453166
1/17/22 13:26,DOWN,1.14172,1.14345,1.13919,1.13945,-0.001823778,0.000918366,0.002755098
1/18/22 12:25,DOWN,1.13944,1.14214,1.13813,1.13861,-0.000166856,0.000897535,0.002692605
1/18/22 16:08,DOWN,1.13862,1.1392,1.1341,1.13424,-0.001136679,0.000943548,0.002830644
1/19/22 18:43,UP,1.13424,1.13573,1.13147,1.13468,-8.81E-06,0.000722906,0.002168719
1/20/22 18:54,DOWN,1.13466,1.13691,1.13149,1.13205,-0.001262398,0.000828408,0.002485224
1/21/22 9:00,UP,1.13204,1.13402,1.13009,1.1335,0.000591264,0.000820819,0.002462458
1/24/22 7:10,DOWN,1.13348,1.13598,1.13147,1.13227,-0.000520941,0.000666132,0.001998397
1/24/22 11:57,DOWN,1.13228,1.13365,1.13048,1.1305,-0.000928362,0.000735364,0.002206093
1/24/22 18:46,UP,1.13048,1.1334,1.12905,1.13315,0.001492531,0.000764561,0.002293684
1/25/22 9:13,DOWN,1.13316,1.13352,1.1292,1.12968,-0.000955566,0.000739439,0.002218317
1/25/22 14:31,DOWN,1.12972,1.12984,1.12662,1.12685,-0.000496837,0.000754358,0.002263075
1/25/22 19:55,UP,1.12683,1.13023,1.12632,1.1302,0.001478707,0.000812522,0.002437565
1/26/22 13:04,DOWN,1.13019,1.13109,1.12752,1.12789,-0.000274812,0.000749445,0.002248335
1/26/22 19:47,DOWN,1.12792,1.13008,1.12482,1.12567,-0.002980443,0.001016551,0.003049653
1/27/22 4:50,DOWN,1.12567,1.12672,1.12185,1.12204,-0.00091755,0.000947173,0.002841518
1/27/22 11:58,DOWN,1.12202,1.12229,1.11523,1.11568,-0.003096449,0.001168074,0.003504223
1/31/22 8:17,UP,1.11568,1.11761,1.11214,1.11755,0.001038524,0.001013346,0.003040039
1/31/22 15:19,UP,1.11756,1.12028,1.11463,1.12005,0.001080893,0.001079695,0.003239084
1/31/22 20:28,UP,1.12003,1.1248,1.11931,1.12437,0.001352783,0.001104316,0.003312949
2/1/22 12:42,UP,1.12434,1.12788,1.12209,1.12663,0.000497181,0.001090955,0.003272866
2/2/22 8:38,UP,1.12664,1.12944,1.12345,1.12896,0.001826355,0.001133478,0.003400433
2/3/22 11:03,DOWN,1.12894,1.13305,1.12762,1.12782,-0.001258274,0.00107338,0.00322014
2/3/22 13:45,UP,1.12784,1.13419,1.12674,1.13407,0.00488817,0.00156823,0.004704689
2/3/22 15:43,UP,1.13403,1.14182,1.13403,1.14167,0.002587278,0.001727048,0.005181143
2/4/22 10:43,UP,1.14166,1.14754,1.14144,1.1471,0.001491828,0.001527154,0.004581462
2/7/22 7:39,DOWN,1.14712,1.1484,1.14116,1.14295,-0.000900771,0.001441171,0.004323512
2/8/22 7:14,DOWN,1.14297,1.14589,1.1406,1.14066,-0.002110583,0.001350731,0.004052192
2/10/22 10:04,UP,1.14066,1.14479,1.13962,1.14432,0.001215434,0.001067723,0.003203169
2/10/22 13:35,DOWN,1.14431,1.14457,1.13852,1.13908,-0.003776615,0.001378544,0.004135633
2/10/22 16:01,UP,1.13912,1.14737,1.13748,1.14698,0.002540321,0.001585361,0.004756082
2/10/22 23:05,DOWN,1.14698,1.14951,1.14068,1.14072,-0.003596512,0.001791228,0.005373684
2/11/22 18:50,DOWN,1.14077,1.14206,1.13416,1.13439,-0.004529611,0.001835913,0.005507739
2/14/22 15:28,DOWN,1.13443,1.13693,1.13006,1.1304,-0.000486435,0.001373575,0.004120724
2/15/22 8:50,UP,1.13036,1.13492,1.128,1.13443,0.002621488,0.001277829,0.003833488
2/16/22 19:29,UP,1.13447,1.13962,1.13203,1.1392,0.001528555,0.001071042,0.003213126
2/17/22 4:11,DOWN,1.13918,1.13938,1.13232,1.13363,-0.004137403,0.001456656,0.004369969
2/18/22 15:51,DOWN,1.13364,1.13862,1.13274,1.13376,-0.000564334,0.001005511,0.003016533
2/21/22 8:03,UP,1.13374,1.13798,1.1313,1.13782,0.001504004,0.001104109,0.003312327
2/21/22 13:40,DOWN,1.13781,1.1391,1.1327,1.13319,-0.001472631,0.001152813,0.003458439
2/22/22 3:56,DOWN,1.13321,1.13492,1.1288,1.12936,-0.001132743,0.001269546,0.003808637
2/22/22 10:48,UP,1.12937,1.13465,1.12912,1.13441,0.001508529,0.001282675,0.003848025
2/23/22 18:43,DOWN,1.13439,1.13671,1.13039,1.1308,-0.001025297,0.001118528,0.003355585
2/24/22 3:50,DOWN,1.13079,1.13143,1.12366,1.12453,-0.002282792,0.00123667,0.003710011
2/24/22 10:18,DOWN,1.1245,1.12623,1.11939,1.11983,-0.003031575,0.001365839,0.004097516
2/24/22 13:56,DOWN,1.11984,1.11993,1.1153,1.1154,-0.001209596,0.001303288,0.003909865
2/24/22 19:11,UP,1.11538,1.12066,1.11065,1.11974,0.002987293,0.001462145,0.004386434
2/25/22 9:07,DOWN,1.11972,1.12289,1.11701,1.11768,-0.001028388,0.001360203,0.004080608
2/25/22 13:30,UP,1.11767,1.12372,1.1166,1.12254,0.001613716,0.001408149,0.004224448
2/27/22 22:33,DOWN,1.12263,1.12744,1.11356,1.11526,-0.009628372,0.002735771,0.008207312
2/28/22 16:08,UP,1.11486,1.12381,1.11422,1.12276,0.001033702,0.002050263,0.006150789
3/1/22 13:02,DOWN,1.12274,1.12465,1.1156,1.11627,-0.00153966,0.001690483,0.00507145
3/1/22 17:23,DOWN,1.11629,1.11703,1.10896,1.11041,-0.000567197,0.001588484,0.004765453
3/2/22 9:24,DOWN,1.11042,1.11384,1.1059,1.10607,-0.002961066,0.001568396,0.004705188
3/2/22 19:33,UP,1.10605,1.11438,1.10574,1.11291,0.003294095,0.001589075,0.004767226
3/3/22 9:48,DOWN,1.11288,1.11328,1.10717,1.10766,-0.002065287,0.001569599,0.004708796
3/4/22 0:55,DOWN,1.10769,1.10971,1.10108,1.10127,-0.004945662,0.00182968,0.005489039
3/4/22 12:19,DOWN,1.10131,1.10521,1.09654,1.09674,-0.003049851,0.001815084,0.005445253
3/4/22 14:59,DOWN,1.09672,1.09699,1.08852,1.09066,-0.00107217,0.001845298,0.005535893
3/7/22 1:20,DOWN,1.09068,1.09426,1.08391,1.08425,-0.003415879,0.002036908,0.006110723
3/7/22 13:41,UP,1.08428,1.09254,1.08059,1.0917,0.002310995,0.001907491,0.005722472
3/8/22 18:04,UP,1.09171,1.09563,1.08456,1.09503,0.003622894,0.001954471,0.005863414
3/9/22 10:17,UP,1.09506,1.09877,1.08901,1.0981,0.00310106,0.001966402,0.005899205
3/9/22 15:02,UP,1.09811,1.10506,1.09416,1.10354,0.000398796,0.002107454,0.006322363
3/10/22 14:36,DOWN,1.10359,1.11214,1.10058,1.10071,-0.004993372,0.00235432,0.00706296
3/11/22 17:46,DOWN,1.10072,1.10439,1.09156,1.09207,-0.002880278,0.001991586,0.005974759
3/14/22 16:26,UP,1.09209,1.09897,1.09007,1.09858,0.002086685,0.001784231,0.005352692
3/15/22 8:03,UP,1.09859,1.10199,1.09294,1.10023,0.002684859,0.001883677,0.005651031
3/15/22 19:42,DOWN,1.10017,1.10194,1.0926,1.0949,-3.65E-05,0.001579046,0.004737139
3/16/22 10:36,UP,1.09486,1.10149,1.09419,1.10016,0.001182345,0.001522878,0.004568633
3/16/22 22:00,UP,1.10017,1.10468,1.09498,1.10317,0.003159532,0.001709148,0.005127444
3/17/22 14:54,UP,1.10301,1.10919,1.10077,1.1085,0.003126217,0.001626875,0.004880624
3/18/22 8:30,DOWN,1.1085,1.11377,1.10636,1.10669,-0.001706339,0.00186727,0.005601809
3/22/22 2:24,DOWN,1.10668,1.10723,1.09812,1.09931,-0.002307875,0.001639537,0.004918611
3/22/22 14:53,UP,1.09927,1.10461,1.09609,1.10336,0.000589283,0.001616046,0.004848138
3/23/22 13:41,DOWN,1.10336,1.10439,1.09655,1.09659,-0.002304495,0.001541972,0.004625917
3/25/22 1:23,UP,1.09662,1.10189,1.0964,1.10186,0.001780394,0.001554633,0.0046639
3/27/22 22:57,DOWN,1.10189,1.1038,1.09795,1.09807,-0.000855681,0.001444125,0.004332375
3/29/22 7:24,UP,1.09807,1.10097,1.09447,1.10084,0.002455685,0.001525986,0.004577957
3/29/22 12:05,UP,1.10083,1.11026,1.09751,1.10876,0.003876692,0.001978953,0.00593686
3/30/22 8:41,UP,1.10883,1.11459,1.10716,1.11377,0.001572476,0.001749582,0.005248746
3/31/22 10:19,DOWN,1.11376,1.1185,1.11026,1.11051,-0.001529658,0.001688628,0.005065884
4/1/22 8:00,DOWN,1.11048,1.11328,1.10428,1.10521,-0.000678374,0.001569861,0.004709582
4/4/22 9:54,DOWN,1.10526,1.10746,1.10132,1.10144,-0.001007264,0.001260408,0.003781223
4/5/22 2:21,DOWN,1.10141,1.10142,1.09606,1.09715,-0.000264286,0.001223921,0.003671763
4/5/22 14:59,DOWN,1.09718,1.09887,1.09312,1.0939,-0.002009133,0.001214592,0.003643777
4/6/22 1:19,DOWN,1.09393,1.09419,1.08907,1.08922,-0.000908494,0.001272592,0.003817777
4/6/22 12:39,UP,1.08921,1.09366,1.08746,1.09348,0.001940646,0.001267371,0.003802114
4/6/22 18:35,DOWN,1.09344,1.09381,1.08788,1.08937,-0.001119287,0.001251353,0.003754058
4/7/22 13:46,UP,1.08937,1.09387,1.08648,1.09326,0.001785249,0.001300966,0.003902898
4/7/22 18:22,DOWN,1.0933,1.09333,1.08766,1.08862,-0.000220438,0.001361633,0.0040849
4/8/22 13:56,DOWN,1.08861,1.0892,1.08363,1.0837,-0.002230601,0.001319657,0.003958972
4/10/22 22:07,UP,1.08373,1.09182,1.08373,1.09076,0.003379498,0.001706585,0.005119756
4/12/22 7:11,DOWN,1.09077,1.09334,1.08533,1.08618,-0.001334063,0.001332229,0.003996687
4/12/22 16:47,DOWN,1.08619,1.09038,1.08321,1.08374,-0.001548987,0.001524021,0.004572063
4/13/22 16:50,UP,1.08377,1.08943,1.08088,1.08825,0.002456495,0.001548154,0.004644462
4/14/22 13:15,DOWN,1.08824,1.09235,1.08323,1.08345,-0.003022793,0.001614641,0.004843922
4/18/22 16:22,DOWN,1.08345,1.08357,1.07574,1.07718,-0.002920035,0.00162585,0.00487755
4/20/22 3:51,UP,1.07718,1.08227,1.07611,1.08177,0.00227664,0.001308129,0.003924387
4/20/22 10:55,UP,1.08176,1.08672,1.08057,1.08629,0.001999623,0.001410917,0.00423275
4/21/22 7:10,UP,1.08624,1.09034,1.08206,1.0896,0.003926568,0.001725653,0.005176959
4/21/22 15:14,DOWN,1.08961,1.09364,1.08412,1.08508,-0.001620686,0.001822558,0.005467675
4/22/22 8:29,DOWN,1.08511,1.08598,1.07905,1.07916,-0.002008804,0.001737725,0.005213175
4/25/22 5:57,DOWN,1.07918,1.08452,1.07682,1.07701,-0.001447407,0.001487591,0.004462772
4/25/22 14:13,DOWN,1.07705,1.07781,1.07067,1.07154,-0.000373225,0.00154228,0.00462684
4/26/22 8:15,DOWN,1.07158,1.07389,1.0673,1.06799,-0.0012165,0.001339002,0.004017007
4/26/22 19:04,DOWN,1.06795,1.06974,1.06407,1.0647,-0.001060769,0.001245078,0.003735235
4/27/22 9:01,DOWN,1.06466,1.06549,1.05853,1.05917,-0.002451744,0.001312694,0.003938081
4/27/22 12:44,DOWN,1.05918,1.06228,1.05582,1.05584,-0.002893975,0.001522154,0.004566463
4/28/22 4:19,DOWN,1.05585,1.05724,1.05089,1.05133,-0.002583858,0.001555605,0.004666815
4/28/22 12:07,DOWN,1.05129,1.05649,1.0481,1.04953,-0.000228648,0.001478439,0.004435316
4/29/22 7:36,UP,1.0495,1.05637,1.04713,1.05631,0.002122841,0.001685691,0.005057072
4/29/22 12:46,DOWN,1.05626,1.05932,1.05096,1.05218,-0.003311434,0.001808954,0.005426862
5/2/22 6:05,DOWN,1.05223,1.05789,1.05104,1.05187,-0.000532244,0.001698306,0.005094919
5/3/22 13:06,UP,1.0519,1.05778,1.04902,1.05667,0.002653351,0.00168235,0.005047049
5/4/22 5:52,DOWN,1.05669,1.05723,1.05114,1.05124,-0.000998322,0.00153653,0.004609589
5/4/22 18:01,UP,1.05128,1.05731,1.05061,1.05651,0.00214141,0.001543461,0.004630384
5/4/22 18:59,UP,1.05647,1.06271,1.05106,1.06165,0.008333027,0.002637094,0.007911282
5/5/22 13:21,DOWN,1.06158,1.06422,1.05457,1.05569,-0.001003579,0.002036013,0.006108038
5/6/22 7:06,DOWN,1.05561,1.05659,1.04831,1.04918,-0.003273388,0.001876379,0.005629138
5/6/22 8:40,UP,1.04918,1.0581,1.04826,1.05666,0.003764197,0.00214249,0.006427469
5/9/22 1:18,DOWN,1.0567,1.0599,1.05137,1.05214,-0.001861137,0.001686045,0.005058134
5/9/22 12:44,UP,1.05218,1.05735,1.04951,1.05656,0.002349999,0.00171129,0.005133871
5/10/22 5:47,UP,1.05658,1.05926,1.05171,1.05813,0.000822543,0.001593661,0.004780984
5/10/22 17:00,DOWN,1.05817,1.05846,1.05253,1.05331,-0.000360702,0.001510396,0.004531189
5/11/22 17:50,DOWN,1.0533,1.05773,1.0502,1.05228,-0.001044803,0.00164004,0.004920119
5/12/22 7:27,DOWN,1.05229,1.05358,1.04428,1.04627,-0.004082378,0.001783657,0.005350972
5/12/22 13:36,DOWN,1.04628,1.048,1.03888,1.04073,-0.0016801,0.001736704,0.005210112
5/16/22 8:08,UP,1.04076,1.04262,1.03495,1.0416,0.000797169,0.001455765,0.004367295
5/17/22 1:57,UP,1.04163,1.04543,1.03899,1.04474,0.001398454,0.001397241,0.004191722
5/17/22 11:03,UP,1.04474,1.05277,1.04319,1.05179,0.003791203,0.001620698,0.004862095
5/18/22 14:42,DOWN,1.05184,1.05643,1.04942,1.04954,-0.002008386,0.001394202,0.004182607
5/19/22 11:46,UP,1.04956,1.05395,1.046,1.05288,0.00284387,0.001647894,0.004943681
5/19/22 14:56,UP,1.05286,1.05891,1.05131,1.0586,0.002203446,0.001683034,0.005049101
5/23/22 6:39,UP,1.0586,1.06142,1.05327,1.0608,0.001896594,0.001452409,0.004357226
5/23/22 14:57,UP,1.06078,1.06876,1.05924,1.06672,0.001350844,0.00180916,0.005427481
5/24/22 13:50,UP,1.06669,1.07363,1.06607,1.07308,0.002594035,0.001973358,0.005920075
5/25/22 8:51,DOWN,1.07309,1.07487,1.06665,1.06761,-0.001132731,0.001758271,0.005274812
5/26/22 2:08,UP,1.06758,1.07065,1.06422,1.06968,0.000364661,0.001593516,0.004780548
5/27/22 1:36,UP,1.06971,1.07494,1.06624,1.07461,0.001611184,0.001571743,0.004715229
5/30/22 10:41,UP,1.0746,1.0774,1.06969,1.07723,0.002807424,0.001616591,0.004849773
5/31/22 9:07,DOWN,1.07721,1.07871,1.07213,1.07307,-0.000521731,0.001403029,0.004209086
5/31/22 12:56,DOWN,1.07309,1.07388,1.068,1.06827,-0.002206743,0.001515529,0.004546588
5/31/22 19:23,UP,1.06823,1.07468,1.0679,1.0735,0.000577717,0.001485277,0.004455831
6/1/22 14:56,DOWN,1.07349,1.07407,1.06517,1.06699,-0.002031693,0.001549806,0.004649419
6/2/22 11:31,UP,1.06701,1.06969,1.06273,1.06948,0.000982268,0.001452224,0.004356673
6/2/22 17:07,UP,1.06947,1.07478,1.06843,1.07423,0.001471904,0.001475199,0.004425597
6/6/22 2:03,DOWN,1.07424,1.07644,1.07041,1.0715,-0.001324368,0.001248549,0.003745646
6/6/22 14:47,DOWN,1.0715,1.07521,1.06919,1.07061,-0.000644285,0.001235477,0.003706432
6/7/22 6:15,DOWN,1.07066,1.07242,1.06651,1.06671,-0.001760877,0.001192515,0.003577545
6/7/22 20:14,UP,1.06671,1.07145,1.0652,1.07063,0.000766198,0.00118373,0.00355119
6/8/22 12:07,UP,1.07066,1.07399,1.06714,1.07378,0.001509828,0.00156852,0.004705559
6/9/22 12:36,UP,1.07376,1.07681,1.06881,1.07645,0.002958527,0.001483292,0.004449877
6/9/22 13:52,DOWN,1.07644,1.07742,1.06811,1.06973,-0.00089702,0.001901548,0.005704645
6/9/22 19:13,DOWN,1.06974,1.06988,1.06181,1.06198,-0.002717636,0.001957487,0.005872461
6/10/22 12:59,DOWN,1.06203,1.06425,1.05211,1.05224,-0.005572523,0.002125072,0.006375217
6/13/22 9:34,DOWN,1.05226,1.05447,1.04562,1.04727,-0.000849468,0.001637114,0.004911343
6/13/22 19:50,DOWN,1.04727,1.04771,1.04036,1.04103,-0.001554942,0.0015641,0.0046923
6/14/22 8:02,UP,1.04097,1.04754,1.03967,1.047,0.002620431,0.001554703,0.00466411
6/14/22 14:59,DOWN,1.04694,1.0485,1.04082,1.04086,-0.002561902,0.001599032,0.004797095
6/15/22 5:41,UP,1.04088,1.04684,1.03998,1.04609,0.001482807,0.001480529,0.004441587
6/15/22 12:29,DOWN,1.04608,1.05081,1.0421,1.04259,-0.005395026,0.001879647,0.00563894
6/15/22 19:49,UP,1.04254,1.04652,1.0359,1.04465,0.000545786,0.002234205,0.006702616
6/16/22 7:51,DOWN,1.04469,1.04699,1.03808,1.0391,-0.002162994,0.002146886,0.006440659
6/16/22 14:52,UP,1.03907,1.04961,1.03836,1.04881,0.003687151,0.002149538,0.006448614
6/16/22 17:34,UP,1.04881,1.05803,1.04881,1.05739,0.001978521,0.002276861,0.006830583
6/17/22 7:10,DOWN,1.05739,1.06016,1.0494,1.05018,-0.001389272,0.001895208,0.005685623
6/17/22 14:41,DOWN,1.05021,1.05361,1.04443,1.04572,-0.002435543,0.001765994,0.005297983
6/20/22 2:41,UP,1.0457,1.05156,1.04452,1.05137,0.001551561,0.001719027,0.00515708
6/21/22 7:56,UP,1.05138,1.05652,1.04981,1.05635,0.00369879,0.001837606,0.005512817
6/21/22 18:50,DOWN,1.05637,1.05828,1.05187,1.05204,-0.001453261,0.001740917,0.005222752
6/22/22 13:34,UP,1.05202,1.05502,1.04689,1.05467,0.002335208,0.001638255,0.004914764
6/23/22 8:02,DOWN,1.05469,1.06057,1.04983,1.0504,-0.006660935,0.002195469,0.006586408
6/24/22 14:04,UP,1.05043,1.05699,1.04827,1.05627,0.002958161,0.001730243,0.005190729
6/27/22 15:03,UP,1.05635,1.05998,1.05343,1.05959,0.001095363,0.001397177,0.00419153
6/28/22 12:45,DOWN,1.05962,1.06148,1.05402,1.05429,-0.003701797,0.001434887,0.00430466
6/29/22 6:43,DOWN,1.0543,1.05442,1.04878,1.04921,-0.001200183,0.001523739,0.004571217
6/29/22 14:30,DOWN,1.04924,1.05353,1.0474,1.04751,-0.001793124,0.001487473,0.00446242
6/30/22 9:37,DOWN,1.0475,1.04834,1.04254,1.04267,-0.001868452,0.001418975,0.004256924
6/30/22 15:02,UP,1.04265,1.04606,1.03825,1.04486,0.003624269,0.001683614,0.005050842
7/1/22 12:24,DOWN,1.04483,1.04887,1.0417,1.04174,-0.003545457,0.001653912,0.004961735
7/4/22 9:01,UP,1.04177,1.04446,1.03656,1.04383,0.000929702,0.001789616,0.005368847
7/5/22 7:25,DOWN,1.04379,1.0463,1.03943,1.03954,-0.004788716,0.001996251,0.005988754
7/5/22 9:36,DOWN,1.03954,1.03973,1.02975,1.03054,-0.002606881,0.002453496,0.007360489
7/6/22 9:01,DOWN,1.03056,1.03067,1.02262,1.02429,-0.00184348,0.001927375,0.005782126
7/6/22 14:28,DOWN,1.0243,1.02441,1.01619,1.01792,-0.001550981,0.001974608,0.005923825
7/7/22 16:39,DOWN,1.01789,1.02214,1.0151,1.01535,-0.002243014,0.001666274,0.004998822
7/8/22 7:44,DOWN,1.01537,1.01918,1.00808,1.0083,-0.007666658,0.002561374,0.007684123
7/8/22 12:15,UP,1.00831,1.01688,1.0072,1.01654,0.002797701,0.002591438,0.007774315
7/11/22 10:41,DOWN,1.01653,1.01901,1.00958,1.01102,-0.000781084,0.002115783,0.00634735
7/11/22 19:59,DOWN,1.01105,1.01185,1.00336,1.00412,-0.002734973,0.002069298,0.006207893
7/12/22 15:19,UP,1.00408,1.00697,0.99999,1.00573,0.000835563,0.001673989,0.005021966
7/13/22 14:56,UP,1.00576,1.01224,0.9998,1.01185,0.009433095,0.002952416,0.008857249
7/14/22 1:38,DOWN,1.0119,1.01214,1.00148,1.00211,-0.001296422,0.002796543,0.008389629
7/14/22 13:47,DOWN,1.00212,1.00506,0.99522,0.99532,-0.005080909,0.002701752,0.008105257
7/15/22 1:51,UP,0.99538,1.0048,0.99537,1.00311,0.000827769,0.002406125,0.007218375
7/15/22 15:17,UP,1.00316,1.00904,1.00068,1.0085,0.001488465,0.002094475,0.006283426
7/18/22 10:25,UP,1.00843,1.01755,1.00717,1.01668,0.004031012,0.002314668,0.006944005
7/19/22 8:03,UP,1.01674,1.02497,1.01193,1.02488,0.007905257,0.002958606,0.008875819
7/22/22 8:27,DOWN,1.02486,1.02781,1.01297,1.01516,-0.005236669,0.002941008,0.008823023
7/25/22 12:22,UP,1.01521,1.02581,1.01433,1.02405,0.002013647,0.002355454,0.007066362
7/26/22 10:40,DOWN,1.02406,1.02548,1.01355,1.01436,-0.006309169,0.00253251,0.007597531
7/27/22 19:11,UP,1.01439,1.02126,1.00965,1.02027,0.005769993,0.002529508,0.007588524
7/28/22 11:20,DOWN,1.0202,1.02345,1.01237,1.01281,-0.004737922,0.00243069,0.007292069
7/29/22 3:33,UP,1.01284,1.02083,1.01141,1.02022,0.000578474,0.002213272,0.006639816
7/29/22 13:30,DOWN,1.02017,1.02548,1.01461,1.01585,-0.003547375,0.002328152,0.006984456
8/1/22 1:45,UP,1.01587,1.02407,1.01475,1.02364,0.002974213,0.002294092,0.006882277
8/2/22 13:00,DOWN,1.02369,1.02942,1.02068,1.0215,-0.001643289,0.001819137,0.00545741
8/3/22 0:44,DOWN,1.02151,1.02361,1.015,1.01505,-0.001811078,0.001664029,0.004992088
8/3/22 15:08,DOWN,1.01504,1.021,1.01225,1.01291,-0.001016356,0.001910747,0.005732242
8/4/22 9:08,UP,1.01288,1.01943,1.01257,1.01896,0.000942581,0.001757259,0.005271777
8/4/22 19:04,UP,1.01893,1.02505,1.01604,1.02487,0.002041365,0.001813094,0.005439282
8/5/22 13:08,DOWN,1.02487,1.0254,1.0154,1.01657,-0.006657116,0.002250669,0.006752008
8/9/22 8:47,UP,1.01655,1.02449,1.01415,1.02427,0.003873661,0.001997973,0.005993918
8/10/22 12:50,UP,1.02428,1.0346,1.0202,1.03366,0.008637705,0.002722418,0.008167253
8/12/22 11:50,DOWN,1.0337,1.03689,1.02753,1.0283,-0.001273137,0.001889735,0.005669206
8/15/22 8:25,DOWN,1.02827,1.02911,1.02293,1.02293,-0.000723151,0.001585465,0.004756395
8/15/22 16:07,DOWN,1.02291,1.02325,1.01784,1.01793,-0.001374395,0.001572946,0.004718838
8/16/22 9:05,DOWN,1.01795,1.01798,1.01312,1.01343,-0.001153829,0.001470207,0.00441062
8/16/22 14:54,UP,1.01344,1.0195,1.01225,1.01774,0.001415902,0.001483354,0.004450062
8/18/22 13:54,DOWN,1.01771,1.0203,1.0123,1.01284,-0.003351276,0.00150056,0.00450168
8/19/22 0:40,DOWN,1.01283,1.01396,1.00742,1.00752,-0.001913762,0.001749194,0.005247582
8/19/22 16:55,DOWN,1.00754,1.00957,1.00325,1.00344,-0.001334515,0.001570138,0.004710415
8/22/22 13:45,DOWN,1.00349,1.00475,0.99893,0.99912,-0.001150351,0.001475312,0.004425935
8/22/22 15:56,DOWN,0.99913,0.99953,0.99276,0.9937,-0.002813789,0.001669459,0.005008377
8/23/22 13:48,UP,0.99367,0.99904,0.99001,0.9985,0.005755137,0.001966388,0.005899164
8/24/22 6:12,DOWN,0.99846,1.00182,0.99346,0.99391,-0.000945313,0.0017591,0.0052773
8/25/22 1:00,UP,0.99394,0.99991,0.99099,0.99821,0.001082522,0.001767349,0.005302046
8/25/22 13:09,DOWN,0.9982,1.00338,0.99589,0.99604,-0.001595049,0.001668751,0.005006253
8/26/22 10:36,UP,0.99599,1.00173,0.99465,1.00159,0.004202149,0.001800857,0.005402572
8/26/22 18:11,DOWN,1.00157,1.00904,0.99588,0.99704,-0.001863784,0.002164837,0.006494511
8/29/22 12:39,UP,0.99705,1.00199,0.99141,1.00175,0.004081189,0.00218866,0.006565981
8/31/22 4:52,UP,1.00175,1.00552,0.9981,1.00396,0.00169473,0.001668187,0.005004562
8/31/22 10:34,DOWN,1.00394,1.00462,0.99712,0.9975,-0.001462589,0.001711652,0.005134957
8/31/22 14:49,UP,0.9975,1.006,0.99731,1.00512,0.004587073,0.00197243,0.005917291
9/1/22 11:57,DOWN,1.00515,1.00792,1.00021,1.00046,-0.001088906,0.001641303,0.004923909
9/1/22 14:09,DOWN,1.00048,1.00071,0.99381,0.9941,-0.005057104,0.002003267,0.0060098
9/2/22 7:48,UP,0.99415,0.99963,0.99108,0.99922,0.002595387,0.001728875,0.005186626
9/2/22 17:23,DOWN,0.99932,1.00337,0.9956,0.99563,-0.002668113,0.002107015,0.006321045
9/5/22 5:29,DOWN,0.99561,0.99685,0.98801,0.98816,-0.003041436,0.002291479,0.006874438
9/6/22 0:23,UP,0.98817,0.9969,0.98778,0.9961,0.003056569,0.00209462,0.006283859
9/6/22 13:45,DOWN,0.99606,0.99864,0.98862,0.99001,-0.002491817,0.001837515,0.005512545
9/7/22 14:30,UP,0.99004,0.99416,0.98639,0.99399,0.003880799,0.00176853,0.005305589
9/8/22 0:05,UP,0.994,1.00132,0.99358,0.99953,0.000370243,0.001775021,0.005325064
9/8/22 14:20,DOWN,0.99947,1.00311,0.99306,0.99542,-0.000371633,0.002107214,0.006321642
9/9/22 1:26,UP,0.99545,1.00542,0.99444,1.00515,0.0053168,0.002398921,0.007196763
9/12/22 6:50,UP,1.0052,1.01231,1.00322,1.01206,0.004059371,0.002405181,0.007215542
9/13/22 12:38,DOWN,1.01204,1.01981,1.0048,1.00502,-0.012891414,0.003861788,0.011585365
9/15/22 5:10,DOWN,1.00496,1.00641,0.99554,0.99666,-0.000962754,0.002547033,0.007641098
9/19/22 0:23,UP,0.99662,1.00367,0.99451,1.00185,0.001248471,0.00197541,0.00592623
9/20/22 5:38,UP,1.00185,1.00507,0.99659,1.00292,0.000628363,0.001678452,0.005035355
9/20/22 12:55,DOWN,1.00294,1.00423,0.99551,0.99675,-0.003005261,0.00171653,0.005149589
9/21/22 6:49,DOWN,0.99675,0.99997,0.98849,0.99128,-0.005242067,0.001924984,0.005774952
9/21/22 18:00,DOWN,0.99124,0.99374,0.98326,0.98334,-0.004920047,0.002063215,0.006189646
9/22/22 2:14,DOWN,0.98334,0.99105,0.98072,0.98123,-0.000438129,0.002315512,0.006946536
9/22/22 8:54,UP,0.98124,0.99076,0.98102,0.98788,0.000496135,0.002239979,0.006719938
9/22/22 14:51,DOWN,0.98792,0.98882,0.98155,0.98165,-0.002075977,0.002222598,0.006667794
9/23/22 8:26,DOWN,0.98166,0.98522,0.97547,0.97605,-0.003436535,0.002252747,0.006758242
9/23/22 18:39,DOWN,0.97607,0.9775,0.9672,0.968,-0.003413589,0.002153243,0.006459728
9/26/22 16:00,DOWN,0.96804,0.97099,0.95523,0.96214,-0.003382553,0.002213246,0.006639737
9/27/22 16:59,DOWN,0.96215,0.9671,0.95692,0.95824,-0.004404628,0.002150306,0.006450919
9/28/22 13:52,UP,0.95823,0.96377,0.95359,0.96243,0.003236636,0.002069911,0.006209734
9/28/22 16:38,UP,0.9624,0.97085,0.95935,0.96936,0.006032436,0.002422507,0.00726752
9/29/22 7:49,DOWN,0.96938,0.97511,0.96357,0.96397,-0.003014219,0.002349623,0.007048868
9/29/22 11:19,UP,0.96394,0.97329,0.96386,0.97324,0.004324821,0.002543526,0.007630578
9/29/22 19:37,UP,0.97322,0.98058,0.96836,0.98053,0.002195099,0.002280353,0.00684106
9/30/22 11:58,DOWN,0.98052,0.98542,0.97412,0.97467,-0.00289934,0.002439087,0.007317261
10/3/22 1:44,UP,0.97462,0.98184,0.97348,0.98141,0.001672463,0.002094427,0.006283281
10/3/22 15:18,UP,0.98139,0.98447,0.97527,0.984,0.002156796,0.002291335,0.006874004
10/4/22 7:12,UP,0.98403,0.98879,0.9788,0.98812,0.002898582,0.002215276,0.006645827
10/4/22 14:51,UP,0.98816,0.99572,0.98526,0.99388,0.001490223,0.002120226,0.006360679
10/5/22 10:50,DOWN,0.99387,0.99996,0.99113,0.99209,-0.002516763,0.002210114,0.006630342
10/5/22 14:25,DOWN,0.99212,0.99273,0.98347,0.98426,-0.004035493,0.002410578,0.007231734
10/6/22 1:34,UP,0.98426,0.99264,0.98424,0.99104,0.001979679,0.002229799,0.006689397
10/6/22 13:52,DOWN,0.99105,0.99267,0.98217,0.98224,-0.005067364,0.002332785,0.006998355
10/7/22 6:40,DOWN,0.98217,0.98448,0.9768,0.97704,-0.003565649,0.002196595,0.006589785
10/7/22 19:31,DOWN,0.97706,0.9817,0.97262,0.97328,-0.003067377,0.002363322,0.007089967
10/11/22 5:55,DOWN,0.9733,0.97535,0.96701,0.9685,-0.000877261,0.001898571,0.005695714
10/11/22 16:20,UP,0.96846,0.9763,0.96747,0.97601,0.004086164,0.002130248,0.006390743
10/12/22 13:28,DOWN,0.97598,0.97747,0.96828,0.97026,-0.000443082,0.00195454,0.005863621
10/13/22 12:25,UP,0.97026,0.97531,0.96679,0.97424,0.00180817,0.001822162,0.005466486
10/13/22 13:18,DOWN,0.97426,0.97453,0.96321,0.96502,-0.009508853,0.002923381,0.008770142
10/13/22 15:55,UP,0.96505,0.97994,0.96453,0.97833,0.007283727,0.003397479,0.010192437
10/17/22 16:18,UP,0.97829,0.98486,0.9707,0.98397,0.003165671,0.003129995,0.009389984
10/19/22 10:50,DOWN,0.98399,0.9876,0.97883,0.97938,-0.002742871,0.002212939,0.006638816
10/20/22 12:30,UP,0.9794,0.98333,0.97548,0.98264,0.001629594,0.00189873,0.005696191
10/21/22 8:49,DOWN,0.98271,0.98455,0.9761,0.97674,-0.002903413,0.002127013,0.006381038
10/21/22 15:33,UP,0.97674,0.98184,0.97048,0.98073,0.001244746,0.002074424,0.006223272
10/23/22 22:15,UP,0.98077,0.98997,0.97872,0.987,0.002190848,0.00209601,0.00628803
10/24/22 11:40,DOWN,0.98706,0.98891,0.98068,0.98143,-0.00148652,0.001785054,0.005355162
10/24/22 14:37,UP,0.98141,0.98913,0.98133,0.98796,0.002290162,0.001892283,0.005676849
10/25/22 13:46,UP,0.98793,0.99543,0.98489,0.995,0.00861996,0.002584614,0.007753842
10/26/22 8:08,UP,0.99497,1.00358,0.99352,1.00299,0.005228051,0.002467736,0.007403208
10/26/22 16:33,UP,1.003,1.00838,0.99956,1.00815,0.003318499,0.002377669,0.007133006
10/27/22 14:48,DOWN,1.00813,1.0094,0.99723,1.0001,-0.002616312,0.002031828,0.006095485
10/28/22 8:43,DOWN,1.00012,1.00118,0.99266,0.99448,-0.000361933,0.001812135,0.005436404
10/31/22 8:12,DOWN,0.99454,0.999,0.99216,0.9924,-0.002676785,0.001769106,0.005307319
10/31/22 16:36,DOWN,0.99238,0.99491,0.98728,0.9886,-0.000839219,0.001714522,0.005143565
11/1/22 11:22,UP,0.98857,0.99479,0.9873,0.9931,8.06E-05,0.001613341,0.004840023
11/1/22 15:24,DOWN,0.99311,0.99543,0.98591,0.98723,-0.003296729,0.00198173,0.00594519
11/2/22 18:29,UP,0.98726,0.99597,0.98528,0.99448,0.008229003,0.002716862,0.008150586
11/2/22 21:45,DOWN,0.99448,0.99759,0.98128,0.98162,-0.003345998,0.003530933,0.0105928
11/3/22 23:42,DOWN,0.9818,0.98396,0.97301,0.97483,-1.03E-05,0.002899061,0.008697182
11/4/22 13:23,UP,0.97489,0.98815,0.97472,0.98632,0.007888523,0.003166034,0.009498101
11/7/22 8:59,UP,0.98633,0.99902,0.98395,0.99866,0.005089734,0.002951741,0.008855222
11/8/22 16:11,UP,0.9987,1.00754,0.99657,1.00748,0.006242895,0.00271174,0.008135221
11/9/22 14:53,DOWN,1.0075,1.00965,1.00109,1.00211,-0.000369153,0.002235545,0.006706636
11/10/22 10:35,DOWN,1.00214,1.00866,0.99363,0.99507,-0.004021769,0.002310413,0.00693124
11/10/22 13:51,UP,0.99507,1.01601,0.99355,1.01391,0.019198614,0.005181014,0.015543042
11/11/22 10:40,UP,1.01392,1.02797,1.01055,1.02688,0.001588594,0.0039119,0.011735699
11/15/22 7:26,UP,1.0269,1.03855,1.02539,1.03804,0.005845343,0.002912556,0.008737667
11/15/22 18:27,DOWN,1.03799,1.0482,1.03365,1.03369,-0.003235577,0.002793505,0.008380516
11/16/22 8:15,UP,1.03369,1.04208,1.028,1.0402,0.001895662,0.002995648,0.008986943
11/17/22 13:25,DOWN,1.04019,1.04386,1.03151,1.03263,-0.002311804,0.00236029,0.00708087
11/21/22 2:18,DOWN,1.03269,1.03961,1.02882,1.02925,-0.003743289,0.00209538,0.006286139
11/21/22 17:20,DOWN,1.02923,1.03039,1.02262,1.0227,-0.002392755,0.001872626,0.005617879
11/22/22 15:20,UP,1.02266,1.02911,1.02226,1.02766,0.000253034,0.001605683,0.004817048
11/23/22 6:12,UP,1.02767,1.03313,1.02667,1.03263,0.002035713,0.001610475,0.004831426
11/23/22 16:45,UP,1.0326,1.03841,1.02965,1.03634,0.001206896,0.00154608,0.004638241
11/24/22 3:31,UP,1.03633,1.04425,1.03553,1.04383,0.002513143,0.001648547,0.00494564
11/25/22 13:28,DOWN,1.04386,1.04488,1.03611,1.03672,-0.003620262,0.001619484,0.004858452
11/28/22 5:19,DOWN,1.03676,1.04151,1.03412,1.03535,-0.000125554,0.001693552,0.005080655
11/28/22 8:51,UP,1.03538,1.04346,1.0347,1.04274,0.0052114,0.002089879,0.006269636
11/28/22 15:45,DOWN,1.04279,1.0497,1.0402,1.04025,-0.003847432,0.002339926,0.007019777
11/29/22 13:55,DOWN,1.04029,1.04073,1.03264,1.03329,-0.003188593,0.002063463,0.006190389
11/30/22 14:54,UP,1.03331,1.03999,1.03191,1.03836,0.000992441,0.001665409,0.004996228
11/30/22 15:55,DOWN,1.03833,1.03891,1.0301,1.03036,-0.00773429,0.002489242,0.007467727
11/30/22 19:31,UP,1.03037,1.04038,1.02902,1.03876,0.001734338,0.002578176,0.007734529
12/1/22 14:01,UP,1.03872,1.0514,1.03817,1.04945,0.004086666,0.002385617,0.00715685
12/5/22 0:00,UP,1.0495,1.05452,1.04283,1.05445,0.000815924,0.002908063,0.008724189
12/5/22 19:52,DOWN,1.05439,1.0595,1.04816,1.04878,-0.002028872,0.00270888,0.008126639
12/7/22 13:54,UP,1.04876,1.0547,1.04431,1.05447,0.002506767,0.002040072,0.006120215
12/8/22 16:43,UP,1.05441,1.0565,1.04881,1.05543,0.001279918,0.001635879,0.004907636
12/9/22 14:57,DOWN,1.05547,1.05886,1.05024,1.05352,-0.00107202,0.001406687,0.004220061
12/12/22 9:53,UP,1.05356,1.05648,1.0506,1.05605,0.003072753,0.001483193,0.004449578
12/12/22 18:18,DOWN,1.05603,1.05803,1.05176,1.05227,-0.000911897,0.001493053,0.004479158
12/13/22 13:48,UP,1.05226,1.06538,1.05106,1.06528,0.009839099,0.002763148,0.008289445
12/15/22 9:00,DOWN,1.06528,1.06954,1.06104,1.06203,-0.003121213,0.001971128,0.005913384
12/15/22 14:39,UP,1.06207,1.07365,1.06056,1.07013,0.004852287,0.002242111,0.006726334
12/15/22 17:44,DOWN,1.07015,1.07088,1.05929,1.06117,-0.002512931,0.002513239,0.007539718
12/19/22 15:46,DOWN,1.06114,1.06633,1.0582,1.05875,-0.002405605,0.001817406,0.005452217
12/20/22 15:17,UP,1.05871,1.06587,1.05759,1.06516,0.004705182,0.001975441,0.005926322
12/22/22 14:44,DOWN,1.06508,1.06596,1.05864,1.05919,-0.002206799,0.001542614,0.004627843
12/27/22 1:38,UP,1.05915,1.065,1.05732,1.0644,0.002408008,0.001360035,0.004080106
12/28/22 18:58,DOWN,1.0644,1.06747,1.06114,1.06209,-0.000357721,0.00137801,0.00413403
12/29/22 16:36,UP,1.06209,1.06712,1.06066,1.0668,0.001923484,0.001471961,0.004415884
12/30/22 17:16,UP,1.0668,1.07079,1.06384,1.07017,0.003435255,0.001695971,0.005087913
1/2/23 18:21,DOWN,1.07017,1.07134,1.06512,1.06545,-0.00286791,0.001678925,0.005036775
1/3/23 8:04,DOWN,1.06558,1.06837,1.06173,1.06173,-0.003497592,0.001851226,0.005553678
1/3/23 10:59,DOWN,1.06172,1.06173,1.05255,1.053,-0.002134473,0.002169211,0.006507632
1/4/23 8:38,UP,1.05298,1.06354,1.05195,1.06165,0.002423695,0.001968537,0.00590561
1/5/23 13:59,DOWN,1.06164,1.06317,1.05535,1.05555,-0.004272986,0.001780663,0.00534199
1/6/23 11:44,DOWN,1.05556,1.0568,1.04967,1.05001,-0.000733058,0.001551098,0.004653293
1/6/23 15:41,UP,1.05003,1.06052,1.04833,1.06019,0.006662464,0.00223939,0.006718171
1/9/23 2:27,UP,1.06023,1.06741,1.05968,1.06714,0.000618667,0.002044299,0.006132896
1/9/23 15:51,UP,1.06713,1.07493,1.06601,1.07457,0.002786387,0.002087415,0.006262245
1/11/23 15:06,UP,1.07458,1.07765,1.07121,1.07732,0.001997687,0.001383954,0.004151861
1/12/23 13:59,UP,1.07732,1.08389,1.07302,1.08304,0.005397537,0.00179277,0.00537831
1/12/23 18:09,UP,1.08302,1.0867,1.07518,1.08652,0.004094813,0.001969926,0.005909779
1/13/23 14:39,DOWN,1.08647,1.08682,1.07805,1.07982,-0.00113843,0.001681133,0.005043399
1/16/23 2:39,UP,1.07979,1.08743,1.07959,1.08696,0.002477859,0.001690752,0.005072255
1/16/23 8:51,DOWN,1.08692,1.0872,1.08065,1.08086,-0.002393374,0.001736476,0.005209428
1/17/23 14:38,UP,1.08082,1.08696,1.08013,1.0862,0.001022434,0.001345695,0.004037086
1/17/23 16:14,DOWN,1.08622,1.08676,1.07927,1.07934,-0.002221113,0.001688465,0.005065396
1/18/23 8:37,UP,1.07934,1.08515,1.07659,1.08417,0.002428766,0.001656616,0.004969848
1/18/23 16:50,DOWN,1.0842,1.08876,1.08119,1.08171,-0.001422659,0.0018412,0.005523601
1/20/23 3:04,UP,1.08172,1.08444,1.07822,1.08371,0.000249175,0.001414325,0.004242974
1/20/23 21:29,UP,1.0837,1.08591,1.08023,1.08581,0.001659124,0.001399579,0.004198738
1/23/23 7:13,UP,1.08578,1.09271,1.08552,1.09104,0.001871526,0.001569395,0.004708186
1/23/23 14:43,DOWN,1.09104,1.09206,1.08463,1.08531,-0.001390341,0.001590046,0.004770138
1/25/23 6:57,UP,1.08529,1.09114,1.08351,1.0906,0.001165175,0.00129735,0.003892051
1/26/23 2:21,UP,1.09057,1.09248,1.08572,1.09166,2.75E-05,0.001549217,0.00464765
1/26/23 16:28,DOWN,1.09167,1.09297,1.08505,1.08605,-0.00282277,0.001581995,0.004745984
1/30/23 10:55,UP,1.08607,1.09138,1.08379,1.09092,0.00253318,0.001575989,0.004727967
1/30/23 19:19,DOWN,1.09095,1.09115,1.08393,1.08415,-0.001944334,0.001521573,0.004564718
2/1/23 6:12,UP,1.08416,1.08758,1.0802,1.0873,0.001012192,0.001233203,0.003699609
2/1/23 17:09,UP,1.0873,1.09246,1.08658,1.09169,0.000943937,0.001112771,0.003338312
2/1/23 19:45,UP,1.09172,1.09741,1.08888,1.0966,0.005862491,0.001806344,0.005419032
2/2/23 13:56,DOWN,1.09655,1.10333,1.09508,1.0951,-0.003536794,0.001766056,0.005298168
2/3/23 2:04,DOWN,1.09514,1.09664,1.08855,1.08948,-0.001284192,0.001659845,0.004979536
2/3/23 14:21,DOWN,1.08952,1.09402,1.08265,1.08485,-0.001197605,0.002212274,0.006636822
2/6/23 8:55,DOWN,1.08485,1.08764,1.07748,1.07852,-0.000528362,0.001964787,0.005894362
2/6/23 17:56,DOWN,1.07851,1.07892,1.07136,1.07137,-0.00177186,0.001782838,0.005348514
2/7/23 15:13,DOWN,1.07135,1.07439,1.06701,1.06713,-0.002265197,0.001583408,0.004750223
2/7/23 18:16,UP,1.06714,1.0767,1.0669,1.07268,0.001203319,0.001620113,0.004860338
2/8/23 9:05,UP,1.07262,1.076,1.06873,1.07519,0.001461274,0.001552857,0.004658571
2/9/23 9:12,UP,1.07521,1.0768,1.07088,1.07651,0.002585759,0.001412248,0.004236745
2/9/23 19:23,DOWN,1.07648,1.07908,1.0737,1.07377,-0.001023904,0.001391494,0.004174482
2/10/23 13:40,DOWN,1.0738,1.0753,1.06813,1.06864,-0.001253145,0.001449062,0.004347187
2/13/23 15:52,UP,1.06865,1.07239,1.06554,1.07239,0.002539613,0.001331104,0.003993311
2/14/23 14:00,UP,1.07235,1.08046,1.07103,1.07614,0.001245967,0.00124078,0.003722339
2/15/23 7:37,DOWN,1.07618,1.07719,1.07,1.07058,-0.000952301,0.001639744,0.004919231
2/15/23 15:34,DOWN,1.07055,1.07331,1.0666,1.06765,-0.000617989,0.001570034,0.004710101
2/16/23 14:32,DOWN,1.06769,1.07225,1.06604,1.06729,-0.000852263,0.001512962,0.004538886
2/17/23 5:22,DOWN,1.06727,1.06977,1.06327,1.06384,-0.001437153,0.001443099,0.004329298
2/17/23 15:20,UP,1.06384,1.06792,1.06127,1.06765,0.002128428,0.001591034,0.004773102
2/21/23 10:56,DOWN,1.06761,1.07048,1.06427,1.06516,-0.001669716,0.001231072,0.003693216
2/21/23 18:48,DOWN,1.06517,1.06983,1.06384,1.06426,-0.002130666,0.001563779,0.004691337
2/22/23 19:47,DOWN,1.06429,1.0664,1.06023,1.06054,-0.001808762,0.0013091,0.0039273
2/23/23 17:15,DOWN,1.06059,1.06279,1.05769,1.05797,-0.001114722,0.001280253,0.003840758
2/24/23 13:50,DOWN,1.05796,1.06145,1.05429,1.05598,-0.000511243,0.001178656,0.003535968
2/27/23 14:33,UP,1.05599,1.05885,1.05329,1.05852,0.002857118,0.00122037,0.003661111
2/28/23 14:22,UP,1.05853,1.0641,1.05797,1.06304,0.001072972,0.001254548,0.003763643
2/28/23 19:52,DOWN,1.06302,1.06454,1.05842,1.05886,-0.000830737,0.001309282,0.003927847
3/1/23 8:16,UP,1.05885,1.06453,1.05652,1.06369,0.002928067,0.00143677,0.004310309
3/2/23 7:24,DOWN,1.06367,1.06916,1.06312,1.06372,-0.001005398,0.001202302,0.003606907
3/2/23 14:28,DOWN,1.06375,1.06431,1.0582,1.05983,-0.000811122,0.001174054,0.003522162
3/3/23 20:47,UP,1.0598,1.06388,1.05765,1.06315,0.000677462,0.001175223,0.003525668
3/6/23 15:51,UP,1.06312,1.06852,1.06221,1.06841,0.001911205,0.001163641,0.003490922
3/7/23 14:36,DOWN,1.06841,1.06947,1.06469,1.06488,-0.001529519,0.000997138,0.002991413
3/7/23 15:20,DOWN,1.06487,1.0651,1.05859,1.05992,-0.004668683,0.001497472,0.004492416
3/7/23 21:29,DOWN,1.0599,1.06158,1.05461,1.05481,-0.000928646,0.001404124,0.004212371
3/9/23 9:36,UP,1.05479,1.05741,1.05244,1.05672,0.000984662,0.001136228,0.003408685
3/10/23 13:48,UP,1.05671,1.06443,1.05524,1.06348,0.004599269,0.00144869,0.00434607
3/10/23 15:41,UP,1.06351,1.06997,1.0612,1.06988,0.002086521,0.00165265,0.004957949
3/10/23 19:36,DOWN,1.06988,1.07008,1.06374,1.06417,-0.001277175,0.001653263,0.00495979
3/13/23 2:37,UP,1.0642,1.07183,1.0636,1.07139,0.003506266,0.001947834,0.005843502
3/13/23 10:29,DOWN,1.07137,1.07373,1.06602,1.06627,-0.001461975,0.001825933,0.005477798
3/13/23 15:19,UP,1.06628,1.07322,1.06502,1.07241,0.001362347,0.001671074,0.005013221
3/14/23 8:08,DOWN,1.07239,1.07486,1.06788,1.06923,-0.000738577,0.001293351,0.003880052
3/14/23 13:05,UP,1.0692,1.07496,1.06829,1.07339,0.000223616,0.00119138,0.00357414
3/15/23 2:14,UP,1.07336,1.07594,1.0698,1.07582,0.00244764,0.001417262,0.004251785
3/15/23 9:55,DOWN,1.07583,1.076,1.06657,1.06775,-0.00527755,0.001838857,0.005516571
3/15/23 11:37,DOWN,1.06776,1.06846,1.05852,1.05989,-0.003287385,0.002141218,0.006423655
3/16/23 1:49,UP,1.05994,1.06078,1.0516,1.0594,0.001265668,0.00175422,0.005262659
3/16/23 14:25,DOWN,1.05944,1.06357,1.05507,1.05749,-0.001540199,0.001557465,0.004672394
3/17/23 3:33,UP,1.05751,1.06439,1.05729,1.06423,0.002521429,0.00152567,0.004577009
3/17/23 18:04,UP,1.06421,1.06758,1.0612,1.06706,0.0011346,0.001595313,0.004785938
3/20/23 10:56,UP,1.06704,1.06996,1.06314,1.06959,0.003052551,0.0015899,0.004769699
3/21/23 11:14,UP,1.0696,1.07701,1.06888,1.07671,0.003088231,0.001499625,0.004498874
3/22/23 18:10,UP,1.07668,1.0859,1.07563,1.08394,0.004308399,0.001716025,0.005148075
3/23/23 7:16,UP,1.08386,1.09299,1.08337,1.09156,0.001081606,0.002040289,0.006120867
3/23/23 20:37,DOWN,1.09154,1.09271,1.08241,1.08358,-0.00122666,0.002068457,0.006205371
3/24/23 9:46,DOWN,1.08359,1.08393,1.07267,1.07334,-0.005009141,0.002308332,0.006924996
3/27/23 13:28,UP,1.0733,1.07943,1.07132,1.07929,0.001604192,0.001732007,0.00519602
3/28/23 12:58,UP,1.07931,1.08471,1.07756,1.08381,0.001523567,0.001487349,0.004462046
3/30/23 12:33,UP,1.08382,1.08994,1.08163,1.08983,0.00343763,0.001509729,0.004529187
3/31/23 12:01,DOWN,1.08986,1.09264,1.08641,1.08714,-0.001837999,0.001581066,0.004743198
4/3/23 0:20,DOWN,1.08717,1.09021,1.07987,1.08047,-0.003446256,0.001741072,0.005223216
4/3/23 10:34,UP,1.08046,1.08714,1.07882,1.08658,0.002930905,0.001837057,0.00551117
4/4/23 7:53,UP,1.08657,1.09383,1.08607,1.0933,0.003995899,0.001883531,0.005650593
4/4/23 23:43,UP,1.09329,1.09734,1.08867,1.09606,0.001113698,0.001980506,0.005941519
4/5/23 18:05,DOWN,1.09604,1.09698,1.0891,1.09016,-0.001356678,0.001736288,0.005208864
4/10/23 12:23,DOWN,1.09017,1.09377,1.08574,1.08585,-0.004731616,0.001821083,0.005463248
4/11/23 7:54,UP,1.08587,1.09046,1.08313,1.08993,0.000807717,0.001514195,0.004542586
4/12/23 13:05,UP,1.08997,1.09901,1.08944,1.09612,0.003417869,0.001480116,0.004440347
4/13/23 8:54,UP,1.09611,1.10252,1.09602,1.10134,0.001435646,0.001255581,0.003766744
4/13/23 14:31,UP,1.10138,1.10678,1.10082,1.1055,0.000343795,0.001216277,0.003648831
4/14/23 13:18,DOWN,1.10552,1.10761,1.10184,1.10274,-0.000797694,0.001118159,0.003354476
4/14/23 16:22,DOWN,1.10278,1.10321,1.09752,1.09837,-0.001964619,0.001191367,0.003574102
4/17/23 13:10,DOWN,1.09833,1.1,1.09507,1.09551,-0.001896859,0.001216906,0.003650719
4/18/23 7:29,UP,1.09553,1.09609,1.09091,1.09587,0.001351438,0.001214469,0.003643406
4/19/23 9:35,DOWN,1.09582,1.09842,1.09304,1.09355,-0.001790723,0.001135988,0.003407965
4/20/23 6:40,UP,1.09352,1.09795,1.09172,1.0967,0.000857484,0.000973142,0.002919427
4/21/23 7:25,DOWN,1.0967,1.09898,1.09335,1.09476,-0.001150275,0.000860983,0.002582949
4/21/23 12:11,UP,1.09478,1.09858,1.09385,1.09806,0.001768315,0.000919804,0.002759411
4/24/23 9:10,UP,1.09808,1.10171,1.09425,1.10171,0.00335496,0.001173499,0.003520496
4/24/23 18:19,UP,1.10168,1.10488,1.09991,1.10482,0.002210947,0.001225063,0.003675188
4/25/23 13:33,DOWN,1.10483,1.10672,1.10066,1.10113,-0.001243403,0.00112387,0.00337161
4/25/23 16:41,DOWN,1.10111,1.10112,1.09653,1.09682,-0.00163066,0.001245223,0.003735668
4/26/23 7:22,UP,1.09681,1.10243,1.09641,1.1022,0.00318052,0.001316935,0.003950806
4/26/23 13:35,UP,1.10223,1.10956,1.10121,1.10841,0.002963581,0.001438353,0.004315059
4/26/23 18:01,DOWN,1.1084,1.10933,1.10329,1.10372,-0.000344231,0.001384998,0.004154995
4/27/23 13:37,DOWN,1.10371,1.10637,1.09977,1.10043,-0.001135275,0.001273728,0.003821185
4/28/23 8:58,DOWN,1.1004,1.10394,1.09767,1.09874,-0.001518769,0.001247522,0.003742567
4/28/23 15:12,UP,1.09871,1.1044,1.09626,1.1033,0.001996009,0.001312992,0.003938976
5/1/23 15:00,DOWN,1.10331,1.10453,1.09779,1.09807,-0.001883351,0.00131823,0.003954689
5/2/23 16:03,UP,1.09804,1.10069,1.0942,1.1001,0.001828778,0.001293085,0.003879256
5/3/23 9:33,UP,1.10006,1.10471,1.0994,1.10412,0.000643253,0.001236867,0.003710602
5/4/23 2:00,UP,1.10414,1.10918,1.10221,1.10815,0.001011205,0.001080221,0.003240662
5/4/23 13:04,DOWN,1.10815,1.10916,1.10013,1.10236,-0.001984676,0.001291646,0.003874938
5/5/23 5:17,UP,1.10228,1.10551,1.09861,1.10435,0.000715609,0.001297777,0.003893332
5/5/23 12:37,DOWN,1.10432,1.1048,1.09716,1.0976,-0.004263856,0.001573288,0.004719865
5/5/23 17:25,UP,1.09762,1.10368,1.09667,1.10332,0.001605537,0.001528128,0.004584384
5/8/23 21:28,DOWN,1.10317,1.10538,1.09984,1.10033,-0.001071831,0.001332349,0.003997046
5/9/23 13:41,DOWN,1.10059,1.10092,1.09411,1.09511,-0.000821498,0.001291093,0.00387328
5/10/23 12:55,UP,1.09509,1.10012,1.09416,1.10011,0.004792807,0.001575248,0.004725744
5/11/23 7:00,DOWN,1.10011,1.10071,1.09291,1.0933,-0.003888889,0.001752159,0.005256476
5/12/23 13:21,DOWN,1.09326,1.09483,1.08812,1.08878,-0.000468305,0.001326414,0.003979242
5/16/23 9:15,UP,1.08881,1.09047,1.08452,1.08994,0.00112914,0.001129921,0.003389763
5/16/23 15:58,DOWN,1.08996,1.09008,1.08548,1.08614,-0.000432631,0.001053215,0.003159645
5/17/23 9:03,DOWN,1.0861,1.08737,1.08249,1.08274,-0.001467419,0.001052574,0.003157721
5/18/23 10:30,DOWN,1.08271,1.08493,1.08074,1.0809,-0.001118811,0.000989694,0.002969082
5/18/23 14:50,DOWN,1.08093,1.08181,1.07706,1.07709,-0.001317499,0.001032682,0.003098045
5/19/23 12:23,UP,1.07712,1.08142,1.07599,1.08141,0.001721458,0.000995881,0.002987642
5/23/23 10:00,DOWN,1.08142,1.08314,1.0778,1.07781,-0.001909459,0.001012425,0.003037276
5/25/23 0:03,DOWN,1.0778,1.08014,1.07423,1.075,-0.000492902,0.001025094,0.003075283
5/25/23 12:55,DOWN,1.07503,1.07542,1.07141,1.07154,-0.001529337,0.00095612,0.002868361
5/26/23 12:17,UP,1.07153,1.07588,1.07073,1.07519,0.002122807,0.000956737,0.002870211
5/26/23 15:03,DOWN,1.07515,1.07579,1.0702,1.07086,-0.002620622,0.001113753,0.003341259
5/30/23 5:42,DOWN,1.07086,1.07437,1.0684,1.06884,-0.00230825,0.001083087,0.003249261
5/30/23 10:18,UP,1.06884,1.07332,1.06724,1.07328,0.003219623,0.001257136,0.003771407
5/31/23 4:09,DOWN,1.07325,1.07467,1.06943,1.06976,-0.001485211,0.00117174,0.003515219
5/31/23 17:03,DOWN,1.06973,1.07053,1.06351,1.06366,-0.00283523,0.001219877,0.003659632
5/31/23 20:22,UP,1.06369,1.06923,1.06366,1.06904,0.001469687,0.001471578,0.004414734
6/1/23 13:56,UP,1.06902,1.07303,1.06617,1.07294,0.001828427,0.001398749,0.004196248
6/2/23 7:05,UP,1.07295,1.07791,1.07211,1.07726,0.00079864,0.001248991,0.003746974
6/2/23 14:43,DOWN,1.07729,1.07772,1.07233,1.07333,-0.001294197,0.001122815,0.003368444
6/4/23 23:34,DOWN,1.07335,1.07346,1.06955,1.0696,-0.001485433,0.001156987,0.00347096
6/6/23 4:36,UP,1.06961,1.07249,1.06745,1.07199,0.000634536,0.001004915,0.003014745
6/6/23 10:28,DOWN,1.07199,1.0733,1.06825,1.06868,-0.00132786,0.001053755,0.003161266
6/7/23 12:01,UP,1.06871,1.07231,1.0667,1.07159,0.00136339,0.001033533,0.0031006
6/8/23 12:41,UP,1.07159,1.07591,1.06909,1.07545,0.00214093,0.001226013,0.003678038
6/9/23 17:36,DOWN,1.07544,1.07872,1.07413,1.07473,-0.000660413,0.001025623,0.003076868
6/12/23 7:55,UP,1.07473,1.07725,1.07331,1.07695,0.001635582,0.001092115,0.003276344
6/13/23 6:06,UP,1.07692,1.07962,1.07431,1.07916,0.001084765,0.00101687,0.00305061
6/14/23 12:49,UP,1.0791,1.0829,1.0774,1.08245,0.00175682,0.001068502,0.003205507
6/15/23 3:55,DOWN,1.08243,1.08642,1.08012,1.08127,-0.00085049,0.001355086,0.004065259
6/15/23 12:32,UP,1.08123,1.08664,1.08038,1.08639,0.002829873,0.001458832,0.004376497
6/15/23 16:05,UP,1.0864,1.09356,1.08519,1.09325,0.001730286,0.001557057,0.004671171
6/19/23 10:50,DOWN,1.09328,1.09708,1.09071,1.0916,-0.001135303,0.001114747,0.003344242
6/20/23 14:22,DOWN,1.09162,1.09463,1.09063,1.09074,-0.001383424,0.000958764,0.002876291
6/21/23 14:46,UP,1.0907,1.09642,1.08921,1.09565,0.002558832,0.001046879,0.003140638
6/22/23 0:14,UP,1.09564,1.09926,1.09432,1.09899,0.000655362,0.001047259,0.003141776
6/22/23 15:15,DOWN,1.09894,1.1012,1.09559,1.09661,-0.001658285,0.001102812,0.003308435
6/23/23 6:06,DOWN,1.0966,1.0966,1.09271,1.09292,-0.000640281,0.000985957,0.00295787
6/23/23 8:05,DOWN,1.09291,1.09321,1.08536,1.08704,-0.001204382,0.001391495,0.004174486
6/23/23 14:07,UP,1.08711,1.09031,1.08445,1.08973,0.000339591,0.001411028,0.004233084
6/27/23 3:15,UP,1.0897,1.09352,1.08788,1.09251,0.00125478,0.000984784,0.002954351
6/27/23 12:55,UP,1.09254,1.09722,1.09163,1.09658,0.001624547,0.000975437,0.002926311
6/28/23 13:13,DOWN,1.0966,1.09768,1.09237,1.0925,-0.001600549,0.000915265,0.002745795
6/29/23 3:29,DOWN,1.09256,1.09446,1.08918,1.08942,-0.001742528,0.001061166,0.003183499
6/29/23 12:27,UP,1.08945,1.09415,1.08806,1.09362,0.001116184,0.001093517,0.00328055
6/29/23 13:05,DOWN,1.09357,1.0937,1.08676,1.08765,-0.005473889,0.001709339,0.005128017
6/30/23 13:21,UP,1.08768,1.09101,1.08353,1.09064,0.002579794,0.001579556,0.004738668
7/5/23 3:52,DOWN,1.09062,1.09341,1.08703,1.08784,-0.001010667,0.0010381,0.003114299
7/5/23 20:04,DOWN,1.08784,1.09081,1.0851,1.08544,-0.000598656,0.000933851,0.002801554
7/6/23 11:23,UP,1.08545,1.08901,1.08337,1.08892,0.002289288,0.001190067,0.0035702
7/6/23 14:27,DOWN,1.08894,1.09007,1.08422,1.08444,-0.002505067,0.001295891,0.003887674
7/6/23 22:24,UP,1.08446,1.08927,1.08337,1.08905,0.001056524,0.001276432,0.003829295
7/7/23 12:35,UP,1.08902,1.09288,1.0867,1.09263,0.003153333,0.001393244,0.004179733
7/7/23 15:32,UP,1.09267,1.09541,1.08952,1.095,0.000529821,0.00157194,0.004715819
7/10/23 17:22,UP,1.095,1.09929,1.09435,1.09919,0.000646139,0.00124215,0.00372645
7/11/23 14:19,DOWN,1.09917,1.10272,1.0977,1.09845,-0.000182058,0.001046131,0.003138392
7/12/23 0:55,UP,1.09842,1.10218,1.09839,1.10181,0.000944347,0.001007619,0.003022856
7/12/23 13:29,UP,1.10181,1.10845,1.10136,1.10819,0.001987192,0.001329766,0.003989298
7/12/23 19:34,UP,1.10823,1.11401,1.10815,1.11368,0.000970228,0.001315614,0.003946843
7/13/23 12:18,UP,1.11365,1.11844,1.11271,1.1183,0.00196025,0.001195829,0.003587487
7/13/23 20:43,UP,1.11827,1.12281,1.11616,1.12256,0.0007664,0.001117291,0.003351872
7/17/23 8:38,UP,1.1226,1.12489,1.12041,1.12486,0.001530249,0.001020532,0.003061597
7/18/23 5:32,UP,1.12484,1.12606,1.12033,1.12592,0.001021909,0.000880347,0.002641041
7/18/23 13:45,DOWN,1.12591,1.12758,1.12216,1.12301,-0.000640929,0.000855328,0.002565984
7/19/23 14:44,DOWN,1.12301,1.12457,1.11828,1.11893,-0.002445775,0.001064276,0.003192827
7/20/23 1:51,UP,1.11896,1.12287,1.11743,1.12274,0.001854329,0.001055518,0.003166553
7/20/23 12:31,DOWN,1.12273,1.12292,1.11832,1.11876,-0.001429133,0.001045291,0.003135873
7/20/23 15:19,DOWN,1.11875,1.1191,1.11406,1.11446,-0.001748197,0.001123045,0.003369136
7/24/23 7:46,DOWN,1.11443,1.11472,1.10747,1.10803,-0.005149036,0.001535687,0.004607061
7/25/23 8:15,DOWN,1.10803,1.11092,1.10536,1.10598,-0.001481749,0.001183563,0.003550688
7/26/23 6:37,UP,1.10595,1.10712,1.10207,1.10663,0.001338289,0.001151432,0.003454296
7/27/23 2:24,UP,1.10666,1.11181,1.10566,1.11075,0.002262291,0.001096699,0.003290096
7/27/23 11:21,UP,1.11079,1.11498,1.1088,1.11357,0.000395204,0.00119016,0.003570481
7/27/23 13:03,DOWN,1.11355,1.11412,1.10476,1.10565,-0.002366844,0.001694529,0.005083588
7/27/23 15:01,DOWN,1.10569,1.10574,1.0984,1.09921,-0.000927509,0.001849158,0.005547475
7/28/23 11:59,UP,1.0992,1.10183,1.09436,1.10087,0.002218889,0.0015613,0.004683901
7/31/23 19:02,DOWN,1.10088,1.10477,1.09931,1.09982,-0.001317529,0.001263012,0.003789035
8/1/23 23:09,UP,1.09978,1.10207,1.09523,1.10076,0.002328374,0.001130784,0.003392353
8/2/23 12:49,DOWN,1.10077,1.1017,1.09575,1.09668,-0.000747432,0.000981902,0.002945706
8/2/23 14:51,DOWN,1.09669,1.09686,1.0918,1.09255,-0.002559533,0.001152402,0.003457207
8/3/23 12:44,UP,1.09256,1.09577,1.09122,1.09533,0.000977352,0.001102969,0.003308906
8/4/23 12:49,UP,1.09535,1.09876,1.09154,1.09837,0.003712373,0.001326542,0.003979625
8/4/23 15:31,UP,1.09835,1.10414,1.0983,1.10386,0.001586604,0.00149839,0.00449517
8/7/23 5:54,DOWN,1.10385,1.1042,1.09835,1.09843,-0.001437383,0.001453243,0.004359728
8/8/23 10:44,DOWN,1.09842,1.10118,1.09557,1.09583,-0.00206024,0.001302098,0.003906294
8/9/23 7:10,UP,1.09581,1.09831,1.0929,1.09793,0.000182178,0.001124071,0.003372214
8/10/23 7:46,UP,1.09796,1.10187,1.09621,1.10095,0.001982071,0.001020547,0.003061642
8/10/23 17:29,DOWN,1.10091,1.10651,1.09972,1.09978,-0.001916727,0.00104779,0.00314337
8/11/23 13:52,DOWN,1.09978,1.10052,1.09549,1.0956,-0.001340831,0.001095855,0.003287564
8/14/23 2:08,DOWN,1.09563,1.0984,1.09312,1.0937,-0.000557584,0.001124588,0.003373763
8/14/23 13:07,DOWN,1.09367,1.09603,1.09021,1.0903,-0.002619697,0.001295606,0.003886819
8/15/23 7:44,UP,1.09027,1.09361,1.08747,1.09247,0.000256333,0.001266955,0.003800865
8/15/23 19:36,DOWN,1.09249,1.09525,1.08968,1.09004,-0.00147592,0.001131222,0.003393667
8/16/23 17:43,DOWN,1.09001,1.09347,1.08838,1.0888,-0.001303338,0.001023783,0.00307135
8/17/23 12:08,UP,1.08883,1.09006,1.08618,1.08995,0.00158849,0.000992507,0.002977521
8/17/23 18:59,DOWN,1.08995,1.09185,1.08563,1.08571,-0.00177606,0.001045566,0.003136697
8/21/23 5:07,UP,1.08572,1.0894,1.08449,1.08869,0.001295974,0.000905026,0.002715078
8/22/23 3:54,UP,1.08867,1.0916,1.08724,1.09142,0.000742428,0.000905303,0.002715908
8/22/23 11:43,DOWN,1.09142,1.09304,1.08805,1.08862,-0.001670445,0.001043609,0.003130828
8/22/23 14:00,DOWN,1.08859,1.08909,1.08412,1.0846,-0.001455698,0.001171949,0.003515848
8/23/23 9:18,DOWN,1.08454,1.08715,1.08115,1.0812,-0.001090785,0.001271932,0.003815797
8/23/23 15:53,UP,1.08123,1.08628,1.08025,1.08606,0.001271456,0.001339535,0.004018604
8/24/23 17:14,DOWN,1.08605,1.08767,1.08142,1.08222,-0.001034375,0.00112933,0.003387991
8/25/23 3:36,DOWN,1.08219,1.08239,1.07827,1.07836,-0.001121445,0.001141618,0.003424855
8/28/23 6:53,UP,1.07837,1.08419,1.07658,1.08176,0.00074906,0.001048547,0.00314564
8/29/23 3:28,UP,1.08179,1.08379,1.07989,1.08375,0.001006273,0.000923475,0.002770424
8/29/23 12:05,DOWN,1.08378,1.08384,1.08025,1.08048,-0.000740138,0.000998397,0.00299519
8/29/23 14:08,UP,1.08049,1.08504,1.0782,1.08431,0.005456106,0.001695382,0.005086145
8/30/23 10:07,UP,1.08426,1.08937,1.08227,1.08823,0.001996055,0.001531776,0.004595327
8/30/23 14:38,UP,1.08822,1.09455,1.08746,1.09356,0.000585416,0.001601366,0.004804098
8/31/23 9:05,DOWN,1.09358,1.09397,1.08645,1.0865,-0.003344608,0.001594585,0.004783755
9/1/23 14:23,DOWN,1.08648,1.08853,1.08212,1.08245,-0.002537311,0.00137413,0.00412239
9/1/23 20:27,DOWN,1.08244,1.08251,1.07722,1.0777,-0.000658594,0.001406171,0.004218514
9/5/23 7:53,DOWN,1.07768,1.0809,1.07555,1.07565,-0.000511188,0.001269354,0.003808061
9/5/23 15:12,DOWN,1.07563,1.07589,1.07064,1.07108,-0.000970511,0.001299812,0.003899437
9/7/23 12:48,DOWN,1.07108,1.0749,1.06882,1.06919,-0.00171945,0.001100275,0.003300825
9/8/23 14:32,UP,1.06914,1.0744,1.0686,1.07302,0.001501565,0.001004397,0.00301319
9/11/23 5:05,UP,1.07304,1.07385,1.0697,1.07349,0.000913327,0.001021061,0.003063182
9/12/23 8:10,DOWN,1.07349,1.07692,1.07121,1.07177,-0.00134267,0.000909717,0.002729152
9/12/23 20:54,UP,1.07178,1.0765,1.07055,1.07601,0.003015667,0.001115736,0.003347208
9/14/23 10:22,DOWN,1.07602,1.07649,1.0711,1.07313,-0.000707958,0.000862601,0.002587803
9/14/23 12:45,DOWN,1.07316,1.07485,1.0655,1.06765,-0.004821403,0.001434309,0.004302926
9/14/23 17:45,DOWN,1.06764,1.06977,1.0634,1.06348,-0.002094694,0.001485481,0.004456444
9/15/23 14:10,UP,1.0635,1.06881,1.06318,1.06835,0.001901934,0.001345298,0.004035893
9/19/23 11:59,UP,1.06836,1.07098,1.06547,1.07088,0.001429753,0.001153191,0.003459572
9/20/23 14:31,UP,1.07089,1.07273,1.0673,1.07193,0.001101424,0.001018114,0.003054342
9/20/23 18:04,DOWN,1.07193,1.07368,1.06739,1.06771,-0.004522823,0.001470413,0.004411238
9/21/23 0:52,DOWN,1.0677,1.0718,1.06299,1.06322,-0.002620667,0.001736817,0.005210451
9/22/23 7:22,DOWN,1.06321,1.06736,1.06153,1.06174,-0.003075117,0.001482065,0.004446195
9/22/23 15:42,UP,1.06175,1.06719,1.06149,1.06635,0.000487764,0.001392265,0.004176794
9/25/23 13:15,DOWN,1.06637,1.06654,1.06088,1.06091,-0.002062138,0.00126049,0.003781469
9/26/23 16:19,DOWN,1.06089,1.06165,1.05677,1.0573,-0.000964256,0.001018157,0.003054471
9/27/23 14:00,DOWN,1.05731,1.05763,1.05121,1.05224,-0.002373066,0.001078246,0.003234737
9/28/23 9:46,UP,1.05221,1.05378,1.04881,1.05375,0.001928311,0.00102486,0.003074579
9/28/23 15:44,UP,1.05377,1.05788,1.05177,1.05788,0.002384965,0.001166476,0.003499427
9/29/23 7:20,UP,1.0579,1.06019,1.05498,1.06017,0.001255303,0.001177303,0.00353191
9/29/23 14:16,DOWN,1.06019,1.06171,1.05712,1.05759,-0.00136066,0.001133143,0.003399429
10/2/23 10:02,DOWN,1.05759,1.05929,1.05349,1.05371,-0.002653753,0.001241674,0.003725023
10/2/23 16:21,DOWN,1.05369,1.05439,1.04911,1.04965,-0.001152101,0.001126774,0.003380322
10/3/23 5:04,DOWN,1.04966,1.05055,1.04599,1.04638,-0.000659199,0.001048291,0.003144874
10/4/23 9:18,UP,1.04638,1.05017,1.04483,1.04995,0.001973468,0.001190024,0.003570072
10/5/23 17:33,UP,1.04998,1.05402,1.0483,1.05336,0.000436793,0.001105323,0.00331597
10/6/23 12:51,DOWN,1.05334,1.05685,1.04851,1.04851,-0.007212769,0.002003242,0.006009726
10/6/23 15:36,UP,1.04853,1.05925,1.04825,1.05893,0.00428708,0.002265897,0.00679769
10/9/23 8:06,DOWN,1.05887,1.06,1.05195,1.0523,-0.001519324,0.001913448,0.005740345
10/10/23 2:44,UP,1.05228,1.05838,1.05201,1.05751,0.000387778,0.001589012,0.004767035
10/10/23 16:55,UP,1.05753,1.06199,1.05543,1.0617,0.001489288,0.00150318,0.004509541
10/12/23 12:46,DOWN,1.06173,1.06399,1.05719,1.05884,-0.002744521,0.001347964,0.004043892
10/12/23 17:02,DOWN,1.05881,1.05939,1.05442,1.05444,-0.000663639,0.001294884,0.003884653
10/13/23 14:51,DOWN,1.05444,1.05586,1.05016,1.05022,-0.00180751,0.001342156,0.004026469
10/16/23 9:41,UP,1.0502,1.0543,1.04954,1.05399,0.000521963,0.001102355,0.003307064
10/17/23 12:27,UP,1.05402,1.05794,1.05257,1.05728,0.002253597,0.001079824,0.003239472
10/17/23 16:13,UP,1.05727,1.05949,1.05382,1.05923,0.001577861,0.001208138,0.003624413
10/18/23 14:07,DOWN,1.05925,1.05948,1.05462,1.05569,-0.000407234,0.001069171,0.003207512
10/19/23 13:03,UP,1.05564,1.05797,1.05232,1.05771,0.00194003,0.001137854,0.003413563
10/20/23 17:20,UP,1.0577,1.06168,1.05555,1.06023,0.001056933,0.001035149,0.003105448
10/23/23 9:22,UP,1.06023,1.06121,1.05715,1.06088,0.00109403,0.001069171,0.003207513
10/23/23 16:37,UP,1.06086,1.06508,1.05906,1.0648,0.001024191,0.001134561,0.003403684
10/24/23 10:06,DOWN,1.06483,1.06949,1.06359,1.06375,-0.000977196,0.001174336,0.003523009
10/24/23 15:33,DOWN,1.06378,1.06416,1.05839,1.05847,-0.002236578,0.001292989,0.003878966
10/25/23 18:59,DOWN,1.05845,1.06069,1.05657,1.05666,-0.000662245,0.001024398,0.003073193
10/26/23 12:24,DOWN,1.05662,1.05739,1.05307,1.05354,-0.0005314,0.00090221,0.002706629
10/27/23 5:58,UP,1.05351,1.05702,1.05216,1.05681,0.001003522,0.000957723,0.002873168
10/27/23 14:15,UP,1.05681,1.05949,1.05354,1.05911,0.001890163,0.001283056,0.003849168
10/30/23 13:39,UP,1.0591,1.0615,1.0547,1.06038,0.00136837,0.001124712,0.003374137
10/31/23 9:57,UP,1.06038,1.06504,1.05906,1.06499,0.001334236,0.001342607,0.00402782
10/31/23 13:35,DOWN,1.06498,1.0675,1.06027,1.06088,-0.002259718,0.001545786,0.004637357
11/1/23 8:00,DOWN,1.06089,1.06159,1.05575,1.05648,-0.000378544,0.001343688,0.004031064
11/2/23 0:05,UP,1.05645,1.05899,1.0517,1.05842,0.001654776,0.001429263,0.004287788
11/2/23 10:55,UP,1.05846,1.06348,1.05837,1.06341,0.002165196,0.001373583,0.004120748
11/3/23 12:59,UP,1.06341,1.07193,1.06105,1.07095,0.005233335,0.001785652,0.005356955
11/6/23 10:30,UP,1.07091,1.07564,1.06935,1.07541,0.000921003,0.001374515,0.004123544
11/7/23 1:21,DOWN,1.07537,1.07553,1.0708,1.07101,-0.001035868,0.001234229,0.003702686
11/7/23 14:37,DOWN,1.07101,1.07142,1.06652,1.0666,-0.001002685,0.001168808,0.003506424
11/8/23 16:22,UP,1.06658,1.07151,1.06593,1.07096,0.001869229,0.001106749,0.003320247
11/9/23 19:43,DOWN,1.07096,1.07257,1.0661,1.0662,-0.003090324,0.001352265,0.004056795
11/13/23 10:46,UP,1.06618,1.07015,1.06562,1.06923,6.55E-05,0.000908204,0.002724613
11/14/23 7:51,UP,1.06924,1.07096,1.0665,1.07069,0.000868976,0.00092092,0.002762761
11/14/23 13:58,UP,1.07067,1.08003,1.0696,1.07917,0.006087973,0.001715588,0.005146765
11/14/23 16:12,UP,1.07924,1.08605,1.07887,1.08601,0.00294168,0.001861167,0.005583502
11/16/23 15:37,UP,1.08602,1.08957,1.08299,1.08897,0.002141929,0.001425444,0.004276332
11/17/23 8:05,DOWN,1.08899,1.08903,1.08288,1.08289,-0.001909727,0.001529291,0.004587873
11/17/23 15:59,UP,1.08291,1.08936,1.08249,1.08868,0.001792766,0.001456041,0.004368122
11/20/23 9:30,UP,1.08869,1.09362,1.08748,1.09341,0.000548893,0.001256186,0.003768558
11/21/23 2:40,UP,1.09341,1.09591,1.09187,1.09584,0.000766829,0.001056322,0.003168965
11/21/23 18:30,DOWN,1.09583,1.09654,1.09034,1.09043,-0.001969758,0.001112377,0.00333713
11/22/23 14:52,DOWN,1.09041,1.09232,1.08713,1.08777,-0.001781877,0.001080835,0.003242504
11/23/23 5:58,UP,1.08775,1.091,1.08523,1.09096,0.001798199,0.001116375,0.003349126
11/24/23 14:48,UP,1.09095,1.09319,1.08872,1.09275,0.001520258,0.000954653,0.002863959
11/28/23 1:12,UP,1.09276,1.0962,1.09247,1.09605,0.000328506,0.000872918,0.002618754
11/28/23 14:47,UP,1.09607,1.09835,1.09345,1.0982,0.001266509,0.000857957,0.002573872
11/29/23 14:14,DOWN,1.09819,1.10174,1.09653,1.0969,-0.00127551,0.001101643,0.003304929
11/30/23 9:11,DOWN,1.09689,1.0995,1.09201,1.09232,-0.002678773,0.001241577,0.003724732
11/30/23 20:43,DOWN,1.09231,1.095,1.08794,1.08807,-0.001295034,0.001127791,0.003383374
12/1/23 14:19,DOWN,1.08805,1.0913,1.08627,1.08637,-0.000984447,0.001094276,0.003282829
12/1/23 17:44,UP,1.08638,1.08856,1.08287,1.08821,0.001038942,0.001425091,0.004275273
12/4/23 14:46,DOWN,1.08825,1.08951,1.08196,1.0837,-0.00195435,0.001242491,0.003727474
12/5/23 16:21,DOWN,1.08373,1.08476,1.07912,1.07916,-0.002692913,0.001343828,0.004031485
12/7/23 6:00,DOWN,1.07913,1.08046,1.07568,1.07622,-0.000371602,0.0010728,0.003218401
12/7/23 18:00,UP,1.07626,1.08177,1.07552,1.08129,0.002129354,0.001239876,0.003719627
12/8/23 12:44,DOWN,1.08126,1.08134,1.07723,1.0779,-0.000658471,0.001006135,0.003018405
12/8/23 14:22,DOWN,1.07789,1.07809,1.07237,1.0742,-0.00191587,0.001116005,0.003348016
12/12/23 8:06,UP,1.07422,1.07859,1.07304,1.07743,0.000436318,0.000974532,0.002923597
12/13/23 10:49,DOWN,1.07742,1.08277,1.07671,1.0774,-0.001178069,0.000919803,0.00275941
12/13/23 19:28,UP,1.07739,1.08719,1.07732,1.08648,0.00717723,0.00197451,0.00592353
12/14/23 12:01,UP,1.08646,1.09384,1.08533,1.09338,0.002536643,0.001669218,0.005007654
12/14/23 15:20,UP,1.09341,1.09974,1.09056,1.09882,0.002542316,0.00184582,0.005537461
12/15/23 14:13,DOWN,1.09883,1.10094,1.09041,1.09196,-0.002286844,0.001759189,0.005277567
12/19/23 8:25,UP,1.09199,1.09414,1.08887,1.09336,0.000640433,0.001048955,0.003146865
12/19/23 15:22,UP,1.09334,1.09845,1.09304,1.09788,0.001458417,0.001108458,0.003325375
12/20/23 11:19,DOWN,1.09789,1.09894,1.09464,1.09466,-0.001040877,0.00093992,0.00281976
12/21/23 9:07,DOWN,1.09464,1.09757,1.09299,1.09376,-0.000831646,0.000926685,0.002780055
12/21/23 12:50,UP,1.09375,1.09871,1.09352,1.09843,0.002725779,0.001156476,0.003469429
12/22/23 12:18,UP,1.09844,1.10323,1.09725,1.10274,0.001451985,0.00099858,0.002995739
12/26/23 20:28,UP,1.10274,1.10451,1.10001,1.10413,0.00057981,0.000915595,0.002746785
12/27/23 13:00,UP,1.10414,1.10701,1.10286,1.10682,0.001048597,0.000896133,0.0026884
12/27/23 15:42,UP,1.10683,1.11151,1.10621,1.11126,0.003127467,0.001157464,0.003472391
12/28/23 17:22,DOWN,1.11125,1.11396,1.1066,1.10705,-0.003120549,0.001305639,0.003916917
1/2/24 3:53,DOWN,1.10701,1.10845,1.10176,1.10242,-0.001441242,0.001339594,0.004018781
1/2/24 11:29,DOWN,1.10243,1.1039,1.09785,1.09815,-0.00229214,0.001429236,0.004287708
1/3/24 9:27,DOWN,1.09815,1.0983,1.0936,1.09394,-0.002027305,0.001236581,0.003709742
1/3/24 19:04,DOWN,1.09392,1.09444,1.0898,1.09024,-0.000476845,0.001048717,0.003146152
1/4/24 8:37,UP,1.09023,1.0949,1.08929,1.09379,0.000365768,0.000965002,0.002895007
1/5/24 7:53,DOWN,1.09381,1.09724,1.09231,1.09272,-0.000795862,0.000992998,0.002978993
1/5/24 15:13,UP,1.09272,1.09986,1.08766,1.09895,0.003756078,0.001476797,0.00443039
1/7/24 23:04,DOWN,1.09899,1.09939,1.09353,1.09403,-0.00108713,0.001451416,0.004354247
1/8/24 16:11,UP,1.09405,1.09772,1.09226,1.09757,0.001285482,0.001235118,0.003705353
1/9/24 11:23,DOWN,1.09755,1.0979,1.09302,1.0931,-0.000914411,0.001128371,0.003385112
1/10/24 10:06,UP,1.09311,1.09547,1.09103,1.09532,0.001443542,0.001040349,0.003121046
1/10/24 21:55,UP,1.09529,1.09729,1.09319,1.09727,0.000337257,0.001102095,0.003306286
1/11/24 14:10,DOWN,1.09727,1.09995,1.09315,1.09407,-0.002136519,0.001146575,0.003439725
1/11/24 22:45,UP,1.09404,1.09831,1.09302,1.09743,0.000711004,0.000991434,0.002974303
1/12/24 12:32,DOWN,1.09726,1.09854,1.09414,1.09477,-0.001442185,0.000984552,0.002953655
1/12/24 15:12,UP,1.09469,1.09871,1.0936,1.09827,0.001494374,0.001039634,0.003118903
1/15/24 10:38,DOWN,1.09831,1.09856,1.09335,1.09365,-0.001699282,0.000997723,0.002993168
1/16/24 8:47,DOWN,1.09362,1.09592,1.08946,1.09011,-0.002162579,0.001239939,0.003719818
1/17/24 4:21,DOWN,1.09012,1.0907,1.08621,1.0868,-0.000607103,0.000971171,0.002913512
1/17/24 14:57,DOWN,1.08681,1.0884,1.08483,1.08489,-0.001234386,0.000927178,0.002781535
1/17/24 23:08,UP,1.08488,1.0885,1.08446,1.08829,0.000579057,0.000869211,0.002607633
1/18/24 13:58,DOWN,1.0883,1.0907,1.08517,1.08529,-0.002117007,0.001029704,0.003089113
1/19/24 4:08,UP,1.08527,1.08898,1.08467,1.08882,0.000918847,0.000919518,0.002758553
1/22/24 1:11,UP,1.08885,1.09051,1.08656,1.09045,0.000743089,0.000748226,0.002244678
1/23/24 7:58,UP,1.09044,1.09163,1.08757,1.09079,0.000119187,0.000747236,0.002241709
1/23/24 11:09,DOWN,1.09078,1.09108,1.08672,1.0871,-0.001893157,0.000913533,0.002740599
1/23/24 16:19,DOWN,1.0871,1.0876,1.08216,1.08305,-0.001614503,0.001020083,0.00306025
1/24/24 3:45,UP,1.08306,1.08613,1.08245,1.08611,0.000377565,0.001027686,0.003083057
1/24/24 14:02,UP,1.08611,1.09274,1.08584,1.09231,0.002621738,0.00131899,0.00395697
1/24/24 21:23,DOWN,1.09228,1.09324,1.08775,1.08808,-0.000321616,0.001196028,0.003588085
1/25/24 14:46,DOWN,1.08814,1.09028,1.0853,1.08539,-0.001169402,0.001160257,0.003480771
1/26/24 11:25,UP,1.08538,1.08763,1.08127,1.08748,0.002596519,0.001295638,0.003886914
1/29/24 8:22,DOWN,1.08748,1.08866,1.0833,1.08346,-0.000913322,0.001089174,0.003267522
1/30/24 12:29,UP,1.08343,1.08483,1.07959,1.08442,0.001402654,0.001089122,0.003267367
1/31/24 13:58,UP,1.08441,1.08631,1.08059,1.08593,0.002009514,0.001040606,0.003121817
1/31/24 19:27,DOWN,1.08591,1.08876,1.08157,1.08326,-0.001227022,0.001035853,0.003107559
2/1/24 6:32,DOWN,1.08326,1.08644,1.07945,1.08009,-0.001027164,0.00127726,0.003831781
2/1/24 15:08,UP,1.08006,1.083,1.07799,1.0827,0.00068371,0.001133095,0.003399285
2/1/24 17:38,UP,1.08271,1.08747,1.08199,1.08672,0.001031156,0.001227519,0.003682557
2/2/24 13:32,DOWN,1.08674,1.08976,1.08251,1.08331,-0.004430267,0.001467052,0.004401157
2/2/24 18:06,DOWN,1.08331,1.08331,1.07808,1.07831,-0.000222546,0.001497576,0.004492729
2/5/24 13:57,DOWN,1.07834,1.07975,1.07381,1.07387,-0.00153532,0.001316049,0.003948146
2/7/24 2:27,UP,1.07388,1.07652,1.07225,1.07641,0.00084576,0.000943883,0.002831648
2/8/24 13:02,DOWN,1.07641,1.07891,1.07498,1.0756,-0.000659879,0.000744359,0.002233077
2/8/24 18:11,UP,1.07561,1.07831,1.07414,1.07772,0.001169819,0.000784438,0.002353313
2/11/24 23:49,UP,1.07769,1.07968,1.07619,1.07966,0.000871024,0.000700498,0.002101494
2/12/24 11:20,DOWN,1.07963,1.08057,1.07668,1.07713,-0.00028776,0.000923451,0.002770353
2/13/24 13:38,DOWN,1.07712,1.08013,1.07239,1.07274,-0.004770749,0.001404992,0.004214977
2/15/24 1:14,UP,1.07272,1.07367,1.06947,1.07293,0.000205067,0.000928894,0.002786681
2/15/24 13:30,UP,1.07296,1.07714,1.07247,1.07714,0.003152186,0.001130514,0.003391541
2/16/24 13:48,DOWN,1.07704,1.07849,1.07321,1.07422,-0.003002321,0.001237002,0.003711007
2/19/24 1:02,UP,1.07419,1.0789,1.07386,1.07879,0.001057298,0.001124455,0.003373366
2/20/24 11:25,UP,1.07876,1.08096,1.07616,1.07976,8.34E-05,0.001038222,0.003114665
2/21/24 10:35,DOWN,1.07979,1.08388,1.07898,1.08008,-0.00016664,0.000911297,0.002733891
2/22/24 6:21,UP,1.08007,1.0838,1.07941,1.08358,0.001403742,0.000845788,0.002537365
2/22/24 9:05,UP,1.08358,1.08888,1.08358,1.08673,0.000920615,0.000951075,0.002853226
2/22/24 14:25,DOWN,1.08676,1.08689,1.08113,1.08115,-0.002337367,0.001145136,0.003435409
2/26/24 9:43,UP,1.08114,1.084,1.08026,1.08393,0.000692166,0.000733023,0.00219907
2/27/24 8:51,UP,1.08392,1.0866,1.08374,1.08616,0.000727598,0.000618514,0.001855542
2/28/24 3:31,DOWN,1.08613,1.08632,1.08326,1.08345,-0.000987099,0.000709454,0.002128363
2/28/24 9:49,DOWN,1.08344,1.08358,1.07966,1.08009,-0.001581949,0.000797865,0.002393596
2/28/24 15:15,UP,1.0801,1.08338,1.07983,1.0833,0.000433954,0.000870638,0.002611913
2/29/24 16:36,DOWN,1.08329,1.08561,1.08061,1.08133,-0.00221703,0.000890815,0.002672446
3/1/24 15:56,UP,1.08132,1.08418,1.07958,1.08368,0.002355866,0.000976794,0.002930382
3/4/24 16:18,UP,1.08367,1.0867,1.08234,1.08628,0.000580129,0.000774398,0.002323195
3/6/24 9:20,UP,1.08627,1.08764,1.08399,1.0871,0.000671737,0.000696405,0.002089216
3/6/24 16:23,UP,1.08712,1.09088,1.08674,1.0903,0.001413454,0.000749797,0.002249391
3/7/24 13:32,DOWN,1.09029,1.09156,1.08733,1.08785,-0.001708335,0.000734148,0.002202444
3/7/24 15:22,UP,1.08778,1.09197,1.08677,1.09095,0.001348358,0.000843656,0.002530968
3/7/24 20:17,UP,1.09093,1.09488,1.09081,1.09457,0.000978031,0.000971811,0.002915432
3/11/24 13:08,DOWN,1.09458,1.09815,1.09175,1.0928,-0.001280293,0.000857334,0.002572001
3/12/24 13:43,DOWN,1.09279,1.09441,1.09023,1.09048,-0.001484482,0.000840569,0.002521708
3/13/24 7:05,UP,1.09049,1.09308,1.09023,1.09292,0.000384365,0.000690351,0.002071053
3/13/24 17:55,UP,1.09291,1.09641,1.09201,1.0958,0.001187052,0.000674957,0.002024872
3/14/24 12:56,DOWN,1.09581,1.09588,1.09241,1.09324,-0.000813763,0.000670171,0.002010512
3/14/24 14:54,DOWN,1.09322,1.09325,1.0898,1.08991,-0.00102708,0.000831318,0.002493955
3/18/24 8:49,UP,1.08994,1.08999,1.08728,1.08942,0.000394783,0.000582383,0.001747148
3/18/24 17:37,DOWN,1.08941,1.09062,1.08693,1.08711,-0.001222679,0.000626392,0.001879175
3/19/24 9:01,DOWN,1.08711,1.08775,1.08423,1.0849,-0.00114231,0.000631429,0.001894288
3/19/24 18:02,UP,1.08489,1.08677,1.08347,1.08633,0.000322238,0.000591017,0.00177305
3/20/24 10:20,DOWN,1.08634,1.08722,1.08364,1.08419,-0.000931137,0.000663849,0.001991547
3/20/24 18:10,UP,1.08418,1.08944,1.08371,1.08825,0.002290699,0.000846032,0.002538097
3/20/24 19:40,UP,1.08826,1.09213,1.08658,1.09203,0.00162215,0.000991154,0.002973462
3/21/24 8:44,DOWN,1.092,1.09427,1.08932,1.08949,-0.003783598,0.001289073,0.003867219
3/21/24 16:00,DOWN,1.08949,1.09238,1.08558,1.08609,-0.001646757,0.001306949,0.003920846
3/22/24 9:20,DOWN,1.08606,1.08683,1.0808,1.08209,-0.000406538,0.001235045,0.003705134
3/25/24 20:57,UP,1.08208,1.08425,1.08017,1.08367,0.000221494,0.000888275,0.002664826
3/26/24 15:58,DOWN,1.08367,1.08643,1.08253,1.08264,-0.001227725,0.00092461,0.002773831
3/28/24 8:28,DOWN,1.08264,1.08392,1.07898,1.07928,-0.002138029,0.000940873,0.002822619
3/28/24 13:06,UP,1.07928,1.08183,1.07751,1.08141,0.002193988,0.001126148,0.003378443
3/29/24 1:58,DOWN,1.08141,1.08191,1.0776,1.07761,-0.001372467,0.001064785,0.003194355
4/1/24 14:52,DOWN,1.07762,1.0807,1.07396,1.07429,-0.002862908,0.001093112,0.003279337
4/2/24 13:37,UP,1.07431,1.07635,1.07244,1.07631,0.001487667,0.000950133,0.002850399
4/3/24 14:31,UP,1.07635,1.08182,1.07578,1.08059,0.001407629,0.000914534,0.002743602
4/4/24 1:36,UP,1.08059,1.0844,1.08058,1.08408,0.000562847,0.000927443,0.00278233
4/4/24 13:48,UP,1.08407,1.08767,1.08382,1.0875,0.001656544,0.000902534,0.002707602
4/4/24 20:00,DOWN,1.08749,1.08761,1.08325,1.08329,-0.00160493,0.000939981,0.002819943
4/5/24 13:36,DOWN,1.08329,1.08481,1.07914,1.08051,-2.78E-05,0.001076409,0.003229227
4/8/24 3:03,UP,1.08049,1.08445,1.07953,1.08415,0.001162877,0.000995469,0.002986407
4/8/24 19:27,UP,1.08415,1.08625,1.08206,1.08583,0.000469797,0.000822354,0.002467061
4/9/24 17:26,DOWN,1.08583,1.08852,1.0849,1.08536,-0.000377684,0.00078152,0.00234456
4/10/24 12:44,DOWN,1.08534,1.08666,1.0779,1.07831,-0.007345603,0.001916961,0.005750884
4/11/24 10:45,DOWN,1.07827,1.07982,1.07262,1.07275,-0.001034189,0.00142198,0.004265941
4/12/24 6:42,DOWN,1.07275,1.07567,1.06902,1.06912,-0.002895385,0.001437658,0.004312973
4/12/24 12:57,DOWN,1.06917,1.06918,1.06312,1.06393,-0.001765474,0.001395982,0.004187946
4/15/24 19:15,DOWN,1.06395,1.06654,1.06218,1.06228,-0.000367067,0.001111459,0.003334377
4/17/24 10:19,UP,1.06228,1.06539,1.06011,1.06433,0.001156325,0.00093748,0.002812439
4/17/24 19:04,UP,1.06432,1.06793,1.063,1.06695,0.001735419,0.001057686,0.003173059
4/18/24 19:23,DOWN,1.06697,1.06902,1.0642,1.06436,-0.000957863,0.000972195,0.002916585
4/19/24 13:24,UP,1.06435,1.06737,1.06105,1.06704,0.002120255,0.001119662,0.003358987
4/23/24 8:29,UP,1.06702,1.06954,1.06238,1.06775,0.003029637,0.001177468,0.003532403
4/23/24 14:44,UP,1.06777,1.07114,1.06532,1.07046,0.003396828,0.001466518,0.004399553
4/25/24 11:26,UP,1.07046,1.073,1.06779,1.0729,0.000400863,0.001273226,0.003819677
4/26/24 8:22,UP,1.07294,1.07439,1.06784,1.07385,0.000568211,0.001456075,0.004368224
4/26/24 16:18,DOWN,1.07378,1.0753,1.0674,1.06905,-0.000448896,0.001403287,0.004209861
4/30/24 17:15,DOWN,1.0691,1.07355,1.06759,1.06813,-0.000935778,0.001251854,0.003755562
5/1/24 19:10,UP,1.06813,1.07327,1.06493,1.07195,0.004150586,0.001520819,0.004562456
5/3/24 0:00,UP,1.07193,1.07311,1.06743,1.07297,0.000223703,0.001325396,0.003976187
5/3/24 13:17,UP,1.07303,1.08126,1.07243,1.07894,0.003993356,0.001527178,0.004581535
5/8/24 2:06,DOWN,1.07891,1.07996,1.07389,1.07389,-0.00144231,0.001188655,0.003565966
5/9/24 15:12,UP,1.07393,1.07819,1.07239,1.07813,0.001986891,0.001145487,0.003436461
5/13/24 12:46,UP,1.07812,1.07986,1.07604,1.07976,0.001380889,0.00083355,0.002500651
5/14/24 13:08,UP,1.07975,1.08113,1.07672,1.0809,0.001175638,0.000779112,0.002337335
5/15/24 12:53,UP,1.08097,1.08696,1.08094,1.08601,0.00333887,0.001016449,0.003049347
5/15/24 18:20,UP,1.08598,1.08807,1.08316,1.08738,0.000791205,0.001137832,0.003413495
5/17/24 2:29,DOWN,1.0874,1.08952,1.08543,1.0856,-0.000929929,0.000901374,0.002704123
5/20/24 0:59,UP,1.08561,1.08786,1.08356,1.08753,0.000386271,0.000877968,0.002633903
5/21/24 3:30,DOWN,1.08754,1.08847,1.08509,1.08546,-0.000497361,0.000748788,0.002246364
5/21/24 17:13,DOWN,1.08544,1.08749,1.08426,1.08463,-0.000847856,0.000624252,0.001872756
5/22/24 10:40,DOWN,1.08466,1.08637,1.08393,1.08399,-0.000304385,0.000562932,0.001688796
5/22/24 17:08,UP,1.084,1.08468,1.08218,1.0846,0.000867055,0.000618249,0.001854748
5/22/24 18:53,DOWN,1.08464,1.08471,1.08176,1.08213,-0.00110831,0.000699187,0.00209756
5/23/24 10:25,UP,1.08216,1.08486,1.08124,1.0845,0.000747167,0.000686708,0.002060124
5/23/24 14:22,DOWN,1.08449,1.08611,1.08281,1.08311,-0.000396926,0.000814677,0.002444031
5/24/24 9:16,UP,1.08308,1.08384,1.08047,1.08297,0.000434086,0.000666382,0.001999145
5/24/24 15:35,UP,1.08297,1.0856,1.08271,1.0854,0.000387029,0.000654938,0.001964814
5/28/24 1:55,UP,1.08536,1.08736,1.08406,1.08724,0.000708466,0.000551189,0.001653566
5/28/24 13:57,DOWN,1.08725,1.08892,1.08657,1.08658,-0.001076194,0.00059548,0.001786439
5/28/24 23:34,DOWN,1.08661,1.08798,1.0852,1.08527,-0.000773702,0.000630261,0.001890784
5/29/24 14:23,DOWN,1.08527,1.08589,1.08227,1.08235,-0.001163457,0.000832033,0.002496099
5/30/24 3:11,DOWN,1.08236,1.0826,1.07938,1.07968,-0.000259302,0.00072013,0.00216039
5/30/24 9:32,UP,1.0797,1.08187,1.07882,1.08154,0.000619679,0.000692578,0.002077735
5/30/24 14:50,UP,1.08157,1.08439,1.08084,1.08429,0.000811921,0.000659489,0.001978468
5/31/24 1:50,DOWN,1.08428,1.08451,1.08222,1.08222,-0.000757415,0.000604098,0.001812295
5/31/24 9:16,UP,1.08221,1.08451,1.08111,1.08391,0.001209318,0.000609042,0.001827125
5/31/24 12:38,UP,1.08394,1.08677,1.08388,1.08644,0.001022208,0.000647083,0.001941248
5/31/24 15:49,DOWN,1.08644,1.08825,1.08417,1.08523,-0.000442205,0.000664617,0.001993851
6/3/24 8:20,DOWN,1.08521,1.08589,1.08334,1.0835,-0.001254404,0.000608754,0.001826263
6/3/24 13:39,UP,1.08352,1.0854,1.08277,1.08523,0.000608351,0.000653302,0.001959907
6/3/24 15:39,UP,1.08522,1.08902,1.08491,1.08899,0.001424351,0.000914163,0.002742488
6/4/24 8:55,DOWN,1.08901,1.09161,1.08739,1.08809,-0.000358362,0.0007938,0.0023814
6/5/24 10:42,DOWN,1.08806,1.08877,1.0859,1.08666,-0.00068995,0.000610877,0.001832632
6/6/24 2:50,UP,1.08668,1.08959,1.08544,1.08931,0.000762241,0.00069166,0.002074981
6/6/24 12:13,DOWN,1.08933,1.08936,1.08618,1.08669,-0.000873832,0.000676817,0.00203045
6/6/24 18:57,UP,1.08667,1.09022,1.08641,1.08936,0.001010277,0.000723505,0.002170514
6/7/24 12:38,DOWN,1.08938,1.09036,1.08289,1.08302,-0.006066399,0.001604739,0.004814216
6/9/24 22:12,DOWN,1.083,1.084,1.07637,1.07699,-0.002976096,0.001493017,0.004479052
6/11/24 10:50,DOWN,1.07701,1.07817,1.07328,1.07394,-0.000856292,0.001076487,0.003229461
6/12/24 10:27,UP,1.07395,1.0754,1.07194,1.07529,0.000474403,0.000902721,0.002708164
6/12/24 12:51,UP,1.07529,1.08277,1.07524,1.08208,0.005207235,0.001553599,0.004660796
6/13/24 1:47,DOWN,1.08206,1.08523,1.08037,1.08068,-0.000481063,0.001252494,0.003757482
6/13/24 15:11,DOWN,1.08069,1.08166,1.07619,1.07662,-0.001503578,0.001159694,0.003479081
6/14/24 6:28,DOWN,1.07663,1.07669,1.07265,1.07276,-0.001099362,0.001096965,0.003290894
6/14/24 9:35,DOWN,1.07276,1.0728,1.06757,1.06761,-0.002497791,0.001235756,0.003707268
6/17/24 9:52,UP,1.0676,1.07148,1.06676,1.07108,0.000448246,0.001035701,0.003107103
6/17/24 23:42,UP,1.07108,1.07402,1.0702,1.074,0.000325938,0.000923392,0.002770175
6/18/24 14:45,UP,1.07399,1.07615,1.07099,1.07448,7.45E-05,0.001010909,0.003032727
6/20/24 8:32,DOWN,1.07446,1.07534,1.07125,1.07159,-0.001454722,0.000870505,0.002611516
6/21/24 7:30,DOWN,1.0716,1.07323,1.06832,1.06853,-0.003036946,0.001080586,0.003241758
6/24/24 9:02,UP,1.06814,1.0718,1.06709,1.07148,0.00061616,0.000933814,0.002801442
6/25/24 12:25,DOWN,1.07146,1.07464,1.0709,1.07112,-0.001268894,0.000859773,0.00257932
6/26/24 7:23,DOWN,1.07112,1.07181,1.06856,1.06858,-0.001879234,0.000925384,0.002776151
6/27/24 12:23,UP,1.06856,1.07046,1.06659,1.07029,0.000542056,0.000770059,0.002310177
6/28/24 6:03,DOWN,1.07027,1.07265,1.06853,1.0691,-0.000533017,0.0007481,0.002244301
6/28/24 17:35,UP,1.06907,1.07249,1.06903,1.07165,0.000616062,0.000778664,0.002335992
7/1/24 1:15,UP,1.07168,1.07498,1.0706,1.07491,0.001089056,0.001017754,0.003053263
7/1/24 14:52,DOWN,1.07492,1.07766,1.07317,1.07326,-0.002410301,0.001125699,0.003377097
7/3/24 7:20,UP,1.07323,1.07557,1.07099,1.07527,0.001433225,0.000904238,0.002712715
7/3/24 13:51,UP,1.07526,1.07919,1.07519,1.07919,0.001808545,0.00095624,0.002868721
7/5/24 1:05,UP,1.07917,1.0818,1.07781,1.08143,0.000184957,0.000848978,0.002546934
7/8/24 13:20,UP,1.08142,1.08447,1.07978,1.08428,0.000867311,0.000758638,0.002275914
7/9/24 9:03,DOWN,1.08426,1.08452,1.08151,1.08215,-0.000277187,0.000639577,0.001918731
7/10/24 22:17,UP,1.08214,1.08334,1.08053,1.08328,0.000997469,0.000562144,0.001686431
7/11/24 11:44,UP,1.08327,1.08527,1.0831,1.08514,0.000691394,0.000543869,0.001631606
7/11/24 12:43,UP,1.08516,1.08965,1.08445,1.0894,0.003918075,0.001095045,0.003285136
7/11/24 17:43,DOWN,1.08937,1.09,1.08609,1.08612,-0.000561475,0.001020828,0.003062483
7/12/24 13:15,UP,1.08612,1.0898,1.08597,1.08961,0.000945739,0.000849548,0.002548643
7/15/24 14:20,UP,1.08963,1.09205,1.08832,1.09162,0.000687288,0.000726359,0.002179078
7/16/24 2:17,DOWN,1.09163,1.09225,1.08901,1.0891,-0.000523231,0.000683129,0.002049386
7/16/24 14:49,DOWN,1.0891,1.09056,1.08715,1.08739,-0.000772194,0.000720358,0.002161073
7/16/24 20:07,UP,1.08735,1.0903,1.08735,1.09017,0.000936072,0.000746874,0.002240622
7/17/24 9:31,UP,1.09018,1.09452,1.08951,1.09378,0.001683656,0.000814363,0.002443088
7/18/24 13:27,DOWN,1.09376,1.09483,1.09153,1.09157,-0.001583619,0.000709502,0.002128506
7/19/24 2:14,DOWN,1.09154,1.09188,1.08863,1.08893,-0.000569204,0.000673137,0.002019412
7/23/24 8:09,DOWN,1.0889,1.0903,1.08679,1.08699,-0.001415754,0.000607255,0.001821766
7/23/24 13:44,DOWN,1.08703,1.08825,1.08467,1.08505,-0.000939607,0.000645932,0.001937797
7/24/24 8:33,DOWN,1.08504,1.08581,1.08256,1.08314,-0.001632804,0.000686777,0.00206033
7/24/24 13:11,UP,1.08313,1.08617,1.08313,1.08588,0.001068829,0.000723873,0.002171618
7/25/24 1:59,DOWN,1.08587,1.08667,1.08349,1.08383,-1.85E-05,0.000620473,0.001861418
7/25/24 15:14,UP,1.08381,1.08639,1.08282,1.08606,0.001382094,0.000809848,0.002429544
7/29/24 8:52,DOWN,1.08608,1.08701,1.0833,1.08335,-0.001881277,0.000749916,0.002249748
7/30/24 14:18,DOWN,1.08335,1.08422,1.07992,1.08017,-0.001036337,0.000740942,0.002222826
7/31/24 4:06,UP,1.08017,1.08304,1.07982,1.08251,0.000175533,0.00066833,0.00200499
7/31/24 11:21,UP,1.0825,1.08389,1.08065,1.08386,0.001153951,0.000778381,0.002335144
7/31/24 17:25,DOWN,1.08385,1.08496,1.08044,1.0809,-0.001303618,0.000802536,0.002407608
8/1/24 7:52,DOWN,1.0809,1.08356,1.0802,1.08033,-0.000860478,0.000854468,0.002563405
8/1/24 14:04,UP,1.08032,1.08185,1.07775,1.08151,0.002036265,0.000989158,0.002967474
8/2/24 9:22,UP,1.08148,1.0825,1.07802,1.0823,0.001340638,0.000953834,0.002861503
8/2/24 13:04,UP,1.08233,1.08972,1.08156,1.08896,0.005238868,0.0015664,0.004699201
8/5/24 4:49,UP,1.08899,1.094,1.08854,1.0933,0.000731997,0.001174033,0.0035221
8/5/24 7:33,UP,1.09331,1.09663,1.08925,1.0963,0.004864499,0.001655087,0.004965262
8/5/24 23:54,DOWN,1.09626,1.1009,1.09329,1.09508,-0.000173488,0.001236464,0.003709391
8/6/24 9:11,DOWN,1.09511,1.09632,1.09183,1.09193,-0.00083304,0.00105521,0.003165629
8/8/24 2:13,UP,1.09194,1.09367,1.09037,1.09311,0.00032939,0.000669133,0.0020074
8/8/24 12:52,DOWN,1.09308,1.09452,1.0895,1.08962,-0.002804383,0.000901888,0.002705663
8/9/24 4:24,UP,1.08962,1.09246,1.08813,1.09216,0.000494555,0.000831145,0.002493435
8/12/24 15:28,UP,1.09215,1.09395,1.0909,1.09361,0.00097889,0.000745623,0.00223687
8/13/24 14:39,UP,1.09361,1.09625,1.09138,1.0952,0.000703315,0.000775251,0.002325754
8/13/24 18:17,UP,1.09523,1.09873,1.0948,1.09869,0.002542618,0.000970555,0.002911664
8/14/24 11:18,UP,1.09868,1.10287,1.09821,1.10238,0.001334368,0.000939976,0.002819928
8/15/24 12:38,DOWN,1.10236,1.10476,1.09624,1.09639,-0.004268552,0.001367382,0.004102146
8/16/24 16:25,UP,1.09638,1.10047,1.09495,1.10021,0.001100395,0.001111729,0.003335187
8/19/24 6:03,UP,1.10024,1.10494,1.10013,1.10493,0.001095692,0.001110808,0.003332423
8/19/24 19:30,UP,1.10491,1.10859,1.10302,1.10851,0.00124569,0.001173137,0.003519412
8/20/24 14:35,UP,1.10851,1.11135,1.10718,1.11135,0.00160294,0.001083192,0.003249577
8/21/24 16:29,UP,1.11135,1.1148,1.10989,1.11472,0.001714904,0.000984173,0.002952518
8/22/24 12:44,DOWN,1.11473,1.11742,1.11252,1.11366,-0.000673228,0.001035912,0.003107736
8/23/24 14:22,UP,1.11369,1.11713,1.10981,1.11565,0.004095679,0.001380818,0.004142455
8/27/24 12:53,DOWN,1.11566,1.12017,1.115,1.1159,-0.000636055,0.001107481,0.003322444
8/28/24 9:07,DOWN,1.1159,1.11907,1.11351,1.11408,-0.001453058,0.00119379,0.00358137
8/29/24 8:13,DOWN,1.11408,1.11457,1.10866,1.10878,-0.003637022,0.001394576,0.004183728
8/30/24 16:39,DOWN,1.10879,1.11001,1.10438,1.10455,-0.001501746,0.001148555,0.003445664
9/3/24 9:34,DOWN,1.10452,1.10775,1.10341,1.10407,-0.001321506,0.00088416,0.002652479
9/3/24 18:16,DOWN,1.10407,1.10697,1.10263,1.10283,-0.001648939,0.000995854,0.002987563
9/4/24 7:29,UP,1.10284,1.1061,1.10277,1.1061,0.000651148,0.000925297,0.00277589
9/4/24 14:44,UP,1.1061,1.10923,1.10399,1.10869,0.002872371,0.001120767,0.003362302
9/5/24 11:16,UP,1.10867,1.1102,1.10652,1.11018,0.0003874,0.00099269,0.00297807
9/6/24 7:02,UP,1.11018,1.1121,1.10762,1.11191,0.000314823,0.000868749,0.002606246
9/6/24 13:37,DOWN,1.11191,1.11558,1.10781,1.10799,-0.003729532,0.001225273,0.003675819
9/9/24 7:12,DOWN,1.10801,1.11352,1.1055,1.10573,-0.001680733,0.00109989,0.00329967
9/10/24 12:01,DOWN,1.10574,1.1064,1.10266,1.10293,-0.000860971,0.000821704,0.002465112
9/11/24 12:49,DOWN,1.1029,1.10549,1.10033,1.10084,-0.003201512,0.00103791,0.003113731
9/12/24 13:47,UP,1.10081,1.1041,1.1002,1.10384,0.001468682,0.000873784,0.002621352
9/12/24 19:38,UP,1.10382,1.10712,1.10298,1.10705,0.001509653,0.000885287,0.00265586
9/16/24 3:56,UP,1.10703,1.11041,1.10666,1.11033,0.001180526,0.000768837,0.00230651
9/16/24 16:50,UP,1.11035,1.11378,1.10957,1.11265,0.000395531,0.000661005,0.001983016
9/17/24 16:24,DOWN,1.11266,1.11463,1.11115,1.11157,-0.000692474,0.00056064,0.001681921
9/18/24 10:37,UP,1.11158,1.114,1.11111,1.11341,0.000296431,0.000545048,0.001635144
9/18/24 18:16,UP,1.11342,1.11783,1.11081,1.11664,0.003759386,0.001139729,0.003419187
9/18/24 20:45,DOWN,1.11661,1.11894,1.10966,1.11179,-0.001267422,0.001222806,0.003668418
9/19/24 5:40,UP,1.11178,1.11309,1.10685,1.11279,0.001888931,0.001556298,0.004668895
9/19/24 14:21,DOWN,1.11283,1.11789,1.11164,1.11241,-0.000521255,0.001483761,0.004451282
9/20/24 6:12,UP,1.11243,1.11737,1.11178,1.11708,0.000608915,0.001306493,0.003919479
9/23/24 7:36,DOWN,1.11708,1.1182,1.1106,1.11119,-0.004265586,0.001534121,0.004602363
9/24/24 9:09,UP,1.11121,1.1145,1.10831,1.1139,0.000817283,0.001236035,0.003708106
9/24/24 23:46,UP,1.11392,1.11889,1.11219,1.11885,0.001923465,0.00123019,0.003690571
9/25/24 15:29,DOWN,1.11884,1.12141,1.11539,1.11573,-0.002461721,0.001285439,0.003856317
9/26/24 19:37,UP,1.11572,1.11894,1.11214,1.11808,0.000518881,0.001550735,0.004652206
9/30/24 9:32,UP,1.11808,1.12091,1.11249,1.11944,0.001850851,0.001358789,0.004076366
9/30/24 16:12,DOWN,1.11945,1.1203,1.11349,1.11426,-0.001264614,0.001387536,0.004162608
10/1/24 11:29,DOWN,1.11425,1.11629,1.10836,1.10866,-0.001081802,0.001320817,0.00396245
10/2/24 14:12,DOWN,1.10867,1.10888,1.10458,1.10493,-0.000461461,0.001095817,0.003287451
10/3/24 15:31,DOWN,1.10493,1.10551,1.10082,1.10143,-0.000735137,0.000933498,0.002800494
10/4/24 13:01,DOWN,1.10142,1.10397,1.0959,1.0963,-0.006482636,0.001822398,0.005467194
10/9/24 13:18,DOWN,1.09634,1.09973,1.09462,1.09471,-0.001652041,0.001001828,0.003005484
10/10/24 17:26,DOWN,1.09475,1.09599,1.09002,1.09126,-0.001391916,0.000833781,0.002501344
10/11/24 8:24,UP,1.09129,1.09493,1.09119,1.09493,0.001343454,0.000900988,0.002702963
10/14/24 12:23,DOWN,1.0949,1.0954,1.09092,1.09151,-0.001208603,0.000863776,0.002591329
10/15/24 6:01,DOWN,1.09152,1.09274,1.08881,1.08893,-0.001229809,0.000881696,0.002645089
10/16/24 6:52,DOWN,1.08895,1.0917,1.08761,1.08795,-0.000964652,0.000866512,0.002599536
10/16/24 18:14,DOWN,1.08792,1.09016,1.08596,1.086,-0.000837587,0.000859033,0.002577098
10/17/24 13:54,DOWN,1.08597,1.08741,1.0811,1.08317,-0.001439181,0.000940819,0.002822458
10/18/24 13:36,UP,1.08321,1.08634,1.08141,1.08608,0.001040981,0.000823794,0.002471381
10/21/24 14:36,DOWN,1.08608,1.08719,1.08364,1.08368,-0.001742538,0.000782366,0.002347098
10/22/24 13:51,DOWN,1.08366,1.0839,1.08016,1.08041,-0.000860414,0.000752268,0.002256804
10/23/24 10:44,DOWN,1.08042,1.08154,1.0778,1.07789,-0.00106633,0.000797834,0.002393503
10/24/24 4:25,UP,1.07786,1.07918,1.07613,1.07915,0.000741599,0.000785097,0.002355291
10/24/24 18:42,UP,1.07918,1.08245,1.07706,1.08239,0.001599594,0.000786039,0.002358116
10/25/24 16:59,DOWN,1.08242,1.08395,1.08024,1.08047,-0.002311135,0.000855778,0.002567335
10/28/24 10:03,UP,1.08049,1.08216,1.0782,1.08151,0.000314425,0.00081086,0.00243258
10/29/24 11:44,DOWN,1.08153,1.08278,1.07966,1.08,-0.001498876,0.000715754,0.002147261
10/29/24 18:37,UP,1.08003,1.08122,1.07688,1.0811,0.000305291,0.000921751,0.002765253
10/30/24 9:14,UP,1.08109,1.08594,1.08108,1.08453,0.001864295,0.00092703,0.00278109
10/30/24 13:14,DOWN,1.08455,1.08461,1.08079,1.08134,-0.000231168,0.000958768,0.002876304
10/30/24 16:18,UP,1.08132,1.08669,1.08118,1.08608,0.001216119,0.001209896,0.003629689
10/31/24 12:41,UP,1.08612,1.08859,1.08441,1.08853,0.001958684,0.001052654,0.003157963
11/1/24 17:57,DOWN,1.08852,1.09059,1.08343,1.08371,-0.00142925,0.001066226,0.003198679
11/4/24 1:49,UP,1.0837,1.08884,1.08318,1.08884,0.001442942,0.001319193,0.00395758
11/5/24 1:05,DOWN,1.08881,1.09149,1.08725,1.08745,-0.000569979,0.00116,0.00348
11/5/24 16:12,UP,1.08746,1.09126,1.08729,1.09119,0.001393946,0.001007815,0.003023444
11/6/24 1:03,DOWN,1.09118,1.09374,1.0828,1.08356,-0.005072204,0.001795164,0.005385491
11/6/24 3:22,DOWN,1.08354,1.08575,1.07464,1.07674,-0.000742708,0.002240625,0.006721875
11/6/24 12:26,DOWN,1.07676,1.07946,1.06998,1.0704,-0.001232424,0.002356844,0.007070532
11/7/24 9:25,UP,1.07037,1.07717,1.06984,1.07604,0.000288135,0.001615785,0.004847356
11/7/24 14:43,UP,1.07603,1.08141,1.0746,1.08138,0.002778088,0.001643055,0.004929166
11/8/24 14:04,DOWN,1.08138,1.08248,1.07444,1.07534,-0.001774607,0.001443777,0.004331332
11/8/24 17:37,DOWN,1.07535,1.07658,1.06868,1.06969,-0.002791303,0.001551372,0.004654117
11/11/24 11:54,DOWN,1.06969,1.07281,1.06557,1.06607,-0.00208961,0.001401842,0.004205525
11/12/24 8:36,DOWN,1.06605,1.06648,1.06169,1.06203,-0.001195109,0.001179379,0.003538137
11/13/24 13:36,UP,1.06203,1.0655,1.05934,1.06432,0.001297444,0.000998152,0.002994455
11/13/24 15:18,DOWN,1.06431,1.0652,1.05558,1.05717,-0.004633723,0.001555303,0.00466591
11/14/24 9:25,DOWN,1.05715,1.05938,1.05278,1.05282,-0.002248567,0.001321528,0.003964585
11/14/24 16:56,UP,1.05283,1.05826,1.04964,1.0562,0.00012309,0.001460409,0.004381228
11/15/24 11:37,UP,1.05617,1.05802,1.0512,1.05773,0.001049968,0.001292373,0.003877118
11/15/24 15:20,DOWN,1.05773,1.05932,1.05232,1.05309,-0.001243185,0.001561369,0.004684106
11/18/24 16:43,UP,1.05307,1.05755,1.05163,1.05716,0.000293281,0.001347614,0.004042841
11/19/24 10:07,DOWN,1.05715,1.06074,1.05233,1.05541,-0.001893205,0.001270009,0.003810027
11/19/24 23:34,UP,1.05541,1.06037,1.05494,1.06035,0.00100961,0.001275442,0.003826326
11/20/24 9:57,DOWN,1.06038,1.06099,1.0553,1.05542,-0.00188373,0.00128282,0.003848459
11/21/24 16:19,DOWN,1.05544,1.05679,1.04748,1.04765,-0.005853118,0.001874936,0.005624808
11/22/24 10:08,DOWN,1.04771,1.04982,1.03333,1.03907,-0.002815861,0.0023714,0.007114201
11/24/24 22:06,UP,1.03909,1.04872,1.03864,1.04765,0.005753166,0.002554531,0.007663593
11/25/24 13:59,UP,1.04733,1.05304,1.0449,1.05275,0.0037496,0.002340033,0.007020099
11/26/24 1:06,DOWN,1.05274,1.05304,1.04251,1.04349,-0.002536336,0.002423935,0.007271805
11/26/24 10:12,UP,1.04343,1.05193,1.04329,1.05093,0.002143256,0.002239613,0.006718839
11/27/24 11:06,UP,1.05095,1.05448,1.04572,1.05266,0.00115013,0.001766906,0.005300718
11/29/24 19:17,UP,1.05265,1.05972,1.05103,1.0573,0.002272513,0.001386009,0.004158027
12/2/24 2:12,DOWN,1.05735,1.05847,1.05254,1.05261,-0.001338631,0.00157674,0.004730219
12/2/24 14:52,DOWN,1.05258,1.05382,1.04751,1.0478,-0.001764047,0.001629612,0.004888837
12/3/24 9:14,UP,1.04783,1.05306,1.04606,1.05294,0.00292943,0.001599961,0.004799883
12/4/24 14:37,DOWN,1.05293,1.05351,1.04723,1.04848,-0.000610221,0.001361669,0.004085006
12/5/24 7:57,UP,1.04847,1.05443,1.04843,1.05323,0.000702848,0.001419455,0.004258364
12/5/24 14:35,UP,1.05323,1.05879,1.05213,1.05879,0.00232611,0.001538525,0.004615576
12/9/24 5:22,DOWN,1.05877,1.06302,1.05321,1.05363,-0.001801666,0.001232077,0.00369623
12/9/24 10:40,UP,1.0536,1.05847,1.05337,1.05831,0.001579234,0.001279706,0.003839118
12/10/24 10:06,DOWN,1.05833,1.05945,1.05231,1.05327,-0.001423123,0.001274052,0.003822157
12/11/24 16:35,DOWN,1.05328,1.05394,1.04802,1.04927,-0.001285782,0.001218636,0.003655909
12/13/24 5:25,DOWN,1.04926,1.0531,1.04562,1.04617,-0.000191155,0.001653508,0.004960525
12/16/24 0:00,UP,1.04619,1.05244,1.0453,1.05093,0.001580802,0.001472134,0.004416403
12/17/24 9:34,DOWN,1.05096,1.05344,1.04745,1.04823,-0.001506168,0.001295401,0.003886202
12/18/24 15:54,DOWN,1.04821,1.0516,1.04711,1.0473,-0.001583773,0.001062479,0.003187438
12/18/24 19:19,DOWN,1.04726,1.04925,1.0411,1.04222,-0.005253777,0.001631635,0.004894906
12/19/24 16:49,DOWN,1.04224,1.04273,1.0344,1.03663,-0.002322143,0.001660291,0.004980874
12/20/24 13:51,UP,1.03664,1.04193,1.0343,1.04068,0.000797874,0.001355091,0.004065272
12/23/24 5:21,UP,1.04067,1.04476,1.0386,1.04417,0.001063611,0.001460763,0.004382288
12/23/24 12:12,DOWN,1.04416,1.04433,1.03867,1.03948,-0.001221019,0.001494387,0.00448316
12/27/24 8:14,UP,1.0395,1.04301,1.03835,1.04244,0.001564863,0.001008949,0.003026848
12/30/24 12:20,UP,1.04246,1.04585,1.04091,1.04488,0.001158699,0.00112058,0.003361741
12/30/24 14:33,DOWN,1.04488,1.04522,1.03799,1.03935,-0.003697394,0.00144077,0.004322309
12/31/24 15:42,DOWN,1.03934,1.04247,1.0364,1.03711,-0.000703631,0.001201746,0.003605238
1/2/25 11:38,DOWN,1.03712,1.03756,1.03138,1.03165,-0.002401031,0.001239723,0.00371917
1/2/25 16:16,DOWN,1.03163,1.03345,1.02241,1.02582,-0.002891062,0.001407528,0.004222585
1/3/25 9:25,UP,1.02583,1.0299,1.02411,1.02985,0.001360346,0.001224401,0.003673204
1/6/25 7:26,UP,1.02988,1.03183,1.02731,1.03176,0.000116313,0.001016868,0.003050604
1/6/25 9:27,UP,1.03177,1.0369,1.03171,1.03627,0.002492803,0.001217984,0.003653953
1/6/25 11:24,UP,1.03628,1.04169,1.03286,1.0415,0.006627772,0.002022292,0.006066877
1/7/25 15:12,DOWN,1.04153,1.0437,1.0353,1.03663,-0.002707039,0.001586607,0.004759821
1/8/25 9:07,DOWN,1.03664,1.03816,1.0318,1.03248,-0.000551916,0.001335159,0.004005477
1/8/25 13:07,DOWN,1.03246,1.03265,1.02731,1.0284,-0.000495793,0.001272257,0.003816772
1/10/25 13:31,DOWN,1.02839,1.03244,1.02416,1.02498,-0.004943953,0.001460691,0.004382073
1/13/25 5:00,DOWN,1.02512,1.02784,1.02077,1.02106,-0.002816628,0.001416214,0.004248643
1/13/25 22:39,UP,1.02104,1.02618,1.0178,1.02597,0.004611139,0.00158918,0.004767541
1/14/25 16:13,UP,1.02597,1.03008,1.02384,1.02973,0.003180643,0.001387962,0.004163887
1/15/25 13:41,UP,1.02973,1.03547,1.0279,1.03376,0.003857454,0.001462526,0.004387577
1/15/25 16:44,DOWN,1.03372,1.03507,1.02581,1.02759,-0.002692001,0.001545788,0.004637365
1/20/25 9:00,UP,1.02761,1.03307,1.02608,1.03103,0.000184299,0.001151857,0.003455571
1/20/25 13:58,UP,1.03104,1.0399,1.03051,1.03951,0.007531828,0.002129318,0.006387955
1/21/25 9:59,DOWN,1.03955,1.04346,1.03418,1.03533,-0.001013655,0.002254813,0.00676444
1/21/25 17:55,UP,1.03534,1.04301,1.03429,1.04248,0.001920345,0.002065394,0.006196182
1/23/25 7:31,DOWN,1.04249,1.04574,1.03898,1.03961,-0.001528251,0.001569562,0.004708686
1/24/25 6:02,UP,1.03959,1.04542,1.0372,1.04513,0.00108179,0.001558829,0.004676487
1/24/25 16:02,UP,1.04516,1.05208,1.04473,1.05163,0.002122769,0.00168538,0.00505614
1/27/25 2:32,DOWN,1.05165,1.05216,1.0459,1.04607,-0.001471094,0.00166049,0.004981469
1/27/25 11:14,UP,1.04606,1.05175,1.04538,1.05162,0.002218087,0.001601334,0.004804001
1/27/25 23:24,DOWN,1.05163,1.05332,1.04487,1.04523,-0.003447835,0.001616291,0.004848874
1/29/25 10:36,DOWN,1.04511,1.04568,1.03948,1.04056,-0.001987337,0.001213013,0.00363904
1/30/25 14:10,UP,1.04055,1.04676,1.03823,1.0438,0.003281869,0.001347863,0.004043588
1/31/25 1:27,DOWN,1.04384,1.04423,1.0377,1.03824,-0.001405238,0.001456964,0.004370893
1/31/25 17:24,UP,1.0383,1.04339,1.03604,1.04274,0.003487286,0.001626771,0.004880312
2/2/25 23:23,DOWN,1.04277,1.04338,1.02348,1.0246,-0.012087494,0.003464562,0.010393686
2/3/25 15:53,UP,1.02464,1.03359,1.02107,1.03184,0.006134064,0.00283722,0.008511661
2/4/25 15:06,UP,1.0318,1.03776,1.0271,1.03654,0.002656583,0.00267407,0.008022211
2/6/25 8:47,DOWN,1.03656,1.04427,1.03579,1.03615,-0.00292002,0.001895965,0.005687894
2/7/25 18:49,DOWN,1.03613,1.04137,1.03055,1.03243,-0.001944971,0.001717443,0.005152328
2/11/25 17:23,UP,1.03249,1.03513,1.02814,1.03457,0.001005754,0.001222777,0.003668331
2/12/25 17:42,UP,1.03456,1.04211,1.03171,1.0407,0.004198288,0.001587854,0.004763561
2/13/25 6:09,UP,1.04071,1.04385,1.03795,1.04366,0.001630211,0.00161037,0.00483111
2/13/25 14:06,DOWN,1.04366,1.04402,1.03754,1.03854,-0.001212506,0.001545673,0.004637019
2/13/25 23:39,UP,1.03857,1.04703,1.03731,1.04592,0.001703301,0.001800024,0.005400073
2/14/25 14:42,UP,1.04589,1.05088,1.04473,1.05083,0.001418933,0.001685375,0.005056124
2/18/25 5:43,DOWN,1.05085,1.05144,1.04526,1.04535,-0.001395687,0.001345103,0.004035308
2/19/25 11:35,DOWN,1.04532,1.04698,1.04187,1.04257,-0.000949126,0.001150808,0.003452425
2/20/25 14:01,UP,1.04255,1.0455,1.04008,1.04438,0.000316027,0.001085578,0.003256734
2/20/25 19:18,UP,1.04435,1.04987,1.04419,1.04932,0.001774149,0.001198655,0.003595966
2/21/25 16:34,DOWN,1.04931,1.0506,1.04493,1.0455,-0.002187944,0.001161442,0.003484325
2/24/25 1:43,UP,1.04552,1.05128,1.04496,1.05126,0.002419072,0.001342129,0.004026388
2/24/25 10:30,DOWN,1.05128,1.05284,1.04669,1.04713,-0.001250257,0.001354742,0.004064226
2/25/25 13:55,UP,1.04717,1.05098,1.04528,1.05039,0.000809551,0.001244298,0.003732893
2/27/25 0:16,DOWN,1.05035,1.05289,1.04749,1.04836,-0.000905767,0.001074064,0.003222192
2/27/25 14:29,DOWN,1.04834,1.049,1.04194,1.04361,-0.002536044,0.001187924,0.003563771
2/28/25 0:54,DOWN,1.04362,1.04373,1.03883,1.03993,-0.000346117,0.001118558,0.003355674
2/28/25 15:42,UP,1.03994,1.042,1.03804,1.04183,0.000595284,0.000985167,0.002955501
2/28/25 19:10,DOWN,1.04184,1.04199,1.03599,1.03663,-0.002899432,0.001205012,0.003615036
3/3/25 1:32,UP,1.03663,1.04228,1.03623,1.04186,0.000624079,0.001504951,0.004514853
3/3/25 12:02,UP,1.04185,1.04583,1.03887,1.0458,0.001540678,0.00164677,0.00494031
3/4/25 8:30,UP,1.04576,1.05178,1.04547,1.05166,0.003276381,0.001474359,0.004423076
3/4/25 19:07,UP,1.05168,1.05982,1.04964,1.05956,0.004379314,0.001771691,0.005315072
3/5/25 7:39,UP,1.0596,1.06689,1.05865,1.06656,0.002544113,0.001701971,0.005105913
3/5/25 14:11,UP,1.06654,1.07415,1.0652,1.07362,0.002919628,0.001821216,0.005463647
3/6/25 1:20,UP,1.07364,1.0803,1.07216,1.07983,0.000880155,0.001639618,0.004918855
3/6/25 14:56,UP,1.07982,1.08456,1.07804,1.08326,0.001015969,0.001426748,0.004280244
3/6/25 21:19,DOWN,1.08331,1.08539,1.07657,1.07811,-0.000862249,0.001471418,0.004414254
3/7/25 8:00,UP,1.07808,1.08409,1.07751,1.08297,0.00138604,0.00142101,0.004263031
3/10/25 8:55,DOWN,1.08295,1.08889,1.0805,1.08086,-0.001645482,0.001438374,0.004315123
3/11/25 2:03,UP,1.0809,1.08747,1.08054,1.08564,0.00081091,0.001396711,0.004190134
3/11/25 9:15,UP,1.08566,1.09211,1.08356,1.09086,0.00115572,0.001346099,0.004038297
3/11/25 18:24,UP,1.09085,1.09474,1.08811,1.09442,0.001609452,0.001242121,0.003726364
3/12/25 4:47,DOWN,1.09445,1.09445,1.08959,1.09005,-0.000788644,0.00120458,0.003613741
3/12/25 12:57,DOWN,1.09006,1.0932,1.08784,1.08815,-0.001203154,0.001181484,0.003544452
3/13/25 6:43,DOWN,1.08816,1.0928,1.08729,1.08733,-0.001194875,0.001116651,0.003349954
3/13/25 13:09,DOWN,1.08731,1.08856,1.08264,1.08309,-0.002029165,0.001194382,0.003583146
3/14/25 10:49,UP,1.08308,1.09092,1.08225,1.08953,0.004258594,0.001526982,0.004580947
3/17/25 15:58,UP,1.08952,1.09299,1.08655,1.09218,0.001447695,0.001172368,0.003517103
3/18/25 17:24,UP,1.09218,1.09548,1.08925,1.09499,0.001562879,0.001377039,0.004131117
3/19/25 8:11,DOWN,1.09498,1.09518,1.08732,1.09008,-0.002391458,0.00138987,0.004169611
3/20/25 9:56,DOWN,1.09009,1.09177,1.08387,1.08494,-0.002255644,0.00143554,0.004306621
3/24/25 14:19,DOWN,1.08497,1.08614,1.07905,1.08122,-0.001358652,0.001152663,0.003457988
3/26/25 13:38,DOWN,1.08121,1.08301,1.07676,1.0778,-0.001437082,0.001155832,0.003467495
3/27/25 12:52,UP,1.07783,1.07997,1.07331,1.07937,0.002077441,0.001407846,0.004223537
3/28/25 14:46,UP,1.07938,1.08315,1.07646,1.08277,0.001784056,0.001511045,0.004533135
3/31/25 16:24,DOWN,1.08276,1.08494,1.07841,1.07992,-0.000388842,0.001241046,0.003723137
4/2/25 15:18,UP,1.07996,1.0862,1.07784,1.08515,0.002796146,0.001284394,0.003853181
4/3/25 0:13,UP,1.08517,1.09245,1.08051,1.08957,0.003106963,0.001563499,0.004690496
4/3/25 6:57,UP,1.0896,1.09888,1.08799,1.09862,0.003346147,0.001867042,0.005601125
4/3/25 10:06,UP,1.09858,1.10703,1.09428,1.10567,0.00445972,0.002239903,0.006719709
4/4/25 7:56,DOWN,1.10599,1.1146,1.10088,1.10156,-0.003308005,0.002680749,0.008042247
4/4/25 12:30,UP,1.10158,1.10902,1.09645,1.10764,0.000993596,0.002606329,0.007818986
4/4/25 14:56,DOWN,1.10765,1.10814,1.09602,1.09858,-0.001882478,0.002578365,0.007735096
4/7/25 7:31,UP,1.09856,1.10501,1.08805,1.10233,0.001497951,0.002310604,0.006931811
4/7/25 14:09,DOWN,1.10226,1.10276,1.09353,1.09396,-0.002847965,0.00231195,0.006935849
4/8/25 14:24,DOWN,1.09392,1.09921,1.09012,1.09026,-0.003433645,0.002099853,0.006299558
4/8/25 19:23,UP,1.09028,1.0978,1.08892,1.09733,0.002454414,0.002072918,0.006218754
4/9/25 5:03,UP,1.09736,1.10691,1.0939,1.1063,0.003477068,0.002152545,0.006457636
4/9/25 17:33,DOWN,1.10629,1.10952,1.09464,1.09656,-0.006390495,0.002431998,0.007295994
4/10/25 8:03,UP,1.09659,1.10309,1.09135,1.10221,0.004491978,0.002270255,0.006810766
4/10/25 12:43,UP,1.10219,1.11315,1.10163,1.11177,0.003983566,0.002318286,0.006954858
4/10/25 16:21,UP,1.11179,1.1229,1.10909,1.12014,0.001196995,0.002315452,0.006946355
4/11/25 1:00,UP,1.12011,1.1385,1.11588,1.12921,0.002296273,0.002936707,0.00881012
4/11/25 8:42,UP,1.12927,1.14299,1.12464,1.14299,0.006266367,0.00320554,0.00961662
4/11/25 17:03,DOWN,1.1429,1.14738,1.12767,1.13096,-0.003521768,0.002881811,0.008645432
4/14/25 6:38,UP,1.13099,1.14189,1.12823,1.14142,0.003915067,0.00266577,0.00799731
4/14/25 13:27,DOWN,1.14132,1.14248,1.12959,1.13039,-0.005997601,0.002816429,0.008449288
4/15/25 16:41,DOWN,1.13038,1.1382,1.12656,1.1268,-0.00499284,0.002540195,0.007620585
4/16/25 6:57,UP,1.12682,1.13857,1.12641,1.13638,0.001858499,0.002364112,0.007092336
4/18/25 16:20,UP,1.13632,1.1413,1.13353,1.13917,0.000579537,0.001364679,0.004094037
4/21/25 1:39,UP,1.13915,1.14865,1.13902,1.14702,0.001832509,0.001716321,0.005148963
4/21/25 8:50,UP,1.14705,1.15678,1.14653,1.15631,0.004628835,0.002069315,0.006207944
4/22/25 10:39,DOWN,1.15624,1.15733,1.14818,1.14938,-0.000156594,0.001978214,0.005934641
4/22/25 21:45,DOWN,1.14936,1.15008,1.13672,1.13802,-0.004786334,0.002232773,0.006698318
4/23/25 9:37,UP,1.13763,1.14398,1.13081,1.14359,0.003863732,0.002276872,0.006830616
4/23/25 16:01,DOWN,1.1436,1.14366,1.13282,1.13493,-0.001892598,0.002332183,0.006996548
4/28/25 17:31,UP,1.13492,1.14223,1.13105,1.14186,0.003667411,0.002081628,0.006244883
4/30/25 15:22,DOWN,1.14183,1.14258,1.13456,1.13465,-0.002025005,0.001662377,0.00498713
5/1/25 4:59,DOWN,1.13468,1.13648,1.12997,1.13026,-0.000875521,0.001702974,0.005108921
5/2/25 12:42,UP,1.13028,1.1355,1.1266,1.13335,0.000423613,0.001559721,0.004679162
5/2/25 19:23,DOWN,1.13347,1.1381,1.12925,1.13064,-0.001811491,0.001769448,0.005308344
5/5/25 13:13,UP,1.13063,1.13649,1.12933,1.13596,0.000554751,0.001563737,0.00469121
5/6/25 1:11,DOWN,1.13597,1.13623,1.128,1.12901,-0.002300255,0.001680604,0.005041811
5/6/25 14:33,UP,1.12904,1.13698,1.12801,1.13559,0.002521691,0.001684762,0.005054287
5/7/25 20:11,DOWN,1.13557,1.13812,1.12953,1.12956,-0.003817203,0.001775237,0.005325712
5/8/25 16:40,DOWN,1.12957,1.13363,1.12205,1.12273,-0.004452411,0.001951618,0.005854855
5/9/25 14:11,UP,1.12276,1.12687,1.11966,1.12682,0.001358726,0.001685605,0.005056816
5/12/25 7:30,DOWN,1.12683,1.12929,1.11108,1.1116,-0.009356951,0.002735653,0.008206959
5/13/25 14:57,UP,1.11158,1.11595,1.10654,1.11593,0.001425837,0.001960293,0.00588088
5/14/25 8:44,UP,1.11592,1.12522,1.11569,1.12344,0.002343768,0.001797238,0.005391713
5/14/25 18:11,DOWN,1.12341,1.12658,1.11758,1.11794,-0.002644228,0.001770945,0.005312835
5/16/25 14:58,DOWN,1.11797,1.1228,1.11519,1.11566,-0.003793238,0.001625102,0.004875305
5/19/25 6:52,UP,1.11565,1.12122,1.11312,1.1205,0.00186698,0.00164154,0.004924619
5/19/25 10:49,UP,1.12051,1.12843,1.12037,1.12765,0.001295567,0.001756057,0.005268171
5/21/25 0:51,UP,1.12766,1.13014,1.1218,1.1292,0.001205118,0.001332561,0.003997683
5/21/25 6:27,UP,1.12919,1.13497,1.1287,1.13457,0.000846494,0.001390494,0.004171482
5/22/25 9:00,DOWN,1.13455,1.1363,1.12953,1.13016,-0.001043555,0.001290577,0.003871731
5/23/25 4:06,UP,1.13018,1.13187,1.12559,1.13104,0.000654479,0.001220822,0.003662467
5/23/25 18:59,UP,1.13101,1.13758,1.12976,1.13596,0.001197943,0.001210416,0.003631248
5/26/25 2:31,UP,1.13598,1.14188,1.13555,1.14112,0.001525981,0.001266337,0.003799012
5/27/25 7:28,DOWN,1.1411,1.14186,1.13457,1.13459,-0.003317278,0.001370868,0.004112605
5/28/25 1:55,DOWN,1.13462,1.1375,1.13153,1.13182,-0.001368539,0.001238038,0.003714114
5/28/25 23:19,DOWN,1.13181,1.13408,1.12704,1.12729,-0.001843433,0.001399371,0.004198113
5/29/25 13:03,UP,1.12728,1.136,1.12102,1.1347,0.005957607,0.001952887,0.005858662
5/30/25 14:00,DOWN,1.13468,1.13899,1.13126,1.13151,-0.003660956,0.001847224,0.005541672
6/2/25 6:56,UP,1.13155,1.1407,1.13155,1.14009,0.002810742,0.001796973,0.00539092
6/3/25 12:15,DOWN,1.14007,1.14548,1.13802,1.13823,-0.001948497,0.001479383,0.004438149
6/4/25 14:04,UP,1.13821,1.14199,1.13572,1.14186,0.001367126,0.001399568,0.004198703
6/5/25 13:43,UP,1.14184,1.1495,1.14046,1.14908,0.005515233,0.00174827,0.00524481
6/6/25 8:03,DOWN,1.14906,1.14924,1.14215,1.14232,-0.001198595,0.001559394,0.004678182
6/9/25 9:29,UP,1.14236,1.14393,1.13717,1.1434,0.000874967,0.00123988,0.003719639
6/10/25 7:15,DOWN,1.14338,1.14371,1.1373,1.13778,-0.002466677,0.001534986,0.004604958
6/10/25 14:12,UP,1.13771,1.14477,1.13749,1.14322,0.00011372,0.001509872,0.004529617
6/11/25 12:30,UP,1.14327,1.147,1.14055,1.1466,0.002698562,0.001423781,0.004271344
6/12/25 0:51,UP,1.14664,1.15267,1.1453,1.15236,0.001815316,0.001342572,0.004027715
6/12/25 10:31,UP,1.15236,1.15968,1.15058,1.15939,0.003412781,0.001576879,0.004730637
6/13/25 3:00,DOWN,1.15946,1.16318,1.15371,1.15438,-0.000129931,0.001895924,0.005687773
6/13/25 15:45,UP,1.15434,1.15696,1.1489,1.1563,0.002355102,0.001847498,0.005542495
6/16/25 14:06,UP,1.15628,1.16087,1.15238,1.16079,0.002527334,0.001576462,0.004729387
6/17/25 1:01,DOWN,1.1608,1.16148,1.15426,1.15509,-0.000640438,0.001453276,0.004359828
6/17/25 17:28,DOWN,1.15512,1.15831,1.14898,1.14989,-0.003299216,0.001571114,0.004713343
6/19/25 1:42,DOWN,1.14988,1.15303,1.14607,1.14642,-0.001194311,0.001427438,0.004282313
6/19/25 23:17,UP,1.14642,1.15047,1.14463,1.15045,0.001696427,0.001287196,0.003861589
6/23/25 0:20,DOWN,1.15044,1.1544,1.14552,1.14847,-0.000365637,0.001356473,0.004069418
6/23/25 12:37,DOWN,1.1484,1.15212,1.14536,1.14616,-0.000331487,0.001275703,0.003827109
6/23/25 14:39,UP,1.14615,1.15391,1.14594,1.15302,0.00391043,0.001610621,0.004831864
6/23/25 22:38,UP,1.15303,1.16027,1.15179,1.15961,0.001639826,0.001515395,0.004546186
6/25/25 16:24,UP,1.15959,1.16416,1.158,1.16333,0.001161136,0.001095411,0.003286232
6/26/25 3:18,UP,1.16332,1.17178,1.1627,1.16993,0.002481858,0.001252916,0.003758747
6/26/25 8:37,UP,1.16994,1.17422,1.16717,1.17365,0.003106255,0.001479104,0.004437312
6/30/25 15:31,UP,1.17366,1.17552,1.1681,1.17468,0.000928343,0.001316825,0.003950475
7/1/25 1:12,UP,1.17472,1.17982,1.17433,1.17939,0.000890687,0.001257451,0.003772354
7/1/25 16:32,DOWN,1.17943,1.183,1.17615,1.17673,-0.000569212,0.001248564,0.003745691
7/2/25 13:36,DOWN,1.17671,1.18101,1.1747,1.17639,-0.000798736,0.001180496,0.003541489
7/3/25 8:32,UP,1.1764,1.18103,1.17509,1.18013,0.000483114,0.001095024,0.003285071
7/3/25 12:41,DOWN,1.18014,1.18035,1.17174,1.17466,-0.00413731,0.001449528,0.004348583
7/7/25 9:14,DOWN,1.17466,1.17903,1.17192,1.17259,-0.001874431,0.001133993,0.00340198
7/8/25 8:38,UP,1.17256,1.17654,1.16866,1.17515,0.000876868,0.00111428,0.00334284
7/8/25 14:02,DOWN,1.17512,1.17534,1.16939,1.1702,-0.001443156,0.001180954,0.003542862
7/10/25 1:07,UP,1.17023,1.17498,1.16826,1.1743,0.001832556,0.001111373,0.003334119
7/10/25 13:44,DOWN,1.17431,1.17445,1.16919,1.16997,-0.001195897,0.001069319,0.003207958
7/14/25 17:08,DOWN,1.16997,1.1714,1.16541,1.16618,-0.001859047,0.001064281,0.003192843
7/15/25 13:38,DOWN,1.16619,1.16928,1.16427,1.16509,-0.00119233,0.000995374,0.002986121
7/15/25 15:38,DOWN,1.1651,1.16517,1.16008,1.16039,-0.001627438,0.001167572,0.003502716
7/16/25 13:56,DOWN,1.16038,1.16285,1.1563,1.15707,-0.0031754,0.001235739,0.003707216
7/16/25 15:35,UP,1.15708,1.17219,1.15624,1.16959,0.007147638,0.0022697,0.006809101
7/17/25 6:17,DOWN,1.16949,1.17119,1.16052,1.16073,-0.000792291,0.002228044,0.006684131
7/18/25 12:20,UP,1.16072,1.16585,1.15569,1.16531,0.001606012,0.001692495,0.005077485
7/21/25 14:19,UP,1.16535,1.16831,1.16145,1.16793,0.000873722,0.001414211,0.004242634
7/22/25 15:15,UP,1.16791,1.17331,1.16749,1.17304,0.002620562,0.001384658,0.004153974
7/23/25 18:50,UP,1.17305,1.17741,1.1711,1.17715,0.001121982,0.001121115,0.003363346
7/25/25 1:19,DOWN,1.17713,1.17889,1.17306,1.17452,-0.000561774,0.001143383,0.003430149
7/25/25 11:22,DOWN,1.17451,1.1761,1.17142,1.17144,-0.001799582,0.001176334,0.003529001
7/27/25 22:25,UP,1.17142,1.17692,1.17032,1.17584,0.001089176,0.001157465,0.003472394
7/28/25 7:41,DOWN,1.17585,1.17706,1.16916,1.16937,-0.001905194,0.001278247,0.00383474
7/28/25 13:42,DOWN,1.16938,1.16949,1.16306,1.16363,-0.002017506,0.001317273,0.003951819
7/28/25 17:48,DOWN,1.16359,1.16474,1.15902,1.15925,-0.00143955,0.001481377,0.004444131
7/29/25 7:41,DOWN,1.15926,1.15994,1.15268,1.15406,-0.001281607,0.001418998,0.004256993
7/30/25 12:32,DOWN,1.15405,1.15883,1.15013,1.15019,-0.003315687,0.001549286,0.004647857
7/30/25 19:07,DOWN,1.15017,1.15033,1.14159,1.14245,-0.006499903,0.002188612,0.006565837
8/1/25 12:47,UP,1.14251,1.1543,1.13915,1.15365,0.011604366,0.003176295,0.009528884
8/6/25 4:26,UP,1.15365,1.15979,1.15165,1.15826,0.00130453,0.001514553,0.004543659
8/6/25 14:01,UP,1.15825,1.1636,1.15705,1.16278,0.00137696,0.001440353,0.004321059
8/7/25 7:41,UP,1.1628,1.16862,1.16223,1.16842,0.001310319,0.001269191,0.003807574
8/7/25 14:15,DOWN,1.16841,1.1699,1.16215,1.16347,-0.001451497,0.001326239,0.003978717
8/11/25 3:43,UP,1.16346,1.16794,1.1611,1.16717,0.002470556,0.001336413,0.004009238
8/11/25 12:41,DOWN,1.16716,1.16754,1.16141,1.16185,-0.002278248,0.001346189,0.004038568
8/12/25 13:44,UP,1.16188,1.16559,1.159,1.16494,0.000618249,0.001255767,0.003767301
8/13/25 6:59,UP,1.16482,1.16973,1.16401,1.16926,0.00072722,0.001170698,0.003512095
8/14/25 13:12,DOWN,1.16923,1.17304,1.1649,1.16675,-0.001755476,0.001104066,0.003312197
8/15/25 9:58,UP,1.16677,1.169,1.16311,1.16872,0.00108725,0.001039278,0.003117833
8/18/25 8:04,DOWN,1.1687,1.17176,1.16711,1.16713,-0.002695293,0.001129513,0.003388538
8/19/25 18:45,DOWN,1.16714,1.16929,1.16393,1.16425,-0.001570593,0.001049895,0.003149686
8/20/25 12:37,UP,1.16424,1.16691,1.1622,1.16646,0.00095205,0.00102666,0.003079981
8/21/25 13:51,DOWN,1.1665,1.16737,1.16184,1.16232,-0.002431826,0.000980127,0.002940382
8/22/25 4:34,DOWN,1.16234,1.16295,1.15831,1.15841,-0.001966281,0.000972782,0.002918346
8/22/25 14:05,UP,1.1584,1.16775,1.15833,1.16674,0.004888767,0.001515322,0.004545966
8/22/25 15:24,UP,1.16672,1.17297,1.16618,1.17274,0.002398973,0.001671732,0.005015197
8/25/25 16:02,DOWN,1.17277,1.17428,1.16654,1.1668,-0.002798617,0.001533473,0.00460042
8/25/25 19:16,DOWN,1.16679,1.16695,1.16028,1.16079,-0.003285459,0.001710128,0.005130384
8/27/25 7:37,DOWN,1.16081,1.16653,1.15962,1.15977,-0.00182628,0.001471345,0.004414036
8/27/25 16:55,UP,1.15971,1.16408,1.15741,1.16374,0.002598454,0.001420797,0.00426239
8/28/25 14:27,UP,1.16377,1.16872,1.16278,1.16856,0.001995898,0.001371497,0.00411449
9/1/25 2:58,UP,1.16853,1.17138,1.16508,1.17138,0.001512181,0.001267963,0.00380389
9/2/25 5:08,DOWN,1.17136,1.17365,1.169,1.16951,-0.00032487,0.001021504,0.003064511
9/2/25 7:54,DOWN,1.16949,1.17066,1.16508,1.16511,-0.00471802,0.001519326,0.004557977
9/3/25 14:17,UP,1.16512,1.16826,1.16081,1.16766,0.002701348,0.001349938,0.004049813
9/4/25 14:32,DOWN,1.16764,1.16823,1.16299,1.16395,-0.001322206,0.001058194,0.003174582
9/5/25 10:01,UP,1.16392,1.16922,1.16312,1.16873,0.001344242,0.000965627,0.002896882
9/5/25 12:47,UP,1.16875,1.1752,1.16777,1.17308,0.002697398,0.001148421,0.003445262
9/8/25 19:23,UP,1.17312,1.17655,1.17037,1.17638,0.001607916,0.001161851,0.003485554
9/9/25 15:05,DOWN,1.17639,1.178,1.17209,1.17209,-0.001619723,0.001128511,0.003385533
9/11/25 6:54,DOWN,1.17208,1.17307,1.16825,1.16921,-0.000290752,0.000966338,0.002899014
9/11/25 13:06,UP,1.16918,1.17368,1.16582,1.17354,0.001449659,0.00121307,0.003639211
9/15/25 10:23,UP,1.17352,1.17579,1.17014,1.17566,0.001421489,0.001009528,0.003028585
9/16/25 7:24,UP,1.17571,1.17985,1.17509,1.1796,0.001747881,0.001030755,0.003092266
9/16/25 14:36,UP,1.17959,1.18474,1.17883,1.18434,0.002180805,0.00110701,0.00332103
9/17/25 18:15,UP,1.18431,1.1919,1.18329,1.18871,0.003100595,0.001219833,0.003659498
9/17/25 19:44,DOWN,1.18871,1.19053,1.18189,1.18326,-0.001612883,0.001351939,0.004055818
9/18/25 13:42,DOWN,1.18324,1.18483,1.17523,1.17543,-0.004160022,0.001708656,0.005125969
9/19/25 12:07,DOWN,1.17542,1.17939,1.17351,1.17387,-0.001999924,0.001326887,0.003980661
9/22/25 10:50,UP,1.17392,1.1786,1.1726,1.1777,0.000917462,0.00122027,0.00366081
9/23/25 17:05,UP,1.17766,1.18201,1.17627,1.18082,0.001449196,0.000976892,0.002930675
9/24/25 9:52,DOWN,1.18086,1.18199,1.17625,1.17682,-0.001672603,0.000945826,0.002837479
9/24/25 16:53,DOWN,1.17685,1.1771,1.17282,1.17338,-0.000766721,0.000929907,0.002789722
9/25/25 12:35,DOWN,1.17339,1.17542,1.17063,1.17106,-0.00272884,0.001031308,0.003093924
9/25/25 15:08,DOWN,1.17108,1.17108,1.16692,1.16697,-0.001575491,0.001081847,0.003245541
9/26/25 14:57,UP,1.16695,1.17048,1.16455,1.16917,0.000641687,0.000898113,0.00269434
9/29/25 3:55,UP,1.16918,1.17296,1.16867,1.17279,0.000742096,0.00087528,0.00262584
9/30/25 8:17,UP,1.17276,1.17546,1.17078,1.17493,0.000911107,0.000892116,0.002676348
10/1/25 7:01,UP,1.17489,1.17752,1.17166,1.1774,0.00128331,0.00124857,0.003745711
10/1/25 10:34,DOWN,1.17735,1.17787,1.1716,1.172,-0.002590498,0.001381051,0.004143152
10/2/25 14:48,DOWN,1.17205,1.17689,1.17058,1.17085,-0.001681124,0.00128666,0.003859981
10/3/25 9:08,UP,1.17084,1.17446,1.16832,1.17342,0.000809927,0.001220117,0.003660351
10/6/25 7:17,DOWN,1.17343,1.17589,1.16901,1.17026,-0.001110248,0.001106752,0.003320257
10/6/25 15:29,UP,1.17024,1.1721,1.16517,1.17106,0.001093625,0.001260044,0.003780131
10/7/25 9:33,DOWN,1.17102,1.17194,1.16626,1.16644,-0.00069418,0.001127191,0.003381574
10/8/25 1:28,DOWN,1.16645,1.16812,1.16303,1.16306,-0.002155775,0.001156332,0.003468996
10/9/25 5:13,UP,1.16307,1.16483,1.15984,1.16483,0.000747169,0.001021367,0.003064101
10/9/25 14:03,DOWN,1.16479,1.16483,1.15915,1.15945,-0.002437839,0.001255512,0.003766536
10/10/25 15:31,UP,1.15948,1.163,1.1542,1.16287,0.004619941,0.0015063,0.0045189
10/13/25 12:14,DOWN,1.16293,1.16308,1.15655,1.15716,-0.001183233,0.00131464,0.003943921
10/14/25 14:57,UP,1.15717,1.15967,1.15428,1.15967,0.001864336,0.00113223,0.003396689
10/15/25 7:05,UP,1.15969,1.16387,1.15868,1.16351,0.00076522,0.000973931,0.002921792
10/16/25 1:31,UP,1.16349,1.16698,1.16106,1.16677,0.001921675,0.000940457,0.00282137
10/16/25 17:44,UP,1.16678,1.16937,1.16431,1.16891,0.001326902,0.00079748,0.002392439
10/17/25 5:35,UP,1.16888,1.17175,1.16805,1.17169,0.000930713,0.000757037,0.00227111
10/17/25 11:36,DOWN,1.17171,1.17284,1.16805,1.16876,-0.000538888,0.000711631,0.002134892
10/20/25 0:24,DOWN,1.1688,1.16907,1.16517,1.16614,-0.000222933,0.000692032,0.002076096
10/20/25 18:26,DOWN,1.16613,1.16757,1.16381,1.16413,-0.001613637,0.000777952,0.002333855
10/21/25 11:00,DOWN,1.16414,1.16554,1.16066,1.16175,-0.000318434,0.000703708,0.002111125
10/22/25 8:16,DOWN,1.16178,1.1626,1.15912,1.15912,-0.001775633,0.000736243,0.002208728
10/22/25 15:48,UP,1.15911,1.16169,1.15766,1.16149,0.001094021,0.000786484,0.002359452
10/23/25 11:11,DOWN,1.16148,1.16227,1.15855,1.15858,-0.001086947,0.000746405,0.002239215
10/23/25 18:49,UP,1.1586,1.16199,1.15855,1.16165,0.000439127,0.000751331,0.002253994
10/27/25 1:35,UP,1.16166,1.16516,1.1601,1.1644,0.001228855,0.000801762,0.002405286
10/28/25 0:21,UP,1.16439,1.16557,1.16177,1.16543,0.000652333,0.000820605,0.002461816
10/29/25 5:55,DOWN,1.16542,1.1669,1.16256,1.16306,-0.001374736,0.000957293,0.002871878
10/29/25 18:39,DOWN,1.16303,1.1666,1.15927,1.15935,-0.004552523,0.001477392,0.004432176
10/30/25 12:58,DOWN,1.15937,1.16376,1.15555,1.15558,-0.004257181,0.001644772,0.004934315
10/31/25 14:27,DOWN,1.1556,1.15864,1.15222,1.15238,-0.00241815,0.001420538,0.004261613
11/4/25 12:00,DOWN,1.15234,1.15435,1.14892,1.14897,-0.001834743,0.001165113,0.00349534
11/6/25 6:21,UP,1.14901,1.15139,1.1469,1.15097,0.000112955,0.000967086,0.002901257
11/6/25 19:05,UP,1.15096,1.15503,1.15054,1.15479,0.000831666,0.000881432,0.002644297
11/7/25 14:28,UP,1.15482,1.15741,1.15296,1.15739,0.001115198,0.00088246,0.002647379
11/9/25 23:13,DOWN,1.1574,1.15913,1.15463,1.15492,-0.001194175,0.000965236,0.002895707
11/11/25 13:41,UP,1.15491,1.16007,1.15411,1.15998,0.00233898,0.001024576,0.003073729
11/12/25 10:50,DOWN,1.15994,1.16057,1.15652,1.1571,-0.000768869,0.000826658,0.002479974
11/13/25 8:30,UP,1.15711,1.16194,1.15629,1.16144,0.002741736,0.001026532,0.003079596
11/13/25 16:40,UP,1.16148,1.16482,1.16045,1.16444,0.000635701,0.000958148,0.002874444
11/14/25 10:04,DOWN,1.16443,1.16561,1.16174,1.16177,-0.001118357,0.000906593,0.00271978
11/14/25 15:41,DOWN,1.16175,1.16539,1.16088,1.16123,-0.001325301,0.001108681,0.003326043
11/17/25 19:35,DOWN,1.16118,1.16261,1.1582,1.1589,-0.000776297,0.000864316,0.002592948
11/19/25 9:37,DOWN,1.15886,1.16079,1.15701,1.15704,-0.001174723,0.000816109,0.002448328
11/19/25 16:08,DOWN,1.15703,1.1591,1.15404,1.15433,-0.000649517,0.000880638,0.002641913
11/20/25 13:28,DOWN,1.15434,1.15439,1.15071,1.1514,-0.000555691,0.000804857,0.002414571
11/21/25 7:50,UP,1.15139,1.155,1.15001,1.15443,0.000511205,0.00080092,0.00240276
11/21/25 16:03,DOWN,1.15445,1.15524,1.14961,1.14988,-0.001876695,0.000931001,0.002793003
11/24/25 10:22,UP,1.14985,1.15406,1.14912,1.15386,0.000927752,0.000868865,0.002606594
11/25/25 13:39,UP,1.15384,1.15633,1.15115,1.1545,0.000563173,0.000769573,0.002308718
11/25/25 18:03,UP,1.15446,1.15844,1.15443,1.15802,0.001797784,0.00095516,0.00286548
11/26/25 13:51,DOWN,1.15803,1.15959,1.15536,1.15557,-0.001409565,0.000840722,0.002522167
11/26/25 17:21,UP,1.15556,1.16009,1.15471,1.15881,0.00010356,0.000927636,0.002782909
11/28/25 8:34,DOWN,1.15883,1.16136,1.15711,1.15771,-0.000569929,0.000714591,0.002143774
11/28/25 15:49,UP,1.15774,1.15933,1.15552,1.15925,0.001545295,0.000755265,0.002265796
12/1/25 10:20,UP,1.15926,1.16259,1.15894,1.16214,0.000602519,0.000706135,0.002118405
12/1/25 19:22,DOWN,1.16212,1.1652,1.16075,1.16077,-0.001291411,0.000772638,0.002317915
12/3/25 1:20,UP,1.16077,1.1635,1.15911,1.16339,0.000773901,0.000906231,0.002718693
12/3/25 13:17,UP,1.16336,1.16761,1.16335,1.16715,0.001234536,0.000892495,0.002677486
12/5/25 0:35,DOWN,1.16719,1.1682,1.16409,1.16479,-0.000231775,0.000781272,0.002343815
12/5/25 16:21,DOWN,1.16478,1.16718,1.1628,1.16299,-0.001949963,0.000808258,0.002424775
12/8/25 6:24,UP,1.16302,1.1672,1.16293,1.16622,0.000797766,0.000774313,0.002322939
12/8/25 15:40,DOWN,1.16623,1.16681,1.162,1.16201,-0.002372378,0.000897139,0.002691417
12/10/25 16:52,UP,1.16199,1.16579,1.16151,1.16481,-1.72E-05,0.000825091,0.002475274
12/10/25 20:13,UP,1.16482,1.16974,1.16451,1.16974,0.003965999,0.00135689,0.004070671
12/11/25 13:45,UP,1.16972,1.17299,1.16822,1.17295,0.001083327,0.001153286,0.003459859
12/12/25 12:24,DOWN,1.17296,1.17628,1.17222,1.17247,-0.000520134,0.000944396,0.002833187
12/15/25 12:31,UP,1.17248,1.17549,1.17196,1.17543,0.00098736,0.000812536,0.002437607
12/16/25 13:33,UP,1.17545,1.17947,1.17384,1.17885,0.001927462,0.000866227,0.002598681
12/16/25 18:07,DOWN,1.17884,1.1804,1.17551,1.17577,-0.000773662,0.000889035,0.002667105
12/17/25 5:53,DOWN,1.17575,1.1763,1.17248,1.17265,-0.001142059,0.000870506,0.002611519
12/17/25 15:27,UP,1.17269,1.17516,1.17031,1.1746,0.001260798,0.000932703,0.002798109
12/18/25 10:55,DOWN,1.17462,1.17583,1.17173,1.17251,-0.000409294,0.000819105,0.002457315
12/19/25 5:33,DOWN,1.17253,1.17627,1.17125,1.17191,-0.000631249,0.000777515,0.002332546
12/22/25 12:08,UP,1.1719,1.17417,1.1703,1.17409,0.000477079,0.00074233,0.002226991
12/23/25 1:23,UP,1.17408,1.17713,1.1735,1.17682,0.000756562,0.000740346,0.002221039
12/23/25 11:15,UP,1.17681,1.18005,1.1766,1.17973,0.000898915,0.000729608,0.002188825
12/23/25 15:02,DOWN,1.17974,1.18021,1.17674,1.17679,-0.000586169,0.00075373,0.002261189
12/23/25 22:53,UP,1.1768,1.17969,1.17638,1.17964,0.000882014,0.000791991,0.002375972
12/26/25 8:12,DOWN,1.17965,1.18082,1.17664,1.17675,-0.00136724,0.000713141,0.002139422
12/29/25 6:16,DOWN,1.17678,1.17968,1.17538,1.17565,-0.001419483,0.000891556,0.002674668
12/30/25 15:41,DOWN,1.17571,1.17891,1.17487,1.17487,-0.000986856,0.000861924,0.002585771
12/31/25 15:25,DOWN,1.17488,1.17667,1.17201,1.17254,-0.00122735,0.00083686,0.002510579
1/2/26 10:10,DOWN,1.1725,1.17651,1.17172,1.17179,-0.000870085,0.000924339,0.002773016
1/5/26 0:00,DOWN,1.17178,1.17545,1.17004,1.17049,-0.001033221,0.000952625,0.002857874
1/5/26 13:12,DOWN,1.1705,1.17111,1.16606,1.16647,-0.001482008,0.000870533,0.002611598
1/5/26 15:59,UP,1.16646,1.17044,1.16591,1.17041,0.001042913,0.000921754,0.002765263
1/6/26 3:59,UP,1.17042,1.17384,1.17041,1.17348,0.001014592,0.000873046,0.002619138
1/6/26 14:32,DOWN,1.17349,1.17429,1.16972,1.17059,-0.000162298,0.000774891,0.002324673
1/7/26 8:15,DOWN,1.17058,1.17145,1.16758,1.16758,-0.001822624,0.000822396,0.002467189
1/8/26 2:21,DOWN,1.16756,1.16986,1.16726,1.16729,-0.000385434,0.000673784,0.002021353
1/8/26 17:32,DOWN,1.1673,1.16832,1.16458,1.1647,-0.001175577,0.000694373,0.002083118
1/9/26 16:44,DOWN,1.16471,1.16627,1.16182,1.16343,-0.000180484,0.000550102,0.001650306
1/12/26 1:10,UP,1.16348,1.16653,1.16215,1.16627,0.002661585,0.000816442,0.002449326
1/12/26 9:27,UP,1.16626,1.16958,1.16529,1.16938,0.001086636,0.000791512,0.002374537
1/12/26 23:52,DOWN,1.1694,1.16987,1.16632,1.16665,-0.000428486,0.000745649,0.002236948
1/13/26 16:16,DOWN,1.16663,1.1678,1.16353,1.16372,-0.001219481,0.000823954,0.002471862
1/15/26 5:30,DOWN,1.16375,1.16617,1.16331,1.16371,-7.73E-05,0.000548341,0.001645023
1/15/26 13:44,DOWN,1.1637,1.1641,1.16032,1.1606,-0.002246312,0.000722338,0.002167015
1/16/26 11:42,UP,1.1606,1.16224,1.15931,1.16207,0.000998717,0.000575481,0.001726442
1/16/26 15:53,DOWN,1.16208,1.16275,1.15845,1.1596,-0.001189358,0.000601794,0.001805381
1/19/26 0:55,UP,1.15946,1.1638,1.15772,1.16327,0.001832724,0.000704545,0.002113636
1/19/26 17:54,UP,1.16325,1.16474,1.1611,1.16433,0.000558417,0.000621745,0.001865235
1/20/26 7:10,UP,1.16433,1.16726,1.16324,1.16671,0.000257166,0.000606822,0.001820466
1/20/26 8:41,UP,1.16669,1.17132,1.16667,1.17128,0.002085364,0.000879735,0.002639204
1/21/26 8:07,DOWN,1.17127,1.17686,1.17085,1.17138,-0.00078509,0.000716285,0.002148855
1/21/26 16:26,DOWN,1.17139,1.17432,1.16947,1.16983,-0.001110656,0.000771196,0.002313588
1/21/26 23:44,DOWN,1.16982,1.17118,1.16701,1.16749,-0.000556595,0.000797818,0.002393454
1/22/26 12:50,UP,1.16747,1.17092,1.16717,1.17027,0.000504284,0.000680001,0.002040003
1/22/26 15:57,UP,1.17026,1.1734,1.17,1.17334,0.001074435,0.000721687,0.002165061
1/23/26 16:22,UP,1.17335,1.17614,1.17274,1.17587,0.001063608,0.000610694,0.001832081
1/23/26 18:00,UP,1.17588,1.17989,1.17564,1.17934,0.000788888,0.000793394,0.002380182
1/23/26 21:22,UP,1.17933,1.18317,1.17771,1.18274,0.001065891,0.000901198,0.002703595
1/25/26 23:23,UP,1.18274,1.18978,1.1825,1.18786,0.004319588,0.00137221,0.004116629
1/26/26 16:19,UP,1.18787,1.19072,1.18349,1.18845,0.000639693,0.001260613,0.003781839
1/27/26 12:45,UP,1.18843,1.19311,1.18503,1.19233,0.002889277,0.001293043,0.003879129
1/27/26 16:33,UP,1.19232,1.19795,1.19143,1.19791,0.002197904,0.001334952,0.004004857
1/27/26 20:53,UP,1.19794,1.20827,1.19587,1.20408,0.005454688,0.00182532,0.00547596
1/28/26 12:19,DOWN,1.20461,1.20661,1.19618,1.19741,-0.001352006,0.001416535,0.004249605
1/28/26 19:17,DOWN,1.1974,1.19834,1.18956,1.19147,-0.002087675,0.001367594,0.004102783
1/29/26 0:04,UP,1.19146,1.19811,1.19016,1.1973,0.002240879,0.001470007,0.00441002
1/29/26 15:25,DOWN,1.19732,1.19966,1.19149,1.19262,-0.003264776,0.001473997,0.004421991
1/30/26 2:27,DOWN,1.19265,1.19747,1.1895,1.19126,-0.00138413,0.001429716,0.004289149
1/30/26 15:31,DOWN,1.19125,1.19548,1.18874,1.18911,-0.001831625,0.001274263,0.00382279
2/2/26 6:42,DOWN,1.1891,1.19043,1.18398,1.18488,-0.000312219,0.001077399,0.003232198
2/2/26 13:39,DOWN,1.18489,1.18714,1.18207,1.18212,-0.00248397,0.001128012,0.003384036
2/2/26 19:05,DOWN,1.1821,1.183,1.17763,1.17766,-0.002027392,0.001118839,0.003356518
2/3/26 7:40,UP,1.17767,1.18238,1.1776,1.18221,0.001405137,0.001092086,0.003276257
2/4/26 6:01,UP,1.18222,1.18364,1.17801,1.18332,0.00093002,0.001009784,0.003029352
2/4/26 18:16,DOWN,1.18333,1.18381,1.17905,1.17961,-0.000813497,0.000931335,0.002794004
2/6/26 0:40,DOWN,1.1796,1.18219,1.17655,1.17762,-0.00039903,0.000940869,0.002822606
2/6/26 15:16,UP,1.17763,1.18263,1.17762,1.18123,0.00094014,0.000887157,0.002661471
2/9/26 6:04,UP,1.18126,1.18541,1.18052,1.18506,0.002467051,0.000982894,0.002948681
2/9/26 13:24,UP,1.18507,1.18958,1.18375,1.18958,0.002609363,0.001106722,0.003320167
2/11/26 13:35,DOWN,1.18955,1.19287,1.18332,1.18502,-0.00518476,0.001551005,0.004653014
2/16/26 19:02,DOWN,1.18497,1.18936,1.18462,1.18499,-0.00115546,0.000912382,0.002737147
2/17/26 13:45,DOWN,1.18503,1.18551,1.18179,1.18186,-0.001648582,0.000874691,0.002624074
2/17/26 20:21,UP,1.18187,1.18533,1.18049,1.18482,0.00093729,0.000864795,0.002594384
2/18/26 15:21,DOWN,1.18481,1.18577,1.18121,1.18177,-0.00113325,0.00079001,0.00237003
2/19/26 0:39,DOWN,1.18178,1.18265,1.17817,1.17863,-7.64E-05,0.000875603,0.00262681
2/19/26 14:08,DOWN,1.17863,1.18076,1.17514,1.17548,-0.0015556,0.001005553,0.003016659
2/20/26 15:15,UP,1.17547,1.17994,1.1742,1.17984,0.002860407,0.001066898,0.003200695
2/23/26 1:02,UP,1.17983,1.18349,1.17655,1.18294,0.000981089,0.001234979,0.003704936
2/23/26 11:41,DOWN,1.18292,1.18339,1.17809,1.17838,-0.002195521,0.001228408,0.003685225
2/24/26 14:58,DOWN,1.17837,1.18099,1.17674,1.17743,-0.000331175,0.000929646,0.002788937
2/25/26 19:24,UP,1.17742,1.18144,1.1766,1.18064,0.000355803,0.000826721,0.002480164
2/26/26 16:06,DOWN,1.18066,1.1829,1.1781,1.17919,-0.001609979,0.000849859,0.002549576
2/27/26 6:19,UP,1.17918,1.18133,1.17739,1.18086,0.000448926,0.000818977,0.002456931
3/1/26 23:31,DOWN,1.18086,1.1827,1.17567,1.1763,-0.00448707,0.001409442,0.004228327
3/2/26 7:33,DOWN,1.17629,1.1796,1.1716,1.17263,-0.001389073,0.001490444,0.004471332
3/2/26 16:27,DOWN,1.17265,1.17473,1.16717,1.16828,-0.001812989,0.001581213,0.004743638
3/3/26 7:45,DOWN,1.16826,1.17136,1.16453,1.16547,-0.000866228,0.001302648,0.003907945
3/3/26 10:22,DOWN,1.16548,1.16574,1.15989,1.16053,-0.000706324,0.001335269,0.004005808
3/3/26 15:22,DOWN,1.16055,1.16154,1.15302,1.15403,-0.002509781,0.0014584,0.004375199
3/3/26 18:10,UP,1.15409,1.16067,1.15408,1.16062,0.001327758,0.001501226,0.004503678
3/4/26 10:11,UP,1.16059,1.16472,1.15746,1.16405,0.003812938,0.001677425,0.005032276
3/5/26 8:16,DOWN,1.16404,1.16549,1.15877,1.15959,-0.000836153,0.001242534,0.003727601
3/5/26 16:04,DOWN,1.15957,1.16447,1.15691,1.15767,-0.001950294,0.001373342,0.004120026
3/6/26 4:40,UP,1.15766,1.16214,1.15589,1.16185,0.000206588,0.001314742,0.003944225
3/6/26 12:31,DOWN,1.16185,1.16185,1.15522,1.15634,-0.001356811,0.001381781,0.004145343
3/6/26 21:14,UP,1.15635,1.16216,1.1546,1.16171,0.001266177,0.001608067,0.004824202
3/8/26 22:47,DOWN,1.1617,1.16183,1.15257,1.15372,-0.006901553,0.002299699,0.006899096
3/9/26 15:21,UP,1.15357,1.15879,1.15073,1.15852,0.001675954,0.001811853,0.005435558
3/10/26 8:00,UP,1.15855,1.16636,1.15753,1.16571,0.001923424,0.001698764,0.005096292
3/11/26 9:36,DOWN,1.16571,1.16674,1.15905,1.15993,-0.00112013,0.00152522,0.00457566
3/11/26 23:12,DOWN,1.15992,1.16127,1.15478,1.15492,-0.001833942,0.001354904,0.004064712
3/12/26 15:06,DOWN,1.15491,1.15664,1.15148,1.15162,-0.001154228,0.001209043,0.00362713
3/13/26 8:18,DOWN,1.15163,1.15325,1.14353,1.1437,-0.00476262,0.001597603,0.004792808
3/13/26 19:30,DOWN,1.14372,1.14902,1.14251,1.14264,-0.001434244,0.001500051,0.004500154
3/16/26 13:05,UP,1.14265,1.14879,1.1413,1.14784,6.97E-05,0.001499746,0.004499239
3/17/26 13:14,UP,1.14783,1.15365,1.14659,1.15325,0.001718363,0.001439958,0.004319874
3/18/26 18:47,DOWN,1.15326,1.15554,1.14872,1.14893,-0.001556759,0.001480479,0.004441438
3/19/26 14:46,UP,1.14892,1.15284,1.14431,1.1514,0.001503649,0.001501899,0.004505696
3/19/26 19:47,UP,1.15141,1.16163,1.14985,1.15828,0.001909824,0.001617753,0.004853259
3/23/26 6:33,DOWN,1.15826,1.15951,1.15225,1.15254,-0.001967626,0.001382671,0.004148013
3/23/26 11:35,UP,1.15253,1.16192,1.14845,1.15855,0.008225006,0.002455861,0.007367584
3/25/26 17:14,DOWN,1.15851,1.16398,1.15463,1.15706,8.64E-06,0.001359791,0.004079372
3/27/26 7:57,DOWN,1.15707,1.15839,1.15196,1.15202,-0.001933859,0.001354707,0.00406412
3/30/26 12:19,DOWN,1.15204,1.15479,1.1473,1.14818,-0.000905371,0.001253824,0.003761471
3/31/26 12:07,UP,1.14818,1.14985,1.14432,1.1498,0.002935248,0.001320593,0.00396178
3/31/26 17:02,UP,1.1498,1.15595,1.14871,1.15477,0.002262748,0.001332421,0.003997264
4/1/26 11:34,UP,1.1548,1.16108,1.15384,1.1599,0.001294052,0.001272101,0.003816304
4/2/26 2:01,DOWN,1.15991,1.16272,1.15455,1.15531,-0.003352779,0.001408593,0.00422578
4/5/26 23:12,DOWN,1.15532,1.15639,1.15053,1.15119,-0.000633925,0.001134981,0.003404942
4/6/26 7:52,UP,1.15117,1.15666,1.15064,1.15644,0.00326533,0.00132471,0.003974131
4/7/26 15:17,UP,1.15649,1.15835,1.15242,1.15739,0.000976812,0.001187588,0.003562765
4/7/26 22:44,UP,1.1574,1.16531,1.15664,1.16481,0.004215568,0.001516973,0.004550919
4/8/26 11:37,UP,1.16484,1.17102,1.16381,1.17,0.001745112,0.001390166,0.004170499
4/8/26 19:39,DOWN,1.17,1.17219,1.16435,1.16625,-0.001456602,0.00132286,0.003968581
4/9/26 16:18,UP,1.16624,1.17133,1.16504,1.17132,0.002761382,0.001296613,0.003889839
4/10/26 14:43,UP,1.17128,1.17382,1.16775,1.17295,0.000494602,0.001132642,0.003397926
4/12/26 22:20,DOWN,1.17294,1.17396,1.16647,1.16716,-0.004820605,0.001573717,0.00472115
4/13/26 17:34,UP,1.16717,1.17379,1.16642,1.17353,0.002226536,0.00138726,0.004161781
4/14/26 7:36,UP,1.17355,1.17968,1.17329,1.17879,0.001987059,0.001405808,0.004217424
4/16/26 3:25,UP,1.17878,1.1824,1.1772,1.18167,0.000821209,0.000922634,0.002767903
4/16/26 8:36,DOWN,1.18166,1.18174,1.17765,1.17794,-0.001950657,0.0010311,0.003093301
4/17/26 13:10,UP,1.17795,1.18488,1.1767,1.18486,0.004466181,0.001343078,0.004029233
4/17/26 17:29,DOWN,1.18488,1.18492,1.17849,1.17889,-0.001178381,0.001328231,0.003984693
4/20/26 16:25,UP,1.17889,1.17976,1.1729,1.17858,0.00103568,0.001290386,0.003871158
4/21/26 17:17,DOWN,1.17854,1.17911,1.17225,1.17271,-0.002095508,0.001143872,0.003431616
4/22/26 17:03,DOWN,1.17272,1.17638,1.171,1.17134,-0.000477971,0.001056552,0.003169655
4/23/26 14:54,UP,1.17135,1.17168,1.16791,1.17165,0.001913664,0.000981395,0.002944186
4/24/26 4:05,DOWN,1.17164,1.17166,1.16692,1.16786,-0.000453719,0.000984232,0.002952697
4/24/26 12:04,UP,1.16782,1.17185,1.16761,1.1717,0.001238284,0.000979522,0.002938565
4/27/26 7:56,UP,1.17171,1.17417,1.16926,1.17405,0.001619641,0.000991778,0.002975334
4/28/26 1:59,DOWN,1.17406,1.17549,1.17124,1.17131,-0.000759544,0.000900039,0.002700117
4/29/26 18:01,DOWN,1.1713,1.17208,1.16768,1.16851,-0.00041925,0.000793982,0.002381946
4/30/26 9:52,UP,1.16845,1.16976,1.16552,1.16956,0.000846831,0.000822726,0.002468179
4/30/26 15:07,UP,1.16958,1.17334,1.16819,1.17277,0.00175807,0.001042444,0.003127331
5/1/26 12:46,UP,1.17274,1.17689,1.17188,1.1761,0.000654921,0.001016346,0.003049037
5/1/26 20:18,DOWN,1.17609,1.17853,1.17178,1.17193,-0.001151283,0.001056625,0.003169875
5/4/26 16:38,DOWN,1.17193,1.17517,1.16844,1.16861,-0.001231475,0.001012648,0.003037945
5/5/26 23:25,UP,1.16869,1.17256,1.16766,1.172,0.001801964,0.000898167,0.0026945
5/6/26 9:37,UP,1.17198,1.17724,1.17112,1.17723,0.002202504,0.001011667,0.003035002
5/6/26 17:50,DOWN,1.17722,1.17967,1.17419,1.17453,-0.000621332,0.000965881,0.002897642
5/7/26 14:49,UP,1.17452,1.17784,1.17433,1.17754,0.000382226,0.000759178,0.002277535
5/7/26 19:38,DOWN,1.17756,1.1778,1.17357,1.17472,-0.000323429,0.000736634,0.002209902
5/8/26 9:04,UP,1.17471,1.17708,1.17226,1.17699,0.002202953,0.000904786,0.002714359
5/12/26 7:32,DOWN,1.177,1.1788,1.17443,1.17489,-0.000774241,0.000813106,0.002439319
5/13/26 7:12,DOWN,1.17488,1.17517,1.17174,1.17184,-0.001424095,0.0007456,0.002236801
5/14/26 13:48,DOWN,1.17183,1.17216,1.16856,1.16945,-0.000863281,0.000605389,0.001816166
5/14/26 20:18,DOWN,1.16943,1.17002,1.16679,1.16695,-0.000573982,0.000605751,0.001817254
5/15/26 5:49,DOWN,1.16695,1.1676,1.16345,1.16357,-0.001451373,0.000727312,0.002181935
5/18/26 1:00,DOWN,1.16356,1.16556,1.16083,1.16115,-0.000723159,0.000814119,0.002442357
5/18/26 11:49,UP,1.16118,1.16497,1.16084,1.16431,0.000824863,0.000781052,0.002343155
5/19/26 9:55,DOWN,1.1643,1.16627,1.16149,1.16186,-0.000980704,0.000748571,0.002245712
5/20/26 5:57,DOWN,1.16185,1.16269,1.15917,1.15939,-0.000646683,0.000704682,0.002114047
5/20/26 15:22,UP,1.15938,1.16451,1.15826,1.16333,0.000920197,0.000942398,0.002827195
5/21/26 13:11,DOWN,1.16333,1.16359,1.15929,1.15948,-0.000956868,0.001021032,0.003063096
5/22/26 14:03,DOWN,1.15949,1.16302,1.15763,1.15899,-0.000810722,0.000958926,0.002876778
5/24/26 23:15,UP,1.15895,1.16464,1.15883,1.1645,0.002820634,0.001147556,0.003442667
5/26/26 15:35,DOWN,1.1645,1.16529,1.16172,1.16198,-0.000283958,0.000808918,0.002426755
5/27/26 12:54,UP,1.162,1.16611,1.16163,1.16523,0.001167833,0.000726943,0.002180828
5/27/26 15:00,DOWN,1.16525,1.16553,1.16226,1.16228,-0.001324105,0.000809205,0.002427616
5/28/26 4:15,DOWN,1.16229,1.16364,1.15862,1.15909,-0.001715392,0.000903466,0.002710397
5/28/26 12:32,UP,1.15908,1.1637,1.15879,1.1628,0.001755927,0.000965679,0.002897036
5/29/26 15:05,UP,1.16283,1.16746,1.16249,1.16692,0.001947186,0.000901814,0.002705443
6/1/26 13:14,DOWN,1.16691,1.16858,1.16278,1.16323,-0.001177062,0.00077769,0.002333071
6/2/26 7:00,UP,1.16322,1.16523,1.16045,1.16506,0.001245346,0.000857253,0.002571759
6/3/26 7:08,DOWN,1.16507,1.16557,1.16123,1.16156,-0.000826133,0.000851583,0.002554749
6/4/26 10:34,UP,1.16155,1.16318,1.15945,1.16317,0.001875947,0.000779823,0.002339468
6/4/26 22:42,DOWN,1.16316,1.16451,1.16087,1.16118,-0.000800589,0.000739285,0.002217855
6/5/26 10:59,UP,1.16123,1.16445,1.16095,1.16398,0.000214803,0.000732504,0.002197511
6/5/26 13:20,DOWN,1.16399,1.16431,1.15841,1.15953,-0.001740569,0.000949845,0.002849535
6/5/26 15:06,DOWN,1.15952,1.15989,1.15495,1.15552,-0.001098469,0.001088698,0.003266095
6/8/26 1:31,DOWN,1.15551,1.15553,1.15062,1.15143,-0.000746619,0.001066714,0.003200143
6/8/26 13:56,UP,1.15146,1.15548,1.14998,1.15458,0.000710467,0.001021763,0.00306529
6/9/26 11:24,UP,1.15461,1.15716,1.15268,1.15712,0.001098155,0.00093776,0.00281328
6/9/26 16:47,DOWN,1.15715,1.15782,1.15286,1.15378,-0.001316542,0.000910903,0.002732709
6/10/26 22:54,DOWN,1.15381,1.15733,1.15284,1.15333,-0.000987954,0.000808771,0.002426313
6/11/26 14:47,DOWN,1.15334,1.15563,1.15154,1.15186,-0.001648147,0.000829269,0.002487807
6/11/26 18:58,UP,1.15184,1.15667,1.15029,1.15623,0.00166195,0.001181404,0.003544212
6/14/26 22:20,UP,1.15625,1.16177,1.1557,1.16135,0.003070106,0.001158322,0.003474965
6/16/26 6:28,DOWN,1.16134,1.16222,1.15748,1.15777,-0.000820206,0.000967991,0.002903973
6/16/26 16:35,UP,1.15779,1.16198,1.15778,1.16162,0.001378336,0.00103884,0.003116519
6/17/26 18:07,DOWN,1.16165,1.1617,1.15445,1.15551,-0.003136546,0.001129909,0.003389728
6/17/26 19:27,DOWN,1.15552,1.15664,1.14981,1.15007,-0.005073754,0.001636999,0.004910996
6/18/26 11:09,DOWN,1.15009,1.15284,1.14597,1.14626,-0.001438429,0.001442358,0.004327075
6/19/26 5:49,DOWN,1.14627,1.14876,1.14178,1.14239,-0.001565664,0.001215605,0.003646816
6/19/26 12:52,UP,1.14237,1.14749,1.14233,1.14715,0.000872106,0.00120458,0.00361374
6/22/26 13:29,DOWN,1.14716,1.14806,1.1435,1.14356,-0.001834687,0.001009763,0.00302929
6/23/26 8:46,DOWN,1.14357,1.14506,1.14048,1.14075,-0.001926698,0.000949845,0.002849534
6/24/26 0:43,DOWN,1.14075,1.14127,1.13731,1.1375,-0.00060641,0.000834156,0.002502467
6/24/26 11:05,DOWN,1.13749,1.13787,1.13375,1.13385,-0.00113707,0.000822397,0.00246719
6/25/26 1:41,UP,1.1338,1.13691,1.13245,1.13605,0.000572322,0.000724171,0.002172514
6/25/26 15:01,UP,1.13604,1.13837,1.13331,1.13776,0.000835323,0.001035853,0.00310756
6/26/26 9:02,UP,1.13771,1.14077,1.13543,1.13991,0.002019741,0.00100235,0.003007049
6/29/26 14:43,UP,1.1399,1.14343,1.13791,1.14187,0.001516207,0.000879987,0.002639961
6/30/26 4:00,DOWN,1.14186,1.14308,1.13967,1.13976,-0.001043535,0.000845932,0.002537795
6/30/26 15:27,UP,1.13975,1.14367,1.13823,1.14248,0.000963282,0.000859542,0.002578626
7/1/26 9:51,DOWN,1.14246,1.14277,1.13855,1.13858,-0.001088483,0.000880452,0.002641357
7/2/26 8:29,UP,1.13861,1.14186,1.13616,1.14162,0.002165936,0.000885432,0.002656295
7/2/26 13:08,UP,1.14164,1.14728,1.13954,1.14466,0.00416711,0.001325428,0.003976284
7/6/26 7:13,DOWN,1.14467,1.14625,1.14165,1.14222,-0.000516405,0.00085618,0.00256854
7/7/26 19:44,DOWN,1.14223,1.14484,1.14084,1.14158,-0.001094375,0.000701091,0.002103274
7/8/26 15:56,DOWN,1.1416,1.14318,1.13913,1.13954,-0.000833322,0.000728187,0.002184562
7/8/26 19:30,UP,1.13955,1.14295,1.13946,1.14289,0.000385063,0.000918852,0.002756557
7/10/26 2:30,UP,1.14294,1.14602,1.14149,1.14567,0.001554884,0.000878646,0.002635939
7/10/26 12:53,DOWN,1.14566,1.1461,1.14233,1.14259,-0.00071741,0.000833637,0.002500911
7/12/26 21:00,DOWN,1.14258,1.14413,1.14009,1.14009,-0.002067872,0.00092825,0.00278475
7/13/26 8:21,UP,1.14008,1.14459,1.13843,1.14415,0.003177704,0.001115337,0.003346012
7/13/26 15:35,DOWN,1.14416,1.14424,1.13964,1.13974,-0.000894541,0.001070544,0.003211633
7/14/26 12:36,UP,1.13975,1.14629,1.13775,1.14431,0.004528244,0.001394397,0.00418319
7/15/26 11:24,DOWN,1.14435,1.14592,1.14107,1.14178,-0.000586631,0.001135652,0.003406956
7/15/26 18:14,UP,1.14177,1.1477,1.14061,1.14724,0.002924323,0.001227325,0.003681974
7/16/26 17:42,DOWN,1.14726,1.14827,1.14312,1.14339,-0.000944114,0.000996609,0.002989826
7/20/26 13:24,DOWN,1.14345,1.14523,1.14169,1.14192,-0.000840336,0.000813637,0.002440911
7/21/26 22:33,DOWN,1.14191,1.14289,1.13965,1.14,-0.000289432,0.000615138,0.001845413
7/23/26 4:48,UP,1.14002,1.14358,1.13978,1.14335,0.001435411,0.000638398,0.001915193
7/23/26 10:59,DOWN,1.14342,1.14353,1.14032,1.1404,-0.000753837,0.000691393,0.002074178
7/23/26 14:43,DOWN,1.14039,1.14067,1.13638,1.1369,-0.001239446,0.000823507,0.002470521
7/27/26 0:47,UP,1.13689,1.1413,1.13645,1.14049,0.001193181,0.000900421,0.002701264
7/27/26 13:59,DOWN,1.14044,1.14185,1.13723,1.13729,-0.000685606,0.00082398,0.002471941
7/28/26 15:53,UP,1.13731,1.14022,1.13533,1.13989,0.001826404,0.000823214,0.002469642
7/29/26 18:11,UP,1.13988,1.14307,1.13745,1.14203,0.003385671,0.001075722,0.003227167
7/29/26 22:07,UP,1.14209,1.14692,1.14066,1.14661,0.001396392,0.001188543,0.003565628
7/30/26 13:31,UP,1.14662,1.14842,1.14341,1.14801,0.000182942,0.001084379,0.003253138
7/30/26 18:43,UP,1.14801,1.1537,1.14794,1.15311,0.000980439,0.001357866,0.004073597
7/31/26 12:53,DOWN,1.15311,1.15359,1.14814,1.14896,-0.000565569,0.001132303,0.003396908
7/31/26 17:20,UP,1.14897,1.15233,1.14552,1.15201,0.00094662,0.001233307,0.003699921
8/3/26 15:26,DOWN,1.152,1.1559,1.15023,1.15046,-0.001155392,0.000999185,0.002997554
8/4/26 23:07,UP,1.1505,1.15341,1.15003,1.15331,0.000676543,0.00073508,0.002205239
8/6/26 0:53,UP,1.1533,1.15599,1.15267,1.15589,0.00079624,0.000618268,0.001854805
8/6/26 14:09,DOWN,1.15593,1.15595,1.15356,1.15365,-0.000450642,0.000560295,0.001680885
8/7/26 12:44,UP,1.15366,1.15773,1.15147,1.15749,0.003982034,0.001097266,0.003291799
8/10/26 18:19,DOWN,1.15753,1.15809,1.1541,1.1543,-0.000822671,0.000784432,0.002353297
8/12/26 13:12,UP,1.15429,1.15638,1.15313,1.15574,0.001307376,0.000591793,0.00177538
8/12/26 17:10,DOWN,1.15576,1.15577,1.15246,1.15291,-0.001074961,0.0006428,0.001928399
8/13/26 14:41,UP,1.1529,1.15455,1.15118,1.15411,0.000606712,0.000672508,0.002017523
8/14/26 9:25,UP,1.15409,1.15576,1.15236,1.15544,0.000519418,0.000625604,0.001876811
8/14/26 13:49,UP,1.15545,1.1584,1.1551,1.15828,0.001304508,0.000682526,0.002047577
8/17/26 6:36,UP,1.15829,1.15923,1.15611,1.15893,0.00022437,0.000652073,0.001956219
8/17/26 18:37,DOWN,1.15892,1.16141,1.15709,1.15712,-0.001735564,0.000779375,0.002338126
8/19/26 7:31,UP,1.15713,1.15988,1.15665,1.15958,0.000612478,0.000591295,0.001773884
8/19/26 12:42,UP,1.15957,1.16298,1.1593,1.16218,0.001394905,0.000655085,0.001965255
8/19/26 14:17,UP,1.16219,1.16677,1.16216,1.16669,0.00115779,0.000935657,0.002806971
8/20/26 9:09,UP,1.16672,1.16999,1.16568,1.16993,0.001026229,0.000807223,0.00242167
8/20/26 17:26,DOWN,1.16994,1.17106,1.16692,1.16726,-0.000582391,0.000883356,0.002650067
8/21/26 9:42,UP,1.16723,1.17113,1.16705,1.17058,0.001136835,0.000793878,0.002381635
8/21/26 14:56,DOWN,1.17059,1.17105,1.16687,1.16723,-0.000830682,0.000841098,0.002523294
8/24/26 17:21,DOWN,1.16724,1.16875,1.16595,1.16595,-0.000488752,0.000639366,0.001918099
8/25/26 18:33,UP,1.16594,1.16757,1.16511,1.1674,0.000274151,0.000563439,0.001690317
8/26/26 14:18,DOWN,1.16739,1.16797,1.16481,1.16489,-0.000677946,0.000599785,0.001799356
8/28/26 14:13,DOWN,1.16489,1.166,1.16102,1.1613,-0.002829026,0.000815477,0.00244643
8/28/26 16:43,DOWN,1.16131,1.16226,1.1585,1.15851,-0.001276688,0.000901574,0.002704721
8/31/26 14:42,UP,1.15852,1.16075,1.15765,1.1605,0.000525774,0.000672789,0.002018368
9/1/26 8:13,DOWN,1.16052,1.16245,1.15882,1.15901,-0.0011124,0.000708451,0.002125352
